path,label,class_name
D:\Documentos\Fotos\data\polyps\8380d0a0-01b5-4037-a902-131c0929bebe.jpg,6,polyps
D:\Documentos\Fotos\data\polyps\80a0585e-bee1-4e9a-93c4-895fc3499561.jpg,6,polyps
D:\Documentos\Fotos\data\ulcerative-colitis\cb703b8b-8166-4741-b0de-6dc406ae3523.jpg,7,ulcerative-colitis
D:\Documentos\Fotos\data\dyed-resection-margins\8aacb3fc-599e-4c5c-9ed5-01ac5e38b378.jpg,1,dyed-resection-margins
D:\Documentos\Fotos\data\dyed-lifted-polyps\26e6dc9a-1e5f-4501-9ecf-8467711455b5.jpg,0,dyed-lifted-polyps
D:\Documentos\Fotos\data\normal-z-line\bb9caaef-e640-49b8-9d95-1c2eda570007.jpg,5,normal-z-line
D:\Documentos\Fotos\data\polyps\0e8465c5-ed1d-48bb-8dc8-e9b2ad933210.jpg,6,polyps
D:\Documentos\Fotos\data\normal-pylorus\e029c7a3-9ba8-4711-afeb-7947b9cb109c.jpg,4,normal-pylorus
D:\Documentos\Fotos\data\normal-z-line\5326b367-efcf-410f-a23b-0dc3031cd95d.jpg,5,normal-z-line
D:\Documentos\Fotos\data\normal-cecum\238e76e9-d1fc-4c83-8418-e9a268cb66e0.jpg,3,normal-cecum
D:\Documentos\Fotos\data\dyed-lifted-polyps\da2f23c8-7c1d-4e9c-9ca0-7337cc3c2252.jpg,0,dyed-lifted-polyps
D:\Documentos\Fotos\data\ulcerative-colitis\d803d487-8262-4767-adc4-7d35d2e05981.jpg,7,ulcerative-colitis
D:\Documentos\Fotos\data\normal-pylorus\932e4b00-f0d2-475a-b805-650e073bdc0b.jpg,4,normal-pylorus
D:\Documentos\Fotos\data\dyed-lifted-polyps\1392de5a-9a8d-4400-9236-d4734d9ebd2c.jpg,0,dyed-lifted-polyps
D:\Documentos\Fotos\data\normal-pylorus\6bd0ae13-99c7-436a-8b20-16eadf56f54c.jpg,4,normal-pylorus
D:\Documentos\Fotos\data\normal-cecum\1e0651ae-2c14-49d5-b443-e4f1014d7df1.jpg,3,normal-cecum
D:\Documentos\Fotos\data\normal-cecum\dfaea820-aabe-498f-bb94-51c04108b90c.jpg,3,normal-cecum
D:\Documentos\Fotos\data\polyps\aafc1ef9-1857-44cc-ab60-46f241607594.jpg,6,polyps
D:\Documentos\Fotos\data\esophagitis\3b3612af-1629-40e3-9861-58b949617a50.jpg,2,esophagitis
D:\Documentos\Fotos\data\polyps\45b38378-1810-4a4b-87ea-c5eb9c5ab95e.jpg,6,polyps
D:\Documentos\Fotos\data\normal-cecum\b7b5b10f-8a8b-4871-9537-a814059bbd2a.jpg,3,normal-cecum
D:\Documentos\Fotos\data\normal-cecum\d0b00e44-1ca9-4265-bb17-9b0128accc7f.jpg,3,normal-cecum
D:\Documentos\Fotos\data\esophagitis\aafc6a8f-7881-4439-8363-d2ed38eae925.jpg,2,esophagitis
D:\Documentos\Fotos\data\normal-cecum\bdd59bd4-b3c9-4758-bc8a-611b11f4f588.jpg,3,normal-cecum
D:\Documentos\Fotos\data\dyed-resection-margins\8d526254-0ac5-4c3f-b787-852cc3bd3c3e.jpg,1,dyed-resection-margins
D:\Documentos\Fotos\data\ulcerative-colitis\698f130b-41ff-414d-908c-8d8c0f82d4a8_00000907.jpg,7,ulcerative-colitis
D:\Documentos\Fotos\data\dyed-resection-margins\4aabc484-8353-473d-8846-a6db317be869.jpg,1,dyed-resection-margins
D:\Documentos\Fotos\data\ulcerative-colitis\457bd945-26e7-4245-9003-c612106eb97e.jpg,7,ulcerative-colitis
D:\Documentos\Fotos\data\normal-cecum\88b4ae69-1ca3-47df-bb1d-a0a6c48110a9.jpg,3,normal-cecum
D:\Documentos\Fotos\data\esophagitis\2c8b339b-4c9f-4540-9133-f2052aa778a3.jpg,2,esophagitis
D:\Documentos\Fotos\data\normal-cecum\285d4828-1400-43a1-99f7-03f5b2f84ba1.jpg,3,normal-cecum
D:\Documentos\Fotos\data\esophagitis\fd4027c5-44af-4469-8bc2-ba0cfa816cae.jpg,2,esophagitis
D:\Documentos\Fotos\data\normal-z-line\0c8f9293-66ae-4dca-bbe6-fcaaeb4d13ee.jpg,5,normal-z-line
D:\Documentos\Fotos\data\dyed-resection-margins\cce35aa9-c34d-4f7c-ad74-e584c8f4a6b1.jpg,1,dyed-resection-margins
D:\Documentos\Fotos\data\polyps\a29eafda-dc84-495a-84f8-9980a506b9b9.jpg,6,polyps
D:\Documentos\Fotos\data\normal-z-line\45adcea8-f826-4459-9cea-070477bb3d16.jpg,5,normal-z-line
D:\Documentos\Fotos\data\ulcerative-colitis\c4ca5f5a-df09-485f-8e2c-2bfc71e4055b.jpg,7,ulcerative-colitis
D:\Documentos\Fotos\data\esophagitis\9e6cc395-00a4-4315-bf4d-69a0f2114f25.jpg,2,esophagitis
D:\Documentos\Fotos\data\ulcerative-colitis\22fa7fe0-155d-40e3-87ed-23fdc8689e0f.jpg,7,ulcerative-colitis
D:\Documentos\Fotos\data\dyed-resection-margins\857fd94c-15a3-4d82-a236-4d67ecf94165.jpg,1,dyed-resection-margins
D:\Documentos\Fotos\data\esophagitis\cf22c0c7-3200-444a-a35d-ed2cfcedc9c6.jpg,2,esophagitis
D:\Documentos\Fotos\data\normal-z-line\e52ed217-39da-4c88-a0f1-e96c8d7d7c95.jpg,5,normal-z-line
D:\Documentos\Fotos\data\dyed-lifted-polyps\00cf9508-6ad1-4db9-840a-519c1d515c30.jpg,0,dyed-lifted-polyps
D:\Documentos\Fotos\data\dyed-lifted-polyps\7432a33e-c4db-48b3-a1fb-0ebb817a3c79.jpg,0,dyed-lifted-polyps
D:\Documentos\Fotos\data\dyed-lifted-polyps\ee8e60fd-b1b3-478b-9de0-d6d858c979e2.jpg,0,dyed-lifted-polyps
D:\Documentos\Fotos\data\normal-cecum\6b6cd1ff-75e7-42ad-869a-4e6f001a867b.jpg,3,normal-cecum
D:\Documentos\Fotos\data\normal-pylorus\b3745072-0fa1-44dd-95b9-ddc78452e9d7.jpg,4,normal-pylorus
D:\Documentos\Fotos\data\dyed-resection-margins\df9816c7-7a23-4e6c-ba79-bfdbf6c587c6.jpg,1,dyed-resection-margins
D:\Documentos\Fotos\data\dyed-resection-margins\babef50f-0509-4392-a9a7-61b8a0c18b20.jpg,1,dyed-resection-margins
D:\Documentos\Fotos\data\dyed-lifted-polyps\caf95b3b-f4bd-4291-ad5e-fd955bce0357.jpg,0,dyed-lifted-polyps
D:\Documentos\Fotos\data\polyps\43b362e7-940d-4855-9544-de6021e5ae00.jpg,6,polyps
D:\Documentos\Fotos\data\polyps\4ac59a5d-7b24-4b77-a7af-fc7615493ea8.jpg,6,polyps
D:\Documentos\Fotos\data\normal-z-line\748b6696-b2ac-41a9-892e-473e9b44d5da.jpg,5,normal-z-line
D:\Documentos\Fotos\data\dyed-resection-margins\d7d063f8-ca1c-4c13-97a8-dc4ce7b1bd0c.jpg,1,dyed-resection-margins
D:\Documentos\Fotos\data\normal-z-line\c26f3d4d-1898-48b4-8e24-1a928f9f2114.jpg,5,normal-z-line
D:\Documentos\Fotos\data\esophagitis\c9cdb039-896d-4900-b231-8fbd5948be02.jpg,2,esophagitis
D:\Documentos\Fotos\data\polyps\8ac01f2b-6cbb-45cd-a8f8-cd909893aba9.jpg,6,polyps
D:\Documentos\Fotos\data\ulcerative-colitis\d37e0332-4afc-46f3-a6b3-8ac2f28427ec.jpg,7,ulcerative-colitis
D:\Documentos\Fotos\data\dyed-resection-margins\ecccb324-a2c8-4df9-b12b-b6e8eed3a1b3.jpg,1,dyed-resection-margins
D:\Documentos\Fotos\data\polyps\6ecc163f-8735-42f0-a649-f8dcdfb2e657.jpg,6,polyps
D:\Documentos\Fotos\data\ulcerative-colitis\3443db42-3e05-4ef9-85b5-51270bf329ec.jpg,7,ulcerative-colitis
D:\Documentos\Fotos\data\ulcerative-colitis\cf938344-e389-4882-a2b7-8f2195b60994.jpg,7,ulcerative-colitis
D:\Documentos\Fotos\data\normal-z-line\d767b267-3cbc-42c0-8935-8034dc2598d9.jpg,5,normal-z-line
D:\Documentos\Fotos\data\dyed-resection-margins\ffbccdd9-a276-4625-bf65-9e594985b7e2.jpg,1,dyed-resection-margins
D:\Documentos\Fotos\data\esophagitis\9cbc4945-b7df-4cd7-b30b-58f9286ce92e.jpg,2,esophagitis
D:\Documentos\Fotos\data\polyps\18eb6d66-568b-4507-a201-7756941276ef.jpg,6,polyps
D:\Documentos\Fotos\data\normal-z-line\bb59eaf4-ccf3-4fa3-b4b3-4c9d3437927c.jpg,5,normal-z-line
D:\Documentos\Fotos\data\dyed-resection-margins\66933a1b-1886-46fa-bc0b-45e2f47dcaa4.jpg,1,dyed-resection-margins
D:\Documentos\Fotos\data\polyps\9a941ce4-d53f-4a22-af2f-3dd16fe4d0a9.jpg,6,polyps
D:\Documentos\Fotos\data\dyed-lifted-polyps\bec068b9-4ac2-4dd6-85f2-171e4b168c3a.jpg,0,dyed-lifted-polyps
D:\Documentos\Fotos\data\esophagitis\f9040c9a-a93a-4261-84ea-14d0b876eb32.jpg,2,esophagitis
D:\Documentos\Fotos\data\normal-z-line\d5f6f0e5-98e7-4a33-8f90-dd6a2f2e9a51.jpg,5,normal-z-line
D:\Documentos\Fotos\data\polyps\35e499ef-8251-4f7c-93c2-f93fd6c18ecf.jpg,6,polyps
D:\Documentos\Fotos\data\esophagitis\c1dda47b-4bc6-40bc-9a4e-a38926982ffb.jpg,2,esophagitis
D:\Documentos\Fotos\data\polyps\b8d34f3e-5be4-4d24-9e75-10b5cdc878f6.jpg,6,polyps
D:\Documentos\Fotos\data\normal-pylorus\9c37eb18-5f4a-4f9c-b237-55d315f90b3c.jpg,4,normal-pylorus
D:\Documentos\Fotos\data\dyed-resection-margins\d975df7c-e62b-4713-ab5c-db893fbdd541.jpg,1,dyed-resection-margins
D:\Documentos\Fotos\data\dyed-lifted-polyps\c328112a-cd6c-4bf7-82bf-49495868acce.jpg,0,dyed-lifted-polyps
D:\Documentos\Fotos\data\dyed-resection-margins\2cc68fd5-0a01-45c2-a4ad-65a1c87a2164.jpg,1,dyed-resection-margins
D:\Documentos\Fotos\data\dyed-lifted-polyps\8ba72788-7171-4875-9ee2-831408110721.jpg,0,dyed-lifted-polyps
D:\Documentos\Fotos\data\normal-pylorus\1ce64629-acd9-4dfc-b219-7dbd7d4c7dfc.jpg,4,normal-pylorus
D:\Documentos\Fotos\data\normal-z-line\22a060e5-dda2-4ec0-9d43-54d37d8538b3.jpg,5,normal-z-line
D:\Documentos\Fotos\data\normal-cecum\66b35394-7de2-4c06-b302-61ae1b48de2a.jpg,3,normal-cecum
D:\Documentos\Fotos\data\normal-cecum\0d4d1e3d-c588-4cc0-9e3b-e30c0164f630.jpg,3,normal-cecum
D:\Documentos\Fotos\data\dyed-resection-margins\77539196-1c71-4db9-89a6-f7ac223d595d.jpg,1,dyed-resection-margins
D:\Documentos\Fotos\data\polyps\812f948c-c507-4714-acf3-fbee9932bf43.jpg,6,polyps
D:\Documentos\Fotos\data\dyed-lifted-polyps\51327bda-1c91-4a09-a896-e4a3c7221396.jpg,0,dyed-lifted-polyps
D:\Documentos\Fotos\data\dyed-resection-margins\d721cf4a-a82f-4dac-8855-d1764e81efd3.jpg,1,dyed-resection-margins
D:\Documentos\Fotos\data\normal-z-line\09d74a84-f04c-4a95-9773-cf0716eb33a2.jpg,5,normal-z-line
D:\Documentos\Fotos\data\normal-z-line\ca0edd55-864f-44b1-ab2d-be4dac64633a.jpg,5,normal-z-line
D:\Documentos\Fotos\data\normal-z-line\c9cd75ad-4a62-4683-b82f-b9c638b0940a.jpg,5,normal-z-line
D:\Documentos\Fotos\data\dyed-resection-margins\7f7e2ec5-f4c5-4459-ac97-d6fd52a82b1c.jpg,1,dyed-resection-margins
D:\Documentos\Fotos\data\polyps\6908fcc5-8ad7-42d3-8d25-d77c021bd7a1.jpg,6,polyps
D:\Documentos\Fotos\data\ulcerative-colitis\2f184c19-d94b-4c34-9f54-f7d6c9ec5fbb.jpg,7,ulcerative-colitis
D:\Documentos\Fotos\data\polyps\eddefee9-656c-4f0b-ba83-40014af49810.jpg,6,polyps
D:\Documentos\Fotos\data\dyed-lifted-polyps\d44a92f6-e974-427b-9a47-5ddc45010732.jpg,0,dyed-lifted-polyps
D:\Documentos\Fotos\data\dyed-resection-margins\71f67286-d43b-4aa9-aed2-825b71ff8ce7.jpg,1,dyed-resection-margins
D:\Documentos\Fotos\data\polyps\daf17a17-8a46-4e05-9ac1-6b8b99a97919.jpg,6,polyps
D:\Documentos\Fotos\data\normal-pylorus\c46dadae-d1b2-45d2-8d1d-7901b7a4de4a.jpg,4,normal-pylorus
D:\Documentos\Fotos\data\normal-pylorus\d64d18d3-4356-40e7-8346-32deb619a68c.jpg,4,normal-pylorus
D:\Documentos\Fotos\data\normal-z-line\60d5f1e0-f814-4ef5-9541-9cf8d1035160.jpg,5,normal-z-line
D:\Documentos\Fotos\data\dyed-resection-margins\6cc674ff-cb96-404b-95ea-b0c3c55b39cf.jpg,1,dyed-resection-margins
D:\Documentos\Fotos\data\dyed-lifted-polyps\1f501658-08bb-4765-87c9-5e1fc6f4f5d6.jpg,0,dyed-lifted-polyps
D:\Documentos\Fotos\data\dyed-lifted-polyps\cc20b0cb-a9f4-47f3-a0b5-4b1c7b61f548.jpg,0,dyed-lifted-polyps
D:\Documentos\Fotos\data\esophagitis\d18c0598-5747-4f2c-9f79-7bb2fae51740.jpg,2,esophagitis
D:\Documentos\Fotos\data\normal-pylorus\204026aa-b719-4f1a-aa1b-6630676d21da.jpg,4,normal-pylorus
D:\Documentos\Fotos\data\dyed-lifted-polyps\4662b9c6-b6b4-4176-ab39-3a7a4024b890.jpg,0,dyed-lifted-polyps
D:\Documentos\Fotos\data\dyed-lifted-polyps\53e22e19-e76c-465b-bb9e-06d6d57c59ba.jpg,0,dyed-lifted-polyps
D:\Documentos\Fotos\data\normal-z-line\8cc1c822-fcb1-4f07-ac45-7948f847cc53.jpg,5,normal-z-line
D:\Documentos\Fotos\data\esophagitis\79327bea-beb4-4dab-938c-960c1e130d60.jpg,2,esophagitis
D:\Documentos\Fotos\data\dyed-resection-margins\ae124d49-2f17-4eb0-9835-ad569cc9403e.jpg,1,dyed-resection-margins
D:\Documentos\Fotos\data\esophagitis\146d0bd0-7549-448d-b96a-08670cc94328.jpg,2,esophagitis
D:\Documentos\Fotos\data\normal-pylorus\4d7b0558-7862-4720-99fe-cef1b28633a9.jpg,4,normal-pylorus
D:\Documentos\Fotos\data\polyps\102eb625-1f1c-4a63-9e57-4baeb5f0fbaa.jpg,6,polyps
D:\Documentos\Fotos\data\normal-pylorus\3dbe9a52-2f91-4267-b9f0-bf1fb03191ab.jpg,4,normal-pylorus
D:\Documentos\Fotos\data\polyps\69a9a0f7-e717-4d47-bd6f-cfe83e31c09c.jpg,6,polyps
D:\Documentos\Fotos\data\normal-pylorus\f939fbf2-f0e2-4e01-92be-913776c93e31.jpg,4,normal-pylorus
D:\Documentos\Fotos\data\polyps\7662bef3-4a9f-41c6-891c-3e3047239e40.jpg,6,polyps
D:\Documentos\Fotos\data\esophagitis\3a65571a-09f0-498c-a756-c913ae574cff.jpg,2,esophagitis
D:\Documentos\Fotos\data\normal-pylorus\db9401dd-706e-4518-aac8-1c036029114f.jpg,4,normal-pylorus
D:\Documentos\Fotos\data\normal-pylorus\aa3a7bb1-6d6b-42eb-9fc7-2c4df45cfbcb.jpg,4,normal-pylorus
D:\Documentos\Fotos\data\dyed-lifted-polyps\3ab3ae60-109d-4565-bda1-7e555a70138e.jpg,0,dyed-lifted-polyps
D:\Documentos\Fotos\data\dyed-resection-margins\ec35e137-12d1-4942-91d9-34423e0572e4.jpg,1,dyed-resection-margins
D:\Documentos\Fotos\data\normal-pylorus\a504405e-0409-40d3-8dd6-6b9cb564b196.jpg,4,normal-pylorus
D:\Documentos\Fotos\data\ulcerative-colitis\7da5ff61-0a33-4422-9538-f22b7059e7a0.jpg,7,ulcerative-colitis
D:\Documentos\Fotos\data\polyps\cdd67ab2-cbf0-4460-9c4e-876cfa18156a.jpg,6,polyps
D:\Documentos\Fotos\data\dyed-lifted-polyps\9e6ac4ae-2de1-48dc-9ec0-1032c43ce447.jpg,0,dyed-lifted-polyps
D:\Documentos\Fotos\data\normal-z-line\672d2ec7-bafe-4991-a310-728ca34f595a.jpg,5,normal-z-line
D:\Documentos\Fotos\data\esophagitis\26141edf-f0c9-41ec-90c7-a85fcccf2b39.jpg,2,esophagitis
D:\Documentos\Fotos\data\dyed-resection-margins\ea6d0444-bd78-496f-ab7e-70e78f779b5f.jpg,1,dyed-resection-margins
D:\Documentos\Fotos\data\esophagitis\91391ec6-d297-45b2-b7a7-82a2a473641c.jpg,2,esophagitis
D:\Documentos\Fotos\data\normal-cecum\faea4286-b72e-4539-8c8f-1cdda005ce25.jpg,3,normal-cecum
D:\Documentos\Fotos\data\normal-pylorus\a76e49f1-891a-44aa-b221-75cae52dc620.jpg,4,normal-pylorus
D:\Documentos\Fotos\data\esophagitis\e89cf723-e84b-41d9-9f8a-158f0fdf43e8.jpg,2,esophagitis
D:\Documentos\Fotos\data\dyed-resection-margins\214668dc-3cd5-4a50-9054-fdf04360aed1.jpg,1,dyed-resection-margins
D:\Documentos\Fotos\data\dyed-lifted-polyps\ee6fdb33-2d7e-4e6e-b0ca-db7ac9e17c5b.jpg,0,dyed-lifted-polyps
D:\Documentos\Fotos\data\ulcerative-colitis\698f130b-41ff-414d-908c-8d8c0f82d4a8_00000697.jpg,7,ulcerative-colitis
D:\Documentos\Fotos\data\polyps\d701c31b-5c82-4a2f-bac2-c285c8dcd626.jpg,6,polyps
D:\Documentos\Fotos\data\polyps\56db9a7b-4a8f-4b54-b9a4-ef1fce295c29.jpg,6,polyps
D:\Documentos\Fotos\data\normal-cecum\01bddb73-9c5d-4ac0-8b25-cc7524b7d191.jpg,3,normal-cecum
D:\Documentos\Fotos\data\ulcerative-colitis\7c3a2593-5da9-47e4-b6a2-6f5ff793a784.jpg,7,ulcerative-colitis
D:\Documentos\Fotos\data\dyed-lifted-polyps\81b67cd4-2bb8-4240-b986-7a0b5ab0cf32.jpg,0,dyed-lifted-polyps
D:\Documentos\Fotos\data\normal-z-line\5f8a0e10-e7fe-49fa-9e82-21a505392fd6.jpg,5,normal-z-line
D:\Documentos\Fotos\data\dyed-resection-margins\8cdbd6d3-6855-4b23-8c03-cc94737fa7a2.jpg,1,dyed-resection-margins
D:\Documentos\Fotos\data\normal-cecum\eaf45128-1424-4466-9376-e5dba0120c05.jpg,3,normal-cecum
D:\Documentos\Fotos\data\dyed-lifted-polyps\d04657d8-14c8-4193-9e40-7c1740b6f7ed.jpg,0,dyed-lifted-polyps
D:\Documentos\Fotos\data\dyed-resection-margins\5676113d-85b5-4479-8f53-53b890fe0b92.jpg,1,dyed-resection-margins
D:\Documentos\Fotos\data\normal-pylorus\a36833af-9c4c-4b6c-9208-b88154cccccb.jpg,4,normal-pylorus
D:\Documentos\Fotos\data\normal-pylorus\8b500099-c55a-46f4-b976-7fcaaf1ecb9e.jpg,4,normal-pylorus
D:\Documentos\Fotos\data\polyps\30c1a4f7-b096-4b06-8766-04a75197d613.jpg,6,polyps
D:\Documentos\Fotos\data\dyed-lifted-polyps\a70fecce-0464-4144-80d2-052ae4e98257.jpg,0,dyed-lifted-polyps
D:\Documentos\Fotos\data\esophagitis\8bf51dd5-173b-4b2c-ae3c-ad5ccc2f050f.jpg,2,esophagitis
D:\Documentos\Fotos\data\polyps\d22fcfe0-aaba-4dd5-ae3f-fd60f985bb86.jpg,6,polyps
D:\Documentos\Fotos\data\esophagitis\fdf310eb-434f-4c8a-ba7a-9684aa19d2af.jpg,2,esophagitis
D:\Documentos\Fotos\data\normal-cecum\7b5e50d2-7248-4100-8e2a-6cc2e5051306.jpg,3,normal-cecum
D:\Documentos\Fotos\data\normal-cecum\bf6b687f-db96-4f82-94ae-db977c838038.jpg,3,normal-cecum
D:\Documentos\Fotos\data\dyed-lifted-polyps\581cc0f6-ab07-43c2-91e5-859b0ef61676.jpg,0,dyed-lifted-polyps
D:\Documentos\Fotos\data\normal-cecum\e850144f-8082-4f92-a86a-f0b0c2db0723.jpg,3,normal-cecum
D:\Documentos\Fotos\data\dyed-lifted-polyps\192da57a-cb2f-4a75-acb4-a34f9af10c4c.jpg,0,dyed-lifted-polyps
D:\Documentos\Fotos\data\normal-pylorus\92124094-a157-4803-af7a-9d354ba6bff3.jpg,4,normal-pylorus
D:\Documentos\Fotos\data\dyed-lifted-polyps\70cccaec-4a6b-442a-958c-fdece576b7ad.jpg,0,dyed-lifted-polyps
D:\Documentos\Fotos\data\ulcerative-colitis\698f130b-41ff-414d-908c-8d8c0f82d4a8_00002057.jpg,7,ulcerative-colitis
D:\Documentos\Fotos\data\polyps\3100da01-dc7f-4523-92c6-a08d714f4387.jpg,6,polyps
D:\Documentos\Fotos\data\esophagitis\764982f5-7579-4388-b8a3-71cc45d0dcde.jpg,2,esophagitis
D:\Documentos\Fotos\data\ulcerative-colitis\fc7ba1a9-fa4c-44e3-b21c-a4f276d0cf80.jpg,7,ulcerative-colitis
D:\Documentos\Fotos\data\ulcerative-colitis\584f1fa0-9bb9-49d3-b412-c42819d0a200_00000034.jpg,7,ulcerative-colitis
D:\Documentos\Fotos\data\normal-cecum\d61f3d60-2cc7-4d63-8d5e-db678f7a90c3.jpg,3,normal-cecum
D:\Documentos\Fotos\data\normal-cecum\df878c2e-6917-4394-8c56-f0e7b84749d2.jpg,3,normal-cecum
D:\Documentos\Fotos\data\polyps\bccccc97-4b36-4238-aec6-51fba8522d0d.jpg,6,polyps
D:\Documentos\Fotos\data\dyed-lifted-polyps\031a6e89-d3b7-48c8-8e2f-db991030f959.jpg,0,dyed-lifted-polyps
D:\Documentos\Fotos\data\normal-pylorus\65e161c3-2051-4165-a5dc-db16645f12e4.jpg,4,normal-pylorus
D:\Documentos\Fotos\data\normal-pylorus\3e9878ff-0764-47ba-9e20-bcfff33dc69e.jpg,4,normal-pylorus
D:\Documentos\Fotos\data\esophagitis\d14aefa3-f866-40f9-9a4f-4081e4935c36.jpg,2,esophagitis
D:\Documentos\Fotos\data\dyed-resection-margins\9c8fa14e-6d82-40e3-a106-34cd403684da.jpg,1,dyed-resection-margins
D:\Documentos\Fotos\data\esophagitis\65e4d45e-193c-4f67-a698-874c5b90c47b.jpg,2,esophagitis
D:\Documentos\Fotos\data\esophagitis\9af25482-b36c-4962-b0b2-437060f4c4df.jpg,2,esophagitis
D:\Documentos\Fotos\data\normal-z-line\370d4daf-d273-403e-8f9c-64e2db83b7f7.jpg,5,normal-z-line
D:\Documentos\Fotos\data\normal-z-line\5f8cb6de-04e1-4f11-9f55-b9956077fd58.jpg,5,normal-z-line
D:\Documentos\Fotos\data\dyed-resection-margins\2b316b68-38b5-4023-a1fd-f4a1a657be97.jpg,1,dyed-resection-margins
D:\Documentos\Fotos\data\dyed-lifted-polyps\d3b90676-931f-43e4-bbc9-cbfa7d15f6ce.jpg,0,dyed-lifted-polyps
D:\Documentos\Fotos\data\dyed-lifted-polyps\d19d336e-2b12-4692-a2d9-e429882b91b8.jpg,0,dyed-lifted-polyps
D:\Documentos\Fotos\data\normal-cecum\0db6d3b2-52ca-493c-aed2-040695867805.jpg,3,normal-cecum
D:\Documentos\Fotos\data\esophagitis\1bd6f3ca-3fa5-4f56-8978-a9e961d8f0e4.jpg,2,esophagitis
D:\Documentos\Fotos\data\normal-z-line\d05c22ba-e1d7-4be5-a791-2c0069e75e16.jpg,5,normal-z-line
D:\Documentos\Fotos\data\esophagitis\26bd5ce9-15bc-4c42-9290-ac6270d36de9.jpg,2,esophagitis
D:\Documentos\Fotos\data\dyed-lifted-polyps\36928da6-bc26-4fb3-a01c-b673b35ae8e3.jpg,0,dyed-lifted-polyps
D:\Documentos\Fotos\data\normal-z-line\77b3de51-3edb-4689-934e-6ae8be4f0e0a.jpg,5,normal-z-line
D:\Documentos\Fotos\data\normal-pylorus\edfa4d44-d869-4ef3-a5a3-5a280ec60d7d.jpg,4,normal-pylorus
D:\Documentos\Fotos\data\normal-pylorus\d455c700-6406-4691-910c-6693f9126e35.jpg,4,normal-pylorus
D:\Documentos\Fotos\data\dyed-lifted-polyps\527baba4-e784-4bbb-a1cb-1f4da4c44027.jpg,0,dyed-lifted-polyps
D:\Documentos\Fotos\data\normal-z-line\fdbbe06f-8edd-4f0e-8430-1dede0061608.jpg,5,normal-z-line
D:\Documentos\Fotos\data\normal-pylorus\c37533bc-5544-4467-9fe8-d89da856b7f9.jpg,4,normal-pylorus
D:\Documentos\Fotos\data\dyed-resection-margins\fc8ae45a-975a-43b8-88ca-2cfec9aa36ca.jpg,1,dyed-resection-margins
D:\Documentos\Fotos\data\normal-pylorus\ebda3aba-313a-4281-b52b-144fc3cafcec.jpg,4,normal-pylorus
D:\Documentos\Fotos\data\ulcerative-colitis\ef5a7933-b8f2-48bc-82b2-cceb637d4a37.jpg,7,ulcerative-colitis
D:\Documentos\Fotos\data\normal-z-line\e5740c97-cdbc-4e19-b1de-f60eaa488dee.jpg,5,normal-z-line
D:\Documentos\Fotos\data\normal-pylorus\ee6262b4-8bb8-4710-82b0-653e445ba19a.jpg,4,normal-pylorus
D:\Documentos\Fotos\data\dyed-resection-margins\ad250fde-7271-4e25-8285-b078ec1715f2.jpg,1,dyed-resection-margins
D:\Documentos\Fotos\data\ulcerative-colitis\c1a3345c-1a7f-48c4-9b5a-cbb5a723da98.jpg,7,ulcerative-colitis
D:\Documentos\Fotos\data\normal-pylorus\c21b1e22-ae04-44d1-a803-3611adba047c.jpg,4,normal-pylorus
D:\Documentos\Fotos\data\polyps\895af42e-9465-48e5-b3b2-c2eaef41ba53.jpg,6,polyps
D:\Documentos\Fotos\data\dyed-resection-margins\95279bdb-8b57-452f-93f8-b1e78ddf8531.jpg,1,dyed-resection-margins
D:\Documentos\Fotos\data\dyed-resection-margins\30feb7b9-ec5f-4aab-8e66-2b3768544037.jpg,1,dyed-resection-margins
D:\Documentos\Fotos\data\polyps\e265d1da-aa3b-4a9b-8f95-6d01b70043f2.jpg,6,polyps
D:\Documentos\Fotos\data\dyed-lifted-polyps\502d944d-ef30-49f8-ba03-e004fe6ee3a1.jpg,0,dyed-lifted-polyps
D:\Documentos\Fotos\data\polyps\991c2df4-6c3d-4b63-96d9-deee3f423274.jpg,6,polyps
D:\Documentos\Fotos\data\ulcerative-colitis\836bc121-2653-4c3c-8964-eda22b819f9d.jpg,7,ulcerative-colitis
D:\Documentos\Fotos\data\normal-z-line\fe3f6659-e82b-466b-8491-4a1f13f32fe1.jpg,5,normal-z-line
D:\Documentos\Fotos\data\esophagitis\9d473636-5b23-4c70-9bce-1e436d93dc01.jpg,2,esophagitis
D:\Documentos\Fotos\data\esophagitis\8a432fa4-8365-47f2-8a51-4464e90259f7.jpg,2,esophagitis
D:\Documentos\Fotos\data\polyps\42c4411d-3050-43ad-8fe0-aa315ae19f72.jpg,6,polyps
D:\Documentos\Fotos\data\normal-z-line\2aa4505e-3164-4f65-93d8-522b1368a132.jpg,5,normal-z-line
D:\Documentos\Fotos\data\polyps\ba940fba-7a57-46a6-ba9d-d7b2459b40c0.jpg,6,polyps
D:\Documentos\Fotos\data\dyed-lifted-polyps\57c028ad-ed08-4db4-a8c9-097b98be0d3b.jpg,0,dyed-lifted-polyps
D:\Documentos\Fotos\data\esophagitis\34eb5fbc-4c02-42d7-81e4-d3cfb5e3d937.jpg,2,esophagitis
D:\Documentos\Fotos\data\esophagitis\187feb04-0661-411d-8b55-1c54d292645a.jpg,2,esophagitis
D:\Documentos\Fotos\data\polyps\5bc46d9b-92f6-4586-bfea-14f7be5e30e2.jpg,6,polyps
D:\Documentos\Fotos\data\dyed-resection-margins\715ffe27-affe-4641-a709-fb6ab4bf5c0f.jpg,1,dyed-resection-margins
D:\Documentos\Fotos\data\dyed-lifted-polyps\a4a0406d-25e7-4dc7-80bd-3d61f9e1e2d5.jpg,0,dyed-lifted-polyps
D:\Documentos\Fotos\data\dyed-lifted-polyps\98ecb81e-5a43-4a3b-96fd-03a02b715764.jpg,0,dyed-lifted-polyps
D:\Documentos\Fotos\data\normal-cecum\06798340-7ea1-4f0d-9002-627420719bd1.jpg,3,normal-cecum
D:\Documentos\Fotos\data\dyed-lifted-polyps\1567b54f-28ac-438c-802e-31ffbeee562d.jpg,0,dyed-lifted-polyps
D:\Documentos\Fotos\data\ulcerative-colitis\d725519f-e36a-43ea-8d39-57b06beb3736.jpg,7,ulcerative-colitis
D:\Documentos\Fotos\data\polyps\487b7da7-5820-408a-989b-f88d6b20886e.jpg,6,polyps
D:\Documentos\Fotos\data\polyps\d0963c7f-542c-4c47-b938-01d74dd9d57f.jpg,6,polyps
D:\Documentos\Fotos\data\normal-cecum\85cfe491-f566-4dff-bd4f-89ef627e931f.jpg,3,normal-cecum
D:\Documentos\Fotos\data\esophagitis\a04f9f42-d015-457d-8a07-d635dcfd3629.jpg,2,esophagitis
D:\Documentos\Fotos\data\dyed-lifted-polyps\69ce34fe-e87a-43b3-84eb-ca6726c06f75.jpg,0,dyed-lifted-polyps
D:\Documentos\Fotos\data\polyps\829d742e-390b-4a43-9d2f-2f66731e8c2d.jpg,6,polyps
D:\Documentos\Fotos\data\esophagitis\24da1a30-75cb-465c-a93f-f0316ca956d4.jpg,2,esophagitis
D:\Documentos\Fotos\data\normal-cecum\885143ec-e570-41dd-b5fa-515b8e8b9d54.jpg,3,normal-cecum
D:\Documentos\Fotos\data\esophagitis\d7bc7cbe-ac5c-4919-9fa4-825c4edd2143.jpg,2,esophagitis
D:\Documentos\Fotos\data\dyed-resection-margins\e71f518f-9b3e-4a88-ad84-a9255aac77e1.jpg,1,dyed-resection-margins
D:\Documentos\Fotos\data\normal-z-line\9491aefb-f2b6-490f-9ee2-2c35e0e4adce.jpg,5,normal-z-line
D:\Documentos\Fotos\data\esophagitis\7e5268dd-6ee0-4861-9a8c-5d06ab16f2fe.jpg,2,esophagitis
D:\Documentos\Fotos\data\normal-pylorus\69fa83d8-1618-4390-b4fb-bd97e94cae89.jpg,4,normal-pylorus
D:\Documentos\Fotos\data\dyed-resection-margins\4c698444-ba84-411b-b7f5-031692a275ba.jpg,1,dyed-resection-margins
D:\Documentos\Fotos\data\dyed-resection-margins\c921e1cf-e0fa-4d79-bd75-23e568a6a9a1.jpg,1,dyed-resection-margins
D:\Documentos\Fotos\data\normal-cecum\ab317597-8711-4d28-867b-519a319fda31.jpg,3,normal-cecum
D:\Documentos\Fotos\data\ulcerative-colitis\c6d7f0d3-6d44-49c8-a0c0-c0907b9af2f1.jpg,7,ulcerative-colitis
D:\Documentos\Fotos\data\normal-z-line\d91d2e8b-6b9a-44a2-961a-90f1a73382a2.jpg,5,normal-z-line
D:\Documentos\Fotos\data\polyps\df82079f-0ee7-4b01-8845-c5c69bc1b8bc.jpg,6,polyps
D:\Documentos\Fotos\data\polyps\08d9831c-4c02-4deb-931d-ee90dc42101f.jpg,6,polyps
D:\Documentos\Fotos\data\esophagitis\e70dad5d-9162-4bcb-9da7-ea893d29c3a9.jpg,2,esophagitis
D:\Documentos\Fotos\data\ulcerative-colitis\1d3e5e95-2b1e-4445-a376-b691941e2e6f.jpg,7,ulcerative-colitis
D:\Documentos\Fotos\data\dyed-lifted-polyps\cfafba31-8f7c-4041-99ce-644cba7bcf7e.jpg,0,dyed-lifted-polyps
D:\Documentos\Fotos\data\ulcerative-colitis\5b7ad8b1-d775-4775-9f65-2589924c03af.jpg,7,ulcerative-colitis
D:\Documentos\Fotos\data\normal-pylorus\eadfaf8f-884e-4702-8496-f48cdcd37389.jpg,4,normal-pylorus
D:\Documentos\Fotos\data\ulcerative-colitis\cfa1c808-d5f5-4907-8030-53d3597880a9.jpg,7,ulcerative-colitis
D:\Documentos\Fotos\data\normal-pylorus\b3794b1f-5de0-4df8-884d-793fb7285d6f.jpg,4,normal-pylorus
D:\Documentos\Fotos\data\esophagitis\949240b8-f237-40f0-b58e-98c80eb7a517.jpg,2,esophagitis
D:\Documentos\Fotos\data\dyed-resection-margins\9e412d22-8fe1-4f27-a1c3-a99a6436395a.jpg,1,dyed-resection-margins
D:\Documentos\Fotos\data\normal-cecum\8deb863b-7c69-4612-a235-632e14906e8d.jpg,3,normal-cecum
D:\Documentos\Fotos\data\normal-z-line\d24d56d0-db98-42a9-b8e6-472d5a8b17b0.jpg,5,normal-z-line
D:\Documentos\Fotos\data\esophagitis\26947e85-e3f0-4d8c-9826-b099eea3458a.jpg,2,esophagitis
D:\Documentos\Fotos\data\ulcerative-colitis\bfc32cb3-23ae-4604-b28f-e0a31d5dc5b4.jpg,7,ulcerative-colitis
D:\Documentos\Fotos\data\esophagitis\a25a6213-262d-4a96-9025-ab679377a066.jpg,2,esophagitis
D:\Documentos\Fotos\data\ulcerative-colitis\21feccba-423a-4a4e-83af-b0f3deef717b.jpg,7,ulcerative-colitis
D:\Documentos\Fotos\data\normal-cecum\5e69bf41-273b-4342-8e05-8f68ac84694b.jpg,3,normal-cecum
D:\Documentos\Fotos\data\dyed-resection-margins\a3018db1-e760-470b-ac76-2b47bb4ffda9.jpg,1,dyed-resection-margins
D:\Documentos\Fotos\data\normal-cecum\79d1b977-2677-4b2b-b997-5dac6419d5e8.jpg,3,normal-cecum
D:\Documentos\Fotos\data\dyed-resection-margins\aea0446c-2a06-464a-9b43-b176a7f366df.jpg,1,dyed-resection-margins
D:\Documentos\Fotos\data\normal-cecum\307eba59-74e4-491b-b22f-1d1ba869d64b.jpg,3,normal-cecum
D:\Documentos\Fotos\data\esophagitis\5f90e8e7-f144-4b10-a74a-0e737a8912a3.jpg,2,esophagitis
D:\Documentos\Fotos\data\normal-z-line\162338dc-41e6-49ee-a8cf-3d7b09baaafe.jpg,5,normal-z-line
D:\Documentos\Fotos\data\polyps\4c295e51-9ec5-4e74-8c7f-91c8ffc26899.jpg,6,polyps
D:\Documentos\Fotos\data\ulcerative-colitis\14485f21-3072-4820-b3e1-5fff4f85a753.jpg,7,ulcerative-colitis
D:\Documentos\Fotos\data\ulcerative-colitis\4ef39dfa-4167-44e9-8a80-c2475487ab58.jpg,7,ulcerative-colitis
D:\Documentos\Fotos\data\normal-pylorus\21d92424-f213-45c9-9e47-5a622c128a3d.jpg,4,normal-pylorus
D:\Documentos\Fotos\data\dyed-resection-margins\94a5709e-0b95-45cf-9529-dab11496823a.jpg,1,dyed-resection-margins
D:\Documentos\Fotos\data\normal-cecum\957b4d1d-8d83-4420-9f66-4224a3ed732a.jpg,3,normal-cecum
D:\Documentos\Fotos\data\dyed-resection-margins\a91a3e80-241b-4514-b1e5-64e4b2e04222.jpg,1,dyed-resection-margins
D:\Documentos\Fotos\data\normal-pylorus\60dbb03c-7918-4cf9-9f04-9427414a109b.jpg,4,normal-pylorus
D:\Documentos\Fotos\data\normal-z-line\d5778603-8d49-438c-86ac-cab99f736fe6.jpg,5,normal-z-line
D:\Documentos\Fotos\data\polyps\4c7f97b7-e032-47dd-ac23-15e8f9d61f6f.jpg,6,polyps
D:\Documentos\Fotos\data\normal-cecum\09854f0b-7528-4b68-898a-04b05ba54806.jpg,3,normal-cecum
D:\Documentos\Fotos\data\normal-pylorus\fdff2c5b-d81c-41bb-9c6d-fdbad923d9e4.jpg,4,normal-pylorus
D:\Documentos\Fotos\data\normal-cecum\2163b845-1f13-46bc-99d2-209c205efbb7.jpg,3,normal-cecum
D:\Documentos\Fotos\data\polyps\8baae22d-9074-4a75-8cfa-077b0639f5b6.jpg,6,polyps
D:\Documentos\Fotos\data\ulcerative-colitis\3609b909-b6ad-4a25-a317-70e27099e45a.jpg,7,ulcerative-colitis
D:\Documentos\Fotos\data\dyed-resection-margins\5c063c9e-07f3-4ea3-bd09-3a4fc79ae9a4.jpg,1,dyed-resection-margins
D:\Documentos\Fotos\data\normal-pylorus\d2e90c4c-a8da-4fb8-bc2e-01e15efe6c3c.jpg,4,normal-pylorus
D:\Documentos\Fotos\data\dyed-lifted-polyps\3046f53d-c699-4bac-92f6-303b4c0478a2.jpg,0,dyed-lifted-polyps
D:\Documentos\Fotos\data\dyed-lifted-polyps\e24940d6-b640-4083-b0fe-8b8972cbb57f.jpg,0,dyed-lifted-polyps
D:\Documentos\Fotos\data\dyed-resection-margins\eb243b5d-0fd6-4fca-b548-9291453065f3.jpg,1,dyed-resection-margins
D:\Documentos\Fotos\data\normal-pylorus\d6f9b1c7-ecab-40e9-b5a7-87af0e3262ea.jpg,4,normal-pylorus
D:\Documentos\Fotos\data\dyed-resection-margins\a0ea2ca3-cc27-4933-b19a-24a47aa47954.jpg,1,dyed-resection-margins
D:\Documentos\Fotos\data\esophagitis\4ce0dffa-aa7a-49ef-a76e-c8a6257e36e2.jpg,2,esophagitis
D:\Documentos\Fotos\data\dyed-resection-margins\a1230b68-092a-4b8b-aacc-268aa74cd0fd.jpg,1,dyed-resection-margins
D:\Documentos\Fotos\data\normal-z-line\2bee38bd-45a6-4bbe-8d93-e4a00d994120.jpg,5,normal-z-line
D:\Documentos\Fotos\data\polyps\d540bf30-dd04-4936-a904-176349d5a161.jpg,6,polyps
D:\Documentos\Fotos\data\normal-cecum\1d119601-469e-4685-b6e6-6f9501b5a331.jpg,3,normal-cecum
D:\Documentos\Fotos\data\normal-cecum\936057d7-8a5c-4162-9eb3-c2347f7e64fa.jpg,3,normal-cecum
D:\Documentos\Fotos\data\normal-z-line\fb402a75-ed0a-4388-8935-18cbd692e411.jpg,5,normal-z-line
D:\Documentos\Fotos\data\normal-cecum\b639a2b6-2f71-499c-8cc0-78f1ef4318d8.jpg,3,normal-cecum
D:\Documentos\Fotos\data\normal-cecum\dbccec8a-8671-4643-8991-8eb3158d96d0.jpg,3,normal-cecum
D:\Documentos\Fotos\data\normal-z-line\9db3f91b-a2e7-4a2a-bbb6-d0c8d6a357d5.jpg,5,normal-z-line
D:\Documentos\Fotos\data\polyps\4ead2c29-e5e4-452f-995e-3d54d93d69ff.jpg,6,polyps
D:\Documentos\Fotos\data\normal-z-line\997a4e07-21e2-46b8-bb75-5cb47ac9dc40.jpg,5,normal-z-line
D:\Documentos\Fotos\data\esophagitis\bfc76131-b6fc-4a60-bb67-044c0910d8cc.jpg,2,esophagitis
D:\Documentos\Fotos\data\normal-cecum\8d59a679-a24d-409b-911f-d35e080bb990.jpg,3,normal-cecum
D:\Documentos\Fotos\data\esophagitis\b85b023e-0dd2-4dfb-bf15-74e501913107.jpg,2,esophagitis
D:\Documentos\Fotos\data\normal-z-line\d6698c6b-cea6-4733-9ce3-926b233cbf45.jpg,5,normal-z-line
D:\Documentos\Fotos\data\normal-pylorus\df90513a-591b-4a7c-bf34-a333867a2eaa.jpg,4,normal-pylorus
D:\Documentos\Fotos\data\esophagitis\37288ffb-df1b-4b77-afb5-6c40d5b74f9e.jpg,2,esophagitis
D:\Documentos\Fotos\data\esophagitis\07ae1635-4a1b-41a7-bed5-3e06b71370d2.jpg,2,esophagitis
D:\Documentos\Fotos\data\ulcerative-colitis\8c456c43-c9fb-410a-9378-4d1595477982.jpg,7,ulcerative-colitis
D:\Documentos\Fotos\data\ulcerative-colitis\0c816229-48e4-47a2-b349-759761337166.jpg,7,ulcerative-colitis
D:\Documentos\Fotos\data\normal-z-line\7f21dc56-8c3d-4097-b457-fe86a3460175.jpg,5,normal-z-line
D:\Documentos\Fotos\data\dyed-lifted-polyps\d82276b8-e2e8-4e82-96a3-58977f46a937.jpg,0,dyed-lifted-polyps
D:\Documentos\Fotos\data\ulcerative-colitis\b62924ca-ebf5-4b1c-91ad-b243ac724058.jpg,7,ulcerative-colitis
D:\Documentos\Fotos\data\dyed-lifted-polyps\8c3f3c95-ba1d-4532-bd8f-b7d0c76a4985.jpg,0,dyed-lifted-polyps
D:\Documentos\Fotos\data\normal-cecum\4ee05077-fccb-4efe-80d9-453ceea7ae9d.jpg,3,normal-cecum
D:\Documentos\Fotos\data\normal-pylorus\5d882bf1-dd48-42a7-badc-fd8247891eda.jpg,4,normal-pylorus
D:\Documentos\Fotos\data\ulcerative-colitis\70f6a540-1e23-41e3-87a9-cccf8637bb28.jpg,7,ulcerative-colitis
D:\Documentos\Fotos\data\normal-z-line\a65334b8-e08a-450a-bf24-f10c777188f3.jpg,5,normal-z-line
D:\Documentos\Fotos\data\normal-pylorus\5cbbdadd-eed8-422b-9036-8739eb82a99d.jpg,4,normal-pylorus
D:\Documentos\Fotos\data\dyed-resection-margins\00adb051-3e76-4482-b0e5-5207a028470b.jpg,1,dyed-resection-margins
D:\Documentos\Fotos\data\normal-z-line\c6b0e2a6-1a01-446a-8e53-c58fcccf3cbe.jpg,5,normal-z-line
D:\Documentos\Fotos\data\esophagitis\22bc4364-c715-4eb6-a711-278b8ed2c6f1.jpg,2,esophagitis
D:\Documentos\Fotos\data\ulcerative-colitis\c3a25804-3627-4bc6-b540-c442b0a48533.jpg,7,ulcerative-colitis
D:\Documentos\Fotos\data\dyed-resection-margins\3c735bf5-7d7b-47dc-9956-f8228927e9d7.jpg,1,dyed-resection-margins
D:\Documentos\Fotos\data\esophagitis\2dd873ff-32b9-470a-9c85-d423d8a464d3.jpg,2,esophagitis
D:\Documentos\Fotos\data\polyps\ad5b71be-8c88-4b9d-9894-6830b11d9ea2.jpg,6,polyps
D:\Documentos\Fotos\data\dyed-lifted-polyps\734c3892-9195-4ec7-92d8-63db8065d60f.jpg,0,dyed-lifted-polyps
D:\Documentos\Fotos\data\normal-cecum\dc195448-2919-45b3-8b74-119ff48549f3.jpg,3,normal-cecum
D:\Documentos\Fotos\data\dyed-lifted-polyps\3564be22-d58c-4194-8a31-647894585f55.jpg,0,dyed-lifted-polyps
D:\Documentos\Fotos\data\esophagitis\ff40343a-c7b6-4f0e-afed-af3e96e6330a.jpg,2,esophagitis
D:\Documentos\Fotos\data\esophagitis\d48a64fd-53d5-49e5-a5c7-0a590e02f555.jpg,2,esophagitis
D:\Documentos\Fotos\data\esophagitis\e2a2e51a-acf8-4cdf-b0aa-9a33073fea11.jpg,2,esophagitis
D:\Documentos\Fotos\data\dyed-lifted-polyps\8e8fbd48-44a9-4cf1-a01d-b14a82def226.jpg,0,dyed-lifted-polyps
D:\Documentos\Fotos\data\ulcerative-colitis\2d2f6f03-eb8d-429e-adf0-449bd25271cf.jpg,7,ulcerative-colitis
D:\Documentos\Fotos\data\normal-z-line\fc720586-257a-4d26-b7f5-846f981b270c.jpg,5,normal-z-line
D:\Documentos\Fotos\data\dyed-lifted-polyps\b8b87fd2-ff81-4284-86b0-2e5e208ce9bf.jpg,0,dyed-lifted-polyps
D:\Documentos\Fotos\data\normal-pylorus\cfd1bbce-510b-4488-8bb9-2ca0c5197a32.jpg,4,normal-pylorus
D:\Documentos\Fotos\data\ulcerative-colitis\6f6c6206-4736-4a76-88c2-93eef5e44fa3.jpg,7,ulcerative-colitis
D:\Documentos\Fotos\data\esophagitis\17265e7c-4391-43db-8b7f-765b9ba4719a.jpg,2,esophagitis
D:\Documentos\Fotos\data\polyps\56f0ce28-88ab-45ad-9a30-c31172b425fa.jpg,6,polyps
D:\Documentos\Fotos\data\polyps\54e9cc5d-9cfe-4d70-aad1-685afa6ddaed.jpg,6,polyps
D:\Documentos\Fotos\data\polyps\a8d4ad98-25aa-4baa-bb03-4c3874ba31bf.jpg,6,polyps
D:\Documentos\Fotos\data\polyps\6402c23b-69db-4120-a3c1-eb9885f4aaf7.jpg,6,polyps
D:\Documentos\Fotos\data\polyps\8ecd07de-99b6-499d-86bd-e05010c74e09.jpg,6,polyps
D:\Documentos\Fotos\data\polyps\7cc2df56-577f-4bef-a9a7-21a439caf77e.jpg,6,polyps
D:\Documentos\Fotos\data\polyps\8e552d32-e5f4-49be-bccd-2a15ec80d430.jpg,6,polyps
D:\Documentos\Fotos\data\esophagitis\3ff7c8be-4acf-4e3a-adbe-78bec0c44ebd.jpg,2,esophagitis
D:\Documentos\Fotos\data\ulcerative-colitis\fccf1d9b-40d4-41ad-bf31-1dce437cf9b8.jpg,7,ulcerative-colitis
D:\Documentos\Fotos\data\ulcerative-colitis\584f1fa0-9bb9-49d3-b412-c42819d0a200_00001420.jpg,7,ulcerative-colitis
D:\Documentos\Fotos\data\dyed-lifted-polyps\e3a30981-4744-4fce-b0a8-c1b9665398ae.jpg,0,dyed-lifted-polyps
D:\Documentos\Fotos\data\normal-pylorus\4bd9c181-9463-4552-b0bd-b1890251fca3.jpg,4,normal-pylorus
D:\Documentos\Fotos\data\esophagitis\022b40a7-a36f-4510-95a1-b6bb709e94ed.jpg,2,esophagitis
D:\Documentos\Fotos\data\dyed-resection-margins\344618e8-9e33-436c-88bc-b01256f64b99.jpg,1,dyed-resection-margins
D:\Documentos\Fotos\data\dyed-resection-margins\9520231d-f9c2-4389-bb46-2652e7603c1c.jpg,1,dyed-resection-margins
D:\Documentos\Fotos\data\normal-z-line\27d3917c-f8f4-4838-b77d-1c0bd472527e.jpg,5,normal-z-line
D:\Documentos\Fotos\data\dyed-lifted-polyps\275f28fc-f798-4807-8c87-e488c34a7822.jpg,0,dyed-lifted-polyps
D:\Documentos\Fotos\data\normal-cecum\57b1b6af-7755-411f-99eb-38c62f39eb39.jpg,3,normal-cecum
D:\Documentos\Fotos\data\polyps\96f19b31-1f17-4239-b47f-728799fbf978.jpg,6,polyps
D:\Documentos\Fotos\data\normal-z-line\67369764-bc04-46bc-92b3-d2d8e6cc6739.jpg,5,normal-z-line
D:\Documentos\Fotos\data\normal-pylorus\b229e816-d782-4a53-ae6c-7d4bd8e2a811.jpg,4,normal-pylorus
D:\Documentos\Fotos\data\ulcerative-colitis\5c587c0a-426b-4c77-8dff-810046b52f6b.jpg,7,ulcerative-colitis
D:\Documentos\Fotos\data\normal-z-line\89eeb26e-d320-47f6-b9db-7fbf4edd4a9e.jpg,5,normal-z-line
D:\Documentos\Fotos\data\normal-pylorus\c2271bd0-cb95-4466-9659-587bf2bf392d.jpg,4,normal-pylorus
D:\Documentos\Fotos\data\dyed-lifted-polyps\1ee63f40-8517-4741-b3a3-0a644c3fa0f4.jpg,0,dyed-lifted-polyps
D:\Documentos\Fotos\data\polyps\e56e079c-f7f7-4caa-b98b-8d861b3c5116.jpg,6,polyps
D:\Documentos\Fotos\data\normal-z-line\e38e8bfe-5fce-4670-9820-05b640c9bb08.jpg,5,normal-z-line
D:\Documentos\Fotos\data\dyed-lifted-polyps\82490cd4-2260-4c05-978e-2bf4c1734fe8.jpg,0,dyed-lifted-polyps
D:\Documentos\Fotos\data\dyed-lifted-polyps\afb4722a-d8d6-4dd0-aac0-c0866cb8ee2f.jpg,0,dyed-lifted-polyps
D:\Documentos\Fotos\data\dyed-resection-margins\a9ec0fc7-758d-4242-a36c-b5817956a798.jpg,1,dyed-resection-margins
D:\Documentos\Fotos\data\dyed-lifted-polyps\361163c6-2be7-4c90-b507-26fc46e30cc1.jpg,0,dyed-lifted-polyps
D:\Documentos\Fotos\data\normal-pylorus\c97721c2-e753-4eb3-8dd0-caef665ba162.jpg,4,normal-pylorus
D:\Documentos\Fotos\data\normal-cecum\62a8dedf-1fbb-434a-bba7-dba1c110e1f9.jpg,3,normal-cecum
D:\Documentos\Fotos\data\esophagitis\8ee7dd4e-50fc-40fa-85cb-7e1c9950127d.jpg,2,esophagitis
D:\Documentos\Fotos\data\dyed-resection-margins\bc41be07-f045-4cf1-a54b-0f5747535c3d.jpg,1,dyed-resection-margins
D:\Documentos\Fotos\data\dyed-lifted-polyps\3b38e82c-3f44-45ab-a4ad-1cbd1b7fbdc2.jpg,0,dyed-lifted-polyps
D:\Documentos\Fotos\data\esophagitis\40ce6828-3268-4ce1-a2bc-bde9acf0a97b.jpg,2,esophagitis
D:\Documentos\Fotos\data\normal-z-line\8227366d-71db-4aca-8202-e704e3a8afee.jpg,5,normal-z-line
D:\Documentos\Fotos\data\normal-cecum\d6bc405a-f679-4e02-b0ea-cf14caf494fb.jpg,3,normal-cecum
D:\Documentos\Fotos\data\polyps\4759316a-e4ed-455f-bdef-3228afd10f53.jpg,6,polyps
D:\Documentos\Fotos\data\normal-pylorus\c6b85820-8a2f-4a44-badb-c862e7f08676.jpg,4,normal-pylorus
D:\Documentos\Fotos\data\esophagitis\24c76e50-daf2-4046-8855-2f5379e415d1.jpg,2,esophagitis
D:\Documentos\Fotos\data\esophagitis\9ccbbce4-b7d7-4165-8809-86d3f12126ed.jpg,2,esophagitis
D:\Documentos\Fotos\data\ulcerative-colitis\23fd6577-79b4-40b1-baff-7bb1b60c3dd4.jpg,7,ulcerative-colitis
D:\Documentos\Fotos\data\dyed-resection-margins\938ea038-fd7d-483e-8f98-97fa9529c4a1.jpg,1,dyed-resection-margins
D:\Documentos\Fotos\data\polyps\17a3f8db-5fa9-45c5-a3b3-b25a889b833c.jpg,6,polyps
D:\Documentos\Fotos\data\normal-pylorus\fc017ebd-6837-4ea6-a306-4a724a94f18b.jpg,4,normal-pylorus
D:\Documentos\Fotos\data\dyed-lifted-polyps\fb442e50-9340-43ab-804c-7c7d6d7d63fb.jpg,0,dyed-lifted-polyps
D:\Documentos\Fotos\data\dyed-resection-margins\47b727a3-7a5e-4893-ab09-02a8514b346a.jpg,1,dyed-resection-margins
D:\Documentos\Fotos\data\polyps\1ea50714-13c8-463c-ba59-f970b925d820.jpg,6,polyps
D:\Documentos\Fotos\data\ulcerative-colitis\ef61b6ad-54b3-4918-98e9-debf30824e46.jpg,7,ulcerative-colitis
D:\Documentos\Fotos\data\dyed-lifted-polyps\b67b3a9e-9b31-4f20-818b-82fd1886e0af.jpg,0,dyed-lifted-polyps
D:\Documentos\Fotos\data\normal-pylorus\1a322768-5460-4217-9d9f-eea5e7957457.jpg,4,normal-pylorus
D:\Documentos\Fotos\data\dyed-resection-margins\10997c2a-2849-48bf-b8fc-5518fda3b6be.jpg,1,dyed-resection-margins
D:\Documentos\Fotos\data\ulcerative-colitis\32416a01-ea3e-43ee-85c3-916e5a122dcb.jpg,7,ulcerative-colitis
D:\Documentos\Fotos\data\normal-z-line\417b72c5-1dcf-4efd-aef9-00a5a693e4e2.jpg,5,normal-z-line
D:\Documentos\Fotos\data\normal-z-line\ba3f29cd-6cbf-4ee2-9d78-a3d68dea02d4.jpg,5,normal-z-line
D:\Documentos\Fotos\data\ulcerative-colitis\dcdf6931-2032-4244-b4d5-a83e88b6030d.jpg,7,ulcerative-colitis
D:\Documentos\Fotos\data\ulcerative-colitis\584f1fa0-9bb9-49d3-b412-c42819d0a200_00000730.jpg,7,ulcerative-colitis
D:\Documentos\Fotos\data\normal-pylorus\d6fe9d77-4a2b-400d-8ff6-bb0caa069dd9.jpg,4,normal-pylorus
D:\Documentos\Fotos\data\normal-cecum\3f14fa3b-7342-42ea-a1c8-5d09d437c404.jpg,3,normal-cecum
D:\Documentos\Fotos\data\normal-z-line\3e1064b1-6a9e-4fca-8591-77483b792514.jpg,5,normal-z-line
D:\Documentos\Fotos\data\polyps\56ff7838-b0df-48a5-a02d-35f884465a09.jpg,6,polyps
D:\Documentos\Fotos\data\dyed-lifted-polyps\82cfd1de-8693-46aa-b3cf-a686e01be4f1.jpg,0,dyed-lifted-polyps
D:\Documentos\Fotos\data\dyed-lifted-polyps\b7235a38-93d3-469e-8d02-fb121abc3d16.jpg,0,dyed-lifted-polyps
D:\Documentos\Fotos\data\normal-cecum\687b5595-b799-4fac-9232-67f70ae6175f.jpg,3,normal-cecum
D:\Documentos\Fotos\data\dyed-lifted-polyps\a4e68839-3c02-4594-a19b-afbb40f8a14d.jpg,0,dyed-lifted-polyps
D:\Documentos\Fotos\data\normal-pylorus\c7652d78-ba25-45d9-8d2f-c400ac6ef7d5.jpg,4,normal-pylorus
D:\Documentos\Fotos\data\dyed-resection-margins\2c4f056c-a32d-4351-8010-8df189b9918c.jpg,1,dyed-resection-margins
D:\Documentos\Fotos\data\dyed-lifted-polyps\d26a11ac-fe40-4e87-8c0c-1f5087feb768.jpg,0,dyed-lifted-polyps
D:\Documentos\Fotos\data\normal-cecum\30df141c-0b98-456a-b832-596221b4a0c5.jpg,3,normal-cecum
D:\Documentos\Fotos\data\esophagitis\05252716-3e21-488e-a511-2c8647dbf0a2.jpg,2,esophagitis
D:\Documentos\Fotos\data\esophagitis\e55a7224-6402-41c3-8baf-38cb835de330.jpg,2,esophagitis
D:\Documentos\Fotos\data\esophagitis\2890103d-e207-4aeb-8363-e4abd0bf10aa.jpg,2,esophagitis
D:\Documentos\Fotos\data\normal-cecum\0ecc75ff-be06-4183-a729-174dbef6054a.jpg,3,normal-cecum
D:\Documentos\Fotos\data\ulcerative-colitis\9abc35de-a9ad-4983-be5c-4f83c60f4710.jpg,7,ulcerative-colitis
D:\Documentos\Fotos\data\esophagitis\77a8af84-86a2-4cd7-9720-34444ddc8ede.jpg,2,esophagitis
D:\Documentos\Fotos\data\dyed-resection-margins\64376675-7579-4361-8e02-8411f7847170.jpg,1,dyed-resection-margins
D:\Documentos\Fotos\data\dyed-lifted-polyps\3124302b-9fe9-46f4-a346-f1e6945872d2.jpg,0,dyed-lifted-polyps
D:\Documentos\Fotos\data\dyed-resection-margins\8062be8f-f004-4403-bc8a-be7dfd345dba.jpg,1,dyed-resection-margins
D:\Documentos\Fotos\data\dyed-resection-margins\8da456e8-c026-4bbd-8037-3ffcbc6b24a8.jpg,1,dyed-resection-margins
D:\Documentos\Fotos\data\normal-pylorus\31912e14-efd1-4717-a0d3-5c309a6ae079.jpg,4,normal-pylorus
D:\Documentos\Fotos\data\polyps\d51476f6-24e2-43a9-976c-dbcedf8f6ad2.jpg,6,polyps
D:\Documentos\Fotos\data\normal-z-line\9e706721-ac1b-4377-9ab5-99bdaaa9b984.jpg,5,normal-z-line
D:\Documentos\Fotos\data\esophagitis\1b80add9-f03b-4043-92a6-d124e6302b61.jpg,2,esophagitis
D:\Documentos\Fotos\data\normal-z-line\12051edb-77d9-448a-bc25-b54723aec82c.jpg,5,normal-z-line
D:\Documentos\Fotos\data\normal-cecum\1113efb0-dfaf-4086-9ce9-c173749065db.jpg,3,normal-cecum
D:\Documentos\Fotos\data\normal-pylorus\ea46432a-a955-4192-b721-e0fb2994b5a7.jpg,4,normal-pylorus
D:\Documentos\Fotos\data\dyed-resection-margins\3d47d74a-fcdf-469e-940b-cd6999a79556.jpg,1,dyed-resection-margins
D:\Documentos\Fotos\data\dyed-lifted-polyps\71471ed0-0e15-42a2-ae16-336f597265af.jpg,0,dyed-lifted-polyps
D:\Documentos\Fotos\data\normal-cecum\ed50441b-70f3-4d3c-bc90-e5b55b13e8a8.jpg,3,normal-cecum
D:\Documentos\Fotos\data\dyed-resection-margins\47a92e76-4adc-47e4-9dbf-239d27f04ae0.jpg,1,dyed-resection-margins
D:\Documentos\Fotos\data\normal-pylorus\4efd8e6d-c382-436e-9bd0-0714ec4e2ce9.jpg,4,normal-pylorus
D:\Documentos\Fotos\data\polyps\ce3f9ebd-40be-4cd5-846d-c312e4b1c325.jpg,6,polyps
D:\Documentos\Fotos\data\polyps\251223d9-762c-43a9-aa64-542e44fa6036.jpg,6,polyps
D:\Documentos\Fotos\data\polyps\64bc1f84-1102-406d-9995-a73905dd363e.jpg,6,polyps
D:\Documentos\Fotos\data\normal-cecum\decd1674-48a0-4bb2-b183-ad2c365eb62d.jpg,3,normal-cecum
D:\Documentos\Fotos\data\dyed-resection-margins\fc5ca52b-1306-4050-92f5-9b60932e8c85.jpg,1,dyed-resection-margins
D:\Documentos\Fotos\data\dyed-resection-margins\51ed42b6-3fab-4bf7-aa8d-bcea89b271b6.jpg,1,dyed-resection-margins
D:\Documentos\Fotos\data\normal-pylorus\66163aff-ec94-478f-889a-201b25ede6b5.jpg,4,normal-pylorus
D:\Documentos\Fotos\data\normal-pylorus\05248927-a3a6-4a15-9fe9-5c5157c5e368.jpg,4,normal-pylorus
D:\Documentos\Fotos\data\ulcerative-colitis\d7effef0-b868-4644-a68a-a98772a467c5.jpg,7,ulcerative-colitis
D:\Documentos\Fotos\data\dyed-resection-margins\93a04913-7d41-4f37-a448-18ba9509da01.jpg,1,dyed-resection-margins
D:\Documentos\Fotos\data\esophagitis\23a964b5-fc4f-463f-a987-e6684d18a3a1.jpg,2,esophagitis
D:\Documentos\Fotos\data\dyed-resection-margins\9e10d813-1634-4d04-8653-e4cc04fceb46.jpg,1,dyed-resection-margins
D:\Documentos\Fotos\data\normal-pylorus\3a35417f-2912-4ad2-ac24-88cb0f60bb13.jpg,4,normal-pylorus
D:\Documentos\Fotos\data\normal-z-line\38ead09a-ec86-4b6a-8046-2d134fcdb4d6.jpg,5,normal-z-line
D:\Documentos\Fotos\data\normal-pylorus\480e2186-0a10-493d-ad26-9bdf63e7fb36.jpg,4,normal-pylorus
D:\Documentos\Fotos\data\normal-cecum\36a099a7-e47b-491b-a29d-f3417ebd3cca.jpg,3,normal-cecum
D:\Documentos\Fotos\data\polyps\122cbdd9-1921-4c62-bf74-4ebf46ebac69.jpg,6,polyps
D:\Documentos\Fotos\data\normal-pylorus\eff000c2-0dba-498f-bf30-aa2ead5217b8.jpg,4,normal-pylorus
D:\Documentos\Fotos\data\ulcerative-colitis\584f1fa0-9bb9-49d3-b412-c42819d0a200_00001917.jpg,7,ulcerative-colitis
D:\Documentos\Fotos\data\polyps\01a72489-11c2-4891-a2b8-7a0fb1181b7c.jpg,6,polyps
D:\Documentos\Fotos\data\normal-z-line\a8bdcdc3-fb32-467e-b7ef-ee3516587274.jpg,5,normal-z-line
D:\Documentos\Fotos\data\esophagitis\b5ae3dbf-6ba3-4430-bfc3-4ae9989af6f2.jpg,2,esophagitis
D:\Documentos\Fotos\data\normal-pylorus\4b8f7a53-7a26-4e45-8653-fa106b93632a.jpg,4,normal-pylorus
D:\Documentos\Fotos\data\polyps\497f1c05-ee34-44ce-855f-91d95907e27d.jpg,6,polyps
D:\Documentos\Fotos\data\normal-pylorus\c6a8b8dc-ff58-42d9-b7ae-0c40cdda3a33.jpg,4,normal-pylorus
D:\Documentos\Fotos\data\normal-z-line\e5529ce0-ee6b-4bb6-b5ad-99cca2862aa0.jpg,5,normal-z-line
D:\Documentos\Fotos\data\dyed-lifted-polyps\0c2ecef0-333b-44ce-97cc-b7780bfc5848.jpg,0,dyed-lifted-polyps
D:\Documentos\Fotos\data\normal-z-line\bd8bbccc-2e2b-42a7-9fd4-312426d53f16.jpg,5,normal-z-line
D:\Documentos\Fotos\data\dyed-lifted-polyps\1950947d-bce3-4979-b669-d28904eaaaaa.jpg,0,dyed-lifted-polyps
D:\Documentos\Fotos\data\normal-pylorus\a374b84c-2ca2-48a7-8a59-008822167a04.jpg,4,normal-pylorus
D:\Documentos\Fotos\data\esophagitis\d7d564a5-ab23-4aa2-b5a2-a3bdb20bd687.jpg,2,esophagitis
D:\Documentos\Fotos\data\normal-z-line\bb431dba-53d0-4dcd-a7bb-abea677d07e2.jpg,5,normal-z-line
D:\Documentos\Fotos\data\normal-cecum\7ba02ee0-42d7-41b6-9498-1ca6cedefba4.jpg,3,normal-cecum
D:\Documentos\Fotos\data\dyed-lifted-polyps\c38ae86e-4ae3-4c35-9b59-a2b602a4c76b.jpg,0,dyed-lifted-polyps
D:\Documentos\Fotos\data\normal-z-line\a44b2370-8802-4a4f-8609-95be381672db.jpg,5,normal-z-line
D:\Documentos\Fotos\data\polyps\adc033be-9535-4157-bd62-eda841d398f3.jpg,6,polyps
D:\Documentos\Fotos\data\dyed-lifted-polyps\1c8d3108-9872-4d1a-a8d4-1e09f6e4465e.jpg,0,dyed-lifted-polyps
D:\Documentos\Fotos\data\polyps\e952b0d0-2c6e-455f-a698-a059f445bf1d.jpg,6,polyps
D:\Documentos\Fotos\data\dyed-lifted-polyps\974f1328-d9d4-4264-89d9-5ac9eccb3caa.jpg,0,dyed-lifted-polyps
D:\Documentos\Fotos\data\normal-pylorus\e6b46bd2-f06b-48e1-8256-186c02d6b75c.jpg,4,normal-pylorus
D:\Documentos\Fotos\data\esophagitis\8d81e787-e538-455c-b090-fb6a01793c3f.jpg,2,esophagitis
D:\Documentos\Fotos\data\normal-cecum\119d496d-8cf8-44cd-bf4a-2b5e5a737bce.jpg,3,normal-cecum
D:\Documentos\Fotos\data\dyed-resection-margins\5cdf275e-ed08-4789-85a7-931f5c62892c.jpg,1,dyed-resection-margins
D:\Documentos\Fotos\data\dyed-resection-margins\8b793030-4370-441d-a5dd-0e0c3d2c145c.jpg,1,dyed-resection-margins
D:\Documentos\Fotos\data\dyed-lifted-polyps\5cf1f53d-30b6-4ae1-b2f4-94cdd41f7094.jpg,0,dyed-lifted-polyps
D:\Documentos\Fotos\data\normal-cecum\5f25a417-f52f-4ac1-b314-52d3cfbbb837.jpg,3,normal-cecum
D:\Documentos\Fotos\data\dyed-lifted-polyps\08c397e0-1463-47df-abef-b25831fc4f9c.jpg,0,dyed-lifted-polyps
D:\Documentos\Fotos\data\ulcerative-colitis\191f2d38-64e7-4cc1-8382-4e9edb7da5e2.jpg,7,ulcerative-colitis
D:\Documentos\Fotos\data\normal-pylorus\fe073810-03a2-48a8-b6fa-a6b08e95943b.jpg,4,normal-pylorus
D:\Documentos\Fotos\data\esophagitis\a30e944b-0eef-43ba-86f0-537e87524f16.jpg,2,esophagitis
D:\Documentos\Fotos\data\normal-pylorus\0da65eaf-a38d-4260-8717-0b90d36a49ac.jpg,4,normal-pylorus
D:\Documentos\Fotos\data\normal-z-line\d086eb7c-3345-4c38-8499-b3306c297419.jpg,5,normal-z-line
D:\Documentos\Fotos\data\normal-cecum\eb02f204-cf72-4c51-ac58-2ac3aa1ed326.jpg,3,normal-cecum
D:\Documentos\Fotos\data\dyed-lifted-polyps\43f11034-7c6e-429e-98ef-cb9189a84fa6.jpg,0,dyed-lifted-polyps
D:\Documentos\Fotos\data\dyed-lifted-polyps\824d23e3-d425-4b3f-b6f8-3fb9a95bb412.jpg,0,dyed-lifted-polyps
D:\Documentos\Fotos\data\normal-z-line\1d3460e5-1399-4242-b686-56a5090a1bac.jpg,5,normal-z-line
D:\Documentos\Fotos\data\polyps\c0874947-e059-4c1a-8f0c-f07c5c7124f2.jpg,6,polyps
D:\Documentos\Fotos\data\dyed-lifted-polyps\04677c9d-9cdb-45f1-8ddd-c76a2bcf3963.jpg,0,dyed-lifted-polyps
D:\Documentos\Fotos\data\dyed-resection-margins\820e9738-e89a-4802-837e-91bdea9e302e.jpg,1,dyed-resection-margins
D:\Documentos\Fotos\data\normal-cecum\20c9258e-9c6e-41f3-b7e3-7fe5fb1280b8.jpg,3,normal-cecum
D:\Documentos\Fotos\data\ulcerative-colitis\291272f3-28cd-457f-b6b5-b29a491e5b2a.jpg,7,ulcerative-colitis
D:\Documentos\Fotos\data\ulcerative-colitis\4a14daa4-193d-4bff-a0e1-a634ac673926.jpg,7,ulcerative-colitis
D:\Documentos\Fotos\data\polyps\05374a2d-87f6-45e6-8bf1-5fa445f7aee1.jpg,6,polyps
D:\Documentos\Fotos\data\normal-cecum\22005dd4-bd06-42a4-85c5-3023b349bbc6.jpg,3,normal-cecum
D:\Documentos\Fotos\data\normal-z-line\b2317fac-561d-40e1-a34a-6d0a077993bf.jpg,5,normal-z-line
D:\Documentos\Fotos\data\ulcerative-colitis\4c891ec4-5d3a-41dd-9199-b28329919043.jpg,7,ulcerative-colitis
D:\Documentos\Fotos\data\esophagitis\c333c477-fdd8-4807-8097-951900b1ead4.jpg,2,esophagitis
D:\Documentos\Fotos\data\normal-cecum\98df6a55-25ea-4387-a61b-815c623916bf.jpg,3,normal-cecum
D:\Documentos\Fotos\data\dyed-lifted-polyps\89ddddc5-191e-4224-85bc-6d4416621df4.jpg,0,dyed-lifted-polyps
D:\Documentos\Fotos\data\normal-cecum\d856d2c9-86a6-4300-8e41-094fccfd247c.jpg,3,normal-cecum
D:\Documentos\Fotos\data\dyed-resection-margins\4fc1a78f-1b18-487e-b824-eccd2929cea3.jpg,1,dyed-resection-margins
D:\Documentos\Fotos\data\dyed-resection-margins\4e56f8b5-e979-489b-94b6-e497dbbe4295.jpg,1,dyed-resection-margins
D:\Documentos\Fotos\data\esophagitis\66fba2df-e37f-40c2-bbdd-741ae3f982e5.jpg,2,esophagitis
D:\Documentos\Fotos\data\polyps\c48b98eb-a142-49ef-a261-b6390cb6eaff.jpg,6,polyps
D:\Documentos\Fotos\data\esophagitis\b4655c20-af1e-4480-b7e0-ae518a2ec7ce.jpg,2,esophagitis
D:\Documentos\Fotos\data\polyps\15db2130-7fee-4353-aa88-c07b5f695d12.jpg,6,polyps
D:\Documentos\Fotos\data\esophagitis\ce4c3a3f-e6a3-45bc-8c54-8d186c160b97.jpg,2,esophagitis
D:\Documentos\Fotos\data\normal-pylorus\3f652646-ae59-49d5-b5d8-ceb4d20e809e.jpg,4,normal-pylorus
D:\Documentos\Fotos\data\polyps\61b59dd5-871d-4494-a316-1d9477611775.jpg,6,polyps
D:\Documentos\Fotos\data\dyed-lifted-polyps\c83ead85-e03d-4ac6-b5a5-298122893da9.jpg,0,dyed-lifted-polyps
D:\Documentos\Fotos\data\dyed-lifted-polyps\2d0ab1d2-fec4-4704-90d5-556f2dff9d18.jpg,0,dyed-lifted-polyps
D:\Documentos\Fotos\data\esophagitis\1b6df098-c62a-4783-854b-d79a03ff0240.jpg,2,esophagitis
D:\Documentos\Fotos\data\normal-z-line\9c0fa656-e3ee-4ee1-8e82-a0fffd226d6f.jpg,5,normal-z-line
D:\Documentos\Fotos\data\dyed-lifted-polyps\337c0e93-5224-4a3b-946a-6f3e964fe457.jpg,0,dyed-lifted-polyps
D:\Documentos\Fotos\data\polyps\5cfa50c9-0b0f-45e2-9ec3-ac3eae2f8dd4.jpg,6,polyps
D:\Documentos\Fotos\data\dyed-lifted-polyps\5d414b15-81d9-4bbc-99b3-942cc6cf5b88.jpg,0,dyed-lifted-polyps
D:\Documentos\Fotos\data\normal-pylorus\6467bb9a-8a33-4fda-a37b-19adaa79f6ec.jpg,4,normal-pylorus
D:\Documentos\Fotos\data\dyed-resection-margins\0062bbf3-58d7-435d-b0ca-381703c39911.jpg,1,dyed-resection-margins
D:\Documentos\Fotos\data\normal-z-line\eeb09d3a-8833-48a3-a20b-5184fa33313e.jpg,5,normal-z-line
D:\Documentos\Fotos\data\normal-z-line\54af0de6-21e4-45fd-9403-d70a33e42904.jpg,5,normal-z-line
D:\Documentos\Fotos\data\normal-z-line\b1427373-30bc-4026-a808-fc26ca44d424.jpg,5,normal-z-line
D:\Documentos\Fotos\data\normal-cecum\3b3034a7-5879-4a4c-916d-5f5657ed5745.jpg,3,normal-cecum
D:\Documentos\Fotos\data\polyps\47b37416-472d-4f12-a2e3-00c72fd49f92.jpg,6,polyps
D:\Documentos\Fotos\data\normal-cecum\d9c6cdea-bea0-4ad4-a01f-f06c81c738c2.jpg,3,normal-cecum
D:\Documentos\Fotos\data\normal-cecum\1f9f6c8e-95d2-4956-b684-3428401789f1.jpg,3,normal-cecum
D:\Documentos\Fotos\data\ulcerative-colitis\82aafaf4-081a-4350-a852-38c7eb0b66fa.jpg,7,ulcerative-colitis
D:\Documentos\Fotos\data\normal-cecum\ecfe00a5-ba50-44bd-b67d-f9e3a183c270.jpg,3,normal-cecum
D:\Documentos\Fotos\data\normal-pylorus\43b4efc4-c8cf-4927-a296-dd66ad824a3d.jpg,4,normal-pylorus
D:\Documentos\Fotos\data\dyed-resection-margins\cc861afd-a6d5-46f1-a8f5-392d5c23cf46.jpg,1,dyed-resection-margins
D:\Documentos\Fotos\data\normal-pylorus\2b9b71f2-274b-4ad6-b929-a87202cc1b32.jpg,4,normal-pylorus
D:\Documentos\Fotos\data\dyed-resection-margins\945ca429-143b-4ac0-81a0-8f490ba83686.jpg,1,dyed-resection-margins
D:\Documentos\Fotos\data\normal-pylorus\a4a139fd-37d0-4ec2-bd9f-cb3bef76e287.jpg,4,normal-pylorus
D:\Documentos\Fotos\data\normal-cecum\c7d860c3-7008-448c-a164-dbad409b16f8.jpg,3,normal-cecum
D:\Documentos\Fotos\data\ulcerative-colitis\35b4f082-0e15-4dc1-ae2e-0e647d6d28c0.jpg,7,ulcerative-colitis
D:\Documentos\Fotos\data\ulcerative-colitis\c7e11a23-a8b0-4d29-a178-c92e862f39f1.jpg,7,ulcerative-colitis
D:\Documentos\Fotos\data\dyed-resection-margins\37dc2f00-0963-473f-a9dd-0fd29ee8d7d3.jpg,1,dyed-resection-margins
D:\Documentos\Fotos\data\normal-cecum\9507e070-3dc1-466e-ac10-aeb0e7c95edd.jpg,3,normal-cecum
D:\Documentos\Fotos\data\dyed-lifted-polyps\9efc5a60-804f-4c32-8857-5a6979ea38d7.jpg,0,dyed-lifted-polyps
D:\Documentos\Fotos\data\normal-cecum\d74a5fc4-5e4f-4c50-ba13-4ea06206e610.jpg,3,normal-cecum
D:\Documentos\Fotos\data\esophagitis\80bf1267-932d-495e-a502-1b2058c269be.jpg,2,esophagitis
D:\Documentos\Fotos\data\ulcerative-colitis\95bb3710-a519-447d-8350-1a7723becace.jpg,7,ulcerative-colitis
D:\Documentos\Fotos\data\polyps\d3730333-1b15-47bf-9ccd-44dea7aca766.jpg,6,polyps
D:\Documentos\Fotos\data\normal-pylorus\a748f5cb-e826-4d1c-b441-97812a93f613.jpg,4,normal-pylorus
D:\Documentos\Fotos\data\polyps\da7ae76f-b7b0-426c-9436-b041c048a846.jpg,6,polyps
D:\Documentos\Fotos\data\dyed-lifted-polyps\50210199-bd31-4b70-ab68-cbf64a47c871.jpg,0,dyed-lifted-polyps
D:\Documentos\Fotos\data\dyed-lifted-polyps\7006a294-3aa5-4d63-8da4-8e6c0719343a.jpg,0,dyed-lifted-polyps
D:\Documentos\Fotos\data\normal-pylorus\e1e5984c-003a-4465-8a64-1612cb1517e0.jpg,4,normal-pylorus
D:\Documentos\Fotos\data\polyps\60a48de4-e9d2-4a65-b762-b71539cc2097.jpg,6,polyps
D:\Documentos\Fotos\data\normal-z-line\c7e60e41-7bd4-41be-8077-cb0118e350fc.jpg,5,normal-z-line
D:\Documentos\Fotos\data\esophagitis\7a399663-6d35-4e14-9599-15e878189219.jpg,2,esophagitis
D:\Documentos\Fotos\data\esophagitis\6d14438a-5da7-434d-9f43-25673610d2d5.jpg,2,esophagitis
D:\Documentos\Fotos\data\ulcerative-colitis\fc79c489-b358-4368-b965-330615af73d4_00000157.jpg,7,ulcerative-colitis
D:\Documentos\Fotos\data\normal-z-line\016858b4-36f8-47d7-97ca-1570bcaba413.jpg,5,normal-z-line
D:\Documentos\Fotos\data\normal-z-line\fdc7f522-f8f0-49b5-aa84-17a02442ec42.jpg,5,normal-z-line
D:\Documentos\Fotos\data\polyps\8da061c0-686e-4e07-8c56-2df2580befed.jpg,6,polyps
D:\Documentos\Fotos\data\dyed-lifted-polyps\88d77dd6-c870-497c-b156-96417620efe1.jpg,0,dyed-lifted-polyps
D:\Documentos\Fotos\data\normal-cecum\e69a9a0f-1212-4c6e-9094-921efcae606a.jpg,3,normal-cecum
D:\Documentos\Fotos\data\dyed-resection-margins\2781dc1f-d88f-48cc-982e-9f0f147eb6f6.jpg,1,dyed-resection-margins
D:\Documentos\Fotos\data\normal-pylorus\5fc17455-2321-4263-b94b-c8ae20570261.jpg,4,normal-pylorus
D:\Documentos\Fotos\data\normal-z-line\d6ffb3f7-be66-415d-a7cb-c86f0eda455f.jpg,5,normal-z-line
D:\Documentos\Fotos\data\normal-pylorus\4f3af42a-477d-4ad4-aa1a-012bc0a78c28.jpg,4,normal-pylorus
D:\Documentos\Fotos\data\polyps\0b8ccb81-1786-4a67-b6d0-f42454f7a730.jpg,6,polyps
D:\Documentos\Fotos\data\dyed-lifted-polyps\5f3d6ed3-dca1-4fb0-a0e3-fd53fffa4cff.jpg,0,dyed-lifted-polyps
D:\Documentos\Fotos\data\esophagitis\d0ab968f-8f16-4da6-836c-7367a9b1c39b.jpg,2,esophagitis
D:\Documentos\Fotos\data\normal-pylorus\bbb34362-19da-43ca-b6b4-ebc5fe21b450.jpg,4,normal-pylorus
D:\Documentos\Fotos\data\dyed-resection-margins\482ea2b9-ec49-4dd4-9473-d117f265079d.jpg,1,dyed-resection-margins
D:\Documentos\Fotos\data\esophagitis\9ed6987c-5bf0-4183-8ae2-7cc00dba1ff1.jpg,2,esophagitis
D:\Documentos\Fotos\data\normal-pylorus\a8a77f91-9e03-43cf-9364-4578a94194d5.jpg,4,normal-pylorus
D:\Documentos\Fotos\data\dyed-lifted-polyps\e1a75ba2-ae08-4daa-a273-9bc388391142.jpg,0,dyed-lifted-polyps
D:\Documentos\Fotos\data\ulcerative-colitis\3bed4fc1-8e43-436c-a90b-342345c76e80.jpg,7,ulcerative-colitis
D:\Documentos\Fotos\data\polyps\86426594-ad97-42ed-bb4a-9cc3e9a55dda.jpg,6,polyps
D:\Documentos\Fotos\data\ulcerative-colitis\02daad2b-534a-4822-96ab-0d42d23a3fb9.jpg,7,ulcerative-colitis
D:\Documentos\Fotos\data\esophagitis\30f0d072-f53a-4dbe-8d96-5d5b9d0e9e43.jpg,2,esophagitis
D:\Documentos\Fotos\data\ulcerative-colitis\b8be9b2c-103a-48d6-ae7c-9461e26518cf.jpg,7,ulcerative-colitis
D:\Documentos\Fotos\data\ulcerative-colitis\834bbc38-6746-467a-b9be-c40334513318.jpg,7,ulcerative-colitis
D:\Documentos\Fotos\data\normal-z-line\0c02f84f-80c2-446f-8096-c0354b71723e.jpg,5,normal-z-line
D:\Documentos\Fotos\data\polyps\3f55cce2-8b44-4495-9716-de28af8d2449.jpg,6,polyps
D:\Documentos\Fotos\data\normal-cecum\7dfe49b6-07f1-4e5a-ba52-bb2497d62d04.jpg,3,normal-cecum
D:\Documentos\Fotos\data\dyed-lifted-polyps\1a0e5a49-c3d9-47be-bc09-25bbe93cfa57.jpg,0,dyed-lifted-polyps
D:\Documentos\Fotos\data\ulcerative-colitis\60cb28d7-7582-4eae-8345-34b0ef2eb73c.jpg,7,ulcerative-colitis
D:\Documentos\Fotos\data\esophagitis\d92933ea-edd1-43d2-b79e-977629942b3d.jpg,2,esophagitis
D:\Documentos\Fotos\data\polyps\9936b7d3-d4c6-4b19-a6d9-957c63fd1d09.jpg,6,polyps
D:\Documentos\Fotos\data\normal-z-line\20f50056-507a-4600-a709-757bb87b9237.jpg,5,normal-z-line
D:\Documentos\Fotos\data\normal-cecum\7c8923ec-2a8b-4f65-96d9-1dbf458cc8bf.jpg,3,normal-cecum
D:\Documentos\Fotos\data\esophagitis\33a0f58e-2c20-41b3-9e19-e885c3504204.jpg,2,esophagitis
D:\Documentos\Fotos\data\normal-cecum\a74d0fac-b510-494c-bdd3-25e4d5b5594f.jpg,3,normal-cecum
D:\Documentos\Fotos\data\ulcerative-colitis\b75f642e-73fc-4883-b886-e36a9c6e8fd3.jpg,7,ulcerative-colitis
D:\Documentos\Fotos\data\normal-cecum\15287fa4-5ebe-4350-9e5b-edc9d0b2fe75.jpg,3,normal-cecum
D:\Documentos\Fotos\data\dyed-lifted-polyps\bc863451-6219-4ce4-90ca-1c853c54c7d5.jpg,0,dyed-lifted-polyps
D:\Documentos\Fotos\data\normal-cecum\6a610cbd-eeb9-4ce0-944e-649c8ef03f9f.jpg,3,normal-cecum
D:\Documentos\Fotos\data\ulcerative-colitis\fc79c489-b358-4368-b965-330615af73d4_00000228.jpg,7,ulcerative-colitis
D:\Documentos\Fotos\data\normal-pylorus\3c0cda87-4530-4d04-a58c-fb290ecb0139.jpg,4,normal-pylorus
D:\Documentos\Fotos\data\esophagitis\dcdbc533-dac9-4e49-a463-be8211e0bf0f.jpg,2,esophagitis
D:\Documentos\Fotos\data\esophagitis\18aa2d1c-9811-4241-82be-2d42473584da.jpg,2,esophagitis
D:\Documentos\Fotos\data\dyed-resection-margins\08ed9543-eeec-4523-a81d-e3a7547183b2.jpg,1,dyed-resection-margins
D:\Documentos\Fotos\data\polyps\cf252e6c-1e34-4d5e-9665-464953d9d37e.jpg,6,polyps
D:\Documentos\Fotos\data\normal-pylorus\e7863b31-857d-4717-9685-e863a0987289.jpg,4,normal-pylorus
D:\Documentos\Fotos\data\normal-cecum\4420854a-8775-486f-bb73-97e409502d67.jpg,3,normal-cecum
D:\Documentos\Fotos\data\ulcerative-colitis\fc79c489-b358-4368-b965-330615af73d4_00000403.jpg,7,ulcerative-colitis
D:\Documentos\Fotos\data\dyed-resection-margins\bb5647f1-7f73-4c91-b6e1-508b4eecb256.jpg,1,dyed-resection-margins
D:\Documentos\Fotos\data\normal-z-line\f9d9c50a-c368-4448-8e93-cc7701155acc.jpg,5,normal-z-line
D:\Documentos\Fotos\data\polyps\b1a49ca1-0671-4642-b836-543b7040794d.jpg,6,polyps
D:\Documentos\Fotos\data\dyed-lifted-polyps\a1ac75c9-a1cd-47ad-bc65-4901544be94e.jpg,0,dyed-lifted-polyps
D:\Documentos\Fotos\data\normal-cecum\471799a5-54ba-407e-b113-6bd58ec09750.jpg,3,normal-cecum
D:\Documentos\Fotos\data\esophagitis\9d63fdec-a46b-4618-a764-1eced5e3ba3c.jpg,2,esophagitis
D:\Documentos\Fotos\data\normal-cecum\47108e72-2175-4b65-9ebb-f2a1a5f99317.jpg,3,normal-cecum
D:\Documentos\Fotos\data\ulcerative-colitis\fc79c489-b358-4368-b965-330615af73d4_00000351.jpg,7,ulcerative-colitis
D:\Documentos\Fotos\data\dyed-resection-margins\b33db2cf-41ee-43de-b37d-0eff212221b6.jpg,1,dyed-resection-margins
D:\Documentos\Fotos\data\ulcerative-colitis\b23ea14c-d45b-4447-82c5-510b9e6fca45.jpg,7,ulcerative-colitis
D:\Documentos\Fotos\data\normal-z-line\a9fcce89-55e5-49f8-9d36-66bb24492144.jpg,5,normal-z-line
D:\Documentos\Fotos\data\polyps\1d7b567d-6c3a-4e5a-a09c-1c42747fc406.jpg,6,polyps
D:\Documentos\Fotos\data\ulcerative-colitis\4f5825d4-0dd8-4d38-9c78-d710ce65e7a9.jpg,7,ulcerative-colitis
D:\Documentos\Fotos\data\polyps\01c32c31-d74e-4cec-a0a1-0c2f51451af0.jpg,6,polyps
D:\Documentos\Fotos\data\normal-z-line\4265866a-b197-4e86-9026-6113930b38c7.jpg,5,normal-z-line
D:\Documentos\Fotos\data\dyed-resection-margins\c103fa73-8029-4df7-a7bb-dd8fee19d193.jpg,1,dyed-resection-margins
D:\Documentos\Fotos\data\normal-cecum\ecaa4b27-4470-4ef7-b8d6-5f66b7ecdc84.jpg,3,normal-cecum
D:\Documentos\Fotos\data\normal-z-line\27f0859b-edd0-4878-8cd2-7ec1813fa450.jpg,5,normal-z-line
D:\Documentos\Fotos\data\ulcerative-colitis\4e228bcd-b23f-40fc-86b3-46ce3bbeeac2.jpg,7,ulcerative-colitis
D:\Documentos\Fotos\data\normal-z-line\bfe0b244-9bb0-46bc-b4c9-2b31503b8529.jpg,5,normal-z-line
D:\Documentos\Fotos\data\normal-pylorus\8c448793-b131-4606-a168-58e56295f170.jpg,4,normal-pylorus
D:\Documentos\Fotos\data\polyps\5cede7c5-19c3-4cc8-94d7-0c9c4b65a85b.jpg,6,polyps
D:\Documentos\Fotos\data\normal-cecum\00b99f19-2c31-4c7c-931a-4c3b38d70d1a.jpg,3,normal-cecum
D:\Documentos\Fotos\data\dyed-lifted-polyps\018ed8ed-e489-4bbb-8a99-3346db9ec160.jpg,0,dyed-lifted-polyps
D:\Documentos\Fotos\data\polyps\880a055c-abf8-4f92-a0cd-6ab517488da4.jpg,6,polyps
D:\Documentos\Fotos\data\normal-pylorus\e4d5b74e-80b6-429a-aed1-d0e7f696f406.jpg,4,normal-pylorus
D:\Documentos\Fotos\data\polyps\d8a2b452-b8ae-4e36-8f79-d790b50b365b.jpg,6,polyps
D:\Documentos\Fotos\data\dyed-resection-margins\09604dc2-4fc1-40b0-af2f-5a3e61b4ad6e.jpg,1,dyed-resection-margins
D:\Documentos\Fotos\data\esophagitis\98e66a62-b6d1-4f9e-a42a-959185ddf4d9.jpg,2,esophagitis
D:\Documentos\Fotos\data\dyed-resection-margins\04ebaa14-43dc-411a-951f-1d22559f25c3.jpg,1,dyed-resection-margins
D:\Documentos\Fotos\data\normal-pylorus\c17a3d2f-8e24-4afd-9fc6-f00609713d5b.jpg,4,normal-pylorus
D:\Documentos\Fotos\data\dyed-lifted-polyps\03a49a2e-c8d4-4dcd-b5e7-3d1722ed5db3.jpg,0,dyed-lifted-polyps
D:\Documentos\Fotos\data\normal-cecum\7714ccab-d269-4ffa-b40d-7125f056e3f7.jpg,3,normal-cecum
D:\Documentos\Fotos\data\polyps\488ec162-cc7e-4bf2-9833-61a821bd450b.jpg,6,polyps
D:\Documentos\Fotos\data\esophagitis\bdb93689-3e05-45ff-9c59-c2870921398c.jpg,2,esophagitis
D:\Documentos\Fotos\data\normal-pylorus\e9863854-6b91-4c51-b58c-1dc7e826c87c.jpg,4,normal-pylorus
D:\Documentos\Fotos\data\normal-z-line\73d6d6dd-ac86-4148-8fa3-7692b2efeec2.jpg,5,normal-z-line
D:\Documentos\Fotos\data\esophagitis\a4736283-aa21-4e67-8332-4f0696f3d5fa.jpg,2,esophagitis
D:\Documentos\Fotos\data\ulcerative-colitis\ae68bef5-8ca4-42fd-a275-d34ee4ea8c14_00000246.jpg,7,ulcerative-colitis
D:\Documentos\Fotos\data\esophagitis\e4971943-0a6c-4da7-a92d-3c4af5cce133.jpg,2,esophagitis
D:\Documentos\Fotos\data\ulcerative-colitis\c220e205-23db-4f7b-94cb-9f9a22d532ae.jpg,7,ulcerative-colitis
D:\Documentos\Fotos\data\normal-pylorus\41581787-f15b-42f6-9267-b293c1520613.jpg,4,normal-pylorus
D:\Documentos\Fotos\data\normal-pylorus\e3218e06-111f-4845-86ca-68829e282986.jpg,4,normal-pylorus
D:\Documentos\Fotos\data\dyed-lifted-polyps\5d269efa-67e3-4a53-80b3-f5c3b1597c16.jpg,0,dyed-lifted-polyps
D:\Documentos\Fotos\data\normal-pylorus\0aed7a5a-8da7-4603-a554-b386b83b017f.jpg,4,normal-pylorus
D:\Documentos\Fotos\data\normal-z-line\385d52d7-ae14-4690-9ab9-14d48720e05d.jpg,5,normal-z-line
D:\Documentos\Fotos\data\dyed-lifted-polyps\493f3a50-3bb1-4305-856f-0f99ca60686c.jpg,0,dyed-lifted-polyps
D:\Documentos\Fotos\data\normal-cecum\2a91d5c6-e604-4476-a3dd-b42f8cba7294.jpg,3,normal-cecum
D:\Documentos\Fotos\data\dyed-lifted-polyps\ddb8797e-1241-43f7-9dfe-ffb502af9277.jpg,0,dyed-lifted-polyps
D:\Documentos\Fotos\data\dyed-resection-margins\7f215cf4-2f27-4e51-a299-90c363d47d06.jpg,1,dyed-resection-margins
D:\Documentos\Fotos\data\esophagitis\5b64f132-93e8-4e65-b2a6-ab9c0e0684b9.jpg,2,esophagitis
D:\Documentos\Fotos\data\normal-pylorus\e6c18053-0d5e-482f-8416-5fecf2bedb57.jpg,4,normal-pylorus
D:\Documentos\Fotos\data\ulcerative-colitis\c658dd7c-4f52-4ee3-8b22-2519102e8439.jpg,7,ulcerative-colitis
D:\Documentos\Fotos\data\normal-cecum\b1135a31-24da-4bd5-a03f-f822f5c88e83.jpg,3,normal-cecum
D:\Documentos\Fotos\data\ulcerative-colitis\890f2679-aed0-4254-b5c4-10ca06fa8ff6.jpg,7,ulcerative-colitis
D:\Documentos\Fotos\data\polyps\6ab30a5f-3fdf-4730-90f9-3841e057ee12.jpg,6,polyps
D:\Documentos\Fotos\data\normal-z-line\55e0170e-93dd-4c4d-bb22-bac80f9ca1e1.jpg,5,normal-z-line
D:\Documentos\Fotos\data\esophagitis\e24f314b-287c-48b6-a493-e41cd2039804.jpg,2,esophagitis
D:\Documentos\Fotos\data\normal-cecum\1b3fc90d-c56a-4785-a08e-2dfff89b0f11.jpg,3,normal-cecum
D:\Documentos\Fotos\data\normal-cecum\93c4e9c1-43fb-461d-8398-b3aa8ba1ffa7.jpg,3,normal-cecum
D:\Documentos\Fotos\data\normal-pylorus\3222521d-f5c1-4ff6-888d-2babcdacbe49.jpg,4,normal-pylorus
D:\Documentos\Fotos\data\normal-z-line\833dad20-8f89-46e8-8dbe-c143bd2bdece.jpg,5,normal-z-line
D:\Documentos\Fotos\data\polyps\43a8c709-8fb5-4a94-bd59-7173169b1723.jpg,6,polyps
D:\Documentos\Fotos\data\normal-cecum\40fd44ce-9d2a-406b-9e01-a961a5fc9687.jpg,3,normal-cecum
D:\Documentos\Fotos\data\normal-pylorus\e4c8f1fc-5f41-4350-8d67-d910b93e0221.jpg,4,normal-pylorus
D:\Documentos\Fotos\data\normal-pylorus\1fd87281-7afe-4c06-9b40-0bb9b2a34dfe.jpg,4,normal-pylorus
D:\Documentos\Fotos\data\ulcerative-colitis\03b12566-baa8-41bd-b1b4-61c47242609e.jpg,7,ulcerative-colitis
D:\Documentos\Fotos\data\normal-cecum\b9ab86b1-0d68-45fd-9d69-04adb1d95070.jpg,3,normal-cecum
D:\Documentos\Fotos\data\normal-cecum\d2a73f04-4227-45e6-a4fb-d7bc5dba9bd3.jpg,3,normal-cecum
D:\Documentos\Fotos\data\dyed-lifted-polyps\a68486e4-d36c-4c3f-9cf1-277d8eb6fb5b.jpg,0,dyed-lifted-polyps
D:\Documentos\Fotos\data\polyps\443baf4d-11e7-43df-b9d3-c632e4466809.jpg,6,polyps
D:\Documentos\Fotos\data\normal-pylorus\07bbcfc5-2f5e-41c4-a8e0-fc7bef0439cd.jpg,4,normal-pylorus
D:\Documentos\Fotos\data\ulcerative-colitis\9625b393-0496-41bc-a829-8d7d7edd3d37.jpg,7,ulcerative-colitis
D:\Documentos\Fotos\data\normal-cecum\26bf86ca-cddb-4d4c-8335-a7104a0e8495.jpg,3,normal-cecum
D:\Documentos\Fotos\data\normal-pylorus\78a69bb6-1145-47d6-a9d4-0a27360787c1.jpg,4,normal-pylorus
D:\Documentos\Fotos\data\ulcerative-colitis\5f7d1bcc-e800-46f6-80f9-b869a31e56ff.jpg,7,ulcerative-colitis
D:\Documentos\Fotos\data\esophagitis\19b52cca-b7c2-4940-9672-ff75b3f03f6e.jpg,2,esophagitis
D:\Documentos\Fotos\data\polyps\5f7ba4f6-80dd-4803-8c64-b37c68208b0c.jpg,6,polyps
D:\Documentos\Fotos\data\polyps\401b696a-8875-4ba2-866e-a06463a3b534.jpg,6,polyps
D:\Documentos\Fotos\data\esophagitis\5c67fac3-1bd1-4d16-aba5-cd2ed95d9981.jpg,2,esophagitis
D:\Documentos\Fotos\data\polyps\123cf73c-ca8b-4a52-b866-88080be6fb77.jpg,6,polyps
D:\Documentos\Fotos\data\normal-pylorus\ab928323-37ad-463d-b190-1b62594a8730.jpg,4,normal-pylorus
D:\Documentos\Fotos\data\polyps\0014d89e-5afa-4186-99f9-4400c8c58a18.jpg,6,polyps
D:\Documentos\Fotos\data\dyed-lifted-polyps\46e88353-54d0-47fd-a6fd-b3aa962f57d6.jpg,0,dyed-lifted-polyps
D:\Documentos\Fotos\data\esophagitis\dcfabd80-8c76-49f3-89f7-e9839051e781.jpg,2,esophagitis
D:\Documentos\Fotos\data\dyed-lifted-polyps\8cd00ec8-03a7-4306-b5f6-fb3bf5178957.jpg,0,dyed-lifted-polyps
D:\Documentos\Fotos\data\esophagitis\b312bd1d-bc2a-4df4-8fca-34e889bf5457.jpg,2,esophagitis
D:\Documentos\Fotos\data\normal-z-line\0b86d57b-8dfb-47c4-94de-d3a32e42c83c.jpg,5,normal-z-line
D:\Documentos\Fotos\data\polyps\88b310e7-6b6e-414f-98da-005e9c34452c.jpg,6,polyps
D:\Documentos\Fotos\data\polyps\9816893c-dad0-44d9-9e63-34862ec8f6a2.jpg,6,polyps
D:\Documentos\Fotos\data\normal-cecum\c3e3c7f4-3384-4c08-ac73-19e3b884a39d.jpg,3,normal-cecum
D:\Documentos\Fotos\data\normal-pylorus\cd099713-45ab-4ca8-8c6e-c44314c06581.jpg,4,normal-pylorus
D:\Documentos\Fotos\data\esophagitis\5bb9c631-4a44-451e-88c9-3b114bd14bde.jpg,2,esophagitis
D:\Documentos\Fotos\data\dyed-lifted-polyps\d7c7f503-4c33-454d-883b-8d124852f101.jpg,0,dyed-lifted-polyps
D:\Documentos\Fotos\data\polyps\d9d2be52-ffc8-4dcc-8769-7a001dd1750b.jpg,6,polyps
D:\Documentos\Fotos\data\dyed-lifted-polyps\6db58bca-a1b7-47e5-b354-951e062ae8e3.jpg,0,dyed-lifted-polyps
D:\Documentos\Fotos\data\polyps\78b57147-08df-4fff-b12f-6d42577e6e84.jpg,6,polyps
D:\Documentos\Fotos\data\esophagitis\1f32e76d-026f-477d-9676-a838bd482c76.jpg,2,esophagitis
D:\Documentos\Fotos\data\dyed-resection-margins\3612fd14-ecdf-46aa-94ac-6222a3f2bd02.jpg,1,dyed-resection-margins
D:\Documentos\Fotos\data\normal-z-line\e0b4c37c-d38e-43da-ade1-acb49c3abf69.jpg,5,normal-z-line
D:\Documentos\Fotos\data\normal-pylorus\dd2357a6-25e2-4064-b308-b82ef7298be5.jpg,4,normal-pylorus
D:\Documentos\Fotos\data\dyed-resection-margins\ba199668-f23a-4011-b3fe-989b45d82964.jpg,1,dyed-resection-margins
D:\Documentos\Fotos\data\normal-z-line\d837185f-fbcc-4739-b78c-2edf5d87b6c4.jpg,5,normal-z-line
D:\Documentos\Fotos\data\dyed-lifted-polyps\5645b26f-6de9-4ed8-8c19-cac6ca22847a.jpg,0,dyed-lifted-polyps
D:\Documentos\Fotos\data\normal-pylorus\a53e8913-f488-42ad-8dc3-9f9e891efefb.jpg,4,normal-pylorus
D:\Documentos\Fotos\data\polyps\0b4a70c1-aa5e-467c-9b60-dda2c4cb1315.jpg,6,polyps
D:\Documentos\Fotos\data\dyed-resection-margins\532909ef-595a-4560-9485-f9f83f3b936f.jpg,1,dyed-resection-margins
D:\Documentos\Fotos\data\polyps\32647719-894b-478c-b288-3c330b89ab3b.jpg,6,polyps
D:\Documentos\Fotos\data\dyed-resection-margins\9ae87823-cd0e-4309-aef4-71ff1a43902c.jpg,1,dyed-resection-margins
D:\Documentos\Fotos\data\ulcerative-colitis\1b3548d3-9344-4ce0-9f3e-09cde1362c19.jpg,7,ulcerative-colitis
D:\Documentos\Fotos\data\dyed-resection-margins\2b230fa7-b421-47b3-9ced-84185398b49d.jpg,1,dyed-resection-margins
D:\Documentos\Fotos\data\esophagitis\a51f5df9-1e6c-449d-95cd-9f5773ce1d5b.jpg,2,esophagitis
D:\Documentos\Fotos\data\normal-pylorus\3b2a2f84-2974-433d-95ef-30de7fb2a228.jpg,4,normal-pylorus
D:\Documentos\Fotos\data\dyed-lifted-polyps\1c4ddbcb-889e-4485-9d3e-35d861888c53.jpg,0,dyed-lifted-polyps
D:\Documentos\Fotos\data\dyed-resection-margins\8a920e05-5d78-4e0d-ab5a-8faebc58937d.jpg,1,dyed-resection-margins
D:\Documentos\Fotos\data\dyed-resection-margins\d7cf13d4-aad0-4a41-9e92-1e5d73cedbdf.jpg,1,dyed-resection-margins
D:\Documentos\Fotos\data\ulcerative-colitis\3b9e52de-a724-4160-85c9-b0bf4066f94f.jpg,7,ulcerative-colitis
D:\Documentos\Fotos\data\normal-z-line\a51d0020-7852-478c-920a-daf666fe136c.jpg,5,normal-z-line
D:\Documentos\Fotos\data\normal-pylorus\e49d4da8-14a1-4449-96d9-053fa4ce02c2.jpg,4,normal-pylorus
D:\Documentos\Fotos\data\dyed-lifted-polyps\c35ed12d-5cfa-4949-9803-209ebce15458.jpg,0,dyed-lifted-polyps
D:\Documentos\Fotos\data\esophagitis\c2d4722a-bf12-4b2f-ba82-40a86ddc3f59.jpg,2,esophagitis
D:\Documentos\Fotos\data\dyed-lifted-polyps\73fa0ded-9565-430c-87f5-d2e3927a87db.jpg,0,dyed-lifted-polyps
D:\Documentos\Fotos\data\dyed-lifted-polyps\d0dc2fa7-7bca-4d5b-9b7e-ef5f83cccf7b.jpg,0,dyed-lifted-polyps
D:\Documentos\Fotos\data\ulcerative-colitis\2f254c17-296c-4ecc-981c-c1fb5cb18495.jpg,7,ulcerative-colitis
D:\Documentos\Fotos\data\polyps\52322e9b-7ed8-47d4-a3b9-099d3e5aa300.jpg,6,polyps
D:\Documentos\Fotos\data\polyps\0ba4bda1-7e2a-4b45-9dd1-e4ae0152bbba.jpg,6,polyps
D:\Documentos\Fotos\data\normal-cecum\a92763ab-f509-478d-b2c4-25a72435547e.jpg,3,normal-cecum
D:\Documentos\Fotos\data\normal-z-line\af1e2420-50cf-4267-8c86-8f0ff1fc7819.jpg,5,normal-z-line
D:\Documentos\Fotos\data\dyed-lifted-polyps\4b781702-e434-418e-8b62-7519aefa8b71.jpg,0,dyed-lifted-polyps
D:\Documentos\Fotos\data\normal-pylorus\a484526d-2e72-4c0e-860b-2beb37074129.jpg,4,normal-pylorus
D:\Documentos\Fotos\data\normal-cecum\038bbb71-73ae-4861-bcfe-021fdf896000.jpg,3,normal-cecum
D:\Documentos\Fotos\data\ulcerative-colitis\3b24f311-c070-4aa9-87e7-16f4c9350187.jpg,7,ulcerative-colitis
D:\Documentos\Fotos\data\normal-pylorus\e6871364-f2c0-43c0-aa13-3ce4efd98237.jpg,4,normal-pylorus
D:\Documentos\Fotos\data\ulcerative-colitis\62a3c668-12c8-45db-8434-6c0a47176cec.jpg,7,ulcerative-colitis
D:\Documentos\Fotos\data\normal-pylorus\e3399705-24d8-4730-bdbc-c997be63af69.jpg,4,normal-pylorus
D:\Documentos\Fotos\data\polyps\2fde83de-6dc9-43ee-b597-e2e87c4e28ea.jpg,6,polyps
D:\Documentos\Fotos\data\normal-cecum\10e5fafc-20e7-4792-a90b-f4c0ff278f30.jpg,3,normal-cecum
D:\Documentos\Fotos\data\dyed-lifted-polyps\a2ce1e9d-1086-42ba-9596-73ceb9db4470.jpg,0,dyed-lifted-polyps
D:\Documentos\Fotos\data\normal-z-line\c0063ef7-b8ae-4e6c-bef2-3bd684068186.jpg,5,normal-z-line
D:\Documentos\Fotos\data\normal-z-line\26448507-327e-4d44-ae6f-af212c1187c0.jpg,5,normal-z-line
D:\Documentos\Fotos\data\dyed-lifted-polyps\b608a8e8-c83d-4eb5-ae70-8c07edadd247.jpg,0,dyed-lifted-polyps
D:\Documentos\Fotos\data\dyed-resection-margins\24c17b85-c087-465a-a25e-aad0edc61a6b.jpg,1,dyed-resection-margins
D:\Documentos\Fotos\data\normal-cecum\0c259b0e-d3c8-4c3b-b288-2470de32c798.jpg,3,normal-cecum
D:\Documentos\Fotos\data\ulcerative-colitis\63f2020e-0a42-4d23-bf40-0aada55796a9.jpg,7,ulcerative-colitis
D:\Documentos\Fotos\data\dyed-lifted-polyps\d222fafd-9bd4-4d87-ac23-42e80b4e3bc0.jpg,0,dyed-lifted-polyps
D:\Documentos\Fotos\data\polyps\2e27cdb5-5f92-4b8b-bda3-175883b86762.jpg,6,polyps
D:\Documentos\Fotos\data\ulcerative-colitis\9b5fc520-2b1d-4090-bdd5-1654e5c7bf31.jpg,7,ulcerative-colitis
D:\Documentos\Fotos\data\normal-z-line\b10aeeed-11f3-41c1-8eee-726dcc1d1352.jpg,5,normal-z-line
D:\Documentos\Fotos\data\ulcerative-colitis\b335d4fe-820b-4719-a2ec-2a769e9bdd55.jpg,7,ulcerative-colitis
D:\Documentos\Fotos\data\esophagitis\4f90db1f-b085-4447-a7f3-dce82296afbf.jpg,2,esophagitis
D:\Documentos\Fotos\data\dyed-resection-margins\24bf66ac-daa0-4b0a-9b82-2604b59e1fe0.jpg,1,dyed-resection-margins
D:\Documentos\Fotos\data\esophagitis\b82ba7d5-35cd-4137-ac9b-2ca5cc45749a.jpg,2,esophagitis
D:\Documentos\Fotos\data\ulcerative-colitis\713ae7a2-cb4e-4267-95d1-a061b8e7c459.jpg,7,ulcerative-colitis
D:\Documentos\Fotos\data\normal-cecum\623caefb-3407-488d-b8b5-adae3ac03434.jpg,3,normal-cecum
D:\Documentos\Fotos\data\ulcerative-colitis\18ffd06b-36e5-4712-95fb-6c1c3e954358.jpg,7,ulcerative-colitis
D:\Documentos\Fotos\data\esophagitis\4b909aca-a66b-4777-a55f-e54744a06777.jpg,2,esophagitis
D:\Documentos\Fotos\data\dyed-resection-margins\341441d5-7067-440b-899b-bee8280876e6.jpg,1,dyed-resection-margins
D:\Documentos\Fotos\data\dyed-resection-margins\ad5a6fc0-3382-496f-9e6a-e7c909dd4f57.jpg,1,dyed-resection-margins
D:\Documentos\Fotos\data\normal-z-line\14316839-9b56-4e52-b18b-11f4045a8ee9.jpg,5,normal-z-line
D:\Documentos\Fotos\data\dyed-lifted-polyps\cd5c70dd-c902-48da-92e0-037e4a9ea3f0.jpg,0,dyed-lifted-polyps
D:\Documentos\Fotos\data\ulcerative-colitis\1c49664d-3807-400d-9fd1-56eb53874d86.jpg,7,ulcerative-colitis
D:\Documentos\Fotos\data\polyps\1e3b2331-c8c5-41c8-9306-bb8f536d2048.jpg,6,polyps
D:\Documentos\Fotos\data\normal-cecum\dc23ac36-5c64-4367-b30c-c702a2f615bc.jpg,3,normal-cecum
D:\Documentos\Fotos\data\ulcerative-colitis\1f323222-2c12-4c08-9042-dcb52f7a7bd2.jpg,7,ulcerative-colitis
D:\Documentos\Fotos\data\ulcerative-colitis\551b9230-c2ac-4747-92fe-d0b52b36bd9a.jpg,7,ulcerative-colitis
D:\Documentos\Fotos\data\dyed-resection-margins\103356bd-2bbb-4810-8791-325633f58d40.jpg,1,dyed-resection-margins
D:\Documentos\Fotos\data\normal-z-line\76b29bee-be2f-4984-9dbf-b05c738b0b64.jpg,5,normal-z-line
D:\Documentos\Fotos\data\normal-pylorus\7a85bcd3-b3c8-42a3-a0f5-565609cbb44c.jpg,4,normal-pylorus
D:\Documentos\Fotos\data\normal-cecum\fe3682ba-4b7e-406d-97c1-accb63b162c3.jpg,3,normal-cecum
D:\Documentos\Fotos\data\normal-pylorus\ff8e5751-a578-4b7a-abf5-a69444d5df94.jpg,4,normal-pylorus
D:\Documentos\Fotos\data\ulcerative-colitis\fc79c489-b358-4368-b965-330615af73d4_00000298.jpg,7,ulcerative-colitis
D:\Documentos\Fotos\data\esophagitis\92d7988d-add8-4233-b5be-fd272262da78.jpg,2,esophagitis
D:\Documentos\Fotos\data\dyed-lifted-polyps\36399937-0128-4235-aab8-28f59dad57fe.jpg,0,dyed-lifted-polyps
D:\Documentos\Fotos\data\esophagitis\e33477fd-60fa-47f2-a78a-0594396fb2fd.jpg,2,esophagitis
D:\Documentos\Fotos\data\normal-pylorus\ecd6c5d4-38f4-433d-8c44-ff8d9dfa13c1.jpg,4,normal-pylorus
D:\Documentos\Fotos\data\normal-z-line\4cfa4cf7-0216-463b-b642-b17c57cf2ffd.jpg,5,normal-z-line
D:\Documentos\Fotos\data\normal-cecum\0e003d3f-dfda-4a00-80ee-3dab3aec9089.jpg,3,normal-cecum
D:\Documentos\Fotos\data\normal-cecum\cf93c292-3240-4491-82bb-d29949d61995.jpg,3,normal-cecum
D:\Documentos\Fotos\data\dyed-resection-margins\8139b8c8-9f5d-413f-abb7-10eba5e52b43.jpg,1,dyed-resection-margins
D:\Documentos\Fotos\data\esophagitis\2a1b7a49-94b0-4c0c-b22e-fb9da449923a.jpg,2,esophagitis
D:\Documentos\Fotos\data\dyed-resection-margins\389db7b4-ff34-43b6-8764-cad57a2af725.jpg,1,dyed-resection-margins
D:\Documentos\Fotos\data\polyps\9c57e601-249a-4cf3-b6cf-e150bb678de7.jpg,6,polyps
D:\Documentos\Fotos\data\ulcerative-colitis\bbab3f78-2d12-43e8-958c-e0ba47d3a495.jpg,7,ulcerative-colitis
D:\Documentos\Fotos\data\ulcerative-colitis\cf0701ba-7290-4649-afb6-fa3f2bed6c75.jpg,7,ulcerative-colitis
D:\Documentos\Fotos\data\normal-cecum\811ecda1-bcbf-4f1b-857b-b8bc717e79ba.jpg,3,normal-cecum
D:\Documentos\Fotos\data\normal-pylorus\10f244dd-233d-4d87-8cd3-f10e93561323.jpg,4,normal-pylorus
D:\Documentos\Fotos\data\normal-z-line\a1eedacf-c74e-4876-9d98-4286fe70dd79.jpg,5,normal-z-line
D:\Documentos\Fotos\data\dyed-resection-margins\484f37be-5299-4c31-acae-df3163e0ac69.jpg,1,dyed-resection-margins
D:\Documentos\Fotos\data\normal-z-line\e6c7e1ea-8f20-4d6e-bb40-826d4e6336e5.jpg,5,normal-z-line
D:\Documentos\Fotos\data\normal-pylorus\08bec663-4ca6-44a4-a37e-102a525b3e1e.jpg,4,normal-pylorus
D:\Documentos\Fotos\data\normal-pylorus\d642f3d6-83e2-4f56-972f-c176a16fd75a.jpg,4,normal-pylorus
D:\Documentos\Fotos\data\esophagitis\3a8d7e35-7236-4c64-9f07-5ff4077229c2.jpg,2,esophagitis
D:\Documentos\Fotos\data\normal-cecum\1fbe4f3c-ea79-438b-9d5c-4abfd0681578.jpg,3,normal-cecum
D:\Documentos\Fotos\data\normal-pylorus\dd681f6d-c4fe-417c-8365-b61044d2f377.jpg,4,normal-pylorus
D:\Documentos\Fotos\data\normal-z-line\6eb14b93-66a6-4d5e-b3ec-9f780da82dd1.jpg,5,normal-z-line
D:\Documentos\Fotos\data\polyps\741db500-1482-45d0-8733-b8ea1c265b5c.jpg,6,polyps
D:\Documentos\Fotos\data\normal-pylorus\a9e5494b-c9a5-4115-8b0c-62b179143984.jpg,4,normal-pylorus
D:\Documentos\Fotos\data\normal-pylorus\7f7fa464-ebf8-4431-bb59-c3b5b4a773b0.jpg,4,normal-pylorus
D:\Documentos\Fotos\data\normal-z-line\2a466171-bebc-41f3-93dc-4b5731282874.jpg,5,normal-z-line
D:\Documentos\Fotos\data\normal-cecum\0caa503d-9303-4979-a649-3d4cfc1ef2c1.jpg,3,normal-cecum
D:\Documentos\Fotos\data\normal-z-line\23f58408-c2db-449d-99a6-32cab9538a84.jpg,5,normal-z-line
D:\Documentos\Fotos\data\normal-z-line\0d78c123-b659-49ca-8ed6-52d60de2306e.jpg,5,normal-z-line
D:\Documentos\Fotos\data\esophagitis\242be9cc-80d0-40a8-b404-8f36ea87a03f.jpg,2,esophagitis
D:\Documentos\Fotos\data\normal-cecum\b535856d-a27c-4529-8ce4-729b3ff95fde.jpg,3,normal-cecum
D:\Documentos\Fotos\data\polyps\0a874a44-90ea-42ea-a467-92a1d3a4a26c.jpg,6,polyps
D:\Documentos\Fotos\data\ulcerative-colitis\0ce3fa9c-6a96-4868-8d02-376afdc98157.jpg,7,ulcerative-colitis
D:\Documentos\Fotos\data\esophagitis\fd4b4be4-171c-4e5c-b8b1-3e9896eb073d.jpg,2,esophagitis
D:\Documentos\Fotos\data\ulcerative-colitis\698f130b-41ff-414d-908c-8d8c0f82d4a8_00002143.jpg,7,ulcerative-colitis
D:\Documentos\Fotos\data\esophagitis\6654701d-aa5e-4280-90c6-c324fa7e8c69.jpg,2,esophagitis
D:\Documentos\Fotos\data\ulcerative-colitis\bfe14bd8-8963-469b-b348-cc2029a91d1e.jpg,7,ulcerative-colitis
D:\Documentos\Fotos\data\polyps\0c0d2ad2-7270-46d6-b606-b5b44bb41aa5.jpg,6,polyps
D:\Documentos\Fotos\data\ulcerative-colitis\06e4732b-9335-4c5a-a1af-17833b81905d.jpg,7,ulcerative-colitis
D:\Documentos\Fotos\data\ulcerative-colitis\d4cbe3d0-ec63-4708-a637-d8860670b073.jpg,7,ulcerative-colitis
D:\Documentos\Fotos\data\dyed-lifted-polyps\6f0e3c0c-c4d9-4003-a60a-ff35bccb15f3.jpg,0,dyed-lifted-polyps
D:\Documentos\Fotos\data\normal-cecum\129a68e1-4547-4863-b6ed-ddd51c332546.jpg,3,normal-cecum
D:\Documentos\Fotos\data\dyed-lifted-polyps\338876e1-4a56-4b7c-af24-84ab62a871fd.jpg,0,dyed-lifted-polyps
D:\Documentos\Fotos\data\polyps\d964e785-aa9d-48eb-b473-e35b6772e642.jpg,6,polyps
D:\Documentos\Fotos\data\normal-cecum\ee748e4e-24bb-4b85-ab20-3308b2ca0b61.jpg,3,normal-cecum
D:\Documentos\Fotos\data\normal-pylorus\26844df5-a786-40f0-851e-25c8304c42b7.jpg,4,normal-pylorus
D:\Documentos\Fotos\data\esophagitis\103e24e3-50f6-4e5b-abfd-92fece0fdf2a.jpg,2,esophagitis
D:\Documentos\Fotos\data\dyed-lifted-polyps\ba3b90a8-7a66-40d8-a22d-61282aea6ff8.jpg,0,dyed-lifted-polyps
D:\Documentos\Fotos\data\polyps\0f128a82-e064-4758-9d10-9eb31551b227.jpg,6,polyps
D:\Documentos\Fotos\data\polyps\b10084be-70da-4f7f-88ae-35bc7b877821.jpg,6,polyps
D:\Documentos\Fotos\data\normal-cecum\41f8a45d-bfce-4b3c-9db0-d9e4524a5e3c.jpg,3,normal-cecum
D:\Documentos\Fotos\data\normal-cecum\5477d1bd-9223-4850-a23e-3012516ec937.jpg,3,normal-cecum
D:\Documentos\Fotos\data\normal-pylorus\b22fd574-44c9-4f9b-a1d3-3d2d380f4c42.jpg,4,normal-pylorus
D:\Documentos\Fotos\data\normal-z-line\3e35278b-ebbc-4f84-8307-cf63b60d9ac7.jpg,5,normal-z-line
D:\Documentos\Fotos\data\polyps\58a01891-5c6e-40c9-8320-44810ed364c6.jpg,6,polyps
D:\Documentos\Fotos\data\dyed-lifted-polyps\386d9361-8919-489d-9058-41357b26200f.jpg,0,dyed-lifted-polyps
D:\Documentos\Fotos\data\normal-pylorus\c05639d0-1f25-4f56-ada6-9623875a05aa.jpg,4,normal-pylorus
D:\Documentos\Fotos\data\normal-pylorus\b8f23e19-d277-48da-98b4-3267d346884c.jpg,4,normal-pylorus
D:\Documentos\Fotos\data\dyed-resection-margins\50d8e02e-2fe4-4152-b68e-15400c379fc6.jpg,1,dyed-resection-margins
D:\Documentos\Fotos\data\normal-cecum\b6b850a3-50d9-4665-8b6e-e50f09dfa0d6.jpg,3,normal-cecum
D:\Documentos\Fotos\data\dyed-lifted-polyps\2683a62f-0992-4234-b506-15ef3a882c19.jpg,0,dyed-lifted-polyps
D:\Documentos\Fotos\data\dyed-lifted-polyps\46813188-4aec-4a9e-8387-27a7cc378d7f.jpg,0,dyed-lifted-polyps
D:\Documentos\Fotos\data\normal-cecum\7ace0d78-4508-470e-8c7f-919ce50dd901.jpg,3,normal-cecum
D:\Documentos\Fotos\data\normal-pylorus\1ae1061c-f3cf-45e1-837a-fa098328a06a.jpg,4,normal-pylorus
D:\Documentos\Fotos\data\normal-cecum\97f34143-3d8c-4489-b625-3130299776e2.jpg,3,normal-cecum
D:\Documentos\Fotos\data\ulcerative-colitis\584f1fa0-9bb9-49d3-b412-c42819d0a200_00002362.jpg,7,ulcerative-colitis
D:\Documentos\Fotos\data\normal-pylorus\ffae4155-b7a7-49d9-9ed3-8904dae9840d.jpg,4,normal-pylorus
D:\Documentos\Fotos\data\normal-cecum\4a647a81-4440-4c55-9f98-bb4cfe76e962.jpg,3,normal-cecum
D:\Documentos\Fotos\data\esophagitis\2cbeca0b-c3f0-4880-b066-06b3ee3f7467.jpg,2,esophagitis
D:\Documentos\Fotos\data\ulcerative-colitis\a22e1322-4106-47ab-8d30-55ae70ae9d93.jpg,7,ulcerative-colitis
D:\Documentos\Fotos\data\dyed-resection-margins\cd0cc1b3-cea6-4799-ac4a-0320f3a8e275.jpg,1,dyed-resection-margins
D:\Documentos\Fotos\data\dyed-lifted-polyps\d2bdd107-bbaf-46b2-9fa7-a95633dadc2d.jpg,0,dyed-lifted-polyps
D:\Documentos\Fotos\data\normal-pylorus\2a0c841d-439f-48af-ba0a-3f620c42ccfe.jpg,4,normal-pylorus
D:\Documentos\Fotos\data\dyed-resection-margins\e96daffb-ad19-479c-840b-3b8ac92d878c.jpg,1,dyed-resection-margins
D:\Documentos\Fotos\data\normal-cecum\3c08732b-daee-470b-ad6c-f40bebadcefe.jpg,3,normal-cecum
D:\Documentos\Fotos\data\dyed-resection-margins\8a99182c-d675-4d29-ac4e-754095539300.jpg,1,dyed-resection-margins
D:\Documentos\Fotos\data\ulcerative-colitis\cc02190c-7fe9-426a-af45-404fdfa11363.jpg,7,ulcerative-colitis
D:\Documentos\Fotos\data\esophagitis\9cd84288-736b-4868-8914-84d6e477c1b5.jpg,2,esophagitis
D:\Documentos\Fotos\data\normal-z-line\c50f66ee-1dde-4bf7-b6d6-8045eb628348.jpg,5,normal-z-line
D:\Documentos\Fotos\data\esophagitis\775b9c1f-2006-428c-8104-837c514367ca.jpg,2,esophagitis
D:\Documentos\Fotos\data\dyed-resection-margins\a8ea94af-3d4c-4063-aab6-de616aaa60ba.jpg,1,dyed-resection-margins
D:\Documentos\Fotos\data\polyps\74dd76eb-4173-46fd-83f9-52c967f3d61b.jpg,6,polyps
D:\Documentos\Fotos\data\dyed-lifted-polyps\c1140235-a172-4124-8802-95b75578d746.jpg,0,dyed-lifted-polyps
D:\Documentos\Fotos\data\dyed-resection-margins\5c32c2d7-2a1a-49d9-b1d8-90927aa0afb2.jpg,1,dyed-resection-margins
D:\Documentos\Fotos\data\polyps\d01b5a65-384d-44eb-bd34-25a600c2fbd7.jpg,6,polyps
D:\Documentos\Fotos\data\normal-cecum\571beb3a-bee8-4110-a3ef-81ca5d02d242.jpg,3,normal-cecum
D:\Documentos\Fotos\data\esophagitis\af1b5ba3-7457-4658-a2ab-5eed3da58337.jpg,2,esophagitis
D:\Documentos\Fotos\data\polyps\bc181239-f801-4c1b-8177-b49ebcc44e22.jpg,6,polyps
D:\Documentos\Fotos\data\normal-cecum\ff43d35e-74f4-4dee-9597-6a55590ce0bb.jpg,3,normal-cecum
D:\Documentos\Fotos\data\normal-pylorus\7fe54358-2d9e-4516-a050-60f9ba5a17cb.jpg,4,normal-pylorus
D:\Documentos\Fotos\data\normal-pylorus\596de139-d56d-4182-8d00-89393568e795.jpg,4,normal-pylorus
D:\Documentos\Fotos\data\normal-pylorus\08afc5ca-2e8f-4716-af21-9e616043976f.jpg,4,normal-pylorus
D:\Documentos\Fotos\data\dyed-lifted-polyps\ecabcc8b-bf8e-4856-b969-27c2fe9b7fdb.jpg,0,dyed-lifted-polyps
D:\Documentos\Fotos\data\ulcerative-colitis\d64f87e0-2ae3-4318-be02-206a8f114866.jpg,7,ulcerative-colitis
D:\Documentos\Fotos\data\normal-cecum\0d7bb96c-ea11-4dbe-98c0-4ddaab2f76ca.jpg,3,normal-cecum
D:\Documentos\Fotos\data\normal-z-line\c514cbd3-8e10-4311-9934-34035806517c.jpg,5,normal-z-line
D:\Documentos\Fotos\data\dyed-lifted-polyps\0bfc9d41-bc95-4171-9e98-97e97c490b5a.jpg,0,dyed-lifted-polyps
D:\Documentos\Fotos\data\normal-z-line\0be5bfcb-ea00-4c03-8dee-a8bc26b74bd2.jpg,5,normal-z-line
D:\Documentos\Fotos\data\dyed-lifted-polyps\e652ff3d-ca91-4c7a-834d-9709cb3fb653.jpg,0,dyed-lifted-polyps
D:\Documentos\Fotos\data\normal-cecum\40d1b2ec-9b28-40cd-8996-0d06492351ef.jpg,3,normal-cecum
D:\Documentos\Fotos\data\dyed-resection-margins\b1d66413-3884-4077-807a-3ffe29696d80.jpg,1,dyed-resection-margins
D:\Documentos\Fotos\data\normal-pylorus\b911e33a-eb3e-461c-b50e-175ea44f7c24.jpg,4,normal-pylorus
D:\Documentos\Fotos\data\ulcerative-colitis\fed854b9-e5f9-4d1f-a0dd-eeba4dfe8381.jpg,7,ulcerative-colitis
D:\Documentos\Fotos\data\esophagitis\3a677aa1-89c3-4e2d-8dac-15562959f065.jpg,2,esophagitis
D:\Documentos\Fotos\data\normal-z-line\ef849816-e0aa-46f2-b8d5-280f5857c78f.jpg,5,normal-z-line
D:\Documentos\Fotos\data\normal-z-line\def5b8ef-1557-4454-822a-69e9e2d0f5c7.jpg,5,normal-z-line
D:\Documentos\Fotos\data\polyps\69a27f9e-e92d-4054-adaa-405eeace8b2a.jpg,6,polyps
D:\Documentos\Fotos\data\normal-z-line\d0b71827-e22f-4263-bc5d-7b7acdb577f2.jpg,5,normal-z-line
D:\Documentos\Fotos\data\ulcerative-colitis\37e20c81-a973-42b5-bd02-22e590c795ca.jpg,7,ulcerative-colitis
D:\Documentos\Fotos\data\normal-pylorus\5adef5ea-f92c-426f-8706-bda65c046408.jpg,4,normal-pylorus
D:\Documentos\Fotos\data\normal-cecum\7fdcd68e-e2cb-4bae-abbc-566823763118.jpg,3,normal-cecum
D:\Documentos\Fotos\data\ulcerative-colitis\3cc95385-cfb2-45f1-a460-ce3cfb211308.jpg,7,ulcerative-colitis
D:\Documentos\Fotos\data\normal-z-line\1dabaa9a-589e-4563-9cbe-490226850e0c.jpg,5,normal-z-line
D:\Documentos\Fotos\data\dyed-resection-margins\3d64c3b2-b204-4e54-b1c0-905da830f5d6.jpg,1,dyed-resection-margins
D:\Documentos\Fotos\data\dyed-resection-margins\bac98c43-6e7e-4287-92de-119100adf1de.jpg,1,dyed-resection-margins
D:\Documentos\Fotos\data\esophagitis\85ca4da2-a727-49cf-b436-be431d57f294.jpg,2,esophagitis
D:\Documentos\Fotos\data\dyed-resection-margins\c1a4919e-07c4-4d3c-b0a9-948c211b812f.jpg,1,dyed-resection-margins
D:\Documentos\Fotos\data\normal-cecum\683c2b9b-7e3a-4331-b833-74010b8e81f7.jpg,3,normal-cecum
D:\Documentos\Fotos\data\dyed-resection-margins\1e5b8c64-d45a-44ed-9293-d45037473f37.jpg,1,dyed-resection-margins
D:\Documentos\Fotos\data\normal-z-line\8cb7a1f4-db6c-40c0-9828-196eb7160abe.jpg,5,normal-z-line
D:\Documentos\Fotos\data\normal-cecum\45c172c1-0247-4ee2-8d42-eb2ac100a02e.jpg,3,normal-cecum
D:\Documentos\Fotos\data\dyed-lifted-polyps\a84656a5-26ab-4c2f-ba45-2854bc9017d8.jpg,0,dyed-lifted-polyps
D:\Documentos\Fotos\data\ulcerative-colitis\9b69ae9c-9df1-4953-a750-3ff7927018b4.jpg,7,ulcerative-colitis
D:\Documentos\Fotos\data\normal-cecum\a6638358-db1e-43e8-8d26-8ce4aea4603b.jpg,3,normal-cecum
D:\Documentos\Fotos\data\esophagitis\4abadec7-dfa0-4e44-a43f-473caf5bc2f3.jpg,2,esophagitis
D:\Documentos\Fotos\data\normal-z-line\ee8b638f-9b4a-4962-a427-a5d3fa5a716e.jpg,5,normal-z-line
D:\Documentos\Fotos\data\polyps\d7bdc314-560f-40d6-8d5c-0b0c4f21f95a.jpg,6,polyps
D:\Documentos\Fotos\data\dyed-lifted-polyps\39fb3eae-c92a-453e-902c-66c979f9e993.jpg,0,dyed-lifted-polyps
D:\Documentos\Fotos\data\normal-pylorus\5d70c4b6-c71f-426a-b8da-114df54094b5.jpg,4,normal-pylorus
D:\Documentos\Fotos\data\esophagitis\264172e2-8bd6-4936-af67-b2485be754d8.jpg,2,esophagitis
D:\Documentos\Fotos\data\esophagitis\9a9d9454-7ccf-4da0-9c33-226b5fe040f9.jpg,2,esophagitis
D:\Documentos\Fotos\data\esophagitis\8ea31c29-6bd9-4e0c-8c3e-ec124176a657.jpg,2,esophagitis
D:\Documentos\Fotos\data\polyps\33d8f58b-c26b-41f3-a317-3059b4897ed3.jpg,6,polyps
D:\Documentos\Fotos\data\esophagitis\c4cd1997-086c-4642-adde-1118db1b2475.jpg,2,esophagitis
D:\Documentos\Fotos\data\normal-pylorus\d91c9c07-e5cc-46ca-a5ff-073f2b4cad01.jpg,4,normal-pylorus
D:\Documentos\Fotos\data\dyed-resection-margins\6e3eae4a-4a96-4882-9e3e-f7f04fc3cd72.jpg,1,dyed-resection-margins
D:\Documentos\Fotos\data\normal-cecum\11edc5d9-015d-4bc8-b179-ad5dc85671cb.jpg,3,normal-cecum
D:\Documentos\Fotos\data\polyps\7ea184d3-1dc1-494d-a4d4-bcd5d92909ec.jpg,6,polyps
D:\Documentos\Fotos\data\esophagitis\fbc503b8-4193-4c52-ae5e-67f381f88322.jpg,2,esophagitis
D:\Documentos\Fotos\data\normal-z-line\4f6d5a90-7fca-4d26-b0f9-06d4a38a47a5.jpg,5,normal-z-line
D:\Documentos\Fotos\data\normal-z-line\d252b15d-66b1-4f98-b626-63c8d08d6e35.jpg,5,normal-z-line
D:\Documentos\Fotos\data\ulcerative-colitis\770a11c3-adfe-4cc0-a470-9a0f46e85f74.jpg,7,ulcerative-colitis
D:\Documentos\Fotos\data\ulcerative-colitis\c801eb98-6af7-4a43-b23c-0351cffaca3b_00000225.jpg,7,ulcerative-colitis
D:\Documentos\Fotos\data\polyps\70a88866-9415-47dd-998b-930e3143c910.jpg,6,polyps
D:\Documentos\Fotos\data\normal-cecum\5c7b4d18-acce-4c7e-89e1-8f76e01705d5.jpg,3,normal-cecum
D:\Documentos\Fotos\data\esophagitis\7bc9e345-b607-4538-b084-d54a3d9ea152.jpg,2,esophagitis
D:\Documentos\Fotos\data\esophagitis\01ee1a7c-4edc-4866-afcd-b6fde63ae9d0.jpg,2,esophagitis
D:\Documentos\Fotos\data\dyed-resection-margins\c3057486-53c7-411a-a123-e5b19d11b484.jpg,1,dyed-resection-margins
D:\Documentos\Fotos\data\dyed-lifted-polyps\82530ab9-0162-4f11-8e80-686f7e7b92c6.jpg,0,dyed-lifted-polyps
D:\Documentos\Fotos\data\dyed-lifted-polyps\355bf366-f3c4-4f10-872e-c864b6fc878a.jpg,0,dyed-lifted-polyps
D:\Documentos\Fotos\data\normal-pylorus\624251e2-9822-4e6d-9998-bdda203b6ab0.jpg,4,normal-pylorus
D:\Documentos\Fotos\data\normal-pylorus\0de9e86f-b57c-4be3-9f4e-9eaffec948d8.jpg,4,normal-pylorus
D:\Documentos\Fotos\data\dyed-resection-margins\b571f592-7ba1-4223-be73-df220e2a5e7c.jpg,1,dyed-resection-margins
D:\Documentos\Fotos\data\ulcerative-colitis\1f60585b-1b57-4a6b-aa2d-0e9047c0abf8.jpg,7,ulcerative-colitis
D:\Documentos\Fotos\data\normal-z-line\d2aaf552-2bb9-4a28-92ec-7d00f0d18cbc.jpg,5,normal-z-line
D:\Documentos\Fotos\data\dyed-lifted-polyps\13a62adb-0941-4df7-b788-aa733e244f4f.jpg,0,dyed-lifted-polyps
D:\Documentos\Fotos\data\polyps\8c6dab47-0581-44f3-a8f6-20466ef1f950.jpg,6,polyps
D:\Documentos\Fotos\data\dyed-resection-margins\4b5fb383-7248-48c4-9983-7b79e0ec2b49.jpg,1,dyed-resection-margins
D:\Documentos\Fotos\data\ulcerative-colitis\699f0c16-b224-4d75-8ffb-7c0acb70a84a.jpg,7,ulcerative-colitis
D:\Documentos\Fotos\data\polyps\30058222-dbb6-40c4-b466-7a4e1d7e098c.jpg,6,polyps
D:\Documentos\Fotos\data\esophagitis\edf42906-f3a7-4db6-98d6-0a8d2a846fc0.jpg,2,esophagitis
D:\Documentos\Fotos\data\normal-pylorus\e1b11cce-1ff0-45e1-8de9-d3b1892978f5.jpg,4,normal-pylorus
D:\Documentos\Fotos\data\normal-z-line\1d37cb73-6c07-4385-b837-c7d69ab7141d.jpg,5,normal-z-line
D:\Documentos\Fotos\data\normal-pylorus\850f1bd0-c9b9-4684-a7e4-9c07d180690b.jpg,4,normal-pylorus
D:\Documentos\Fotos\data\dyed-lifted-polyps\937a44fd-69c2-45bf-b232-157d561a7d75.jpg,0,dyed-lifted-polyps
D:\Documentos\Fotos\data\polyps\e3e1a24a-c32e-4bf1-97ae-ad97a7f0ffa8.jpg,6,polyps
D:\Documentos\Fotos\data\polyps\12efbc82-6ef3-483e-a657-5c3724bd4a56.jpg,6,polyps
D:\Documentos\Fotos\data\ulcerative-colitis\c6dc6315-242d-41fe-a0f3-aeae4fd466e1.jpg,7,ulcerative-colitis
D:\Documentos\Fotos\data\normal-cecum\d38da78c-079b-467e-a413-0e2337e7e14d.jpg,3,normal-cecum
D:\Documentos\Fotos\data\ulcerative-colitis\edf8bfec-c6d9-467e-9bb7-65f0b42e07e4.jpg,7,ulcerative-colitis
D:\Documentos\Fotos\data\ulcerative-colitis\12e8e78e-25eb-4cf0-96b3-bb8c6016aadc.jpg,7,ulcerative-colitis
D:\Documentos\Fotos\data\dyed-resection-margins\e2492f68-0c78-40d3-9d7e-782787b57103.jpg,1,dyed-resection-margins
D:\Documentos\Fotos\data\normal-z-line\1d9dfbce-19cb-4f0f-9ce3-62adf2c67461.jpg,5,normal-z-line
D:\Documentos\Fotos\data\esophagitis\8fb8e756-8827-4673-a83b-ed4092461131.jpg,2,esophagitis
D:\Documentos\Fotos\data\dyed-resection-margins\7ddeaada-f293-40be-81d1-c0b333e7baeb.jpg,1,dyed-resection-margins
D:\Documentos\Fotos\data\dyed-resection-margins\d19db613-822c-43c8-94e2-b3beee22690a.jpg,1,dyed-resection-margins
D:\Documentos\Fotos\data\ulcerative-colitis\d993ce9f-471d-4314-b4c2-c601b87b27e9.jpg,7,ulcerative-colitis
D:\Documentos\Fotos\data\normal-cecum\cab7d4ac-bd66-4d75-89dd-c7080e5c8ae4.jpg,3,normal-cecum
D:\Documentos\Fotos\data\esophagitis\4ab7db3f-cd4a-408e-a596-3ef0ec80c876.jpg,2,esophagitis
D:\Documentos\Fotos\data\esophagitis\31861d8d-6ce1-4b26-a589-316cef223ee1.jpg,2,esophagitis
D:\Documentos\Fotos\data\normal-z-line\e2dd0777-6170-4d5e-bf50-4415ed37ae05.jpg,5,normal-z-line
D:\Documentos\Fotos\data\normal-pylorus\fc006fba-2164-4659-8eea-5931303d4c97.jpg,4,normal-pylorus
D:\Documentos\Fotos\data\ulcerative-colitis\584f1fa0-9bb9-49d3-b412-c42819d0a200_00000283.jpg,7,ulcerative-colitis
D:\Documentos\Fotos\data\esophagitis\7803e74c-0064-475b-9128-53e1444b18c8.jpg,2,esophagitis
D:\Documentos\Fotos\data\normal-pylorus\8ced6dee-f00f-4ef1-8666-c602ca601048.jpg,4,normal-pylorus
D:\Documentos\Fotos\data\normal-z-line\8f27aecd-1277-4a85-b14a-deaac188b910.jpg,5,normal-z-line
D:\Documentos\Fotos\data\normal-cecum\27a9ac8a-1f65-4aa0-8fc2-832379c2d578.jpg,3,normal-cecum
D:\Documentos\Fotos\data\normal-cecum\d79c1684-f6b0-48b7-98c2-19520fbfdf24.jpg,3,normal-cecum
D:\Documentos\Fotos\data\dyed-resection-margins\500834ea-e8b4-40be-9fc7-7c066ab69bb5.jpg,1,dyed-resection-margins
D:\Documentos\Fotos\data\esophagitis\1ce3f236-f169-4fde-895b-b71d163b25d9.jpg,2,esophagitis
D:\Documentos\Fotos\data\dyed-lifted-polyps\febe4fda-65fd-4332-a3be-141a30c0ecae.jpg,0,dyed-lifted-polyps
D:\Documentos\Fotos\data\polyps\74fc1259-b72a-42ea-9a9d-bcb98a8f0720.jpg,6,polyps
D:\Documentos\Fotos\data\normal-pylorus\99872978-b3d3-47de-9ee8-2dcb6f2ba582.jpg,4,normal-pylorus
D:\Documentos\Fotos\data\normal-z-line\caa6b0a8-066b-4227-b867-9f049c64a482.jpg,5,normal-z-line
D:\Documentos\Fotos\data\normal-cecum\b644d84c-0bf9-4d9b-b0e6-daf97fa6fffb.jpg,3,normal-cecum
D:\Documentos\Fotos\data\ulcerative-colitis\d62dcb91-867f-484b-9c17-8dbaf1738b93.jpg,7,ulcerative-colitis
D:\Documentos\Fotos\data\normal-z-line\6bbb55b2-64f2-4fcb-8a27-a792b73cf189.jpg,5,normal-z-line
D:\Documentos\Fotos\data\ulcerative-colitis\87e898bd-856a-465c-9bfa-f1eb0629e27a.jpg,7,ulcerative-colitis
D:\Documentos\Fotos\data\normal-z-line\c7a84a8a-c8e1-4aa4-b067-8baf4d1637de.jpg,5,normal-z-line
D:\Documentos\Fotos\data\dyed-lifted-polyps\4c87c996-254a-477e-9383-3a0a31c38ba0.jpg,0,dyed-lifted-polyps
D:\Documentos\Fotos\data\normal-cecum\820ebb5f-9327-4969-8ff9-de625d82db3e.jpg,3,normal-cecum
D:\Documentos\Fotos\data\ulcerative-colitis\84701f52-bc37-4027-9a93-56c65b39f95a.jpg,7,ulcerative-colitis
D:\Documentos\Fotos\data\esophagitis\721ca31e-0e78-447e-80d0-276004cb82e8.jpg,2,esophagitis
D:\Documentos\Fotos\data\polyps\1d4b05ba-1598-4e31-9f1b-81ef1dc3406c.jpg,6,polyps
D:\Documentos\Fotos\data\ulcerative-colitis\feb13fa8-bd04-4aaf-a29f-c5fda43a183a.jpg,7,ulcerative-colitis
D:\Documentos\Fotos\data\dyed-lifted-polyps\ce3ebe90-4a75-448a-b6f6-bbde6f737ece.jpg,0,dyed-lifted-polyps
D:\Documentos\Fotos\data\normal-z-line\856b0673-2b8d-422d-a66d-6052c4204601.jpg,5,normal-z-line
D:\Documentos\Fotos\data\ulcerative-colitis\c636dae1-319d-44e5-b834-62cfefbd0be4.jpg,7,ulcerative-colitis
D:\Documentos\Fotos\data\dyed-resection-margins\4c91cbdb-49f3-474f-b319-13c13bd8faca.jpg,1,dyed-resection-margins
D:\Documentos\Fotos\data\polyps\26682bc9-32ca-4e23-a0d4-f0546c7d3c18.jpg,6,polyps
D:\Documentos\Fotos\data\esophagitis\a6e0f043-5709-4b51-8cfb-a8ad3aba2409.jpg,2,esophagitis
D:\Documentos\Fotos\data\dyed-resection-margins\95cf5eb3-ec4d-4596-92f3-43e6ae20a6be.jpg,1,dyed-resection-margins
D:\Documentos\Fotos\data\ulcerative-colitis\bbc2dd5c-2b53-4728-aed0-16a54644e096.jpg,7,ulcerative-colitis
D:\Documentos\Fotos\data\normal-z-line\a7b2c489-521c-43a5-a4ad-4171676c2f17.jpg,5,normal-z-line
D:\Documentos\Fotos\data\normal-cecum\d05459ec-1b5b-45d6-9932-50ce66e7a97e.jpg,3,normal-cecum
D:\Documentos\Fotos\data\normal-z-line\d83a2149-a50f-4d43-8592-ccef42b6c262.jpg,5,normal-z-line
D:\Documentos\Fotos\data\dyed-resection-margins\b7af9552-741b-4246-b61c-ad60d7b88827.jpg,1,dyed-resection-margins
D:\Documentos\Fotos\data\normal-pylorus\8d96a00b-c6a2-4f7e-862f-c58474db17ab.jpg,4,normal-pylorus
D:\Documentos\Fotos\data\normal-cecum\8d691c91-04e8-4a2b-8760-a00c518e9ea8.jpg,3,normal-cecum
D:\Documentos\Fotos\data\ulcerative-colitis\005b9962-41ed-4ae4-8aae-395bbab93fd7.jpg,7,ulcerative-colitis
D:\Documentos\Fotos\data\esophagitis\5cde431a-9e72-437c-a6d1-616f012a378e.jpg,2,esophagitis
D:\Documentos\Fotos\data\ulcerative-colitis\3767c8b8-13f1-4cd1-89d8-a9be3f257739.jpg,7,ulcerative-colitis
D:\Documentos\Fotos\data\ulcerative-colitis\3eee5514-473e-4fc7-8604-2025ac2f7223.jpg,7,ulcerative-colitis
D:\Documentos\Fotos\data\normal-cecum\041b7e2c-e6ed-4da0-8e7d-f3d04483d7ed.jpg,3,normal-cecum
D:\Documentos\Fotos\data\polyps\30e03850-6e38-4ef4-b801-318205e4d488.jpg,6,polyps
D:\Documentos\Fotos\data\esophagitis\988325b9-f4db-492e-a77f-bd9b4a8db34a.jpg,2,esophagitis
D:\Documentos\Fotos\data\dyed-resection-margins\a9f99be1-a9c6-4419-a020-2e7a04d49d81.jpg,1,dyed-resection-margins
D:\Documentos\Fotos\data\dyed-resection-margins\a1e87ec9-4b28-41e3-8e5d-c006d16cf402.jpg,1,dyed-resection-margins
D:\Documentos\Fotos\data\normal-cecum\d4a092a5-8e25-43bd-84d0-e80d3e58a443.jpg,3,normal-cecum
D:\Documentos\Fotos\data\dyed-resection-margins\e4181088-600a-4598-830a-0dab961dcc16.jpg,1,dyed-resection-margins
D:\Documentos\Fotos\data\normal-z-line\b986b4de-e18f-4b60-8452-56d6ac1ff090.jpg,5,normal-z-line
D:\Documentos\Fotos\data\polyps\2b376137-9210-4b60-ab1d-f0cfabef0dbc.jpg,6,polyps
D:\Documentos\Fotos\data\normal-z-line\b479dd2d-e7cc-4993-af92-03e3ee3a6a61.jpg,5,normal-z-line
D:\Documentos\Fotos\data\normal-z-line\5c54be9c-47a2-4332-8151-5dedb353a439.jpg,5,normal-z-line
D:\Documentos\Fotos\data\esophagitis\4c0979fa-b0fc-41a7-9e33-8dfb3a6f2d22.jpg,2,esophagitis
D:\Documentos\Fotos\data\dyed-lifted-polyps\52eb18e9-b328-461f-8961-280bc421104d.jpg,0,dyed-lifted-polyps
D:\Documentos\Fotos\data\ulcerative-colitis\698f130b-41ff-414d-908c-8d8c0f82d4a8_00001777.jpg,7,ulcerative-colitis
D:\Documentos\Fotos\data\normal-cecum\dad8d0f3-765f-4cc7-acc8-1af6f32d8b57.jpg,3,normal-cecum
D:\Documentos\Fotos\data\dyed-resection-margins\7ad847a5-c570-4225-88cd-a74196096339.jpg,1,dyed-resection-margins
D:\Documentos\Fotos\data\dyed-lifted-polyps\fb0f6162-9a6b-4b7c-8957-d2d90689c043.jpg,0,dyed-lifted-polyps
D:\Documentos\Fotos\data\dyed-resection-margins\b393b908-ca51-4322-b884-577f47829852.jpg,1,dyed-resection-margins
D:\Documentos\Fotos\data\dyed-lifted-polyps\e246b0f7-eef1-4889-9ea4-2ed3598e822e.jpg,0,dyed-lifted-polyps
D:\Documentos\Fotos\data\esophagitis\eb842a04-1c59-46f4-84c2-5d0d9c01065b.jpg,2,esophagitis
D:\Documentos\Fotos\data\esophagitis\b0eed469-9bca-42ea-bf3d-a3ee105798a8.jpg,2,esophagitis
D:\Documentos\Fotos\data\normal-z-line\e11befcf-53c4-46b1-a359-856660d1df46.jpg,5,normal-z-line
D:\Documentos\Fotos\data\dyed-lifted-polyps\141b4b51-34b2-4bb8-a968-bf352b9c50c9.jpg,0,dyed-lifted-polyps
D:\Documentos\Fotos\data\dyed-lifted-polyps\da922bb5-49a6-4a05-8862-5026b977c131.jpg,0,dyed-lifted-polyps
D:\Documentos\Fotos\data\dyed-resection-margins\a74f39dd-bd19-43fb-a90d-a7b8b8dd84a2.jpg,1,dyed-resection-margins
D:\Documentos\Fotos\data\ulcerative-colitis\afda528a-b757-4b3c-b443-260f9c7ebfae.jpg,7,ulcerative-colitis
D:\Documentos\Fotos\data\polyps\23a1a4d4-9e2a-40ae-9f41-0953532b6b44.jpg,6,polyps
D:\Documentos\Fotos\data\normal-pylorus\7b46e07b-1b32-4db2-a38c-192b904f5bb9.jpg,4,normal-pylorus
D:\Documentos\Fotos\data\normal-cecum\0b987b88-9c1b-41f6-b54e-9536480312a5.jpg,3,normal-cecum
D:\Documentos\Fotos\data\ulcerative-colitis\7f4eb2bc-5bc6-4733-a417-35d9ed3b6fb8.jpg,7,ulcerative-colitis
D:\Documentos\Fotos\data\ulcerative-colitis\1fee06c4-5310-4908-940a-677b95eb0b04.jpg,7,ulcerative-colitis
D:\Documentos\Fotos\data\normal-z-line\d293876e-ee3d-4370-87d4-d1c327bb4b68.jpg,5,normal-z-line
D:\Documentos\Fotos\data\esophagitis\4c48acf8-8050-4829-8780-ee90c2cc02e5.jpg,2,esophagitis
D:\Documentos\Fotos\data\normal-pylorus\d0c1e630-c4c7-4d1d-b605-ae486ff0fecc.jpg,4,normal-pylorus
D:\Documentos\Fotos\data\ulcerative-colitis\c801eb98-6af7-4a43-b23c-0351cffaca3b_00000101.jpg,7,ulcerative-colitis
D:\Documentos\Fotos\data\ulcerative-colitis\7f861c41-029d-4bae-b572-8a02c521bc85.jpg,7,ulcerative-colitis
D:\Documentos\Fotos\data\dyed-resection-margins\7c5d2d7e-2ef5-4903-a46c-a015bfb41297.jpg,1,dyed-resection-margins
D:\Documentos\Fotos\data\dyed-lifted-polyps\48cc3f35-fced-4e01-a4d5-ad5f300657a3.jpg,0,dyed-lifted-polyps
D:\Documentos\Fotos\data\dyed-resection-margins\d3b09f71-f25b-459d-a19a-a1b1e221921b.jpg,1,dyed-resection-margins
D:\Documentos\Fotos\data\dyed-lifted-polyps\c0c5f95a-df01-4125-acf6-fd3859fc3721.jpg,0,dyed-lifted-polyps
D:\Documentos\Fotos\data\normal-pylorus\bd881578-74ee-494e-bbee-228bb710717c.jpg,4,normal-pylorus
D:\Documentos\Fotos\data\polyps\8db440b1-c0af-4b5c-9805-bbd0183adc59.jpg,6,polyps
D:\Documentos\Fotos\data\polyps\dd1a4fa2-cc16-4bf1-9aa3-1352a13d2210.jpg,6,polyps
D:\Documentos\Fotos\data\esophagitis\7535a7df-e754-4686-a2b6-98d1dd60dc1e.jpg,2,esophagitis
D:\Documentos\Fotos\data\dyed-resection-margins\a48ca21c-c25d-4e8f-86ca-e0eee0f55f1d.jpg,1,dyed-resection-margins
D:\Documentos\Fotos\data\esophagitis\faa7a322-24fd-42b3-91d8-b0fcd1e27e4b.jpg,2,esophagitis
D:\Documentos\Fotos\data\normal-z-line\abea9975-eb8e-464b-9443-6a71fab58cea.jpg,5,normal-z-line
D:\Documentos\Fotos\data\normal-z-line\bc576405-f32a-42b6-b922-d322bd65810f.jpg,5,normal-z-line
D:\Documentos\Fotos\data\ulcerative-colitis\4f532c70-a197-41fa-8bd1-67d711967220.jpg,7,ulcerative-colitis
D:\Documentos\Fotos\data\ulcerative-colitis\08daab5f-1994-4190-ae35-bfb71efa1b9b.jpg,7,ulcerative-colitis
D:\Documentos\Fotos\data\dyed-lifted-polyps\0f4eaa7a-c074-48c1-b01f-9117b94e1938.jpg,0,dyed-lifted-polyps
D:\Documentos\Fotos\data\ulcerative-colitis\deac43d4-3028-46b8-9566-6c346e55a879.jpg,7,ulcerative-colitis
D:\Documentos\Fotos\data\normal-pylorus\76c355ff-9e51-4313-b031-3f2131f8d911.jpg,4,normal-pylorus
D:\Documentos\Fotos\data\normal-pylorus\d85e5f0c-ec19-4787-9baa-258e7e30d97a.jpg,4,normal-pylorus
D:\Documentos\Fotos\data\dyed-resection-margins\428fa4cc-3a49-4637-a8dd-4b584a080402.jpg,1,dyed-resection-margins
D:\Documentos\Fotos\data\normal-cecum\0d3d3ca3-4d84-4ee0-969f-496f81cca359.jpg,3,normal-cecum
D:\Documentos\Fotos\data\normal-cecum\0c192d17-18ae-4731-bbb5-1117b8576466.jpg,3,normal-cecum
D:\Documentos\Fotos\data\esophagitis\8a114060-74f5-457a-b220-ea60f2d60baa.jpg,2,esophagitis
D:\Documentos\Fotos\data\dyed-resection-margins\1e5474f7-7076-4e60-9397-5bcb6a750660.jpg,1,dyed-resection-margins
D:\Documentos\Fotos\data\normal-z-line\39746c4c-8db9-4af1-90b8-145792d1af41.jpg,5,normal-z-line
D:\Documentos\Fotos\data\normal-pylorus\6a63b24c-ddfe-4660-9ae6-915fc3cca164.jpg,4,normal-pylorus
D:\Documentos\Fotos\data\normal-z-line\fa68bd49-4c7c-4eff-9054-3b4c932e43cb.jpg,5,normal-z-line
D:\Documentos\Fotos\data\dyed-resection-margins\aa0778b3-e251-4042-a800-5774b0bef4a8.jpg,1,dyed-resection-margins
D:\Documentos\Fotos\data\normal-pylorus\e6e288b6-22b9-4592-8f00-28dba8df2212.jpg,4,normal-pylorus
D:\Documentos\Fotos\data\normal-z-line\ec60836c-70fa-40d6-932f-d1d26ac67b5b.jpg,5,normal-z-line
D:\Documentos\Fotos\data\polyps\22cdd677-ae1d-4827-bc1f-6b06fa67d8e2.jpg,6,polyps
D:\Documentos\Fotos\data\dyed-lifted-polyps\bf039237-76d8-48b1-9112-7d99d3e96116.jpg,0,dyed-lifted-polyps
D:\Documentos\Fotos\data\esophagitis\b6bda350-19be-48e8-a499-100f47af8c10.jpg,2,esophagitis
D:\Documentos\Fotos\data\normal-z-line\91934d02-377d-4f55-8979-de43c53a3ef6.jpg,5,normal-z-line
D:\Documentos\Fotos\data\esophagitis\9b51c32b-70cd-4bff-9084-99d1bcf5c675.jpg,2,esophagitis
D:\Documentos\Fotos\data\dyed-resection-margins\6cc89dd1-2b8c-4f46-96f4-a7cd380e07f8.jpg,1,dyed-resection-margins
D:\Documentos\Fotos\data\dyed-lifted-polyps\3e775a06-d462-4902-bda1-0f89f0b4cdde.jpg,0,dyed-lifted-polyps
D:\Documentos\Fotos\data\dyed-lifted-polyps\6547bda5-4e19-4354-a06b-34ca97053b97.jpg,0,dyed-lifted-polyps
D:\Documentos\Fotos\data\dyed-resection-margins\fa71b854-1863-4e8b-9a67-4c764b3b0b7f.jpg,1,dyed-resection-margins
D:\Documentos\Fotos\data\esophagitis\9c7ae73e-4fcf-45f8-8f07-2e6a5ec59824.jpg,2,esophagitis
D:\Documentos\Fotos\data\ulcerative-colitis\43384f36-7782-4f32-ad47-ad2f7fd6d46e.jpg,7,ulcerative-colitis
D:\Documentos\Fotos\data\ulcerative-colitis\9488a3d2-fa47-437b-9489-1c09ebf5f3b7.jpg,7,ulcerative-colitis
D:\Documentos\Fotos\data\dyed-resection-margins\6ad56c20-0d52-4a0e-839a-32e0ae301b54.jpg,1,dyed-resection-margins
D:\Documentos\Fotos\data\normal-cecum\a0859425-4b94-489e-93d0-afd67eff88f5.jpg,3,normal-cecum
D:\Documentos\Fotos\data\normal-cecum\21f2237a-6e54-46c5-b1e0-92384044a018.jpg,3,normal-cecum
D:\Documentos\Fotos\data\ulcerative-colitis\c33585c4-d1e7-4839-ad72-689af5d01e4a.jpg,7,ulcerative-colitis
D:\Documentos\Fotos\data\dyed-resection-margins\669a72f2-1289-4ab2-a433-50ce2a131c8f.jpg,1,dyed-resection-margins
D:\Documentos\Fotos\data\polyps\8245ad4b-90bd-4bb2-9480-ac1df2a0c2d6.jpg,6,polyps
D:\Documentos\Fotos\data\normal-z-line\d32db39e-cfa2-4839-8b40-b04a65c3796f.jpg,5,normal-z-line
D:\Documentos\Fotos\data\esophagitis\d749246c-7bbb-4c88-8f78-9ea85421d8e5.jpg,2,esophagitis
D:\Documentos\Fotos\data\polyps\ca3f724c-c1ae-4381-84cf-acdb07cfa424.jpg,6,polyps
D:\Documentos\Fotos\data\ulcerative-colitis\698f130b-41ff-414d-908c-8d8c0f82d4a8_00000559.jpg,7,ulcerative-colitis
D:\Documentos\Fotos\data\normal-z-line\576bd865-47a2-443b-b650-352c2a5f6134.jpg,5,normal-z-line
D:\Documentos\Fotos\data\normal-cecum\8d8e53e6-2f73-45df-98f5-88cfb50958e7.jpg,3,normal-cecum
D:\Documentos\Fotos\data\polyps\e3955c46-40d3-491c-b30d-c841861b312c.jpg,6,polyps
D:\Documentos\Fotos\data\normal-z-line\791780d6-faee-4fe5-a06d-9925c3f390fa.jpg,5,normal-z-line
D:\Documentos\Fotos\data\esophagitis\9532229e-6b76-4122-b178-bec049debe84.jpg,2,esophagitis
D:\Documentos\Fotos\data\dyed-lifted-polyps\f03b88b6-5fa8-4c48-ae6d-68eabdb4935e.jpg,0,dyed-lifted-polyps
D:\Documentos\Fotos\data\normal-cecum\21d6e444-2824-41ab-bc00-60adb117ebba.jpg,3,normal-cecum
D:\Documentos\Fotos\data\ulcerative-colitis\43629dd3-6e66-463c-beb2-51c851603c29.jpg,7,ulcerative-colitis
D:\Documentos\Fotos\data\dyed-resection-margins\0bed7b71-3b52-4fa0-bbde-d457cb6e00fa.jpg,1,dyed-resection-margins
D:\Documentos\Fotos\data\normal-pylorus\f93ef4f6-4db1-4017-96fa-667f30df06d9.jpg,4,normal-pylorus
D:\Documentos\Fotos\data\normal-z-line\d567d013-b2fe-4c84-aa8a-a610d918720b.jpg,5,normal-z-line
D:\Documentos\Fotos\data\normal-pylorus\bcb9fadf-d267-4ee6-b890-dda631d1d85f.jpg,4,normal-pylorus
D:\Documentos\Fotos\data\normal-pylorus\543b81fa-f877-48d4-9800-9b816a38a331.jpg,4,normal-pylorus
D:\Documentos\Fotos\data\dyed-lifted-polyps\fe44e568-b85e-4ca6-896f-50f1d3aa9e75.jpg,0,dyed-lifted-polyps
D:\Documentos\Fotos\data\normal-z-line\d2d91940-c870-4c73-a648-e2354edfe17c.jpg,5,normal-z-line
D:\Documentos\Fotos\data\dyed-lifted-polyps\e8d519e6-8d46-4323-89a2-5b63bc0235b7.jpg,0,dyed-lifted-polyps
D:\Documentos\Fotos\data\normal-z-line\d331b6d0-d8f7-413e-b9fd-437f0bc05fb2.jpg,5,normal-z-line
D:\Documentos\Fotos\data\polyps\994f6254-ba9a-4855-99d0-8e57346a2ae3.jpg,6,polyps
D:\Documentos\Fotos\data\ulcerative-colitis\d7304a33-f6be-477c-8afb-93001b9416c2.jpg,7,ulcerative-colitis
D:\Documentos\Fotos\data\dyed-resection-margins\7fd463b4-ce36-4112-9b8a-450dde7621ae.jpg,1,dyed-resection-margins
D:\Documentos\Fotos\data\dyed-lifted-polyps\d6db22af-827f-4b74-95d0-f80f44e792ba.jpg,0,dyed-lifted-polyps
D:\Documentos\Fotos\data\dyed-resection-margins\ae333466-8bba-4b4c-9a3c-cec19f292025.jpg,1,dyed-resection-margins
D:\Documentos\Fotos\data\dyed-lifted-polyps\cd4e5c68-9c6b-470d-a87f-351274ada1f0.jpg,0,dyed-lifted-polyps
D:\Documentos\Fotos\data\dyed-resection-margins\89fe1dd7-1cb5-45f1-aaf5-1abc6ed7f522.jpg,1,dyed-resection-margins
D:\Documentos\Fotos\data\normal-cecum\ede04820-c31e-4916-9a60-de1bd8109a4f.jpg,3,normal-cecum
D:\Documentos\Fotos\data\ulcerative-colitis\0bbb45e9-3541-43a7-a927-efc5cfb1716d.jpg,7,ulcerative-colitis
D:\Documentos\Fotos\data\ulcerative-colitis\3c4e64d0-2bf4-448f-b57e-2cbd4d17ef83.jpg,7,ulcerative-colitis
D:\Documentos\Fotos\data\ulcerative-colitis\7bf615e1-cef5-4e38-a602-3a00771f5f58.jpg,7,ulcerative-colitis
D:\Documentos\Fotos\data\normal-z-line\59e83b73-70d5-4ee1-b591-d35cde6b9972.jpg,5,normal-z-line
D:\Documentos\Fotos\data\normal-cecum\1476c16a-2bec-40f0-ad30-06cbffa09187.jpg,3,normal-cecum
D:\Documentos\Fotos\data\esophagitis\b227cf1d-1f71-4c46-9c18-6e9b18ce074f.jpg,2,esophagitis
D:\Documentos\Fotos\data\ulcerative-colitis\09f1e9cb-fd1f-4383-8b3d-bdeaece25e39.jpg,7,ulcerative-colitis
D:\Documentos\Fotos\data\polyps\eb28e1df-0e43-4363-be69-f539a21fc3f2.jpg,6,polyps
D:\Documentos\Fotos\data\normal-z-line\e8213496-422d-4eaa-9a0a-6c5401ae81f4.jpg,5,normal-z-line
D:\Documentos\Fotos\data\normal-z-line\ccfbddbc-a726-4807-8f96-3c702595afdc.jpg,5,normal-z-line
D:\Documentos\Fotos\data\normal-pylorus\abddc4de-8dcb-4468-9525-7a6b0c9a1171.jpg,4,normal-pylorus
D:\Documentos\Fotos\data\dyed-resection-margins\ac578e96-77a2-446a-8a87-021613273dc3.jpg,1,dyed-resection-margins
D:\Documentos\Fotos\data\dyed-resection-margins\1358b50c-db30-4957-969e-7f137352453f.jpg,1,dyed-resection-margins
D:\Documentos\Fotos\data\ulcerative-colitis\80956aa8-348c-43d0-9d45-fbf482b50206.jpg,7,ulcerative-colitis
D:\Documentos\Fotos\data\normal-pylorus\3a0ccf98-66a6-454f-8d2f-37ab24a2c1a8.jpg,4,normal-pylorus
D:\Documentos\Fotos\data\normal-cecum\899b546e-e480-4d57-b29c-901f1224abd7.jpg,3,normal-cecum
D:\Documentos\Fotos\data\dyed-resection-margins\19ce8049-ab41-4fd8-b186-9b2eacb94301.jpg,1,dyed-resection-margins
D:\Documentos\Fotos\data\polyps\7e2adc03-33bc-48c1-b9d7-56c416dac34d.jpg,6,polyps
D:\Documentos\Fotos\data\dyed-resection-margins\ff776a23-fa72-4774-81bb-ce9e850e1c68.jpg,1,dyed-resection-margins
D:\Documentos\Fotos\data\normal-pylorus\b2219ac5-819d-4c94-8eef-690e4174268f.jpg,4,normal-pylorus
D:\Documentos\Fotos\data\dyed-lifted-polyps\e450ffba-9eb9-4df7-9339-586871e395e9.jpg,0,dyed-lifted-polyps
D:\Documentos\Fotos\data\dyed-resection-margins\8a497a48-0d8d-4d7e-bd61-9a713735cffb.jpg,1,dyed-resection-margins
D:\Documentos\Fotos\data\normal-pylorus\ec1ab65c-a668-431f-9327-3eaa5d0775da.jpg,4,normal-pylorus
D:\Documentos\Fotos\data\normal-z-line\a21ad07b-7e7a-4d65-90d8-7e6c9e788d8a.jpg,5,normal-z-line
D:\Documentos\Fotos\data\esophagitis\9f09d34c-13e0-425a-a20f-32e72f7e8223.jpg,2,esophagitis
D:\Documentos\Fotos\data\normal-z-line\ee3f8fd8-6647-432e-986a-35a840d76ac9.jpg,5,normal-z-line
D:\Documentos\Fotos\data\normal-cecum\604623b3-e75f-478d-a4e3-7b156209c743.jpg,3,normal-cecum
D:\Documentos\Fotos\data\normal-z-line\8ae86b13-13af-468c-8625-fb1dbf2b9a80.jpg,5,normal-z-line
D:\Documentos\Fotos\data\polyps\b8768f91-6221-4e93-aa3a-d8fdfa62421d.jpg,6,polyps
D:\Documentos\Fotos\data\normal-cecum\69f450f5-a778-4c71-935a-6450199be399.jpg,3,normal-cecum
D:\Documentos\Fotos\data\normal-cecum\767f5d97-3510-40a1-a8c5-1a662d5b2da8.jpg,3,normal-cecum
D:\Documentos\Fotos\data\normal-z-line\0914b83b-72ff-4a5e-a987-d2466ae576d8.jpg,5,normal-z-line
D:\Documentos\Fotos\data\ulcerative-colitis\89d99707-0158-48e9-99df-6c2ef9ce203d.jpg,7,ulcerative-colitis
D:\Documentos\Fotos\data\esophagitis\7b4f74f9-1773-4ecf-95b4-4289c389a765.jpg,2,esophagitis
D:\Documentos\Fotos\data\dyed-lifted-polyps\dcef8adf-2cf8-4124-98b5-dbe875a141ab.jpg,0,dyed-lifted-polyps
D:\Documentos\Fotos\data\dyed-lifted-polyps\8547cab1-08f0-41ce-bd6b-b5314996afb2.jpg,0,dyed-lifted-polyps
D:\Documentos\Fotos\data\dyed-lifted-polyps\22630c6e-3adf-455e-8c7a-8eda9131a937.jpg,0,dyed-lifted-polyps
D:\Documentos\Fotos\data\normal-pylorus\7ad01b61-0b3b-4012-bfa7-1cd463395853.jpg,4,normal-pylorus
D:\Documentos\Fotos\data\esophagitis\b409c9b5-adf6-4043-bc51-d1cf09d7bd6b.jpg,2,esophagitis
D:\Documentos\Fotos\data\dyed-resection-margins\768c1b5b-f860-4bda-9857-90c02fab9f1c.jpg,1,dyed-resection-margins
D:\Documentos\Fotos\data\dyed-lifted-polyps\0a447c72-3a6f-43ac-a236-ca588f0435d4.jpg,0,dyed-lifted-polyps
D:\Documentos\Fotos\data\ulcerative-colitis\ef6705ec-2008-4958-b4ba-47d886ef1c1b.jpg,7,ulcerative-colitis
D:\Documentos\Fotos\data\normal-cecum\19950a80-dfbb-4f72-903c-8b48e205dc9f.jpg,3,normal-cecum
D:\Documentos\Fotos\data\dyed-lifted-polyps\659e1249-3863-4f9c-bd8c-460fbaababf2.jpg,0,dyed-lifted-polyps
D:\Documentos\Fotos\data\esophagitis\9a19cc2f-6bd4-4a7e-bc97-fadccbf895ca.jpg,2,esophagitis
D:\Documentos\Fotos\data\dyed-resection-margins\b7a90ee1-d158-4eb3-818f-19cc82b814a2.jpg,1,dyed-resection-margins
D:\Documentos\Fotos\data\normal-pylorus\d577afc0-45c4-4c61-a68d-5e61ca8e9e61.jpg,4,normal-pylorus
D:\Documentos\Fotos\data\polyps\754ed934-c9e1-40c4-8e26-bbc67803fc11.jpg,6,polyps
D:\Documentos\Fotos\data\dyed-resection-margins\71b61403-5e4b-4475-a4f6-b2750001abec.jpg,1,dyed-resection-margins
D:\Documentos\Fotos\data\normal-z-line\4229de76-220d-4e0f-aaa6-2355f6f7689f.jpg,5,normal-z-line
D:\Documentos\Fotos\data\esophagitis\a930d15f-678c-46e7-8c80-f5987c14e94b.jpg,2,esophagitis
D:\Documentos\Fotos\data\normal-cecum\e3f2424a-9767-4dd9-bd1c-5240b9fd2079.jpg,3,normal-cecum
D:\Documentos\Fotos\data\dyed-resection-margins\b5cd5827-35de-4f57-b299-fe80e076fe5e.jpg,1,dyed-resection-margins
D:\Documentos\Fotos\data\dyed-lifted-polyps\3abafd3e-b465-4c95-adec-6d5afcdbc61b.jpg,0,dyed-lifted-polyps
D:\Documentos\Fotos\data\dyed-resection-margins\4e8e5e63-45b4-4860-bd10-8b08d7dba812.jpg,1,dyed-resection-margins
D:\Documentos\Fotos\data\normal-pylorus\f8da31f9-774a-4e6e-a56f-300d09e4eca4.jpg,4,normal-pylorus
D:\Documentos\Fotos\data\normal-cecum\6ee659d1-ac90-4162-a3d5-2f8ce2256a5e.jpg,3,normal-cecum
D:\Documentos\Fotos\data\ulcerative-colitis\1d7d812c-d03c-4523-b2e9-43d007327f33.jpg,7,ulcerative-colitis
D:\Documentos\Fotos\data\normal-z-line\a491ac48-ecb1-4137-99a6-4548afde6878.jpg,5,normal-z-line
D:\Documentos\Fotos\data\normal-pylorus\99e2fde7-ebd0-4651-af98-42a5390dc125.jpg,4,normal-pylorus
D:\Documentos\Fotos\data\normal-pylorus\5fbeb297-8f1e-4ed5-a4ff-5690bcd2c395.jpg,4,normal-pylorus
D:\Documentos\Fotos\data\normal-cecum\e3067ea9-17ea-467b-ac7b-c6a4e338eb9c.jpg,3,normal-cecum
D:\Documentos\Fotos\data\polyps\25b7d6bd-792d-4e1f-bfb0-67ffec4f3ab6.jpg,6,polyps
D:\Documentos\Fotos\data\normal-z-line\e24f314c-5e8e-4b36-b312-d2b88e395640.jpg,5,normal-z-line
D:\Documentos\Fotos\data\esophagitis\2ae87b8b-01f5-45da-a1d4-352cb6238485.jpg,2,esophagitis
D:\Documentos\Fotos\data\polyps\615d75a0-506e-4bf9-afa2-9eb424df6d3e.jpg,6,polyps
D:\Documentos\Fotos\data\normal-cecum\054e55fd-2656-4b60-92f2-e8d3f6885e69.jpg,3,normal-cecum
D:\Documentos\Fotos\data\dyed-lifted-polyps\3c229b33-6e5c-4c02-afae-cdd5ea65cf72.jpg,0,dyed-lifted-polyps
D:\Documentos\Fotos\data\dyed-resection-margins\6c0fa5e4-5914-4900-8a20-dc785b3c44b7.jpg,1,dyed-resection-margins
D:\Documentos\Fotos\data\ulcerative-colitis\07a03e6d-2cdb-41f1-b730-a115a1635a1e.jpg,7,ulcerative-colitis
D:\Documentos\Fotos\data\normal-cecum\98b29f14-3d39-4c69-885a-770cd29c2125.jpg,3,normal-cecum
D:\Documentos\Fotos\data\esophagitis\d00e8f3e-c837-45b3-bb5a-bcb5ecd5b079.jpg,2,esophagitis
D:\Documentos\Fotos\data\normal-z-line\af362605-aabf-46f0-ba71-ba6859b17837.jpg,5,normal-z-line
D:\Documentos\Fotos\data\ulcerative-colitis\e99ef58a-ea1e-444d-9c27-75b1bc84c5b6.jpg,7,ulcerative-colitis
D:\Documentos\Fotos\data\ulcerative-colitis\0c193f40-b876-43c4-9557-30b30cd0d117.jpg,7,ulcerative-colitis
D:\Documentos\Fotos\data\normal-pylorus\06b0c8b1-e56d-44f5-82b0-6eda4d720a68.jpg,4,normal-pylorus
D:\Documentos\Fotos\data\dyed-resection-margins\a4659885-bd5e-4cd1-8506-6ba7d22a6f23.jpg,1,dyed-resection-margins
D:\Documentos\Fotos\data\ulcerative-colitis\f9cdda9c-c788-4546-8987-f3403b228c1c.jpg,7,ulcerative-colitis
D:\Documentos\Fotos\data\normal-z-line\ae9b5a84-e327-4196-ae18-d84d5d6d7df2.jpg,5,normal-z-line
D:\Documentos\Fotos\data\ulcerative-colitis\1de211cc-ad55-422f-80bf-e09df1dd15d1.jpg,7,ulcerative-colitis
D:\Documentos\Fotos\data\normal-z-line\2f1864e0-867e-4f07-9f0e-caeb3659a3b6.jpg,5,normal-z-line
D:\Documentos\Fotos\data\polyps\736b5067-894a-432e-88af-6d0999118628.jpg,6,polyps
D:\Documentos\Fotos\data\dyed-lifted-polyps\716d5003-f39f-4b12-bb66-d89a91ec732e.jpg,0,dyed-lifted-polyps
D:\Documentos\Fotos\data\normal-cecum\a04b9b4b-fab1-44e7-90b9-758525efb464.jpg,3,normal-cecum
D:\Documentos\Fotos\data\normal-z-line\e2933573-82a4-4e6c-966a-620c568af36f.jpg,5,normal-z-line
D:\Documentos\Fotos\data\normal-cecum\e0fe569d-cc8d-4871-88d0-5477f4aa6e66.jpg,3,normal-cecum
D:\Documentos\Fotos\data\normal-z-line\bcf8b709-89ac-4287-933f-0cd83639839d.jpg,5,normal-z-line
D:\Documentos\Fotos\data\polyps\d7ad9e7c-2ac0-43b9-a6e5-4e15c772454e.jpg,6,polyps
D:\Documentos\Fotos\data\polyps\28e12627-063c-4fa5-9dd2-4596a9d4f69f.jpg,6,polyps
D:\Documentos\Fotos\data\dyed-resection-margins\e32f7f15-7ac8-4c4c-ad2f-bd1812bfb87a.jpg,1,dyed-resection-margins
D:\Documentos\Fotos\data\normal-pylorus\a6371677-d139-4c25-9377-d4411d8e3629.jpg,4,normal-pylorus
D:\Documentos\Fotos\data\normal-pylorus\6d9de1b5-5cee-4e01-96f1-08c30fde9743.jpg,4,normal-pylorus
D:\Documentos\Fotos\data\normal-cecum\19ccf60f-7ada-42d8-b47c-a0e8054c5a9b.jpg,3,normal-cecum
