path,label,class_name
c87b8bdf-2f56-4f16-a665-b9030de64bf6.jpg,2,esophagitis
82417450-9b9b-444f-a3d7-29ad233ef91e.jpg,7,ulcerative-colitis
6c2c3822-8a1c-4088-8588-c2a7858bd7d2.jpg,0,dyed-lifted-polyps
8f5ccaa5-4256-454d-8e32-fbc6f4da29b2.jpg,4,normal-pylorus
8ef3aef9-308c-4e54-a3e1-e0cc049f2097.jpg,2,esophagitis
1e9efe72-cb72-4b4d-a119-7d2a035635c3.jpg,3,normal-cecum
56c44896-38ee-4f7a-ac7c-d2c5140e162a.jpg,5,normal-z-line
9a1f8fc3-c7d2-4a11-b403-94d95ae2f4c6.jpg,6,polyps
e22e00f5-8ad6-4839-b509-9617f3f35b92.jpg,3,normal-cecum
b716d61a-0b2d-4cdc-a091-974653d20e54.jpg,6,polyps
22c6f825-29ff-4dd7-b462-d527db63f8d9.jpg,6,polyps
37131445-a5ec-4e92-ae91-02b829b3c263.jpg,5,normal-z-line
20497976-560a-44e4-a4b0-23dd94f9e3fc.jpg,6,polyps
78b85ced-1a6c-463f-9160-71ea806502f1.jpg,1,dyed-resection-margins
d52dceaf-504e-4a74-b78b-c11458d954e6.jpg,6,polyps
e7e5f165-2c56-4333-82aa-4fc8045e8e1c.jpg,0,dyed-lifted-polyps
896dccb7-7df2-4c6d-9c75-9c201a70eb22.jpg,6,polyps
07efb3c4-70e7-4da8-a9fc-b6bf0fda0456.jpg,1,dyed-resection-margins
a5804d37-2bdd-4a64-949e-0b32a19766cf.jpg,4,normal-pylorus
6fa7bdaa-1542-41f8-b82b-eea347ad2405.jpg,1,dyed-resection-margins
f9ea9fbd-52ab-4143-942e-d5bdb1871d3a.jpg,3,normal-cecum
e9a7b759-6bfb-4f38-88bb-92f51b6f8bb9.jpg,4,normal-pylorus
37f3236b-3a58-49e8-878b-1dc5b59afa11.jpg,7,ulcerative-colitis
389b7e72-0a31-42a8-b6fc-da512c2c3e50.jpg,6,polyps
43b1128c-c82d-4a07-b9c6-db63c2ec7243.jpg,5,normal-z-line
b0f4331f-5866-41ee-9e49-c14626e53ea3.jpg,2,esophagitis
b5ea5430-66e5-48b3-b638-cf9d52ce9b1e.jpg,5,normal-z-line
5c23af36-c842-4a3e-a47f-ef720362120e.jpg,4,normal-pylorus
d1ddda56-9ba7-4169-a310-719f710b745c.jpg,4,normal-pylorus
21e67013-fbb9-4b0d-847c-d71f1ea444d7.jpg,6,polyps
a5871594-1a52-4f2a-8091-bafb38a57ab4.jpg,3,normal-cecum
12dfdc4c-5e67-4108-aee4-77f08a34cfb8.jpg,2,esophagitis
e78e1f11-9926-40f8-88c0-6967d697bd2a.jpg,4,normal-pylorus
389c76a0-5206-4a9e-8904-754938f84146.jpg,0,dyed-lifted-polyps
3227e49d-3bdc-4185-b2a8-9fe6acf6467e.jpg,3,normal-cecum
998fe244-94c1-4fa0-b787-00f874d20f79.jpg,1,dyed-resection-margins
08aad205-0c38-4cf4-ac0b-cbd9181413a9.jpg,0,dyed-lifted-polyps
a6020157-ea3e-479b-ad2b-5f8a50a8ec25.jpg,3,normal-cecum
a2bfe6a0-5f77-4b5c-9061-cbc85bf7a31e.jpg,6,polyps
301351c4-3f6f-474e-ab26-ed398174f7c3.jpg,0,dyed-lifted-polyps
e264334c-b0fe-4086-a7d8-9241f83166b7.jpg,7,ulcerative-colitis
698f130b-41ff-414d-908c-8d8c0f82d4a8_00001902.jpg,7,ulcerative-colitis
be5c8586-db12-40dd-9d74-260d91e567ea.jpg,5,normal-z-line
5dc82fec-59c2-4b37-9384-b924d0d41533.jpg,4,normal-pylorus
3f7c1c00-6f4d-42dc-a97a-e36e04037664.jpg,3,normal-cecum
0d4c9fce-f423-40bc-84ca-53f0fb570696.jpg,7,ulcerative-colitis
3c38d8a9-52d4-415e-b8a2-25fa28d87393.jpg,0,dyed-lifted-polyps
3f533286-bf79-4544-9cb5-c5ca7f2c0838.jpg,1,dyed-resection-margins
fe783b66-c307-4adc-bfe5-1fc0d603a340.jpg,4,normal-pylorus
698f130b-41ff-414d-908c-8d8c0f82d4a8_00001323.jpg,7,ulcerative-colitis
edbd834e-7b20-4495-bb73-fcce15383d30.jpg,3,normal-cecum
213ef4bb-f7a7-4425-b3c6-bd53da684e73.jpg,7,ulcerative-colitis
e508552d-7cc6-4859-bcb4-fa8f77f23ef6.jpg,5,normal-z-line
57d25761-7f4f-4c0d-ba80-7ae3a5d69483.jpg,1,dyed-resection-margins
2fce8e33-9aab-4344-9cd4-9bc072d981f8.jpg,4,normal-pylorus
37cc656b-c458-453a-9f66-bb54ec7a4a10.jpg,1,dyed-resection-margins
2248f4a1-3827-47a8-922e-1884cad3649d.jpg,0,dyed-lifted-polyps
d3a247a7-5a6d-4aa0-95f6-d61ce2fac87d.jpg,2,esophagitis
ca60fc42-e1c7-456c-8c50-c0d2b32fcccf.jpg,1,dyed-resection-margins
d3d61421-2e43-436b-8a2b-06f77649e008.jpg,6,polyps
5a3f8d66-6413-4b4c-987b-b76b1119a126.jpg,2,esophagitis
b71d9a49-1135-49ce-93f3-fee8e1725e17.jpg,2,esophagitis
6a063fba-a675-4f0a-9aad-927098f4de32.jpg,3,normal-cecum
6506c966-1a7b-4195-a0cc-105a2d4f9f69.jpg,1,dyed-resection-margins
851db6e9-9dc3-4d64-974a-753f0a7de689.jpg,3,normal-cecum
075dfe26-db38-4b75-8771-501a93a9ae83.jpg,7,ulcerative-colitis
dcb99bd8-ff0b-4272-b345-1ac4418cc5e2.jpg,2,esophagitis
c7c28cec-5713-47d4-9afc-cee9b0f3ef60.jpg,4,normal-pylorus
3e52907d-f78e-4394-9de1-27bac149836d.jpg,1,dyed-resection-margins
f90ec1ca-5abf-4ab5-99f5-5ae3ceb0614c.jpg,5,normal-z-line
a2821de3-5091-40d3-a107-bdc741a31e5f.jpg,2,esophagitis
2a22fded-286c-4d55-aace-7ae86d41224b.jpg,1,dyed-resection-margins
a79078ec-2df0-473e-9211-ab76e9999d05.jpg,0,dyed-lifted-polyps
b0754485-1443-4235-a179-4a77a517230a.jpg,1,dyed-resection-margins
800f9ed7-3860-4b00-9dfc-f2b9d3e6bb39.jpg,0,dyed-lifted-polyps
9bf1fe6a-b071-4ecd-a58a-11f64abe7b44.jpg,4,normal-pylorus
194ab026-d45a-489f-936e-dfcf3a347434.jpg,2,esophagitis
6011e433-180e-4613-acb3-fd0c5999d8fa.jpg,3,normal-cecum
e969cb17-52ad-4374-bae5-e3d179991089.jpg,5,normal-z-line
6e5281fc-9ff8-4440-9a2d-f3938085f369.jpg,4,normal-pylorus
8607f3f6-f4b8-48d3-aacb-6fd2e441e531.jpg,3,normal-cecum
27437eac-cee2-4640-bcc0-e5ed89d03e7e.jpg,3,normal-cecum
e3697c81-c770-4539-bc74-638522866c33.jpg,0,dyed-lifted-polyps
584f1fa0-9bb9-49d3-b412-c42819d0a200_00000001.jpg,7,ulcerative-colitis
b29bf7a9-7c70-4179-afce-b4a10a423497.jpg,1,dyed-resection-margins
81d3d616-566a-4d6e-babb-dbd92b205adc.jpg,0,dyed-lifted-polyps
fe99460f-7ca1-441a-b210-fb10467f4083.jpg,1,dyed-resection-margins
9a4c2c9c-963b-4523-afcd-657e75508c06.jpg,0,dyed-lifted-polyps
bd8c1711-2f31-4c78-a5bb-7e08586e50d6.jpg,1,dyed-resection-margins
ba380bea-40b7-4eae-9216-e0ea7ccea99b.jpg,5,normal-z-line
1ee19293-94d5-4c89-8c8e-9baf78801ec2.jpg,2,esophagitis
e988410a-3e8f-48af-ad57-9e8e6e3a09f0.jpg,4,normal-pylorus
ff0b3237-7ef5-4310-9e9b-8478c4c353a3.jpg,2,esophagitis
167754c7-ba9e-465d-be3f-aee12d54590b.jpg,2,esophagitis
89ea3a3c-9d54-4b4b-8375-6089510fc73e.jpg,7,ulcerative-colitis
4c2d6f04-ec4a-4422-9530-a92928e2cdc3.jpg,5,normal-z-line
9c7b4d9c-efdd-491d-9fb6-a9c3fa339009.jpg,6,polyps
38ee65bf-9078-4f74-9c87-7ef6d6e5d058.jpg,5,normal-z-line
faba87c5-ad26-4b1b-ae88-838d90bd9597.jpg,5,normal-z-line
47fefa1d-19a3-480c-92fd-2fb24d972e49.jpg,0,dyed-lifted-polyps
3431a6f4-4591-4e56-b3c0-96ba8f993137.jpg,2,esophagitis
80feedb5-ecca-4572-85f6-977563b5d73e.jpg,0,dyed-lifted-polyps
35fa5495-5bd6-4196-a15a-afcd6b45b3dd.jpg,0,dyed-lifted-polyps
9e53bd44-d127-4fcf-a4a7-f4cc9a3e2a24.jpg,7,ulcerative-colitis
20fcf45c-065f-484a-bbf3-0969e5cf500f.jpg,2,esophagitis
c73f2f95-8f5e-4ace-8fc8-a493fd959652.jpg,5,normal-z-line
7a0d50c7-a1cf-42b6-bb04-f3195e780c61.jpg,3,normal-cecum
94b4aa27-52e4-49aa-8b52-74f1ca59a8b7.jpg,4,normal-pylorus
4b38d164-4a6b-4edc-9603-6ed6e838cfe5.jpg,2,esophagitis
4055d463-afd4-45ca-9ce9-4fe4ecdbe2ec.jpg,1,dyed-resection-margins
79b990c2-870b-4cdd-8d8d-ad7ea33e0258.jpg,4,normal-pylorus
e730866b-c418-4229-abbf-c821e695fbb8.jpg,7,ulcerative-colitis
eb3a946f-094d-44a9-8c97-f02061f4f31c.jpg,3,normal-cecum
5ac91d24-d9d5-4a51-8169-7eebef02ab2f.jpg,3,normal-cecum
32abd298-90e1-4825-824b-b927c9c612ae.jpg,3,normal-cecum
91987108-7182-459b-b969-04275457120a.jpg,5,normal-z-line
134d0629-d2a4-4cce-9095-6b78117d419e.jpg,7,ulcerative-colitis
c801eb98-6af7-4a43-b23c-0351cffaca3b_00000465.jpg,7,ulcerative-colitis
1d539613-bf3a-4af3-ba97-897a046c6d04.jpg,4,normal-pylorus
367206eb-858a-4dbd-adf4-d9ec675ecc25.jpg,1,dyed-resection-margins
0e49eb93-37e1-40f4-8954-7763913bb413.jpg,5,normal-z-line
24995bde-7f2e-4a54-9702-6a616e56788b.jpg,7,ulcerative-colitis
e580395c-8a27-404d-bb01-84d5297d3297.jpg,7,ulcerative-colitis
76cc57a6-8cb7-45d5-981f-dbfaf876829e.jpg,6,polyps
e81021b3-e521-46ae-a076-8989b840d258.jpg,6,polyps
eca0b6fa-eb99-44eb-b529-113131605072.jpg,1,dyed-resection-margins
0a2a2f35-c798-447c-a883-8f2f448bfe07.jpg,1,dyed-resection-margins
be442780-5c25-4af7-ba31-4adbc82621ab.jpg,4,normal-pylorus
d9ee7b81-da4d-4793-a66b-75efae15d66f.jpg,5,normal-z-line
a5c5aed5-a5b3-4d38-882a-340060128a66.jpg,7,ulcerative-colitis
d69ce66c-3ed8-431e-bd5e-ffa4c7ed8589.jpg,6,polyps
51f68324-da8f-4f89-8316-aeef307f0f61.jpg,4,normal-pylorus
a993f778-d747-4cbd-a842-22e6dc2823a4.jpg,7,ulcerative-colitis
04e4ce01-407a-4367-bfef-27980a0b1d7d.jpg,6,polyps
60b487ce-0101-461b-830a-e87ac7ea0f96.jpg,5,normal-z-line
a0471134-2faf-40bf-b8d8-ba805fb72b74.jpg,1,dyed-resection-margins
b8e4cc4e-c4d7-4eaf-8dc5-ca2bab2fb96a.jpg,0,dyed-lifted-polyps
cf066780-f87b-4c54-b3d3-ebe7a30ec849.jpg,3,normal-cecum
c01809cc-864f-40cd-af58-5f718f0cd0dd.jpg,4,normal-pylorus
0bfd9122-42e0-47eb-8c48-2f60b91f017d.jpg,6,polyps
b6f4c95c-bc8a-4132-8dbd-6fa900843e7b.jpg,5,normal-z-line
b8d52b87-4d9d-4f7e-9ac8-b517ebfc6bf3.jpg,5,normal-z-line
a3137e5b-6448-4612-aa2b-75c8954a997b.jpg,4,normal-pylorus
e9b72da2-2aab-4e15-a56c-eefe60ba7aa6.jpg,6,polyps
3897aa94-5780-46b4-8d23-7381008f3fbd.jpg,4,normal-pylorus
0be91a4e-be3d-4c06-92d7-6e0ee417f55a.jpg,5,normal-z-line
5ffe22ef-457e-45e3-88a7-9e395ae9ecc3.jpg,0,dyed-lifted-polyps
6d2f6f5d-ab97-49a0-adcc-39f73977e64b.jpg,4,normal-pylorus
85812c3e-c1de-4f6b-8e5f-f8c1d7ce6848.jpg,6,polyps
7fcaf691-90f7-4eb9-963d-f7220bd88f61.jpg,4,normal-pylorus
c3743176-9eac-43e3-8551-f4f74422de5a.jpg,7,ulcerative-colitis
9d680c6b-fe55-4c3e-8b8b-207830814daf.jpg,3,normal-cecum
1c4cc075-406e-4ed9-a036-dba263ea7d00.jpg,3,normal-cecum
5fad605c-63f8-49c8-a573-381a522aef32.jpg,2,esophagitis
698f130b-41ff-414d-908c-8d8c0f82d4a8_00001279.jpg,7,ulcerative-colitis
a8227a3a-c86e-4e54-bf45-4630cda54f70.jpg,4,normal-pylorus
d48a7787-4af8-4a62-a0ac-072af4ddf4f0.jpg,2,esophagitis
cd8e5484-c6cc-4bcc-822f-d8173de002b2.jpg,4,normal-pylorus
d016c85f-438b-4974-9659-a66619a810de.jpg,1,dyed-resection-margins
63e34ef1-c5a4-461a-9f5f-62a237f0cb3a.jpg,6,polyps
872a23eb-2855-4f18-b5ff-95dc556d1796.jpg,1,dyed-resection-margins
d5da4bff-e549-404b-a911-aa252d954d90.jpg,0,dyed-lifted-polyps
8e1783a1-1483-45c7-849c-c17d6b6a0e13.jpg,4,normal-pylorus
8c9349fd-fefd-41f6-a90b-0064ba38468e.jpg,2,esophagitis
d623b258-1f04-40b6-95a6-3e545b5d23ad.jpg,1,dyed-resection-margins
f893e21c-7bf4-4070-a698-e439d5c87d47.jpg,1,dyed-resection-margins
03c798fd-8387-49d1-995e-fb39f8964e04.jpg,1,dyed-resection-margins
73664d6a-2dbf-4f3b-ad81-0990887a4138.jpg,5,normal-z-line
50996def-484c-45db-b5ef-1796fc99a233.jpg,6,polyps
c7a1fddc-ada5-4179-a2f4-b413222e3697.jpg,1,dyed-resection-margins
e965e0b2-42b8-4e20-91ee-880df51bda59.jpg,2,esophagitis
545fb2c0-7aff-4474-8f7d-9ca5e85f33ec.jpg,3,normal-cecum
1d8f2615-0ba3-4ef6-a07e-b5e238cd790a.jpg,0,dyed-lifted-polyps
51530747-09f4-4b2f-9cb7-513f21bc07b9.jpg,3,normal-cecum
930fdf16-6bfd-4f13-953a-cf761651d8fc.jpg,7,ulcerative-colitis
d9bb4634-2190-4553-9c24-090d3db53bb4.jpg,7,ulcerative-colitis
84628d59-7a28-4640-a6bd-977689936cea.jpg,6,polyps
ed1a6dbf-8454-486a-9d5d-68e1d7983498.jpg,4,normal-pylorus
4982f08b-975e-4570-8674-eeed7dca5f05.jpg,3,normal-cecum
8458357f-1692-4024-8d39-bafc541ef932.jpg,0,dyed-lifted-polyps
0905763a-046f-492c-8dcb-f43fb1042872.jpg,7,ulcerative-colitis
91372bdc-3075-41fd-8c8d-ba2c462f00cb.jpg,7,ulcerative-colitis
950cd7c0-a320-48d5-ba95-55c8f1d818ec.jpg,6,polyps
6e58d400-37b5-44da-b1bc-b55a0501bcf3.jpg,3,normal-cecum
9f158aa7-9143-4907-82b9-994c8bc752af.jpg,3,normal-cecum
e16d342e-0f3a-4547-b3b8-afed34b425b3.jpg,1,dyed-resection-margins
93903c1b-385a-42cd-9e70-0f26c59b19be.jpg,4,normal-pylorus
d962685e-7742-449b-b607-f5dd1e2b0868.jpg,0,dyed-lifted-polyps
1522dded-e258-4aa8-99d4-7ab67a34221f.jpg,6,polyps
94931fe6-5ef9-4533-b6b0-fc2f717abd00.jpg,0,dyed-lifted-polyps
26c18f92-1597-448e-b2a3-e70ae7e8b29a.jpg,6,polyps
a450ea18-c486-4a5c-a72b-b83163e6d412.jpg,3,normal-cecum
0e0fae29-2b15-4dc2-aa4f-ed8b9e045c3f.jpg,2,esophagitis
6f84bb7e-2cf7-43e0-b78a-13a8535e5872.jpg,3,normal-cecum
a9bed1c9-0601-4ab6-bf06-1dc2cdd4bed9.jpg,7,ulcerative-colitis
eaa99417-e3d6-47ee-b728-2a76a3239d52.jpg,2,esophagitis
b79607f5-200a-4655-b087-3e4a8303e93c.jpg,3,normal-cecum
0bd9ecb8-d49c-425a-a843-d259b2a08b74.jpg,7,ulcerative-colitis
893cd594-9f6a-462f-b4d0-fdd8e3a4e19f.jpg,7,ulcerative-colitis
a592fc9a-8e49-4820-ba0b-62aca9d1221f.jpg,0,dyed-lifted-polyps
9985d85c-d9b9-4d4f-899f-e69fad9c23e7.jpg,4,normal-pylorus
57cd8658-0886-458e-a875-42a74d420e9c.jpg,0,dyed-lifted-polyps
5a41b0e5-667c-4ba0-83a1-7a7b59be72a9.jpg,0,dyed-lifted-polyps
43c42362-7ec0-4465-928d-e6239f5fc35f.jpg,7,ulcerative-colitis
65703589-a468-42b7-8ff1-e32e9768a1b7.jpg,5,normal-z-line
764e2682-57ca-406d-b507-260baaa678ad.jpg,5,normal-z-line
a9d8b5a4-8a9b-47e7-ad10-01e52e351216.jpg,3,normal-cecum
2da0b31b-9a3b-4b8b-b8f4-9ff0f6a22a2c.jpg,2,esophagitis
e421e8b3-1696-430a-b682-48e57efc97a6.jpg,7,ulcerative-colitis
5aaa1497-b561-4c9c-ba24-15723c5a792a.jpg,6,polyps
8e1e6cdd-d3f9-4671-8ce5-7b4124c7f384.jpg,3,normal-cecum
a9dbfc64-2cf8-4ebc-889b-ce5c56beacdf.jpg,5,normal-z-line
b99ae0a8-4826-4b86-a58d-fa4c685407a5.jpg,0,dyed-lifted-polyps
cbdef94d-179c-4fba-8143-10880cff44a6.jpg,4,normal-pylorus
45cc75ad-352e-4488-aa12-b1a708d9ddaa.jpg,6,polyps
18fdc8a2-3c2a-4557-8de9-0cdb99932e76.jpg,0,dyed-lifted-polyps
871ac900-93a9-477b-ae82-c78218f13f5a.jpg,4,normal-pylorus
bb50f74c-fe8b-46b0-8603-f1b253dc13fe.jpg,3,normal-cecum
ff8302f7-1d50-4c7b-899b-2cd40f4f498b.jpg,0,dyed-lifted-polyps
44f3f3cb-a747-49b0-9831-21ca1f360dbc.jpg,6,polyps
b6ce7b76-0b1f-4b6b-b87b-d0a971ce6983.jpg,2,esophagitis
04293e0c-1593-45d7-887f-3b6e413d97d4.jpg,0,dyed-lifted-polyps
c5628a4f-3669-4874-a170-9fc474260b78.jpg,4,normal-pylorus
3aa1df6e-fd45-49d2-b871-777ce7e25738.jpg,6,polyps
eb51a8c3-99f1-461b-b994-249cc2873fe2.jpg,2,esophagitis
7f3395c1-f54d-43db-9902-3570bd24ef5d.jpg,7,ulcerative-colitis
fb2c8f30-734e-443f-a5b5-aeefac4f74b6.jpg,2,esophagitis
6a0b6d4d-7450-4191-862b-b990301cf457.jpg,0,dyed-lifted-polyps
95a5132d-217f-4ee9-a7fc-e9c5e416950f.jpg,6,polyps
3fe26305-ec27-43da-85d7-54c67c80854a.jpg,1,dyed-resection-margins
e6777cfc-78d7-4a01-a77b-38fd24b10433.jpg,4,normal-pylorus
8f238807-b3cf-4b78-ab1f-26a70514e025.jpg,4,normal-pylorus
ee5f9ff8-ada6-43e9-86eb-d829d1a0a835.jpg,2,esophagitis
0d8377dd-31ef-42c4-9388-f333e401533f.jpg,7,ulcerative-colitis
a5ad92da-fb22-4a7b-a7c5-84e70bc739e5.jpg,5,normal-z-line
ed43c566-42d1-4fff-bca7-dbcc6d457774.jpg,6,polyps
08648b7f-37b9-406e-b1c3-03683c3222af.jpg,1,dyed-resection-margins
33fc0255-cf9f-4a70-856c-0c897beeb8a7.jpg,0,dyed-lifted-polyps
cd5ec8df-6d40-4e13-97dd-ec668cbd7bea.jpg,3,normal-cecum
698f130b-41ff-414d-908c-8d8c0f82d4a8_00002214.jpg,7,ulcerative-colitis
ae68bef5-8ca4-42fd-a275-d34ee4ea8c14_00000664.jpg,7,ulcerative-colitis
bb491e94-685a-428b-bf0c-472a9bc109dc.jpg,7,ulcerative-colitis
1e828ffa-33f1-4c77-bdb4-3d5e55c8eb12.jpg,0,dyed-lifted-polyps
2e1a28d8-4b08-4f79-9934-6d709a823085.jpg,4,normal-pylorus
fc79c489-b358-4368-b965-330615af73d4_00000413.jpg,7,ulcerative-colitis
9fe7a7e6-0085-4245-bf76-e0c322fda9ea.jpg,2,esophagitis
484717e2-6223-4926-9eaf-3db66e18f6c6.jpg,2,esophagitis
e57ff35a-cc15-40df-b394-7a15c46796de.jpg,2,esophagitis
1391693a-68b0-406f-83b4-ef4238e9e6d7.jpg,3,normal-cecum
8bf0c1ec-0203-49a3-a4de-3649cffcb1df.jpg,6,polyps
1599b318-c774-405c-97bd-a4efb8767e6f.jpg,1,dyed-resection-margins
98d6406c-c306-4f01-91f8-879e98e50685.jpg,7,ulcerative-colitis
3da4440e-8b2f-4257-844e-b6ccd2c05766.jpg,0,dyed-lifted-polyps
b7d63d1b-185d-460f-80c6-553b64447724.jpg,3,normal-cecum
50ac84fc-8173-48c9-8333-52eb9fcd6ab0.jpg,2,esophagitis
b5a3e1e9-47a7-457c-b13d-35c6cf60c702.jpg,4,normal-pylorus
1e557e4e-e366-4cc2-81e2-b1faa89bdfef.jpg,1,dyed-resection-margins
75aeefe5-b75f-41af-a1a6-ced41899e555.jpg,7,ulcerative-colitis
c2ea60b7-a93a-4047-949a-31b1109de3b0.jpg,3,normal-cecum
23331578-8013-4f41-938a-a9bcbb8593c1.jpg,3,normal-cecum
92115efe-9e92-4098-a84d-64a934f1b964.jpg,0,dyed-lifted-polyps
a7cca819-794c-411f-b7c0-23f8e9c6540a.jpg,1,dyed-resection-margins
8ff65315-edaf-4c88-b088-6b81dd5ce937.jpg,4,normal-pylorus
7bb4f7af-7638-4f17-85d0-1b411726c9db.jpg,0,dyed-lifted-polyps
5b35f06c-4ea7-426a-a9fb-c87ea11477a8.jpg,6,polyps
ab8c70bc-b1bb-4fd7-83d7-3e65ccc2017e.jpg,6,polyps
19fa3a85-90a9-4941-9637-1ef6a1a719af.jpg,7,ulcerative-colitis
5751eeaa-c21a-4e9c-a286-fe9f3b7b8ba0.jpg,7,ulcerative-colitis
c6c622e4-0f90-4b91-ad6e-047a40f46498.jpg,0,dyed-lifted-polyps
1a97ff49-0725-4037-b533-5e1e44be3dfd.jpg,0,dyed-lifted-polyps
dcd9aa4d-4fa8-4f2a-837b-a27290951dfb.jpg,5,normal-z-line
a53767d0-1636-4c0a-803b-9f94abaf552e.jpg,3,normal-cecum
c12c5425-1a2a-49e4-ada4-0567d306767d.jpg,2,esophagitis
4016839e-95ec-489f-a620-e65746f140b5.jpg,6,polyps
3447a3c3-31ca-40d6-abda-dc273f7d9cd5.jpg,6,polyps
d318a1f8-edeb-4786-ad60-d90052b1ad3c.jpg,6,polyps
73bf3c4f-c78b-44c7-ba98-3c8f1aeed6cc.jpg,1,dyed-resection-margins
fa652daf-b8c0-4c06-9f1e-418a91cd18ce.jpg,4,normal-pylorus
39d1bd8d-186f-4c68-8e37-a69124a7b056.jpg,5,normal-z-line
d32bcd37-a17f-4007-a091-a4c951fb146b.jpg,2,esophagitis
fc79c489-b358-4368-b965-330615af73d4_00000218.jpg,7,ulcerative-colitis
b06f9b1e-497e-4e79-9d3d-ade4b17e7f37.jpg,5,normal-z-line
60acb549-ebed-4cb6-bcbc-e2ed16c14172.jpg,6,polyps
66d7b801-0e44-480b-bad7-82a0ffc430e1.jpg,0,dyed-lifted-polyps
c8f6930b-5313-4a77-b0b4-63c589399f1c.jpg,2,esophagitis
fdc184a4-f124-4a38-9602-1b8e1c7227a1.jpg,2,esophagitis
dbf20590-3232-4b2f-b6fb-25fffae0f239.jpg,5,normal-z-line
a77d42de-c70c-43b5-90f3-4feb67b0cdf6.jpg,5,normal-z-line
98282760-3791-4925-b496-d3e0929c9f46.jpg,5,normal-z-line
680819e9-04c3-403f-8324-f54aee0f5c83.jpg,3,normal-cecum
7d7963d0-b9be-498e-afee-8bd057306d94.jpg,0,dyed-lifted-polyps
2d5efac0-6b60-472c-a9a6-8a895385462c.jpg,1,dyed-resection-margins
8e27af80-4464-4736-85c9-59d87dc4c7b5.jpg,7,ulcerative-colitis
f9e1e496-9f22-4f97-a420-b68b2194df2e.jpg,4,normal-pylorus
add0cfe7-c591-4b99-96b4-471d1c71b296.jpg,2,esophagitis
c0ffa4e9-ae10-4697-987c-82fcd0e25a9a.jpg,4,normal-pylorus
9dbd571f-1012-4a6e-b05e-773ae4fe5896.jpg,3,normal-cecum
d4f8168c-5425-4960-bf5f-0db6c4d7b4da.jpg,0,dyed-lifted-polyps
c8aed1f4-cf34-443b-9557-8296e2625e2e.jpg,1,dyed-resection-margins
fc79c489-b358-4368-b965-330615af73d4_00000319.jpg,7,ulcerative-colitis
1015e8cf-735d-4e18-a221-229991f15cde.jpg,6,polyps
700324aa-ab66-42d5-a94d-c8453edef795.jpg,1,dyed-resection-margins
9e44fb00-8056-4097-b9f7-d36d61c8c6d0.jpg,3,normal-cecum
ec938785-204b-442d-8df3-3cb16aa5c0ed.jpg,2,esophagitis
70ecac52-6e45-4902-a85f-3cb68bc5be1c.jpg,5,normal-z-line
cbd30bcd-e2ec-478f-af22-ef68468277ee.jpg,2,esophagitis
ecf85859-e489-40f9-baee-654d4841cd43.jpg,1,dyed-resection-margins
7af7653f-b9e8-41e7-9245-049808a0fdf7.jpg,1,dyed-resection-margins
4546da81-bb19-48d7-bc3d-996f03e3b3bd.jpg,2,esophagitis
350984f4-01c5-4bb2-a84c-485539a1cf7e.jpg,6,polyps
edcc5b5b-eb4b-4905-aa76-d6e2e9eaa1a7.jpg,5,normal-z-line
400175fe-f25b-4a5c-a35e-a47d86737546.jpg,3,normal-cecum
57326cc4-a5e6-4159-8efa-3c5721236fac.jpg,0,dyed-lifted-polyps
55fac2ce-22ed-4e69-bd0c-6e224b60dcf5.jpg,1,dyed-resection-margins
1f51987f-e897-4b04-a596-f89c5dcfbcd6.jpg,1,dyed-resection-margins
098f555a-e437-4dee-b3e1-f7344f9060e5.jpg,3,normal-cecum
da9872f4-3bd8-4e9a-84b7-57fb4a89fde3.jpg,3,normal-cecum
a9283458-102d-412f-abb4-866ad3ef2d0a.jpg,5,normal-z-line
36fa8e50-33c9-4772-8ae8-59147f4705ca.jpg,7,ulcerative-colitis
e569477e-33e4-48c6-9139-16247fdfba47.jpg,0,dyed-lifted-polyps
6993f303-0a42-4983-b9af-c60214b381a7.jpg,4,normal-pylorus
fc79c489-b358-4368-b965-330615af73d4_00000056.jpg,7,ulcerative-colitis
2066eb01-831c-46f3-aa57-adf383abe612.jpg,1,dyed-resection-margins
698f130b-41ff-414d-908c-8d8c0f82d4a8_00001895.jpg,7,ulcerative-colitis
b69acff7-dcc4-4d4e-bc19-690e26072cc3.jpg,0,dyed-lifted-polyps
d46f56e3-d2d6-40dd-a011-05d957f934c3.jpg,0,dyed-lifted-polyps
7184ddd7-6c5d-42bf-9ce4-2532dad68c72.jpg,6,polyps
1b1680dc-57c3-4d94-8377-bf85b7a613e7.jpg,1,dyed-resection-margins
e864dc9a-663e-4076-aa87-2fbec6326344.jpg,5,normal-z-line
b17c4984-2819-4281-893e-850c3117261e.jpg,0,dyed-lifted-polyps
d8b0b1f4-b7d2-4eb4-94cb-1536e4500e2e.jpg,7,ulcerative-colitis
99d28298-4c8f-43e8-a880-10f39be8001b.jpg,2,esophagitis
d5ce3374-de3c-49e5-9ca7-284f4306a35f.jpg,1,dyed-resection-margins
5a8e352e-f599-4612-abbb-d7bb62806e2c.jpg,0,dyed-lifted-polyps
8a51742e-6308-4511-aedd-5d538f9feec9.jpg,4,normal-pylorus
8ecdc453-e3c1-4cf4-be87-3e7bc6bbb5d2.jpg,4,normal-pylorus
e0427018-c8db-4ded-9037-1f311a5f177e.jpg,1,dyed-resection-margins
178cbdf4-f5b0-4d14-a5d7-76d49c67466e.jpg,7,ulcerative-colitis
bce3d334-2adb-4c31-8b85-dfe046e16d43.jpg,4,normal-pylorus
b9c6b358-035a-42d0-91e0-b1402b183b81.jpg,1,dyed-resection-margins
fce5ae98-adf0-4d88-970e-ab0695e6cf9e.jpg,4,normal-pylorus
8d6e7e9f-d0de-4be9-a28d-66dbce719eaa.jpg,7,ulcerative-colitis
26d65c64-afed-4bf8-8104-35116c1c5fcf.jpg,6,polyps
75e0192f-9d17-4bc9-ad7f-6991b2a22c5d.jpg,1,dyed-resection-margins
d4fe7e05-367f-4c7b-885a-f6f88d388692.jpg,2,esophagitis
917322e5-3de3-43ee-880e-dd2373bba526.jpg,7,ulcerative-colitis
5b6c500c-5beb-4b69-9e9a-caee9a9c87f4.jpg,6,polyps
9d1ee8df-ec23-4d62-8fca-134cdf63c7c5.jpg,0,dyed-lifted-polyps
0cb87b92-a78f-4bba-9543-9540048a73f1.jpg,3,normal-cecum
da4faf07-03e8-4195-a9f6-c659dc25b5ce.jpg,5,normal-z-line
56b37b67-bc6a-4439-844a-89e8f9ec5a7e.jpg,7,ulcerative-colitis
bd6e9e74-0646-4b4b-908b-8368d07a899a.jpg,4,normal-pylorus
4afa2041-18a4-4b0e-a1b5-2ca879d7f86a.jpg,0,dyed-lifted-polyps
a45dafaa-393c-4996-a78e-dc34b4fce087.jpg,7,ulcerative-colitis
ae195294-85c3-4878-85f0-9d5c6e935d23.jpg,5,normal-z-line
072f6948-3b1f-4c54-980e-a34d2eb8dfe6.jpg,0,dyed-lifted-polyps
c35c4be5-b78a-4833-b45c-506045e993e2.jpg,5,normal-z-line
b35f5184-c234-4878-b96c-fe35ae0f37cc.jpg,7,ulcerative-colitis
694ebac8-8ce4-4e4e-8693-e80c1125a3c2.jpg,7,ulcerative-colitis
2d7052ef-3f63-49e2-9771-a49b049bd490.jpg,1,dyed-resection-margins
6affa2ff-6cf0-4702-ade6-6d02c85e4d43.jpg,2,esophagitis
d2676cbb-f821-4b54-bf6b-5c05f448fceb.jpg,1,dyed-resection-margins
aabf8fe9-6010-401f-a603-28ac8ef6a03a.jpg,7,ulcerative-colitis
fdc7a126-c812-400c-85d6-f2c7d2f9779c.jpg,1,dyed-resection-margins
59e2259a-e518-4f2a-afac-631e0a0a758e.jpg,6,polyps
3475ac09-04f9-40d2-8ba9-a5ac494d7477.jpg,7,ulcerative-colitis
1b2562f0-3c92-40a0-9427-932838dc7e16.jpg,6,polyps
2fdf9568-dce3-4939-a43b-307177ecaa13.jpg,5,normal-z-line
703868de-552e-4978-8dd4-94608ce71baf.jpg,7,ulcerative-colitis
31fbd917-048a-4864-9ffb-ca813bff4059.jpg,0,dyed-lifted-polyps
ee7fe535-f6a6-4155-8824-fbefc0580de8.jpg,3,normal-cecum
f0238dc2-3622-4fba-be04-1030044f74bf.jpg,7,ulcerative-colitis
83531089-a10a-4ab8-9143-3f8874aef824.jpg,3,normal-cecum
907234ff-d6f3-4027-9007-adcaaa30fbe4.jpg,4,normal-pylorus
b609e3a0-3384-4bf6-9a64-8cb6ddb463e9.jpg,6,polyps
2d356801-7921-405f-ab87-1456d7b12505.jpg,2,esophagitis
1c2036bb-3669-48aa-83b2-2788060f7638.jpg,4,normal-pylorus
9a81d2f4-1569-4a72-83fe-be2fe8a42d61.jpg,0,dyed-lifted-polyps
83afcd37-3d3d-49ea-9e11-5b2bcaf0f872.jpg,0,dyed-lifted-polyps
80f84c27-5cfc-45b8-9a9e-1e3ba58fe646.jpg,3,normal-cecum
46013e17-dfcf-4ca8-a2b0-b83fb5da0501.jpg,0,dyed-lifted-polyps
2a2a0f2d-eff0-4c03-9af0-e4259e6be3fe.jpg,7,ulcerative-colitis
cf205d6d-3f2e-45d0-893a-bd2678656379.jpg,0,dyed-lifted-polyps
3bf56e13-ef37-48fb-b6c1-a7220c9b3ae5.jpg,4,normal-pylorus
623ab1c6-ede7-46db-988f-2423bceb5b3d.jpg,1,dyed-resection-margins
5a252c6e-2dbb-425e-a97f-cfd0a4e7fa7b.jpg,1,dyed-resection-margins
43f87d02-db8c-4d79-9359-373b190951e3.jpg,5,normal-z-line
e45f451f-666e-473d-ad28-44adbdf81d11.jpg,3,normal-cecum
bbb5960f-600f-4fb8-8d18-c2b41103d730.jpg,0,dyed-lifted-polyps
bb99fe61-8d52-48e1-ae99-c21a5572d57e.jpg,3,normal-cecum
fbe188bf-ea84-4255-8f1b-f9c6b960d7f3.jpg,3,normal-cecum
3e3c249a-6e20-4c04-b0fa-e75150b1832c.jpg,5,normal-z-line
ccea2828-eeb7-476a-9d47-277efcfec2a8.jpg,1,dyed-resection-margins
b1b7ad97-4dfe-405c-9760-66d1fded8045.jpg,6,polyps
a77d3ba0-3083-4575-beb2-4035a3e42f35.jpg,6,polyps
b709b88d-e5c4-440c-9b28-a0daad8ce27c.jpg,1,dyed-resection-margins
d11a77df-01fe-4371-8d56-a6f11d7daca8.jpg,7,ulcerative-colitis
6eac2c2e-8e96-4a52-8754-119bb66f01c6.jpg,3,normal-cecum
2b96c461-9754-4794-be1f-d45afe1a6d4f.jpg,6,polyps
30f3408b-3a34-4e30-a2b1-d1957be7dda8.jpg,6,polyps
5e9285df-e77e-4ce5-9c3c-bc1e9a17a71b.jpg,5,normal-z-line
1a72fe32-81d9-4927-9630-162a9f5a4870.jpg,7,ulcerative-colitis
a7061b0c-b631-4928-8712-aadf869ed94f.jpg,0,dyed-lifted-polyps
d2a0abfe-77a8-4910-991e-3d707bab94a6.jpg,7,ulcerative-colitis
311fc1c3-376a-4d74-a7e3-58b9a8cef588.jpg,7,ulcerative-colitis
73fa8c32-6bf6-4bfe-a391-95a8a4698da8.jpg,6,polyps
7b989fbb-1b40-4347-84bf-9a512e5b4f19.jpg,1,dyed-resection-margins
8b9f345f-ab6f-4dae-82f5-ded09e40cc81.jpg,3,normal-cecum
30d31653-f9fe-42bc-9746-d92e71b4b675.jpg,1,dyed-resection-margins
d81209bb-3900-4c16-8833-d97f56f00737.jpg,3,normal-cecum
e0fe9da0-727d-4d96-85fb-1633ef3b6a6b.jpg,3,normal-cecum
0548c66c-6151-4ac8-981c-682d5c976122.jpg,6,polyps
d53df126-9ff0-44cf-a2c1-8cb9318714c4.jpg,2,esophagitis
14064331-76de-4d18-945e-8f7c3bd682e5.jpg,4,normal-pylorus
306f1ebe-1870-454f-a7c2-fdf6708b45c8.jpg,5,normal-z-line
36a11ddf-bd15-499f-957c-0e7e37df2653.jpg,6,polyps
e9982a25-d22a-4518-9456-7decfb6b53a7.jpg,1,dyed-resection-margins
5d41d048-0c1e-4457-9e39-f60933664a82.jpg,4,normal-pylorus
1a6f3432-be38-40c9-bc37-a98c60b28aed.jpg,0,dyed-lifted-polyps
8fffbd0c-11a5-4a62-a4d4-053046f617ab.jpg,2,esophagitis
33690e14-172c-49aa-a9be-b29ac8bc60e0.jpg,7,ulcerative-colitis
c801eb98-6af7-4a43-b23c-0351cffaca3b_00000237.jpg,7,ulcerative-colitis
16fb48a4-7dde-41df-aa3a-a8a73de0e047.jpg,1,dyed-resection-margins
d6571415-2f0f-411f-858a-2f59a35ec183.jpg,1,dyed-resection-margins
59c6e1d9-2eef-406d-bd1e-65aa59ded4a8.jpg,0,dyed-lifted-polyps
28021034-9462-4541-8735-e576ff5f95e2.jpg,1,dyed-resection-margins
9666c8d6-1fdd-4963-97d7-71ac80e3c7bb.jpg,1,dyed-resection-margins
ad36e4a9-3e7d-4f55-b9e3-56b5a9372c1c.jpg,6,polyps
6b33384b-2a74-4898-bbc9-e37ee8282b41.jpg,4,normal-pylorus
3db1606b-d805-4eff-aee1-02626250b527.jpg,6,polyps
e04b20f6-cc29-487d-a0ed-8716cbe0e03d.jpg,1,dyed-resection-margins
dfdaae18-e698-4a02-a724-da0791dd8ae9.jpg,3,normal-cecum
6cbfa585-0241-44ff-9fa6-8ae55e9370c0.jpg,5,normal-z-line
818e949c-9f26-4922-bcba-149a2b65454d.jpg,1,dyed-resection-margins
b2641227-0705-4480-b246-32edebccf729.jpg,5,normal-z-line
a8564a91-a660-49be-ac84-e6fe1d1be199.jpg,2,esophagitis
e263e779-6cac-4fee-a5bb-c3b0bf4d4fbf.jpg,2,esophagitis
bc568dc8-16b9-4b33-b75d-00c926c67b65.jpg,6,polyps
d5e8aa11-83e1-4e85-9e59-c06fe959077d.jpg,5,normal-z-line
6c8b7173-e655-4f43-a4fe-4ef6eda073d8.jpg,0,dyed-lifted-polyps
959c8a66-48fe-4eec-9dbd-d40c928d5ad6.jpg,0,dyed-lifted-polyps
9bb23858-2082-4f04-8a26-be1ad2c91496.jpg,1,dyed-resection-margins
1f584087-09fa-4d47-bd8f-89dc5cc7bed6.jpg,3,normal-cecum
9ee929de-a938-4b48-ac3c-a68bd092fa7d.jpg,2,esophagitis
119c9e8d-3214-4179-b23f-7b40c60f071c.jpg,0,dyed-lifted-polyps
28781a80-5944-4f6e-9f9a-c6abe0dcfb0c.jpg,0,dyed-lifted-polyps
512ee76f-9cfd-4af3-ab7f-1bb442046162.jpg,0,dyed-lifted-polyps
d60785c6-9f62-4cb0-8626-1e0fce20e826.jpg,6,polyps
fc91b04b-c192-4964-8565-6de42b3895d1.jpg,2,esophagitis
1547239e-0bf2-4798-9260-15978990bad5.jpg,0,dyed-lifted-polyps
dd139189-cd80-4b29-a965-ec26beb72202.jpg,4,normal-pylorus
4e4074f7-1fc7-46ac-9d13-95a67f25e73a.jpg,3,normal-cecum
df59d76a-9d60-4663-9adf-dedae66e1cf2.jpg,4,normal-pylorus
f9d2365f-4373-4fb1-9059-27d2b06ca267.jpg,4,normal-pylorus
2a14880c-cb9a-4efe-a326-4d9365691ed9.jpg,2,esophagitis
d6980a82-db1d-41ed-b027-a733c42968d7.jpg,4,normal-pylorus
00b1b20b-ce2b-449c-93fc-6df854e3ab33.jpg,3,normal-cecum
0b08df09-8f8e-49e5-9b5d-9daedd37760b.jpg,4,normal-pylorus
2293c4ba-1612-40a4-a69b-ad8c63b2393e.jpg,7,ulcerative-colitis
8939ab45-bac0-4876-9765-17eea4783609.jpg,6,polyps
b68c48b6-c128-4a57-acb4-bb0951e07078.jpg,7,ulcerative-colitis
e498c543-2557-49e5-a364-5bc5b2101468.jpg,1,dyed-resection-margins
8c842c19-6cd1-4ea9-b6d3-89ba075d4e03.jpg,7,ulcerative-colitis
7ecd0d3e-be25-4026-8852-a0e263f44007.jpg,4,normal-pylorus
70dda9da-8d24-48cd-ace1-a5072b845e3e.jpg,5,normal-z-line
648d1528-4ca6-4208-ade4-c562405b4161.jpg,7,ulcerative-colitis
7d92b09c-7cfe-41f2-9123-0d9b748c61f4.jpg,2,esophagitis
b32c2284-32ff-4328-9edc-355a96d6c9e3.jpg,4,normal-pylorus
dec46111-1d2f-4ba6-a837-3cc38102e9ad.jpg,4,normal-pylorus
b1f5cb7f-8f6d-43c2-a408-2cf5a062f80b.jpg,0,dyed-lifted-polyps
760dfee6-3715-456b-ad6b-48b17db59fdd.jpg,0,dyed-lifted-polyps
0d5e61ca-35c1-4bee-bf29-91ce3b2663ff.jpg,4,normal-pylorus
e523d9dd-b945-4f1a-819d-b56eccd567b7.jpg,4,normal-pylorus
49df57e7-2fd8-4b66-b246-bed626daa289.jpg,7,ulcerative-colitis
71d9d91e-872a-4132-b5d8-1514145478bd.jpg,1,dyed-resection-margins
9a45a65a-598f-4671-9c4c-4d584e3ad167.jpg,2,esophagitis
6acfb44a-2b22-4d49-a3bf-9ffc2461c3f9.jpg,7,ulcerative-colitis
27097015-e1ed-4469-9b8a-4e0c2dda5ee6.jpg,5,normal-z-line
5f17ec4a-b12b-47cf-ba51-5080ced46cd9.jpg,7,ulcerative-colitis
771c53ef-a7cd-4d55-bbff-eaaf0587d2a5.jpg,3,normal-cecum
e906ac31-e25a-461a-8577-05676ddc1583.jpg,2,esophagitis
6f4ac459-683f-46e2-b9ae-2bc29a27561d.jpg,2,esophagitis
2b41061d-eea7-4c58-8343-5c5e195f3139.jpg,7,ulcerative-colitis
bca83c80-0758-44f3-9fd4-e2408d717845.jpg,1,dyed-resection-margins
9e483351-8199-40cd-a504-6d18b00a5a29.jpg,1,dyed-resection-margins
00e301cd-5438-4ed7-846b-7d8eaa7cf4b8.jpg,6,polyps
ca08d26b-fae8-4b7f-995c-c2f33afb8d20.jpg,3,normal-cecum
971ad3fa-8e1a-4e72-afa0-2ed33dffcc16.jpg,5,normal-z-line
8af7f67c-5221-4efa-824a-bfd4ade610da.jpg,2,esophagitis
4e3aa8a1-c4df-433c-8798-5b43d35425ae.jpg,0,dyed-lifted-polyps
2a2edeab-7a81-44ce-a57f-342b8acbac4c.jpg,6,polyps
4d80eeda-2481-4cc8-84cb-e80d119ce4c5.jpg,0,dyed-lifted-polyps
00687a70-bbad-4bf9-864f-9f7b3c27a2c8.jpg,2,esophagitis
035cea82-2bc7-4dd8-8553-11cc1c0866cf.jpg,4,normal-pylorus
68dbc850-b222-49aa-b634-4f7859b24722.jpg,0,dyed-lifted-polyps
4d0c128a-5d83-414c-9955-74809c3a2a6d.jpg,4,normal-pylorus
3016a403-4cb1-465c-988b-6729677f7ef8.jpg,1,dyed-resection-margins
a5cbdf35-20ca-4e13-a127-de18e4b3be67.jpg,2,esophagitis
4dd50db8-ae0a-40a7-86b6-3524764e4696.jpg,3,normal-cecum
698f130b-41ff-414d-908c-8d8c0f82d4a8_00000845.jpg,7,ulcerative-colitis
a44f30d4-3a4c-4cdb-b74b-60e90eda42c8.jpg,3,normal-cecum
197926f0-ede5-4391-bedd-12e66d655159.jpg,0,dyed-lifted-polyps
3d7e90c2-ccbe-459a-9a51-7e4e78d19605.jpg,2,esophagitis
6ea979d7-209b-49bf-ab40-c9dc4c277231.jpg,2,esophagitis
05b66499-59ea-4a50-b7c0-22b4bf58adda.jpg,2,esophagitis
e39161da-fa27-4d2f-b48b-043db39d273a.jpg,3,normal-cecum
7b9d755e-f16c-4731-a5ca-42a3185dd76e.jpg,2,esophagitis
e1b2ff1a-146a-4611-89f6-ae3e798edd0d.jpg,7,ulcerative-colitis
9ea53f3d-b05d-4f56-9d6a-a0283179ac32.jpg,3,normal-cecum
a1ad83d5-5a75-4b3d-851f-90135e51df18.jpg,5,normal-z-line
85b99115-d334-4a40-a60c-98017e6e4fc3.jpg,2,esophagitis
751e00ff-d487-4610-aa8c-b4034bee68a7.jpg,3,normal-cecum
8bc1a4e6-8b76-4804-b92f-4598c10a045c.jpg,1,dyed-resection-margins
91e51b45-f1ab-427d-acb3-abbea205cf27.jpg,3,normal-cecum
63fba574-b93b-40db-b031-169f013d569a.jpg,3,normal-cecum
07b3d366-b1b8-4826-a565-9732bebcd4ca.jpg,1,dyed-resection-margins
73bdad01-ea8d-496a-bfbc-cdbb68baf741.jpg,2,esophagitis
e3686550-e1a3-4193-8453-dcc9afb73190.jpg,4,normal-pylorus
dfcf7709-3b15-4ae1-9ef2-55e9150b14dd.jpg,2,esophagitis
8fc67f55-ecbf-43e4-878e-60f3b7edd596.jpg,4,normal-pylorus
82c32e8b-469f-4130-9bbd-0b47d0369bcc.jpg,6,polyps
35ca52a1-3f5c-485b-97fc-9033afa94d5b.jpg,5,normal-z-line
bbac5374-73e1-4987-a33c-b8dc711dd1f0.jpg,3,normal-cecum
0a693b92-89c9-48ea-9ad8-dc1d2f84aaca.jpg,0,dyed-lifted-polyps
77c7e9a6-be8f-4c92-8bc1-6c27675538c6.jpg,1,dyed-resection-margins
1f020981-c403-4943-8e93-ef9ed118d32c.jpg,4,normal-pylorus
a930913e-95a4-487b-a0f5-84164a51fd9e.jpg,2,esophagitis
05e7c2b0-e2e7-4cdc-bcc0-89b06df1b38c.jpg,1,dyed-resection-margins
065f1f13-4ae3-4839-acc3-01f9dded13e3.jpg,6,polyps
9e3bc608-0a55-4d19-82fc-893d368fcfc9.jpg,0,dyed-lifted-polyps
4cf62566-cb6e-4c44-ab96-582cf2f79401.jpg,2,esophagitis
073564b0-bfb5-4fc1-88d1-c0b330388dc6.jpg,4,normal-pylorus
0c89b42f-aefc-411c-8805-5aeb4345df42.jpg,3,normal-cecum
a96a8700-bf46-43e4-be81-8d51f7d62cae.jpg,6,polyps
44702838-4570-4e0b-904e-5ec5ce05e592.jpg,3,normal-cecum
f96b3535-d87c-4061-aabc-9acfffed03db.jpg,1,dyed-resection-margins
c18ee76a-3c0e-487e-ab46-fb8ad9b47415.jpg,1,dyed-resection-margins
a933fd53-f554-4687-bda4-27acb3ba8e0c.jpg,2,esophagitis
7e3dd678-a725-4156-9997-2a46187841f3.jpg,3,normal-cecum
0ef94183-5179-4451-bf1f-7e1e2f94e808.jpg,6,polyps
53fbbde5-ade7-4423-9fd8-7ef1897d73f1.jpg,6,polyps
f9403c18-fc40-403d-a5fc-1d3228d28cba.jpg,7,ulcerative-colitis
3c0f73a8-5755-4a9d-94b1-2f540b8109e3.jpg,4,normal-pylorus
7c259997-2e51-4943-bd75-52b4e99f47ed.jpg,3,normal-cecum
ace58e15-65f0-4248-9b84-46e2e739c4ff.jpg,7,ulcerative-colitis
a35d5055-c8ba-48c2-b825-065d122e8d6b.jpg,3,normal-cecum
248dc618-fd5d-4bf9-8003-f0b6c96c336c.jpg,6,polyps
c1c58080-32ca-4458-a543-4e270284cd06.jpg,7,ulcerative-colitis
1c958c97-e209-413d-a63f-48d7746d8fad.jpg,4,normal-pylorus
9ea8e0e4-ae6d-446c-a808-c184116398ce.jpg,7,ulcerative-colitis
d601821a-15d7-4911-9ef8-733a67c7b5d4.jpg,4,normal-pylorus
14ff2167-13ca-4060-a0fc-aafca526b2af.jpg,1,dyed-resection-margins
35675d55-bdfc-42c9-8e53-93bb9298834b.jpg,6,polyps
7447e47f-5ee0-44b9-883c-fa902fbeab76.jpg,5,normal-z-line
18b31242-1f39-4af3-8bcc-77427bf488b3.jpg,2,esophagitis
1833fa4e-c228-40fc-8b39-33c5ca1e3bdb.jpg,4,normal-pylorus
8fc9e61f-cd3d-41cd-8a63-ae661b9959c2.jpg,0,dyed-lifted-polyps
42a0d4be-1a04-4659-8513-08eaed08af1b.jpg,3,normal-cecum
0a8570b0-405c-4880-8800-a1e2a310a03c.jpg,6,polyps
584f1fa0-9bb9-49d3-b412-c42819d0a200_00002716.jpg,7,ulcerative-colitis
e98982ff-2448-48aa-adc6-a7b5aca6b3e7.jpg,3,normal-cecum
3cf22724-538f-4652-822b-63730d0b8057.jpg,1,dyed-resection-margins
e7651069-36ca-4951-92bd-40c9b3ec872e.jpg,2,esophagitis
c99aac5f-0dd3-477b-b63b-32797f9ce3f9.jpg,4,normal-pylorus
820bb90d-3a37-4b1a-8498-56a385ccc69d.jpg,2,esophagitis
a80abd57-829c-486e-9573-a4365e35b6e7.jpg,6,polyps
ffd9bb76-6c38-4027-b54a-adc732c86d63.jpg,6,polyps
8166ac92-57d3-406a-be7d-fef406ec084a.jpg,6,polyps
d1caf825-4453-454a-9f0d-d9d3c079d7da.jpg,2,esophagitis
e2e53fac-1be5-4d14-9625-f98194909cb6.jpg,5,normal-z-line
52f17c03-5377-4c53-b0f1-5b29865622f0.jpg,1,dyed-resection-margins
27732b79-16a5-4528-8093-b6cc4ae3a969.jpg,5,normal-z-line
983f8c80-80bc-4870-9a77-d293592695ed.jpg,7,ulcerative-colitis
9ae60867-ef66-4ab2-986b-32fbe9fd0831.jpg,2,esophagitis
32f4e369-d971-4e5b-a7c5-e77cf319b27b.jpg,7,ulcerative-colitis
e0ff46ca-8557-4771-9460-0b7b4f6d82fd.jpg,1,dyed-resection-margins
3e98c394-c1d0-41fe-ae41-6ae173d4ad18.jpg,0,dyed-lifted-polyps
a31735b7-a0cb-44ff-8aa5-4d09c31aaca0.jpg,7,ulcerative-colitis
d696c353-1948-4878-94c5-f0c710c507a6.jpg,4,normal-pylorus
1bc0bacb-b22d-40b6-9057-ba9cd278f4ce.jpg,4,normal-pylorus
15e3ebb7-8dc7-4b2b-b93d-1b5731185c97.jpg,3,normal-cecum
7b7637c5-4d78-458a-9763-989581a59c5d.jpg,2,esophagitis
563f3867-41b0-4d51-a3c9-202675b53b10.jpg,0,dyed-lifted-polyps
ff3a69dc-a65b-4490-ae26-c14430727a01.jpg,7,ulcerative-colitis
3af23856-8713-4ac6-a648-6730175516e6.jpg,5,normal-z-line
573bf8aa-0db8-44bf-ac74-b1c674c2bbee.jpg,7,ulcerative-colitis
10a19193-67e3-41fa-899b-cd7dc5b64274.jpg,3,normal-cecum
9fd3aa29-004d-47fa-882a-aecb80afc740.jpg,3,normal-cecum
5b027c96-5c89-4197-9f31-7735c0f61071.jpg,5,normal-z-line
c010d670-0556-4147-b0fc-75ecaa4315fd.jpg,4,normal-pylorus
0aa2e5c7-f32c-416c-920c-3504f1438ee1.jpg,4,normal-pylorus
cc7db46c-2f3e-427d-b3dd-be62c98225e5.jpg,5,normal-z-line
2ef9c4ad-20f5-471d-86ed-03de964305ff.jpg,6,polyps
7726cf07-7a22-4c93-be93-2e0097c77e78.jpg,2,esophagitis
63e7a80c-ae07-4dac-9417-74b65351d4ac.jpg,7,ulcerative-colitis
e5959a34-6b52-4053-b047-1d769a138bb9.jpg,0,dyed-lifted-polyps
fe7f77f0-6bdb-4a27-8399-40d492a69957.jpg,7,ulcerative-colitis
e82baf8c-55ea-4f08-91b9-3d83ef27798b.jpg,6,polyps
e03a0673-03a2-46a1-aa09-0f5d904ea29b.jpg,6,polyps
b31a71e5-95a9-423b-9c7c-755593fed3d9.jpg,3,normal-cecum
cedb2821-7ccc-449a-8a98-7bc57bc61668.jpg,4,normal-pylorus
42ddb066-32a8-494a-ba7f-70fe2231020c.jpg,3,normal-cecum
c0915411-5b93-4061-9904-cf18e2cd2b56.jpg,5,normal-z-line
67796a58-4bcd-4d12-9484-093c3c45cfa7.jpg,6,polyps
b2cedfe6-20d3-43e1-bb0c-6c8280ea00bc.jpg,7,ulcerative-colitis
f8e85ccc-d01c-4ee5-b3cc-53eeffb70b34.jpg,2,esophagitis
3fcc8de9-fa20-4bb5-9e2e-6994ce51e43b.jpg,2,esophagitis
29c4b403-3d24-4227-8c62-6cfd9ed3ba9b.jpg,7,ulcerative-colitis
1b905ff4-d2ee-48f0-953f-05dd3b2cbe38.jpg,1,dyed-resection-margins
389c0eba-52ed-488b-bff9-5290a6ff5b2c.jpg,3,normal-cecum
77b7cb2f-f005-4188-a92e-389d7182fcb9.jpg,1,dyed-resection-margins
ee207d34-2a52-4290-9647-61b4b1021d3b.jpg,5,normal-z-line
ae67b076-24f7-466f-9b79-21376ff3439a.jpg,2,esophagitis
fb530592-4c37-40ac-bdc5-9c0d9bb25ad3.jpg,7,ulcerative-colitis
138679f9-237b-44c6-bf26-b9921c6b4131.jpg,6,polyps
b77b8e44-cd94-47d2-8d29-13f96c5471f7.jpg,2,esophagitis
95052914-7690-44e4-b30c-354765e148fe.jpg,2,esophagitis
3086c0ca-b5da-4222-89ec-3ab6a2405b3c.jpg,7,ulcerative-colitis
1a5d6a2e-8c50-4590-b90a-f90d789da097.jpg,3,normal-cecum
4aa1ec37-47d8-44b9-9414-eeb5b32d14a2.jpg,2,esophagitis
46fa1b8e-e4a2-450b-b673-d90482883acc.jpg,1,dyed-resection-margins
01e023db-5c76-4c28-91ab-06e36cd31495.jpg,3,normal-cecum
cdca9223-4a15-4855-a579-78b00020817f.jpg,6,polyps
69f34270-b884-4927-bbd7-d153b5a8f29a.jpg,2,esophagitis
bcdd43e3-1ead-4ce9-8b32-f4b55a3818b5.jpg,5,normal-z-line
1fd2612b-18d5-4155-b426-72abaa45fac4.jpg,0,dyed-lifted-polyps
7e7abaec-4877-440f-8c37-771c98658140.jpg,4,normal-pylorus
4c092662-b8cf-4cd5-ade1-4e1ac80ad8f8.jpg,3,normal-cecum
c6c74138-86a4-489c-840b-b01d5502df09.jpg,6,polyps
4ef28303-6912-4aac-aa8f-b36ae3697096.jpg,0,dyed-lifted-polyps
c0eccbdd-2378-44d3-ae8d-a70a3d77c198.jpg,4,normal-pylorus
ae68bef5-8ca4-42fd-a275-d34ee4ea8c14_00000384.jpg,7,ulcerative-colitis
b38a8d2e-821c-4ba1-8f08-f1e0b5dfef18.jpg,5,normal-z-line
3f9e3b87-50f9-4b1f-9258-8d2fdac1e831.jpg,6,polyps
9d58985c-ad78-4df1-ab94-d92ff4de8b83.jpg,4,normal-pylorus
89c7b103-a169-4e42-b80f-3cb63356257a.jpg,5,normal-z-line
eeb0af4f-f5ba-40df-82d5-8064e18a6b3f.jpg,2,esophagitis
9a583af9-f42d-4ddf-80b5-ce0ee5b2559c.jpg,3,normal-cecum
cb67f2f1-429d-4124-874f-47b59f935688.jpg,4,normal-pylorus
dad7656a-832e-4b9e-8758-053d83b790e4.jpg,1,dyed-resection-margins
6768b579-d528-4260-be9a-635831e1bee6.jpg,2,esophagitis
256dedad-aa99-423a-afe5-e01a722c0652.jpg,0,dyed-lifted-polyps
3d0f65d4-f5a2-4d66-bbc8-f7210f7ab3c3.jpg,0,dyed-lifted-polyps
576dc54b-805d-431b-b747-3c21d049ec68.jpg,7,ulcerative-colitis
19f80a92-2b5b-4651-b5f0-570954c232ad.jpg,4,normal-pylorus
9691bc78-f289-4b6d-be7b-c240955138d2.jpg,1,dyed-resection-margins
88bac715-dafc-455c-a8ab-f286c1265802.jpg,3,normal-cecum
23745e74-a557-483f-aed6-beca9e90f303.jpg,0,dyed-lifted-polyps
6dcf74e6-4476-4831-ab30-bf1f37b1ed6e.jpg,1,dyed-resection-margins
81c7e595-9adc-4785-bc4e-19d1e22d5399.jpg,1,dyed-resection-margins
191dfdc1-c159-45d9-bba1-b070e48308b0.jpg,7,ulcerative-colitis
1bfd70bf-c796-4bfe-b60b-17b72094b6b2.jpg,3,normal-cecum
985276ad-f4f0-49c7-b31f-ecd090d8ea50.jpg,2,esophagitis
fad11dc4-72bc-4053-a329-4330e402c72b.jpg,7,ulcerative-colitis
38ccd5a8-d2c9-440c-9495-747895987769.jpg,7,ulcerative-colitis
e9f2606b-c2ee-4af2-a3f1-134f48948422.jpg,6,polyps
0de0c832-5841-45da-b4a9-5c89b51f792e.jpg,2,esophagitis
ea5654b0-ef55-4a73-9314-b5d015b30445.jpg,5,normal-z-line
e45274b6-093f-4ce3-84f0-3e0d576b1fc1.jpg,7,ulcerative-colitis
f9f88922-841d-4a93-b8e5-3cc1b5bfc98f.jpg,6,polyps
977fa5f1-2a33-41ea-b81d-c3b6eabffdea.jpg,1,dyed-resection-margins
7864e146-4de1-4a9c-b763-6d7e73804975.jpg,0,dyed-lifted-polyps
3aa6ad54-6a69-49a6-8fdb-4ed414dbe737.jpg,4,normal-pylorus
c09be39d-58b8-4f32-864d-310d39cd300a.jpg,2,esophagitis
d0acc8ba-a7fa-42ae-a361-b7535784c9e5.jpg,0,dyed-lifted-polyps
abf151d9-37ad-4e51-815b-3b5b9fa292ee.jpg,5,normal-z-line
b618b8d2-bc84-4bc8-ab7a-bd2cec25546d.jpg,0,dyed-lifted-polyps
e0e8ba0c-3759-46ea-aaff-fce13742a61d.jpg,5,normal-z-line
fcaf1976-bca8-4840-806c-5e358fd7cc88.jpg,1,dyed-resection-margins
0aad4e79-d3d2-47b0-b6e6-2ebd7fbfca8f.jpg,0,dyed-lifted-polyps
b2e100e5-5449-4790-8647-7dc5c49651bf.jpg,3,normal-cecum
d155daad-fb1f-4926-a0d9-6bf236b87e40.jpg,4,normal-pylorus
e275fbea-78ca-4dc7-9673-31a5486c9a73.jpg,2,esophagitis
9b930a2b-87ce-4ff9-9fb8-b50d0d2d1539.jpg,3,normal-cecum
3536f8cf-0e16-48c2-a60c-c12d14561877.jpg,5,normal-z-line
e9755bec-8611-4432-87f8-49981418087f.jpg,7,ulcerative-colitis
cde932d8-dd60-4857-a5cf-bdbe274beb87.jpg,0,dyed-lifted-polyps
fcfdd9d4-c25b-47ec-8235-df898516d140.jpg,5,normal-z-line
fb186f2d-cc2d-4ad2-a9aa-9c092f5e0ebd.jpg,7,ulcerative-colitis
6a8e6601-c42e-4fad-9153-7d5bc6b15acf.jpg,4,normal-pylorus
626c321e-b749-437c-8ce3-df1d6a9cddff.jpg,2,esophagitis
922872d3-e159-445a-9b97-33b92ff9c82f.jpg,7,ulcerative-colitis
1fcda645-9cc8-4cb5-bf73-1caf21ac6f08.jpg,5,normal-z-line
ec1d64e6-3a23-40c2-901e-1d5b6d3d53b6.jpg,1,dyed-resection-margins
b49d8030-700d-410f-a20e-66167a829449.jpg,7,ulcerative-colitis
fd378895-becb-47f0-9a71-560c2cc244fa.jpg,2,esophagitis
74233815-f763-4c59-90b2-e2ce7b3d69e6.jpg,2,esophagitis
fb9f16a2-fd16-4a15-9c06-16613c7cf4cd.jpg,5,normal-z-line
69c84c5f-7d3c-4286-9d9f-77b24f6af6d4.jpg,5,normal-z-line
0f04fc18-1740-4259-ac97-a7853a6e4486.jpg,3,normal-cecum
b1ac6bfd-0b17-4b7a-95f5-6af210a6bf8b.jpg,3,normal-cecum
0dd2a5c0-777a-4add-8956-8c3d6e851cc1.jpg,4,normal-pylorus
07bba164-2e5b-43ce-80fa-f6b7ce3a90bf.jpg,0,dyed-lifted-polyps
758cb2fc-f3ec-4f8c-97b1-4f311f095823.jpg,6,polyps
1ca9f860-42e7-49bd-a90b-21cde711dd40.jpg,3,normal-cecum
b21ca6e4-976d-4e55-9ba0-8e369476d48f.jpg,5,normal-z-line
2da4fb09-672c-405f-b0df-93772fc3d19c.jpg,5,normal-z-line
80eb467c-9ba0-4f59-a9c0-267438a9d389.jpg,3,normal-cecum
e0808fb6-26e3-491f-b7c5-d2944723514d.jpg,6,polyps
b2104e25-9926-4f1f-9409-94790f6fba93.jpg,1,dyed-resection-margins
3192b0b3-9c92-47cb-8068-f0ef6702db48.jpg,7,ulcerative-colitis
01cf965e-28f2-4fc2-9d42-dace76989ca2.jpg,5,normal-z-line
d0ff8a68-a8b8-4f33-8f38-02206d0e821e.jpg,1,dyed-resection-margins
eefedd96-31ae-4803-8a27-d2c8ab3ca50f.jpg,5,normal-z-line
7520a024-091f-4e2e-9bdf-4620081819b5.jpg,0,dyed-lifted-polyps
6daf36a1-dacc-4ec7-af33-e005f33c04a0.jpg,2,esophagitis
1c16a788-ea40-4836-b22d-13827ff6cffd.jpg,4,normal-pylorus
62a86305-8e4a-4d13-920e-83baf459c83a.jpg,2,esophagitis
7c5e9d3e-d964-4473-82df-8eb269857696.jpg,4,normal-pylorus
64a22246-f972-4c9b-9905-a6dd3e747f62.jpg,7,ulcerative-colitis
1d1593ae-6e02-46de-9d95-9a9e4bd2270b.jpg,3,normal-cecum
e6f527c2-fa7d-4b88-a968-f7b3469ef06c.jpg,7,ulcerative-colitis
3f378f8c-8104-407e-85d7-38d5128e0d75.jpg,4,normal-pylorus
5fffd126-0058-47aa-ad00-7e4b6d230aee.jpg,3,normal-cecum
2d3d3a81-35dd-4291-8038-4007ebba47be.jpg,5,normal-z-line
b381de8f-148c-4959-ae10-fbc07a0ff244.jpg,4,normal-pylorus
31618922-f12c-4860-a2b1-1b1fef32a7c1.jpg,6,polyps
ae68bef5-8ca4-42fd-a275-d34ee4ea8c14_00000288.jpg,7,ulcerative-colitis
dc59b993-65ee-485d-bbcd-5b33734f2799.jpg,4,normal-pylorus
296038bf-2e67-4ea0-b089-fa71dca4a5e8.jpg,5,normal-z-line
c1d9fee6-39c3-49bd-9c88-2048d5de9192.jpg,2,esophagitis
44cbbce2-0279-441c-871a-c143b66ed92c.jpg,2,esophagitis
d4beba1b-ef94-48d6-adfb-64313cdbbc61.jpg,6,polyps
364c7d9c-f5f2-4af4-9a7e-62f8381d61fa.jpg,0,dyed-lifted-polyps
5cc943b0-5113-49b0-b8cd-5cb4cf045d58.jpg,6,polyps
503a6f93-04fe-4fc2-b1b4-d178eef98b4d.jpg,1,dyed-resection-margins
c4c647ca-d3f1-40e5-bd12-0f45cc5189bd.jpg,1,dyed-resection-margins
477c8471-20e4-408a-b600-b29518d74ccb.jpg,5,normal-z-line
3fa9238d-7e94-439f-91df-1a89df36816f.jpg,1,dyed-resection-margins
bf6b54cf-000d-4846-a318-0024d17e3d80.jpg,6,polyps
45cd82ce-cc5b-43a5-8e3f-3e17fd40cf91.jpg,1,dyed-resection-margins
4baa6770-c4f8-42f7-9bae-5a7591e32c85.jpg,2,esophagitis
1f06e970-e8ac-4cf8-b418-d8f59ed66cf3.jpg,2,esophagitis
8a18ddfa-9680-4625-8716-f991452c3132.jpg,1,dyed-resection-margins
4b83d592-5572-4e26-8c91-e9dc05448e1f.jpg,3,normal-cecum
add68477-a0e2-438d-a276-cf96843d3ab3.jpg,2,esophagitis
597ca228-b86d-4ac6-a5c5-a8bffe49b436.jpg,7,ulcerative-colitis
09bdfe61-9771-4475-9948-ef891bad349a.jpg,4,normal-pylorus
14a0ceb0-2254-4727-8813-f80197642496.jpg,1,dyed-resection-margins
4167dda8-03fd-429a-964b-45e5965470e2.jpg,1,dyed-resection-margins
8277598f-d130-4859-8609-858861786278.jpg,2,esophagitis
d6f6731a-aaba-4fa7-be0e-260d8d8d5b0d.jpg,2,esophagitis
477b9f23-938d-4035-bb9e-c91e130eb113.jpg,7,ulcerative-colitis
c848d65e-886f-48d0-bcb0-7a6c33080839.jpg,7,ulcerative-colitis
10f44652-89a8-43dc-b620-cc05c9470158.jpg,1,dyed-resection-margins
1b994980-68a8-4d6a-afce-87ab4a4e7b3c.jpg,5,normal-z-line
04d8ae41-0d9c-4994-b6ff-2466bccae84c.jpg,3,normal-cecum
76124613-837b-4f57-ae26-ddb58d8ce6fd.jpg,2,esophagitis
12dc6ae2-b4f8-48d8-90e9-a82f2e0158a4.jpg,2,esophagitis
b218f19c-60f8-4f3e-a273-babddaad4823.jpg,5,normal-z-line
3da26c30-710b-4471-bc93-2f38f7edd28c.jpg,2,esophagitis
f8e9f8ad-bae1-4f57-82c2-b13e72bfffad.jpg,5,normal-z-line
5bea89c7-3057-467e-bcc6-466f8b87e668.jpg,3,normal-cecum
f9e93f45-4430-4087-a13d-daf39f99acaf.jpg,2,esophagitis
4d3a57af-a8ac-4fcf-89f5-8612df32d0c3.jpg,2,esophagitis
e8fb79cb-d0f7-454c-b281-50ec85b31cdd.jpg,5,normal-z-line
d45513a6-cd24-4299-acc5-4554126ff53c.jpg,5,normal-z-line
88e90dd0-09ee-4087-a941-357e158415ec.jpg,7,ulcerative-colitis
ab8dc70c-33aa-42f3-b3b8-a38ed2d47673.jpg,4,normal-pylorus
bfbc8389-363d-4a92-a211-291bff6e2f96.jpg,4,normal-pylorus
f9e44bc6-43a2-4342-ada3-1b5df76d3e80.jpg,3,normal-cecum
6b428229-461e-432f-853c-b391796e7af4.jpg,4,normal-pylorus
edc27ccf-71c1-452e-969c-a03644ffb705.jpg,6,polyps
7ca978f1-93fe-4ea6-8a94-106f48c8e01a.jpg,4,normal-pylorus
01f21a32-3454-4ed2-be03-a42191e47fe9.jpg,6,polyps
78bc2be5-2cfa-4d49-b7be-8a2df99b26f4.jpg,0,dyed-lifted-polyps
d1faf133-9284-472e-a088-64992b0d8364.jpg,5,normal-z-line
42b06e58-8f3a-45a4-acda-0ffb3dcabb90.jpg,6,polyps
18f75e27-d55a-4962-959b-f1979a146f8d.jpg,3,normal-cecum
19933bbf-b1ca-4f68-974e-cb27d2a69193.jpg,7,ulcerative-colitis
4df6e3b4-bbc8-4675-aefd-3343268e1035.jpg,1,dyed-resection-margins
adc09942-ecb5-479e-bb59-f02f336e4ac7.jpg,0,dyed-lifted-polyps
d7594e2b-93d2-47cb-8e51-82f3804659b7.jpg,0,dyed-lifted-polyps
2ae566f7-5e1f-4ca6-8759-a6886ea056f6.jpg,7,ulcerative-colitis
d91ec8fd-f45e-4a62-9510-5742b9c244da.jpg,1,dyed-resection-margins
69deaa40-fea5-46a9-ba2e-c2f903f92434.jpg,6,polyps
e4b781f6-8cab-4beb-a2c1-6a3bf727ca99.jpg,0,dyed-lifted-polyps
eec453d7-7a18-4724-8d3e-368611d54a2b.jpg,5,normal-z-line
81744c39-a511-47c0-9114-ba1e17e9be97.jpg,5,normal-z-line
d114fb53-468b-4232-a6e7-60005ebb2af2.jpg,0,dyed-lifted-polyps
4a3be107-14a7-4bbb-a08a-3ed7d7ad946e.jpg,5,normal-z-line
5a5f5ffc-8c0a-4eab-a05b-36f1091ca38b.jpg,1,dyed-resection-margins
78c3e3b1-924a-4d37-96d1-267ce7fbfa52.jpg,1,dyed-resection-margins
46c23a40-8a71-4c0d-bc56-cdf82c8a29a5.jpg,2,esophagitis
bafd54da-3ba3-48a2-bb73-216b4419824b.jpg,5,normal-z-line
eef391bd-69ee-408f-99d7-66a6e83c0edc.jpg,7,ulcerative-colitis
ebd14ffe-f20f-4f71-80b2-763203f2f3dd.jpg,4,normal-pylorus
c92245ac-0bc4-4b48-90ba-d5e30181516d.jpg,5,normal-z-line
3604e3f8-eb09-4ab5-a1e4-cb1870af8b7b.jpg,4,normal-pylorus
0c9ae570-1bb9-44ee-96db-11deabcc791e.jpg,3,normal-cecum
8ddd9d95-e074-4844-91ce-da14e350c80a.jpg,0,dyed-lifted-polyps
1fefa118-b146-4372-9dc1-0ee4034bf78b.jpg,5,normal-z-line
ff2f37a2-6290-45fa-a9c6-45b987e84d97.jpg,2,esophagitis
9f2a503c-b7b3-4fb2-8319-d2679209c7af.jpg,1,dyed-resection-margins
b70191eb-6aae-4b87-94aa-912833d672cb.jpg,3,normal-cecum
81f19330-a09f-4022-b697-819e66a5d6e9.jpg,3,normal-cecum
c9d30866-a28f-497d-95ef-f1f1c3b570b6.jpg,3,normal-cecum
9d0c7180-4fd1-438c-bf57-d6115f66b96b.jpg,4,normal-pylorus
e8fb4cea-056e-4050-a092-820a33b6d29e.jpg,3,normal-cecum
92022100-2744-4d84-82e7-04216cbc5a10.jpg,7,ulcerative-colitis
7f725c7b-8e5d-4711-be9d-37d878467a56.jpg,3,normal-cecum
dd8270de-e4f3-4bec-89f2-3f8989d1607f.jpg,6,polyps
b3da8e03-aee5-485b-9210-21e149ad569a.jpg,0,dyed-lifted-polyps
88e1bfca-2264-4327-911d-394dce0bf153.jpg,7,ulcerative-colitis
a4a0176b-42b5-4d62-bd51-203040cb6234.jpg,5,normal-z-line
30a74e8c-d2f1-483c-9443-2347dbd1aa76.jpg,2,esophagitis
180f20b0-43d3-4a48-95c8-753a309385a1.jpg,6,polyps
bcba8054-fb9a-47d5-97f9-c3b9fd8c11be.jpg,2,esophagitis
a7354506-e6d2-4943-a5b5-1944937bceb1.jpg,5,normal-z-line
973b8928-c4eb-46c5-86d0-78a06e620595.jpg,3,normal-cecum
35200101-27a3-4962-bbdd-e9e84e93ef0e.jpg,0,dyed-lifted-polyps
4c51fe7f-f44e-41d1-ac8c-c10703969f18.jpg,1,dyed-resection-margins
ea3d632d-c74f-457d-ae7b-346222d1a031.jpg,5,normal-z-line
01a146ce-c9a3-42af-9f53-573e90975abe.jpg,5,normal-z-line
74922dbd-7e1b-43bf-a22b-ee5e67bcbb78.jpg,3,normal-cecum
8e9dcc80-d7aa-4ff2-af07-0bba7c0c7479.jpg,4,normal-pylorus
2129a6ae-b98d-48e7-8b87-8885bebfdf4b.jpg,1,dyed-resection-margins
c2cd76dd-ca5b-40b7-ac67-d192136e7378.jpg,0,dyed-lifted-polyps
43036424-64b8-4a84-b85b-ae76041a2539.jpg,6,polyps
4a610269-864c-47ef-8643-31027c83500a.jpg,5,normal-z-line
60a4ccda-b1aa-47ee-8ee6-5117f3461295.jpg,7,ulcerative-colitis
7b3b1620-32dd-4e88-addd-b35f40608fce.jpg,6,polyps
c67f84a9-dcbd-4265-a2a8-52a683570376.jpg,0,dyed-lifted-polyps
0a65efe3-c779-468b-9668-699090ab8b74.jpg,1,dyed-resection-margins
ae9eaa51-74ae-4b89-a568-94fbf536b434.jpg,4,normal-pylorus
e257dd9d-db82-48c4-8004-d4625a46aba8.jpg,6,polyps
191715a7-bbf3-4c4a-a972-25a527fdda70.jpg,2,esophagitis
51d135d3-413c-496e-ae60-8025b871103e.jpg,5,normal-z-line
8f4545fc-0c45-45e2-9274-9bb804914970.jpg,3,normal-cecum
9f22910e-1279-483d-89b4-02b23f07291e.jpg,1,dyed-resection-margins
dd941318-8dc6-4d85-bcf4-189b650c80c1.jpg,4,normal-pylorus
69af0deb-39bb-4a24-b630-31aae75defcc.jpg,0,dyed-lifted-polyps
c20d9266-6884-4efd-a47d-62ea257a8e3b.jpg,0,dyed-lifted-polyps
fa3fad9f-c672-4778-a80f-b682e44af3e0.jpg,7,ulcerative-colitis
43742e7f-46d4-4b01-8166-a6d77cb86aa3.jpg,7,ulcerative-colitis
ce6040e8-ba28-49d0-8ec4-794fae5b898e.jpg,5,normal-z-line
e1fca083-b452-410d-8847-479eec23a2fa.jpg,5,normal-z-line
83ce36e3-32ee-4739-9107-c180d16576f7.jpg,0,dyed-lifted-polyps
5432120e-aaa6-44e6-9d0a-256978a7f5e9.jpg,7,ulcerative-colitis
7760dbd7-b401-481d-9719-12242e555a90.jpg,3,normal-cecum
e4fbe114-7e5e-4a0f-a856-ba2b39fb7b87.jpg,7,ulcerative-colitis
399b4cfb-508e-4e40-bba3-a187c2c7fd5a.jpg,0,dyed-lifted-polyps
2a9ff8dc-9def-4626-9d23-70b23e3e042e.jpg,0,dyed-lifted-polyps
219aa4c7-4948-4a64-8224-17c41e9fea82.jpg,0,dyed-lifted-polyps
45c0b229-97f9-4446-a8f1-a5140ef307a1.jpg,2,esophagitis
584f1fa0-9bb9-49d3-b412-c42819d0a200_00001360.jpg,7,ulcerative-colitis
a084d79f-b832-4930-b5c9-73e00bb29012.jpg,7,ulcerative-colitis
abdd4d82-6a33-4ab6-8917-1ad7e0ec798e.jpg,2,esophagitis
246295f2-ce77-4b0a-a5d5-8054dabef057.jpg,7,ulcerative-colitis
fc79c489-b358-4368-b965-330615af73d4_00000308.jpg,7,ulcerative-colitis
f01dc6b7-381e-4c02-9499-b9d6830091a4.jpg,5,normal-z-line
e4567e8d-0db4-403d-ac12-472a866e365e.jpg,5,normal-z-line
0e7ef394-a63f-4273-97b1-db7202b4fb22.jpg,4,normal-pylorus
2ba7feb4-9053-45e4-9f43-b715dc6ce951.jpg,0,dyed-lifted-polyps
c58c3750-5428-48ce-96a4-43dcfbf2cca5.jpg,3,normal-cecum
05607d9c-9577-4190-8040-ee73f7982241.jpg,1,dyed-resection-margins
5500c70e-987d-44b3-808a-99c891d01fd6.jpg,0,dyed-lifted-polyps
dd2ccbca-c344-4380-954a-d00334b491af.jpg,4,normal-pylorus
6d3d8f03-1ecd-4beb-830f-76cdb17f6b7c.jpg,4,normal-pylorus
de41f571-7a1c-4ee8-a2c7-de01febba489.jpg,0,dyed-lifted-polyps
2b4c6723-620d-4a70-a3ab-d9e8697f4df2.jpg,2,esophagitis
d79f75b4-6571-46de-9d7f-0f8d9d319ddd.jpg,4,normal-pylorus
03adaef7-3900-4624-9ffa-6df25d1ee70c.jpg,3,normal-cecum
2041f1d7-e3e0-488f-95f3-40a2a7d163b6.jpg,7,ulcerative-colitis
0a994cfe-761c-4d53-ad76-668927ccd347.jpg,6,polyps
61f1c0fe-c4df-448d-a2c9-4aaccf82458c.jpg,6,polyps
0d2302d2-293e-48fc-83da-3547affbf9a4.jpg,1,dyed-resection-margins
334e91f8-aa87-4a5e-a084-f361d8f0cde2.jpg,4,normal-pylorus
67adc1dd-dbe4-46aa-86f9-0bebb1a4f5cd.jpg,1,dyed-resection-margins
bf3cebab-2903-435f-8677-68426c6b4f8d.jpg,2,esophagitis
6d87997f-41d9-475c-ba6b-0d03b3f5e1dd.jpg,5,normal-z-line
409bb2f1-c48b-4452-8e49-efa2ec19d52f.jpg,7,ulcerative-colitis
26425fee-59c2-444f-8a60-754f0eee97a2.jpg,1,dyed-resection-margins
9d0bd307-8a86-40e6-b7c4-8ffef2e60942.jpg,7,ulcerative-colitis
aa93cb3e-95b8-42f5-b650-a755db6142a5.jpg,0,dyed-lifted-polyps
bccfdfd6-c69a-4fc8-9bad-135747bd93b7.jpg,6,polyps
7b866e10-6d7f-4ee0-9559-341952289ac3.jpg,6,polyps
678cda14-372a-4e21-bdf2-1b0778439629.jpg,3,normal-cecum
c89e2c6b-4a7e-4370-bdf9-ad860d10cb1d.jpg,5,normal-z-line
508eaf71-a8db-4fa1-b6c4-80a6ee8442d6.jpg,3,normal-cecum
c90a75d8-f05f-41e8-8c80-1d6de0052d41.jpg,4,normal-pylorus
6e8054b4-568c-439e-adb2-e9355010933f.jpg,6,polyps
328c76df-f2c7-4052-8b6a-2d31fee0908b.jpg,5,normal-z-line
78ecb587-0d61-4842-a049-ae134f3fff6a.jpg,0,dyed-lifted-polyps
c0cb53ad-fc23-4712-b2e2-ffdeeb2c7b13.jpg,5,normal-z-line
d0a0f1ff-8940-4d32-97a4-bbf05e8518eb.jpg,4,normal-pylorus
32fac3fd-105e-4eee-9226-f0fb9181c862.jpg,1,dyed-resection-margins
ae064b94-fea0-406b-be53-3b248f6ba486.jpg,0,dyed-lifted-polyps
ef0f76c7-6dfa-4459-9b8a-f8d8fdb3694e.jpg,7,ulcerative-colitis
3818e0b9-69b1-4107-9781-557814fb99aa.jpg,5,normal-z-line
cffcf643-4bec-4829-b37c-e7dc8bb325d6.jpg,2,esophagitis
ac68260e-eef5-4c18-b6d2-1c83477a44ac.jpg,6,polyps
d3f32e04-3b95-41a2-aeb9-81000ce7894d.jpg,3,normal-cecum
48a95760-d98a-4dd6-bf5d-32b94c01187e.jpg,3,normal-cecum
645b6fdc-a3b6-46a3-a79a-614268daca96.jpg,3,normal-cecum
19f80c38-91a3-4d0f-aa3d-198ae4f7e30f.jpg,3,normal-cecum
fa32d6eb-f2fe-4d85-aad4-c7d295796b0f.jpg,1,dyed-resection-margins
ad51c24d-2483-4a43-a630-f1234e98938a.jpg,3,normal-cecum
d2ef37dd-9477-46b1-81dd-2eb906d38be5.jpg,5,normal-z-line
e6456a47-401b-4986-aa40-adb4a4e312ad.jpg,1,dyed-resection-margins
c116d49a-64af-4059-af00-a88e687d46d7.jpg,6,polyps
2608470f-6d89-4d33-83a8-de62c1e72b3a.jpg,0,dyed-lifted-polyps
0111fb06-3113-4abf-9050-7bfb8d4688f5.jpg,3,normal-cecum
5d0c4a08-8c81-45b7-900a-4cd94dfdf439.jpg,4,normal-pylorus
b566776b-c14b-4d3a-966d-61fe96b5e9d0.jpg,4,normal-pylorus
058aa0f5-e4be-48f8-bb12-27173a69c2f8.jpg,6,polyps
de75ae87-9e25-457e-a5c2-0581e7e20693.jpg,5,normal-z-line
584f1fa0-9bb9-49d3-b412-c42819d0a200_00002160.jpg,7,ulcerative-colitis
a826da5b-ff3d-4e24-b8e7-c6d83271f264.jpg,5,normal-z-line
2963ad7c-e227-4870-9432-86f2db75b0d1.jpg,5,normal-z-line
45e4dc9e-0fb9-455b-8f60-8604e2f1955c.jpg,5,normal-z-line
237c5c2f-17e4-47ac-9260-16ce2b6778ab.jpg,3,normal-cecum
9afd9bbe-7386-4db6-a17b-b544998ed35e.jpg,1,dyed-resection-margins
e3dc6cb6-3f03-4624-8463-c1629bbeb07d.jpg,1,dyed-resection-margins
53c98de7-0cb0-40ad-ba95-b4e792584862.jpg,5,normal-z-line
784503fb-9265-43e9-b85a-d93455759815.jpg,3,normal-cecum
20575bcf-bd85-48cd-8295-ca80fb9734a9.jpg,6,polyps
69f34d95-735b-46bb-a65a-f64f2c2517e2.jpg,6,polyps
0e37c257-2f88-447b-b0d5-10e1488130e0.jpg,4,normal-pylorus
90773afc-cf47-4a54-a324-14c14da38f51.jpg,4,normal-pylorus
15f4c12b-b487-434c-bcf9-427bc322fd09.jpg,2,esophagitis
29d0baf9-5e97-401e-a788-ac46d55f93c9.jpg,0,dyed-lifted-polyps
146c9b33-76c6-43c0-91bb-d186de5eee0d.jpg,4,normal-pylorus
cb4e017d-a25f-4575-89ce-6459e6810e10.jpg,7,ulcerative-colitis
797036cf-2918-4b6a-af03-5f5fac924503.jpg,0,dyed-lifted-polyps
b92c7c77-ca09-4efb-b4a1-74d0b56038d6.jpg,6,polyps
efc9f985-6f08-4597-bf9d-0da1be716dc6.jpg,5,normal-z-line
92b4acec-01f8-458a-a047-87f64b483125.jpg,5,normal-z-line
dbb7ec6d-4776-4662-91d1-84b44eef0c39.jpg,6,polyps
dbbc7dfd-b712-4b15-ab35-c3fa8d658eac.jpg,5,normal-z-line
ce149d5e-d2d3-4556-87c2-8357c6326114.jpg,1,dyed-resection-margins
0ebab707-f141-42f5-b1ee-9d887dbe242d.jpg,4,normal-pylorus
32b4ac97-2c27-4059-aa53-c304fdc2cc50.jpg,4,normal-pylorus
44c5493d-6bf7-4381-8a7a-4831b807077c.jpg,1,dyed-resection-margins
321a15f8-5a4b-4d51-be3a-98e3e15d5378.jpg,1,dyed-resection-margins
6d76307b-df46-4cdd-846c-4f4dd3bca6f2.jpg,5,normal-z-line
0b874510-8855-4c23-9caf-37c22dfabe6a.jpg,5,normal-z-line
a6f18326-3bb6-4c12-81c8-e5abe40c1d26.jpg,7,ulcerative-colitis
40632e28-dd57-4a6b-8c4e-aa7ed2098f1d.jpg,7,ulcerative-colitis
5ae78dc9-e433-4f08-b14e-63505a3a052e.jpg,6,polyps
c0b85b49-0a73-49a4-a992-e0a6438bca65.jpg,5,normal-z-line
29847506-a517-4486-b262-1d24fcf90fa5.jpg,2,esophagitis
a359507a-7a7a-4176-93b2-96358509f4fd.jpg,1,dyed-resection-margins
827df10e-34f0-48f7-950a-83e1574cdd8f.jpg,6,polyps
0bb76fed-8f5d-4df6-bb80-5072bcca9fca.jpg,4,normal-pylorus
8816e26f-6e4e-4b96-ba2b-7f22a3943378.jpg,6,polyps
2079170b-ac50-4424-aa90-dfc390917151.jpg,5,normal-z-line
6dea5840-12c4-4a09-9a05-53f5ca7c6fa5.jpg,0,dyed-lifted-polyps
0939742b-5839-4903-9f01-b1c331383987.jpg,0,dyed-lifted-polyps
6194e33c-953b-4569-be0c-4f611706d119.jpg,7,ulcerative-colitis
cb98fdeb-5140-41da-8728-b511ad940a1b.jpg,1,dyed-resection-margins
c8295d72-bc73-4c07-9ccc-ca5adf321713.jpg,7,ulcerative-colitis
e2b99331-8ec4-4abc-907d-92bbb14008f6.jpg,6,polyps
cdf1ab0c-68b2-4179-b990-1ee0fc032487.jpg,2,esophagitis
5ec2cf71-c105-4f82-ab3b-4ae9c306b73f.jpg,1,dyed-resection-margins
cc3479a7-46c1-4a0c-918a-a1fef6e13ede.jpg,4,normal-pylorus
00072d5f-7cd8-434c-8a5a-1a0bb2c9711d.jpg,6,polyps
5b2251f2-7e48-486a-b32e-ff7fe92e245a.jpg,4,normal-pylorus
ef49ea65-feef-480c-89a8-e3c404387caa.jpg,4,normal-pylorus
73cd70d5-1e02-48dc-9369-d559f59a317b.jpg,6,polyps
2648db28-17e5-4a82-8b8b-3b3585813e6f.jpg,5,normal-z-line
dacf6704-b44f-47e4-bd83-030afc32e6d5.jpg,2,esophagitis
6b7e51ec-5139-49f8-9211-916c7dadbc7f.jpg,0,dyed-lifted-polyps
e4836d03-63b6-4978-bb7f-48204107b7b4.jpg,2,esophagitis
fa050dde-2257-4e9c-9d30-f040ee16e3c4.jpg,3,normal-cecum
c8b3ff1a-917c-446f-a438-9be6cabd78d4.jpg,3,normal-cecum
c7a8827b-348d-46b4-b6a0-3e18bbb13aa8.jpg,1,dyed-resection-margins
ae68bef5-8ca4-42fd-a275-d34ee4ea8c14_00001210.jpg,7,ulcerative-colitis
77d1fa37-0741-4275-9ed7-244ff5e930e5.jpg,5,normal-z-line
405dd251-2a9b-48ff-91b4-216f09d83c1e.jpg,5,normal-z-line
0b05f616-e6b7-4a91-b8e6-1a011561e7f7.jpg,1,dyed-resection-margins
8d193274-08ef-4a07-b14e-f56b6449bd58.jpg,0,dyed-lifted-polyps
626df11e-5f60-4f52-a2e4-3baecdfa792d.jpg,3,normal-cecum
ee950276-68c5-418b-8bfe-1b045237bd33.jpg,5,normal-z-line
6b8e6278-3bc2-4823-889f-21b52ff0789c.jpg,6,polyps
6784a1ec-e4a5-4440-b472-ca99e1cf5533.jpg,3,normal-cecum
a716100e-4d9f-4320-8fe7-b76fb564fe31.jpg,5,normal-z-line
83f07644-9e5d-4357-945b-27375aa77d9f.jpg,1,dyed-resection-margins
8d3f0afb-c89b-4390-8ecf-623754232e64.jpg,3,normal-cecum
927ab02d-7560-4d05-bc7a-1f2339f7c684.jpg,1,dyed-resection-margins
cf6d6e54-eb09-4457-a7e7-c5aaf1633c21.jpg,6,polyps
5be105e5-7939-47cc-b201-aadb81d10312.jpg,3,normal-cecum
b564e4c4-9644-4ced-a16d-41a1a7f2f404.jpg,1,dyed-resection-margins
41074521-d314-46ca-8ccc-8c4e1128e11f.jpg,7,ulcerative-colitis
4b111183-1427-42a5-82dc-f524b1c582e2.jpg,2,esophagitis
bab9b6c8-9256-449b-907f-8d265a5dad7c.jpg,5,normal-z-line
afb4a8bd-1866-4ef9-86e0-b88c3d9818ce.jpg,3,normal-cecum
5cd67106-cc61-4927-bee1-d57cb8da8e09.jpg,5,normal-z-line
7ae30ef8-265e-48ba-8778-1488641e688f.jpg,3,normal-cecum
22c3afdd-fd5a-46bf-bff9-68e9841464ff.jpg,6,polyps
5e6d221c-d28e-47b8-89cc-fd3189e24643.jpg,3,normal-cecum
9c320b61-bc9d-445a-abff-81381597f9ee.jpg,6,polyps
bcf701be-4f72-423c-a3e1-fb440a4e95bf.jpg,7,ulcerative-colitis
0e674b8e-1664-479f-9439-9b5b53688236.jpg,1,dyed-resection-margins
995bc0cf-8158-46a2-9bcd-0d46a7aa8ef9.jpg,0,dyed-lifted-polyps
2dc6205b-6269-460a-80e2-62a325f49b28.jpg,0,dyed-lifted-polyps
bcc8a916-0f9e-4c15-835c-8d39305be46a.jpg,2,esophagitis
5bdf442a-c8a2-45f8-ae73-dacc9457a215.jpg,4,normal-pylorus
ecbbf96b-a5a5-4c3a-916f-3078594b7688.jpg,3,normal-cecum
56995f71-474e-40ad-97d7-84d9d00b3ffc.jpg,1,dyed-resection-margins
6867d280-3bd4-47ba-91ef-8f5621b0356d.jpg,1,dyed-resection-margins
96d1e2e4-8093-4964-90e1-187862bbb5ca.jpg,1,dyed-resection-margins
5333196a-8bbd-4e3c-aadb-a06fc30de842.jpg,5,normal-z-line
347b7b2e-d2f8-4e4c-9313-85dc2f2ea25a.jpg,3,normal-cecum
109bb193-f932-4400-a78c-a45cc23a8e56.jpg,6,polyps
1144ef26-edfe-493f-9c2b-10074ae5c5f8.jpg,0,dyed-lifted-polyps
7aafaf4b-89f6-415c-84ea-733efe9ca4e9.jpg,1,dyed-resection-margins
7d5cea75-5975-46f5-8a3e-a25a6f3497be.jpg,1,dyed-resection-margins
63fd6c97-9c00-4aef-8594-c72e539ec4ca.jpg,1,dyed-resection-margins
e1d5841d-efb9-48e1-a536-13eb99fdf0ea.jpg,5,normal-z-line
0893f8ec-7929-4e69-9c1f-8b349924304e.jpg,6,polyps
e77d981b-ae14-4a80-9918-17e15e5a3c3d.jpg,2,esophagitis
47403c73-9812-4999-90e0-1e14a6aee3bb.jpg,6,polyps
c801eb98-6af7-4a43-b23c-0351cffaca3b_00000423.jpg,7,ulcerative-colitis
698f130b-41ff-414d-908c-8d8c0f82d4a8_00001661.jpg,7,ulcerative-colitis
79c97f30-ff5f-4a89-8b5d-4cd6423a8433.jpg,4,normal-pylorus
2242fa3b-2359-420d-bf74-5fa0dbf91015.jpg,1,dyed-resection-margins
04dfa154-4878-408f-97c5-1829c2aba2fe.jpg,0,dyed-lifted-polyps
c1aa06aa-8cbe-41f8-965e-f3dbe9f30ca8.jpg,7,ulcerative-colitis
a9165260-69de-4181-bd08-d59793717c13.jpg,7,ulcerative-colitis
4f7fecf7-afb7-4cda-a0fc-d691f29e78c7.jpg,2,esophagitis
0ab6f797-f0d2-4779-8546-c6d5baab2da0.jpg,4,normal-pylorus
61d8878e-6ab2-4fae-bd37-6d4acbe40cdf.jpg,3,normal-cecum
5f4bc7d5-7f0a-4f59-aca4-76a17c8a2b84.jpg,4,normal-pylorus
b0f034f4-c7c6-46e8-8c8e-93b9b17eeeaf.jpg,7,ulcerative-colitis
9ca13042-ff33-48e6-ad37-89c7e6bd99f1.jpg,7,ulcerative-colitis
bcc98363-47a1-40b8-99c8-71d612d88dda.jpg,2,esophagitis
19f1b8e3-5214-4ef3-8106-9adeec4a2ce1.jpg,6,polyps
1e82866b-a8c5-480a-9c27-f121baccfc7b.jpg,6,polyps
8082db24-c40b-459b-a462-644fbcc1131c.jpg,5,normal-z-line
3582c4b5-ee69-40dc-9f92-8351cfdfe793.jpg,0,dyed-lifted-polyps
458f60c1-14c3-411c-8cd1-e24e61c4653a.jpg,7,ulcerative-colitis
390055b1-ecf3-413c-9a6e-2dff19cf11fb.jpg,2,esophagitis
9247211f-bb99-43f6-86c1-86c757da5828.jpg,1,dyed-resection-margins
aa29a8de-681d-43a2-a149-b40c85c8c4b9.jpg,2,esophagitis
3fa22fba-ae0c-4502-a314-1c0c421b9127.jpg,3,normal-cecum
c7ef4dea-7622-458c-a602-368aae16c768.jpg,2,esophagitis
6a59a7fc-22cd-40a2-8ded-306d666e983f.jpg,0,dyed-lifted-polyps
8e4bc504-a74b-43c5-8c58-a4132ad66cae.jpg,0,dyed-lifted-polyps
000eeefc-9035-4d42-92a1-2f97a3200ee0.jpg,7,ulcerative-colitis
10142b82-3d14-424e-89ff-08321b108031.jpg,2,esophagitis
c617ed16-6d71-4704-b4b0-a23af95d7aef.jpg,5,normal-z-line
4513304a-cebd-4ac9-942e-22b2b02f01e1.jpg,6,polyps
2f88e7ab-055c-4283-bc7b-c0e52a121a4d.jpg,7,ulcerative-colitis
1d47407f-2cbc-4804-9bcf-6643288e65e0.jpg,1,dyed-resection-margins
18f420c3-8503-4a8b-9db3-6d833e504d10.jpg,3,normal-cecum
6cc00f50-d9e8-4e4e-9264-957b44e88475.jpg,1,dyed-resection-margins
dece789d-5df2-4a92-b4da-6880e53eeca3.jpg,2,esophagitis
403a3f8c-8999-47af-bff7-3f69ec111451.jpg,6,polyps
269b614f-abc8-46f5-981f-b8991ebf321e.jpg,3,normal-cecum
099c90f2-63d8-4648-a56b-777edf1db178.jpg,2,esophagitis
9da4eb13-2809-4322-a172-a5c7c17fc515.jpg,6,polyps
20b7fc1c-527e-4f22-83b4-aa56273160a8.jpg,5,normal-z-line
3ed83478-0f49-400e-9e75-080aefd04205.jpg,3,normal-cecum
649986c6-8717-4fec-a876-61ed8f5d5973.jpg,2,esophagitis
b4167a0d-436b-4991-a556-82c18b229ec0.jpg,4,normal-pylorus
df6c8b0a-148d-4b66-81f4-e30e54309d6e.jpg,5,normal-z-line
43854671-0ec6-4fc8-bc90-edf212522595.jpg,0,dyed-lifted-polyps
db5b5e06-5f8e-4ee3-94f0-56bc6f7b2617.jpg,4,normal-pylorus
e2f734eb-4372-43bc-99c8-4f3cb1f464b2.jpg,3,normal-cecum
479a6f59-d49f-465c-a234-4e5046c6c73c.jpg,6,polyps
4f3bde35-92c7-4909-a314-e2cf7ab0b311.jpg,7,ulcerative-colitis
af47c508-b9e2-4870-9430-64cedf30cce2.jpg,6,polyps
9df8ebdc-e0be-4e79-b997-60008d1434af.jpg,1,dyed-resection-margins
3c389cf8-6931-49ea-b7f8-96b8c456dd40.jpg,1,dyed-resection-margins
421adca4-276c-48df-aeca-c8d55ad066d4.jpg,5,normal-z-line
76fadd5f-babe-408a-9c5b-c8e285b32e6e.jpg,2,esophagitis
be7accca-52e8-44f4-bb98-c7c76c5da8ef.jpg,6,polyps
d1205e92-fc01-450d-8338-442b502cd1ba.jpg,5,normal-z-line
68464bea-ffb6-4899-bf4a-43e2afff97ce.jpg,4,normal-pylorus
26a04057-9a6a-43c6-ac6d-178c172fd70e.jpg,2,esophagitis
8fc774a9-d338-4fae-a047-2b9ef7e8e899.jpg,2,esophagitis
5e7d2f61-39eb-442e-a355-23d66126ceeb.jpg,7,ulcerative-colitis
1cb135e4-c6b9-40d3-a9a3-8b70171f41b1.jpg,2,esophagitis
d7011f89-92f1-4822-ae7e-5ba881c2da24.jpg,4,normal-pylorus
12909129-68d0-4b25-ad6c-485b8f41c6c7.jpg,1,dyed-resection-margins
9c65d958-c810-4f27-ad3f-75f9b40f88e5.jpg,5,normal-z-line
8b45574a-3d8a-4ecb-a491-2d226bd0e02e.jpg,3,normal-cecum
6b0f55b3-1ef2-46af-bb60-afbeeb45e9a0.jpg,5,normal-z-line
d013a73a-3b71-46d0-a7b7-1eaa02efc235.jpg,3,normal-cecum
b77bbb4d-9844-435b-be26-2683b891922f.jpg,4,normal-pylorus
ef7d9924-690e-4ffb-852c-97eb1b4e11d0.jpg,4,normal-pylorus
6e105a54-7716-4217-9acc-b445b2989a19.jpg,2,esophagitis
bf16beb2-a1d7-4dc9-a107-50bbccb8bedc.jpg,7,ulcerative-colitis
dd63dc14-7ae3-4bfa-9763-c54932beb7f4.jpg,6,polyps
24766e75-45e1-4685-ad55-3df8455c7050.jpg,1,dyed-resection-margins
9e4c2446-df9d-4b64-9f70-0f5fa62674c6.jpg,1,dyed-resection-margins
3f338dcc-eaca-43f1-bb81-8b21ad73b816.jpg,1,dyed-resection-margins
43e914f2-bfe9-4054-9c37-179d5c06a8c0.jpg,1,dyed-resection-margins
04be8e99-6873-41c7-b177-7163a3957750.jpg,4,normal-pylorus
57b12bd9-2496-41b1-8484-545f9984d0f4.jpg,4,normal-pylorus
85ef9795-f799-4397-b6d0-63db1db8196b.jpg,0,dyed-lifted-polyps
67e1310a-37d8-4689-8fee-f7c411b19918.jpg,6,polyps
b23beaec-0efe-451a-8090-2c07e1dffe11.jpg,7,ulcerative-colitis
5452e6e1-7691-4f76-94f7-9d29d38385f8.jpg,0,dyed-lifted-polyps
1d13a110-744e-4d06-a3a4-61a62014b66b.jpg,7,ulcerative-colitis
d6ea9227-ba72-4ddf-85ee-8814989dcca2.jpg,4,normal-pylorus
da4e0b0b-bfc8-4bb7-b956-8dab15dfa420.jpg,6,polyps
e359e0cc-d2a5-4d11-a475-4a93b82a3e3c.jpg,2,esophagitis
c1320e78-c3ec-4f9c-913f-61a6e7412da0.jpg,1,dyed-resection-margins
ff8ee8e7-381a-435f-96f4-16f7080f7ba5.jpg,4,normal-pylorus
64d018a2-535c-48c1-9261-70b0f061e306.jpg,5,normal-z-line
584f1fa0-9bb9-49d3-b412-c42819d0a200_00001596.jpg,7,ulcerative-colitis
7b1a33e5-6297-4aed-9290-b3f9da1ff0bb.jpg,4,normal-pylorus
d25e3269-fba0-4256-973e-2d2c32d59846.jpg,2,esophagitis
fe848ee4-5b36-468a-a826-284dcc6e9fc6.jpg,2,esophagitis
57451936-df59-466d-8cdb-d91f249fb99c.jpg,7,ulcerative-colitis
8df82de7-9df1-48ee-9142-5efadada0d0f.jpg,7,ulcerative-colitis
9f051d41-47fb-4d1a-b490-80d2935ac4b7.jpg,5,normal-z-line
ae926b9f-06ea-4164-835c-531181f44c70.jpg,6,polyps
49fa2de5-4514-4a9f-a583-90e8345f3636.jpg,1,dyed-resection-margins
fc694321-f938-43df-9c49-a5f0132ebeb5.jpg,0,dyed-lifted-polyps
5cbecccf-28dc-4990-ab27-032044016113.jpg,4,normal-pylorus
fc79c489-b358-4368-b965-330615af73d4_00000280.jpg,7,ulcerative-colitis
6a89b8a3-f536-43ed-ad2e-062de1454022.jpg,5,normal-z-line
5c86174a-f5a9-49b7-8db4-1196e0540fb5.jpg,1,dyed-resection-margins
ae68bef5-8ca4-42fd-a275-d34ee4ea8c14_00000820.jpg,7,ulcerative-colitis
78be18ed-470c-41a7-ac24-407ad360e5ea.jpg,5,normal-z-line
b121f968-8403-4dee-acaa-7ef329ff672f.jpg,1,dyed-resection-margins
9fefdcdd-c377-4a41-af01-30ca399d2ade.jpg,6,polyps
a76da743-ce86-4911-8e69-0c7fc01fdd32.jpg,1,dyed-resection-margins
42caee55-1b73-425b-af29-f58447b97c7b.jpg,7,ulcerative-colitis
28b93758-b5e6-4d25-b410-63b7adc262de.jpg,7,ulcerative-colitis
25cebc87-8de9-4b33-b7d3-94d12d134b6c.jpg,3,normal-cecum
8ee599b1-7a84-45ff-85d9-31840c504ad6.jpg,3,normal-cecum
d0ae1d46-eceb-472c-93c7-7bddf52fd23b.jpg,5,normal-z-line
428f3cc6-e84f-4656-967e-77cd6a04d5a5.jpg,1,dyed-resection-margins
d3b07ca4-5b8a-4200-934b-f31ff024672d.jpg,2,esophagitis
70355e7c-5778-4507-9a1e-60aa240a0015.jpg,0,dyed-lifted-polyps
ad597a44-d288-4615-9e80-34d7e0a4864a.jpg,7,ulcerative-colitis
26ddc503-33aa-4896-b783-92a2cb59ebee.jpg,0,dyed-lifted-polyps
1665a638-d7c4-401a-a5eb-5919eb9cd356.jpg,6,polyps
8d591ee1-35cc-47f3-b450-ab754073282d.jpg,2,esophagitis
eaf7f807-503e-4a5e-97dd-8451ed2760ce.jpg,6,polyps
41234e4b-10fb-409a-a6e6-4dc04f783012.jpg,6,polyps
ae01286e-695f-4dcd-b38c-c3faaa821a96.jpg,4,normal-pylorus
c7c50947-f45d-46eb-a422-31476fb4ec66.jpg,5,normal-z-line
8b3b85b5-941d-41d3-9e0b-9ccf467aeb38.jpg,5,normal-z-line
03b8aa05-011e-4c2d-94e5-f8054d760a27.jpg,1,dyed-resection-margins
d7506dc7-132e-4534-a27a-53f1830dfaaf.jpg,4,normal-pylorus
a9dce28d-9b7a-4037-a2e1-8624d27ccbc2.jpg,1,dyed-resection-margins
1f55defd-96ea-4356-abf1-92e849e5dd5a.jpg,6,polyps
ef19d26c-8a98-4917-b599-81f911cbb569.jpg,6,polyps
43ebf3ae-fcd3-4f8d-a1da-54ca3fe997bc.jpg,3,normal-cecum
1c5ac8d1-cff6-4bfe-bb2f-bf6b325a7255.jpg,7,ulcerative-colitis
eaa3eee0-d4a6-4032-83da-72c5e43cf457.jpg,5,normal-z-line
a1f89f5e-cfb1-4c24-bf98-08f92859a3ca.jpg,6,polyps
3e60ef1f-c68e-4399-933d-caf99ba73c8d.jpg,5,normal-z-line
66e020db-ef52-43d3-a8dc-f263198f91fd.jpg,3,normal-cecum
98825837-696c-4c1b-afc7-1b0b1b644d31.jpg,4,normal-pylorus
4a182a23-12f6-435d-97c6-9271758e5722.jpg,1,dyed-resection-margins
5b4983dc-f6a5-460c-8a82-ca4bf72228a8.jpg,3,normal-cecum
0ba205b3-9c23-4d95-9d46-624a550c48be.jpg,0,dyed-lifted-polyps
2fc3093a-5f6a-4fe2-8376-76979bad1923.jpg,6,polyps
eebbe5e6-eaaa-472b-b275-fbe1b9303afa.jpg,0,dyed-lifted-polyps
00db2b25-bb71-4218-a076-9d2449a23f2e.jpg,5,normal-z-line
bca1edec-045b-4768-82e6-718beed4d4a5.jpg,6,polyps
0195c5a6-5ddf-471c-9868-2ea66b81f440.jpg,0,dyed-lifted-polyps
6a3199aa-67eb-4a21-9da4-efad82c42be3.jpg,3,normal-cecum
baa7df12-b461-4934-a152-0f0e8866b9dd.jpg,5,normal-z-line
b6703ffc-99f3-4849-bc91-b447568e0b0b.jpg,1,dyed-resection-margins
ebac49f5-566a-40de-b50a-c8fe6d2b57f7.jpg,5,normal-z-line
1cd40595-a6de-42aa-9626-5c6acdcad6fc.jpg,5,normal-z-line
6c0ec7b6-6591-4b42-8b84-9232c65a3efd.jpg,3,normal-cecum
c408f598-5ef5-4694-bd27-3c0f13ca5a2e.jpg,5,normal-z-line
072951d9-9461-48aa-bdf8-bb00c1880818.jpg,3,normal-cecum
3e7e1aa7-0a41-421c-b61d-c59b06a9e212.jpg,2,esophagitis
e3d40bb0-d23e-425e-a9dd-6cabb1926c89.jpg,7,ulcerative-colitis
e42681cd-3c60-4bac-ba25-b5c82d1cef52.jpg,4,normal-pylorus
0a0b455d-d3dd-4be4-a6a3-90f81d8c8f36.jpg,1,dyed-resection-margins
e605a367-1c49-4ca0-adce-930d7575d71f.jpg,5,normal-z-line
078a83a1-d180-46d6-95b4-ded4c0f9d469.jpg,1,dyed-resection-margins
493d8439-255a-40f1-9762-17577bef4a79.jpg,2,esophagitis
034d88d8-920f-467a-a6ec-2ebb02198160.jpg,7,ulcerative-colitis
47cabd0d-7678-445c-8fd1-b52533b0d410.jpg,2,esophagitis
67585b20-b3e2-476f-9751-e56f0d9afc2d.jpg,6,polyps
c764daab-aeda-459c-a21a-fc8c0b80bf4a.jpg,6,polyps
60eb302a-32b4-45b1-a0e6-e0a8aefc204a.jpg,5,normal-z-line
8c4c719c-64e2-42c8-88e9-d6a7e1efe5cc.jpg,6,polyps
353bf70a-abe1-435d-b821-37471a1fe077.jpg,7,ulcerative-colitis
336e3a19-e49b-4753-ac07-bace29944b6a.jpg,0,dyed-lifted-polyps
451892cc-6e40-46e1-a823-a391dad63af2.jpg,1,dyed-resection-margins
7eace728-0017-41bf-aa1e-c9899f81f18c.jpg,4,normal-pylorus
7196bffd-9451-4a2b-9169-b36a36f8322a.jpg,6,polyps
8a2ba289-965c-44c4-9339-5bafa49fa3ff.jpg,7,ulcerative-colitis
91d7a4a9-d15f-44c7-b047-2dd10c6e93d1.jpg,7,ulcerative-colitis
98088dcb-66d7-4d6b-bcc4-9d3284d53e7f.jpg,0,dyed-lifted-polyps
62bcf8b1-e7f3-481e-afd7-2028da94cadf.jpg,7,ulcerative-colitis
e7947877-dbd1-4e13-bc5c-93234c33c366.jpg,2,esophagitis
b87924be-22ce-4c0d-9d69-ecabb6d765df.jpg,5,normal-z-line
6dbc17c3-c3e7-48bf-966c-720fa300d99d.jpg,5,normal-z-line
5fbeee15-a663-464f-a8c6-ee16da8e47c4.jpg,2,esophagitis
e03c6c65-dabe-45b8-b6c2-ac8897574925.jpg,7,ulcerative-colitis
c9d1b57a-7435-4134-8873-fb1b0494cdc0.jpg,6,polyps
a1778e38-82f6-4ef7-95f3-af7e47b0655e.jpg,3,normal-cecum
37ca09f7-66f6-4f4f-830d-c27fdaf302fa.jpg,1,dyed-resection-margins
73a36a73-0206-40f9-903f-85ec135525a0.jpg,7,ulcerative-colitis
1d80203b-d183-4aa8-904d-ea3111560e20.jpg,6,polyps
e23eac73-ee02-46b3-8d78-8421376b0f7e.jpg,0,dyed-lifted-polyps
0a16f98f-fe7b-4e55-a8dd-72412510b0fc.jpg,6,polyps
a0a184a8-de9d-47d4-8638-50ad515234a8.jpg,3,normal-cecum
cf8a7fdc-f962-4517-a939-35d9eaa6b5a1.jpg,0,dyed-lifted-polyps
3027db16-0a72-4c25-871a-5149bdb59a57.jpg,1,dyed-resection-margins
c037a146-1577-46a0-8f33-4c50bf03958f.jpg,5,normal-z-line
45b3cd62-aff5-4f86-a879-24377e2546e9.jpg,0,dyed-lifted-polyps
fbf60915-23ba-49f3-a9b6-b9f4a27e51fe.jpg,5,normal-z-line
efc57659-1738-49ae-8ecb-14cc19cdd661.jpg,5,normal-z-line
6d38f153-55f3-49fc-b9be-984b5c21744c.jpg,4,normal-pylorus
05de6271-0593-46ad-8ac1-7261d4b5de6e.jpg,3,normal-cecum
120c934e-4ccf-474a-8119-485ef1b29f7e.jpg,0,dyed-lifted-polyps
6c3a6411-df39-4bc5-a570-d33f68109811.jpg,6,polyps
aada94f1-547c-46c0-a1e0-dce9a095fc1d.jpg,0,dyed-lifted-polyps
6f6f02bd-55b8-4d27-b3bd-890ebdecdc03.jpg,5,normal-z-line
a459a1eb-c4d7-43a5-8a77-cd84d297cf3a.jpg,3,normal-cecum
45d29401-e0f1-47b0-a97c-5b3b5bc09e4a.jpg,7,ulcerative-colitis
ca8961f2-ec09-488c-bda7-4ff024841e7a.jpg,2,esophagitis
2752c87f-1c52-4f7c-bbe6-dceabc5031af.jpg,7,ulcerative-colitis
3c38fe0f-a1e9-42ed-a0d8-f0c4bb4d7fb4.jpg,4,normal-pylorus
c397e485-fdfe-4926-9e5e-b3ec327cf5b7.jpg,4,normal-pylorus
3b448ed2-d485-4044-abe6-37547b6ef0e0.jpg,1,dyed-resection-margins
7319f41b-1435-4290-aa6d-f0c8e1588dea.jpg,5,normal-z-line
d3578743-78bd-48c2-a81a-1cfad04c383d.jpg,6,polyps
3cca0db1-7996-4759-9f16-4cf1649ccf74.jpg,4,normal-pylorus
1b6d77f2-a6ed-46bb-b981-8d2f77114c27.jpg,0,dyed-lifted-polyps
7c812f49-316b-4820-9477-a1cba4084267.jpg,4,normal-pylorus
4b10054d-c04f-486b-b0d0-1ccf98eb99a6.jpg,1,dyed-resection-margins
4a435c62-98a6-492e-88ed-fc3744729fc1.jpg,3,normal-cecum
036595e2-0d68-43ef-b376-8f198b14b74f.jpg,2,esophagitis
d65fbee9-7e8c-4345-8c80-754725dd9e2d.jpg,1,dyed-resection-margins
5390f72f-bdb7-40f5-950b-cd6c24dc0b75.jpg,1,dyed-resection-margins
ec8e8697-a745-4cfa-b687-bb961fb3de26.jpg,5,normal-z-line
9180f8fa-0cf2-4a94-a243-89e6f114d65e.jpg,0,dyed-lifted-polyps
04fe469c-4356-454c-b15b-591f9ab38ec2.jpg,4,normal-pylorus
2141a5d3-42ae-494e-9d5f-2b59eff0ab31.jpg,0,dyed-lifted-polyps
62a7966c-4ae2-4d05-836d-16b1f7a4275c.jpg,5,normal-z-line
e3c008df-e2a4-48f0-814a-8b06254f8ee0.jpg,4,normal-pylorus
335543b0-fc36-4b52-8e5f-f0de5ffabd7b.jpg,3,normal-cecum
ff8857e7-c9bc-41ee-841c-85e0685de3a6.jpg,2,esophagitis
58beb0ab-1820-4a26-8cf3-56ffca537c48.jpg,1,dyed-resection-margins
4be4e969-c518-4943-b4e6-c6625414df4f.jpg,0,dyed-lifted-polyps
6f364d6b-4881-4002-ab10-c808743553e6.jpg,7,ulcerative-colitis
9e821fa3-1ce6-43e5-8188-8b0b7cc84bfd.jpg,4,normal-pylorus
7ba07af9-bc37-4337-ae33-42231c7febe1.jpg,0,dyed-lifted-polyps
047981d3-e279-4910-bd1a-b6d3f1e2088b.jpg,0,dyed-lifted-polyps
e40ea59c-4aad-40d5-a982-d1ae7ab5b775.jpg,2,esophagitis
08bc0a31-989f-4b8a-8f95-9477ace18a82.jpg,2,esophagitis
3a294535-a9d2-4d0f-b98f-0f4d7e5bb1fd.jpg,6,polyps
77d17e4b-4c82-4efe-952e-704f4c9440bb.jpg,1,dyed-resection-margins
9e237e4b-714a-44cd-af07-f2f114005d3d.jpg,6,polyps
4d848ae6-af02-46f8-a68a-f48946a41224.jpg,0,dyed-lifted-polyps
dfa1e84b-403d-4b62-a874-77200c936ce6.jpg,0,dyed-lifted-polyps
7a9b6fbb-3aad-4295-a3a0-0395d314e685.jpg,1,dyed-resection-margins
77008847-415e-4337-904b-87858c79b61b.jpg,5,normal-z-line
070c57ed-d763-40e4-9aae-be1ad27e177d.jpg,1,dyed-resection-margins
c2dedefa-c71e-4ae9-ae1f-931462422a6f.jpg,7,ulcerative-colitis
c45e8c88-490e-45e6-b47b-8a50d2612db4.jpg,6,polyps
ed324956-61b0-43f6-bb90-442b82d8deb6.jpg,5,normal-z-line
e7eddc20-8b3b-49fd-be64-9bd3bfde1ac0.jpg,1,dyed-resection-margins
8b2ef7cf-94d3-4eda-be8c-5830e017fce6.jpg,4,normal-pylorus
fb92f78e-d38c-4fb1-a8a4-9fdcb89ac6f1.jpg,5,normal-z-line
dfc00ba0-40d2-42b0-9ac2-3ea974a5e20e.jpg,4,normal-pylorus
0c9881d2-f21d-4fa2-a003-616b86d3c704.jpg,6,polyps
48ea43aa-0e90-421c-a0ff-807b5a136d04.jpg,2,esophagitis
dcd549a2-868c-4f65-ade4-44884174aab1.jpg,1,dyed-resection-margins
dcd5229f-49a6-40d9-9626-29263ea17336.jpg,7,ulcerative-colitis
7fc8d06a-c424-475e-aa78-9adfe41bd5f5.jpg,6,polyps
400b309f-70fd-4084-90a1-b7ad2f98615c.jpg,4,normal-pylorus
4bf3c2fe-9570-49d3-afe0-8a233461ed38.jpg,0,dyed-lifted-polyps
c01a4a38-cf48-47ea-98b3-947bbf95fa9a.jpg,2,esophagitis
6b1e48d4-59f3-4a4e-bdca-66cf0fb66687.jpg,2,esophagitis
ad8ebebe-ea83-46db-8c9d-7b10047044d6.jpg,4,normal-pylorus
2128fba1-5f62-42c2-87f4-eb8d740b1290.jpg,3,normal-cecum
877636ef-eada-47aa-8265-4c256b167291.jpg,3,normal-cecum
5b65de74-5c5e-4dbf-8ced-6bbea196abc9.jpg,1,dyed-resection-margins
557999b5-bfa0-49ed-8f4b-7ffad150bf94.jpg,1,dyed-resection-margins
7295cabf-03fb-420a-acc8-8686070fd8a1.jpg,7,ulcerative-colitis
77d7185f-3761-46fd-8934-2a52bd9d8998.jpg,7,ulcerative-colitis
2b153c95-a922-4aad-8458-c18087187d43.jpg,4,normal-pylorus
c7e038cd-0260-4685-8b07-4815769b558a.jpg,0,dyed-lifted-polyps
c3c0c4fb-489f-4518-bbaa-edbb045cab53.jpg,4,normal-pylorus
82fbb00d-013d-47dc-94b4-d4bcd793bf1a.jpg,7,ulcerative-colitis
b69a591a-d4d3-42b6-8168-53df17b5aad9.jpg,4,normal-pylorus
ed9f4638-9b6a-4ce8-85e6-cde6a197a6e3.jpg,3,normal-cecum
016cc0c1-2a9e-464c-884f-0997561f7dde.jpg,1,dyed-resection-margins
b5e24486-2569-4192-9504-c7423d69dbe4.jpg,0,dyed-lifted-polyps
64b729f0-6ced-4916-9b10-e0e16e11cab2.jpg,3,normal-cecum
0233c35c-0bfd-4105-9756-7701de5f4901.jpg,3,normal-cecum
92dbbdf1-d79d-469c-a991-8977fe380896.jpg,2,esophagitis
cde2b201-1521-4eee-babe-0e9a319dd820.jpg,2,esophagitis
92c9ee42-cae5-4671-a849-99fe56230942.jpg,3,normal-cecum
1dd03288-4469-45d7-927a-7b4b65fe9190.jpg,0,dyed-lifted-polyps
950e8f7b-5a41-4026-8442-8e762f095715.jpg,3,normal-cecum
f88926a6-5732-40a5-a97e-fa4b167a631c.jpg,7,ulcerative-colitis
0e4ed20c-2c4e-45be-a183-c6f61453b45c.jpg,6,polyps
126c8c6f-2465-4a16-8a1b-e83d5946363b.jpg,2,esophagitis
d009d322-3c01-474d-8469-0029382a7970.jpg,2,esophagitis
3b4c3a86-b77d-4787-9b6e-adaf59eea9f2.jpg,1,dyed-resection-margins
914fdec9-3eb2-48f8-b1d9-2c31e47852e4.jpg,1,dyed-resection-margins
0a8d16ec-1985-4fb5-ac88-2d3fccfad334.jpg,1,dyed-resection-margins
de4eedc8-0c69-46dc-8a20-e425cb222bfe.jpg,3,normal-cecum
ad3a0a7e-e972-418b-9441-f2dfefb61173.jpg,7,ulcerative-colitis
831db0a8-17a5-4d31-ba13-135c81a46b25.jpg,3,normal-cecum
7204f536-c4d0-4f7e-a85e-2c40189e4b4c.jpg,3,normal-cecum
4429f56f-551d-4413-949f-7b17a40fcf01.jpg,7,ulcerative-colitis
8630cb06-7058-437c-910c-2be424e93f6c.jpg,7,ulcerative-colitis
2c2d8149-1bd5-4606-9cb4-5c6ac2a9d0f1.jpg,3,normal-cecum
4b1b8161-2ce6-4ca8-8877-50468da2e935.jpg,6,polyps
a3e1d924-cb24-4ae5-8f28-db6d4a2eaf77.jpg,7,ulcerative-colitis
ed564760-9019-43b6-901e-4ec6bf68af18.jpg,2,esophagitis
45c63e6f-2624-4931-95dc-a88d2cd93158.jpg,1,dyed-resection-margins
3b3d6a91-9713-417e-adb7-5c3a2d65655c.jpg,3,normal-cecum
681a21fa-451c-417d-983d-2cd2782dd849.jpg,7,ulcerative-colitis
8ea7fe08-855b-4d6c-8ffd-d3f02fcab19c.jpg,6,polyps
23394d0e-5228-46a4-9e4e-f2e9dcb2a989.jpg,1,dyed-resection-margins
fad8cf2f-558a-4c2d-8571-5510e7ceabfd.jpg,5,normal-z-line
a421fb38-6232-41ff-b873-199fa4e87957.jpg,2,esophagitis
437bc72c-2d70-47b2-bb4e-95d94fbba7ed.jpg,3,normal-cecum
67f3fe7a-b6d8-4952-acc6-43efc8110426.jpg,5,normal-z-line
56acfaea-ef23-4ca2-ab4b-b18666965b6f.jpg,6,polyps
aa3f0a3f-e62a-4935-a5c6-6dc79dbe5fa4.jpg,1,dyed-resection-margins
30237284-bb41-4c42-95ca-bf8419e44630.jpg,6,polyps
584f1fa0-9bb9-49d3-b412-c42819d0a200_00002482.jpg,7,ulcerative-colitis
2d90bf69-ee4f-4893-86e8-251a4bf10424.jpg,1,dyed-resection-margins
27b3debd-8f4a-4c3a-aa94-68659ab4854e.jpg,3,normal-cecum
58bdaec5-0e9c-4734-884b-03f2b965921b.jpg,1,dyed-resection-margins
8f9da937-38f0-466a-9f04-293e755f2915.jpg,3,normal-cecum
e49d11fd-6005-4a09-8287-e25f5c6ba4fb.jpg,4,normal-pylorus
c8cb218f-5f64-409e-a1a3-0cb4163a24f4.jpg,1,dyed-resection-margins
74944e26-60af-4a60-be73-169ed9e08528.jpg,7,ulcerative-colitis
59025b9d-62f7-43ab-9d7c-bd8591838b7a.jpg,6,polyps
a4b7d94f-f2fe-46b4-9cbf-a63c78fd3e6f.jpg,2,esophagitis
2d467453-bd7e-4d31-8e67-f519c2523700.jpg,3,normal-cecum
10d125d1-af6c-4ba0-afa7-80edfa4da76f.jpg,0,dyed-lifted-polyps
cbdd3046-107b-44d7-b8a0-6333757fb855.jpg,1,dyed-resection-margins
dff5057f-d6c7-4995-a5ec-44771689c529.jpg,4,normal-pylorus
14177494-4eda-4ee2-ba8a-0ffe6033d4e3.jpg,0,dyed-lifted-polyps
371c654f-5231-45f4-a9b1-915d7b90fd07.jpg,5,normal-z-line
c5d5d809-e31f-4fe5-9e7b-f2117af720fe.jpg,3,normal-cecum
e736ce92-bedc-4cee-a4be-f835f9b473b2.jpg,7,ulcerative-colitis
341880bd-c20e-4715-bd10-d0c6ff460988.jpg,2,esophagitis
049c2045-5259-47d8-8f9e-bbbecd81789f.jpg,7,ulcerative-colitis
33f4c23e-04c4-433f-b2dc-ae356a16e36b.jpg,1,dyed-resection-margins
5cb6d900-c930-4094-91ca-ccff14a2e176.jpg,3,normal-cecum
d1257c93-4ccf-40f6-b966-4cab0020790b.jpg,7,ulcerative-colitis
c51bba08-6e1c-4ddb-95b1-f4552f31abb0.jpg,6,polyps
6bcc407d-02dd-4ea7-baba-5c137adad5e8.jpg,5,normal-z-line
3ff3c6e5-d306-48c4-9e1f-180a801d3693.jpg,4,normal-pylorus
d138882c-c344-4c63-9369-2de53bce1fb5.jpg,4,normal-pylorus
2d73486e-9d3a-4c8f-bb51-5e1df14a52e5.jpg,3,normal-cecum
23c56064-4697-4fd6-b083-e5f5f7523f63.jpg,0,dyed-lifted-polyps
06206f23-d116-4bfa-a081-12216b37d7e0.jpg,3,normal-cecum
75fa5f23-23d4-43fd-a9f6-4ab00cdf6cd1.jpg,2,esophagitis
7efed3ac-abef-453f-a526-5c5b9c19151d.jpg,0,dyed-lifted-polyps
e28ce227-dd80-4595-b6f1-01adce97473d.jpg,6,polyps
232d682d-1558-41fe-ad27-2056a2347fc8.jpg,3,normal-cecum
5196816f-e7f1-4df8-a5e0-29e241b135a2.jpg,6,polyps
a3f4b512-5e32-4a18-8c91-5f938ae63ea3.jpg,1,dyed-resection-margins
dd2a97a1-c783-4653-97d2-54806839b4da.jpg,7,ulcerative-colitis
03b32e65-b829-4257-8eb1-b3f3c224f3ac.jpg,3,normal-cecum
7073d933-0774-4a2c-8124-7f0b71f5f202.jpg,5,normal-z-line
24cdc79c-7a61-4b9c-942d-ad5a509a8011.jpg,1,dyed-resection-margins
43745142-d433-426c-a04f-5c1c2baa51d2.jpg,3,normal-cecum
b6015827-c07c-4b7b-9a08-a914d5b1cb3e.jpg,3,normal-cecum
28b257bc-dc3b-4a13-a22d-4006bb21f8c6.jpg,5,normal-z-line
cadb6e0a-3ac6-4905-b075-d46dc7eab64b.jpg,5,normal-z-line
c8321fd8-7ae2-4fb8-9ac4-d8ebf0d14f4e.jpg,0,dyed-lifted-polyps
759cb6da-cdac-4d4c-b5d8-deddd26c2f94.jpg,7,ulcerative-colitis
74df794c-6600-440f-a4bd-489080201eb5.jpg,7,ulcerative-colitis
c5147826-cdd4-44fd-a18d-198f59a7d48f.jpg,0,dyed-lifted-polyps
a0b7ed96-90a0-4d83-ba97-9ee5d20b515a.jpg,7,ulcerative-colitis
335adfe9-89ea-4ac7-bcba-1fdd4cc844da.jpg,0,dyed-lifted-polyps
7d743ce9-2624-4c82-8f03-f4c0851683d3.jpg,0,dyed-lifted-polyps
3a7b57b5-a0db-4d48-a4e6-8e31a4c28cc4.jpg,6,polyps
78921832-924b-4e24-943b-faac015f31e1.jpg,6,polyps
4232f3c8-d125-4dec-9503-b875003b758a.jpg,5,normal-z-line
0fc43f76-62c5-478d-833a-4619dfc50ea5.jpg,6,polyps
6ff201b7-5e71-456c-ae31-727d7fedb98f.jpg,3,normal-cecum
60200e78-95ef-4dc2-be8f-002f1452316c.jpg,3,normal-cecum
2eabcf3e-63b0-423d-926f-209f0af06be9.jpg,3,normal-cecum
34f1f9fe-3883-4a67-841a-4189817cccdb.jpg,2,esophagitis
a2b4fa21-6738-4aae-8021-bc3fb22438cf.jpg,1,dyed-resection-margins
fc61fa27-e36c-4efb-aa60-059af661b319.jpg,4,normal-pylorus
277520e1-9053-46b4-8b7e-4a3332484e63.jpg,6,polyps
d57e2ad2-6306-46e8-9c85-da7387d05300.jpg,2,esophagitis
ab9f43a9-adcc-4bef-ad67-8ddf23f2a4a6.jpg,2,esophagitis
ef996000-bed4-47f7-8462-68340243ae17.jpg,6,polyps
85913307-ce85-4378-8bb5-374ebfc9ccb6.jpg,5,normal-z-line
5e84a5b6-b753-4aa2-a853-0d72e54aa3c4.jpg,2,esophagitis
1ab1b53d-f2d8-4501-8147-a121bae9b7a3.jpg,1,dyed-resection-margins
65acdc3c-8673-4ff0-bb53-60bf21feeba4.jpg,7,ulcerative-colitis
3260e502-31c8-4e26-b614-cba6ee9a1500.jpg,3,normal-cecum
88c69562-e120-48c0-a6a1-e6635a3792e2.jpg,6,polyps
8a597f64-3d9e-4e44-ad4a-773686a09bd4.jpg,3,normal-cecum
56ace314-433c-4080-8c2e-c95a75c2f59b.jpg,1,dyed-resection-margins
34c0a9ae-9de7-4b7d-84e0-1289a28c7b02.jpg,4,normal-pylorus
7274e516-e0c5-4d59-9dfd-e969a5779568.jpg,0,dyed-lifted-polyps
ec2da84a-d42d-4cad-a9c0-2574ad7931dd.jpg,4,normal-pylorus
99dd443c-2988-4b68-8641-116a4b3e399f.jpg,1,dyed-resection-margins
7cf3317d-132c-4231-8d16-8eda1ac27a46.jpg,0,dyed-lifted-polyps
5cda1a2d-88e3-4be0-931f-ba3d929e837d.jpg,2,esophagitis
a7d04e67-33af-4f65-a6ac-7b9dc7973a5d.jpg,3,normal-cecum
ef4d8be3-3e3c-435b-82ab-a52126b7dfc0.jpg,7,ulcerative-colitis
12093ac8-2bb4-41ac-9361-688e5501f847.jpg,5,normal-z-line
7e2e3382-a404-440e-83b8-6fd1258229ec.jpg,5,normal-z-line
d6b20fb3-5b73-49fe-bde8-fbaec0ad383f.jpg,4,normal-pylorus
51350013-5a58-4976-8e28-0872c9b92a3f.jpg,3,normal-cecum
74ffed6c-71ca-4d50-9fac-f3f0044de754.jpg,0,dyed-lifted-polyps
d90d69d5-7ff6-4514-a88c-aaa091087de7.jpg,5,normal-z-line
c7dc87ed-9548-4422-8841-40f6a6fc8dd1.jpg,2,esophagitis
6f8f711d-b3d5-405d-9a83-141b6a4d6f16.jpg,4,normal-pylorus
79bb3d49-7c57-4812-a5f3-2446e34ebaf9.jpg,6,polyps
fb197e19-fb0c-41f2-863c-725380c54514.jpg,4,normal-pylorus
0a0ce428-e7ee-4a42-9e60-b58b7cb6a06f.jpg,4,normal-pylorus
75248425-9e2c-4cb0-8358-043f17e79b34.jpg,6,polyps
eafae85c-e669-41e4-bd52-02f21e008ff3.jpg,5,normal-z-line
357c5c4a-31fa-47c3-920f-50ac376e4c2a.jpg,0,dyed-lifted-polyps
c125752a-24b9-4d0e-8318-2f7030900612.jpg,3,normal-cecum
92da8957-5e49-427a-ba76-b1074ca1d43e.jpg,7,ulcerative-colitis
e46aec5a-c814-4e79-9dc0-c1acf2ecb8b0.jpg,5,normal-z-line
894bded3-493a-482f-b8b0-737d9c23f48d.jpg,1,dyed-resection-margins
5535dbed-1db3-42d2-ac7f-2161a5718eab.jpg,7,ulcerative-colitis
96b06b18-6250-484f-955a-6f0179db08a5.jpg,5,normal-z-line
02f766ee-523f-447e-92a8-1bbd0f845761.jpg,4,normal-pylorus
08a9724d-7432-4040-a095-6a20afed6fb9.jpg,7,ulcerative-colitis
698f130b-41ff-414d-908c-8d8c0f82d4a8_00000749.jpg,7,ulcerative-colitis
a6043c32-63ff-4819-8e68-8f9c9c29e845.jpg,3,normal-cecum
b5f2c6aa-deb7-4592-81ce-d2b8c5b3d5d2.jpg,1,dyed-resection-margins
ca0350c6-e004-4b8f-877d-7100cd28b89a.jpg,3,normal-cecum
9b7c06e8-d8c2-4542-af57-2767e83281c3.jpg,4,normal-pylorus
84191ad8-1a57-421e-91f8-d889704d37f5.jpg,6,polyps
5fdb3b2c-0756-4c65-9446-801768ba5807.jpg,7,ulcerative-colitis
7f9c74bd-03aa-4738-81c0-715aee6c5e86.jpg,1,dyed-resection-margins
81db78d4-e19c-484b-a238-656669d83eb0.jpg,3,normal-cecum
42ce4fa0-67b5-4478-8099-da4192a58e1c.jpg,6,polyps
96d4b2fa-2937-4aca-ab2d-74dad164d90e.jpg,7,ulcerative-colitis
4a5fb443-168f-4a69-9d65-008926ea3dc5.jpg,2,esophagitis
7be87d92-3c07-4ca2-b6c5-b854c31a0df2.jpg,4,normal-pylorus
9ecf716f-138c-4308-af37-c05a318c8ea8.jpg,1,dyed-resection-margins
3f2fddf9-c696-4423-871f-b473daa00cf3.jpg,1,dyed-resection-margins
886e353a-63b9-4c13-87fe-be741c280dd6.jpg,3,normal-cecum
6e5c20af-6770-4929-85fa-4e39af467dd9.jpg,1,dyed-resection-margins
982bfd69-4e70-4ac3-beb1-37da08a6db3d.jpg,1,dyed-resection-margins
151d13bb-d8c3-4a35-954d-25ffd09bc591.jpg,3,normal-cecum
7e9988db-8f64-4bdb-b382-b2a9416ab751.jpg,4,normal-pylorus
57e083ca-80a0-4a2c-817a-771121d25516.jpg,1,dyed-resection-margins
192377de-1bc2-43f6-a99f-2bc36012a74d.jpg,6,polyps
792a3eba-f3fd-4d8c-bc9f-b3ebbdbc0e41.jpg,1,dyed-resection-margins
bd20ecb0-5f0f-4371-8f3e-160406d68130.jpg,3,normal-cecum
95b3461d-4bd2-4a09-a61f-c9a4e85a4e74.jpg,1,dyed-resection-margins
0c51b66c-bf82-434f-8376-f5e0beec2e81.jpg,0,dyed-lifted-polyps
56deb6d2-5377-445a-81b7-f610c7f6ccf9.jpg,4,normal-pylorus
b875ee51-1205-4385-ab4c-89562452bcc4.jpg,5,normal-z-line
9b7e8a68-ca66-42c9-8029-e7e85e0fb307.jpg,7,ulcerative-colitis
8f7ec633-bde3-4923-8921-d06c4a356afd.jpg,2,esophagitis
79dc9bef-366a-45af-b9d4-481ef7e95bf5.jpg,6,polyps
02bf2d8c-ca06-465c-8494-83db29242ac4.jpg,2,esophagitis
344bf180-fd5b-4df8-a80b-bb9565d153ef.jpg,3,normal-cecum
c41196eb-6fe0-4c1e-8107-6929d861f1b1.jpg,4,normal-pylorus
38758b7c-7b5e-4c4e-a9ce-63493ac60bd0.jpg,2,esophagitis
75d2a6f8-0927-422b-b03d-0422acd20d8c.jpg,4,normal-pylorus
e645080f-f03a-4d65-be9f-438d9c5f4685.jpg,1,dyed-resection-margins
1220f40b-25aa-4d32-9980-29b59f92ae7f.jpg,6,polyps
2a2592fc-4557-4276-8c96-d7ac1ee49d37.jpg,1,dyed-resection-margins
0cde98b6-f959-4475-960a-ced08f248f17.jpg,2,esophagitis
e90fd670-382f-4c6f-a246-7387d99ae153.jpg,0,dyed-lifted-polyps
6d538474-f552-4ec5-b5bb-e351c10cc133.jpg,0,dyed-lifted-polyps
d55b4c4f-eed9-47ea-988c-ae16adc5d088.jpg,4,normal-pylorus
7324d956-0a57-4b8e-a7cf-cbf8d782568f.jpg,3,normal-cecum
0677fde3-e2a1-4b1f-be82-f8328caef75e.jpg,3,normal-cecum
8a6671ec-6ff5-4de0-a55a-84a6f14eaa58.jpg,3,normal-cecum
b6463288-dd56-419d-a2fe-978154562f48.jpg,6,polyps
46b9af9b-df93-4cb4-9a27-fe2c758f1a29.jpg,2,esophagitis
f9a46021-20b1-4351-9eca-f713e28c8d16.jpg,5,normal-z-line
3008b8ba-5905-4ce9-9eb2-812db685ff32.jpg,7,ulcerative-colitis
de752efd-1efa-4ae0-852e-29c087a6df7b.jpg,4,normal-pylorus
3ec0b71d-dc90-44d5-95c3-3ee618109f71.jpg,2,esophagitis
cf8d2db3-99c5-4a9b-b0f3-3c3fffa43584.jpg,6,polyps
6b68668f-8aab-4716-84bb-30321254a73a.jpg,4,normal-pylorus
0ad0c9bc-f7a0-4459-b7c6-1fddbfed85ea.jpg,6,polyps
9994e6d7-c094-43bb-a179-d221d4bd5387.jpg,6,polyps
87e94fdd-d8d6-4a76-8927-b8e9814db207.jpg,7,ulcerative-colitis
17a396be-fb05-411a-a1d3-6e7fa695ecd6.jpg,2,esophagitis
d1d0ee22-0d41-425a-85a3-4a26a11c5c8b.jpg,2,esophagitis
ee027dbb-59c4-4add-a15f-a5305a269712.jpg,4,normal-pylorus
719e2c9c-7438-489f-80c5-495049efa949.jpg,7,ulcerative-colitis
cd18d5a4-8adb-44cb-9810-0ffd3a384010.jpg,7,ulcerative-colitis
be2c1b11-4ac7-4aa0-9a3b-10d0bf0f5c89.jpg,4,normal-pylorus
83f9938d-8e6a-434f-aa10-ea9f08922ae4.jpg,3,normal-cecum
3fb02f4a-8aa2-4c87-9c85-e20e61210d30.jpg,3,normal-cecum
d3bacbe9-14ee-4a1e-aeea-e103030feb72.jpg,0,dyed-lifted-polyps
42f193b1-8cff-4b91-987a-5d0bdf9a1380.jpg,3,normal-cecum
c05dfeea-931b-46f0-859f-1856678edee8.jpg,7,ulcerative-colitis
55ec7607-66bb-4779-9604-b118731b3e83.jpg,0,dyed-lifted-polyps
6058f55d-a0f6-420d-a72b-6076f92d636a.jpg,3,normal-cecum
6cfecf81-c42c-44ed-8c34-5ad128e58734.jpg,0,dyed-lifted-polyps
d29aaf86-a454-42c6-a7dc-9af3661538a3.jpg,7,ulcerative-colitis
7b891604-d811-4e49-af42-3c911b0b0245.jpg,7,ulcerative-colitis
7ce0952c-c19a-4bff-b26f-de6041f959df.jpg,5,normal-z-line
4a940acd-0587-4667-88d8-19e97b8d8337.jpg,2,esophagitis
8ca0f045-3b47-41cb-8dcb-b9716baa713f.jpg,4,normal-pylorus
ab7ecbfc-81ac-4a1b-9b37-ae6b59119898.jpg,2,esophagitis
7db468f8-113d-4e85-a229-02a20f20c671.jpg,4,normal-pylorus
acefb729-d2c1-40e9-9b11-fec09a35d08f.jpg,4,normal-pylorus
eac5f036-d81d-42ad-b003-0538961f3b1b.jpg,2,esophagitis
3def2ad5-084e-4912-9afa-04eef4580e63.jpg,7,ulcerative-colitis
e8bb6587-a329-4900-bacb-50e473cc2cd7.jpg,2,esophagitis
6e494589-9418-49b9-906d-6287bb2a8128.jpg,1,dyed-resection-margins
3c99c6a6-78dc-44ca-8674-e4e29aef91be.jpg,0,dyed-lifted-polyps
7d66c6b6-886b-41d5-b8e5-387969d27360.jpg,4,normal-pylorus
5e73a118-4d47-495e-bd89-98df4c156533.jpg,3,normal-cecum
3e2aaaa4-8239-4d76-9e63-678c415398cf.jpg,7,ulcerative-colitis
5351a4a6-3a33-496e-ae48-6771863a77ef.jpg,4,normal-pylorus
10350726-b7b5-4219-aa0e-d9fb271cbc11.jpg,5,normal-z-line
e4d0114e-09a3-468a-8f2c-92702d03584c.jpg,0,dyed-lifted-polyps
698f130b-41ff-414d-908c-8d8c0f82d4a8_00003101.jpg,7,ulcerative-colitis
ff19ea4d-51d1-459c-a9a7-4a87eb41a112.jpg,2,esophagitis
ad3253e9-34ef-40f3-b249-cc3796f7b1d3.jpg,3,normal-cecum
d38f39d3-2ffd-47d5-8e0e-6c6b09de8c30.jpg,7,ulcerative-colitis
7336436f-57a4-4b22-86c9-9a4360a87b29.jpg,0,dyed-lifted-polyps
e4b1959f-b011-4fe6-96e7-14b83ce26d1f.jpg,7,ulcerative-colitis
0545681a-ec75-42be-8774-6b9df0a53749.jpg,1,dyed-resection-margins
fa0070a4-dae6-40ff-95df-c9d9d0a8ef23.jpg,2,esophagitis
da9574c3-11a8-4cdf-9ab0-5dac47fe40c2.jpg,6,polyps
988a0ff0-d9a8-4a30-9dce-6215a4312a1b.jpg,6,polyps
de2bfb04-2fd2-4034-b342-7a79be78c92a.jpg,4,normal-pylorus
fe5bca10-cbfc-4f15-9676-ca3ade2aa997.jpg,1,dyed-resection-margins
8bdfdc98-79d7-4ddf-ba67-5a3ff8a9d19e.jpg,7,ulcerative-colitis
ad10b94c-a69f-4f4a-8514-4860c4173434.jpg,2,esophagitis
6efe8805-ee6f-4d42-a990-d33d1ffe5a67.jpg,5,normal-z-line
afa527b1-507f-4c1a-8935-cb383b711009.jpg,0,dyed-lifted-polyps
7ac6278b-e19d-4498-a31c-9a484166b035.jpg,7,ulcerative-colitis
a42d31e8-573d-41d2-bee2-f7ccfb5b4201.jpg,4,normal-pylorus
d9a75a4c-e5f1-49b3-9bd0-9efa61737c74.jpg,4,normal-pylorus
ae68bef5-8ca4-42fd-a275-d34ee4ea8c14_00001098.jpg,7,ulcerative-colitis
93e7ca80-bc6d-4dbf-a858-93b7a8eec7c9.jpg,4,normal-pylorus
edac581f-b67f-46f2-9b38-593b3f1d074b.jpg,7,ulcerative-colitis
50c729a0-5817-4ff8-8bff-d57593c53bd7.jpg,5,normal-z-line
e700910a-7e00-44bc-8453-0d09372ad5c9.jpg,0,dyed-lifted-polyps
d35bb433-48de-48e6-8821-6bc6a5c614b1.jpg,3,normal-cecum
a0443501-9c43-4eba-a91f-af0a1e8e90e0.jpg,5,normal-z-line
bfd869ea-f150-4e52-96a0-7810ff526262.jpg,6,polyps
b56d32cf-5a09-4027-a4b2-4a20762adf95.jpg,2,esophagitis
28f985b1-51b4-4ed3-8cfe-7dbd1f5558d9.jpg,7,ulcerative-colitis
c1284847-f2a7-40a5-ae91-bd51e966578d.jpg,3,normal-cecum
7f12713a-0b38-41c3-b7dc-f79fdb6204ed.jpg,4,normal-pylorus
1f26af7e-2ea2-4e68-a4f6-bda5bbf370ad.jpg,7,ulcerative-colitis
b9127def-7f9e-4524-9fbe-54dc54ad9b14.jpg,1,dyed-resection-margins
463ddc7a-3da7-4066-a078-3ee602b58176.jpg,4,normal-pylorus
3e1c11e6-33b3-4e1f-b648-4fc6367b8d40.jpg,5,normal-z-line
d4f53339-e06c-406b-bdab-5a9e7945d861.jpg,3,normal-cecum
165afe0d-d619-4245-895a-72d711b95c18.jpg,0,dyed-lifted-polyps
2de6cb74-dc87-4e79-9ca6-c7b7ad6ed0f9.jpg,2,esophagitis
77aa43c7-5cd7-41b4-810e-4807c9716e2d.jpg,0,dyed-lifted-polyps
8b9fb49f-91fc-4663-b6c5-cb0a8fc7a72b.jpg,4,normal-pylorus
e992ad77-221f-460d-8116-e75bb3d7fd8f.jpg,1,dyed-resection-margins
5f68e14f-6a53-45e2-9cb8-ab67cacc11e7.jpg,2,esophagitis
e78a732d-5172-4ee4-95a9-db24200a0dc6.jpg,2,esophagitis
8ccdec1c-88e2-4a07-b801-c019843bc366.jpg,3,normal-cecum
38a93d81-6a1d-433e-ac96-00990e62f6b9.jpg,3,normal-cecum
9bd347db-bb42-4956-8bba-f2fbb454375d.jpg,3,normal-cecum
aa727c3f-db98-44b0-94a8-eed2e6e56419.jpg,4,normal-pylorus
53933f5b-f849-40de-81ff-34abec265f8f.jpg,3,normal-cecum
83137a35-737b-48b4-a54d-36db7748ffe7.jpg,7,ulcerative-colitis
8bbe9d24-137e-4353-92b7-99a481e63f9f.jpg,4,normal-pylorus
4bfb4aa0-413a-4c46-8822-e440761a64c2.jpg,7,ulcerative-colitis
fb549f3e-57cf-409a-8ef3-d9f1f10eee4f.jpg,6,polyps
4400dabc-7e5f-4df6-87cb-b41548f650bb.jpg,6,polyps
0619187d-fd10-4ac3-9a17-a70c622c3746.jpg,7,ulcerative-colitis
d4cb7080-f578-4aed-a1ae-97f4c8986b9c.jpg,6,polyps
605ab500-1617-437b-a088-d84ff8adb868.jpg,2,esophagitis
589436f6-384e-4b12-8416-fea23c56fdc9.jpg,6,polyps
835427a2-ec14-4693-a32b-58bfe8a7c9ff.jpg,6,polyps
4b4da473-77f3-40a6-aa70-c1535b031545.jpg,4,normal-pylorus
ce0ea384-67c4-4153-9c73-5a534f3199a6.jpg,4,normal-pylorus
7dcd4428-781a-4ae7-be01-4f9b33fe7b60.jpg,4,normal-pylorus
5624f175-ad40-4752-8bdb-59c430a3e591.jpg,0,dyed-lifted-polyps
8c4e2abc-e7c4-4a89-8b1d-fde41b265318.jpg,5,normal-z-line
e1eb51e7-6451-42ef-95ad-d4bc7ebd2d16.jpg,5,normal-z-line
c22475d3-86fc-4dc2-808b-b571ec70c763.jpg,6,polyps
026a153f-d8e3-4325-b4ab-f5f9d485a333.jpg,7,ulcerative-colitis
3218e50e-844d-4591-b426-2850114ccb21.jpg,2,esophagitis
58e5fff9-50ec-437b-beff-1633c9e8b417.jpg,2,esophagitis
d4f203f2-e80d-4cb1-8fc0-b64a13bf3df7.jpg,5,normal-z-line
bc13efbf-5250-48ca-92f8-8c0abf69dc36.jpg,5,normal-z-line
ccad947a-e0c2-4fb0-8bb8-0a37b15cf681.jpg,1,dyed-resection-margins
e50ba834-94bc-4ad6-b41f-5590c83a0ca6.jpg,0,dyed-lifted-polyps
7f8e645e-f092-453a-bc05-9891361404cb.jpg,5,normal-z-line
fdb68e1c-a08b-4916-a046-140855055fe4.jpg,5,normal-z-line
dde4c093-9510-4750-affa-c6c67e0b9b5f.jpg,0,dyed-lifted-polyps
237e3097-3c7a-4292-a982-fe5c045ebda9.jpg,3,normal-cecum
64bba62e-2800-4c56-83b5-ca449c3507f7.jpg,1,dyed-resection-margins
144e9e19-2ffd-4f7d-bc8c-e669aa474fdf.jpg,0,dyed-lifted-polyps
fa293d85-9f1b-468f-a9ac-f092ad3b2e12.jpg,1,dyed-resection-margins
0ea34f02-772b-4d0a-bcf7-096a9c52a906.jpg,4,normal-pylorus
d7d29ace-b6f7-4f0a-ac39-d33519e4625c.jpg,4,normal-pylorus
53a2a603-d685-44c5-95a5-7c3a01825134.jpg,2,esophagitis
52a42285-8c36-43d1-a194-12219d7f09ed.jpg,3,normal-cecum
9a38d436-d517-4567-a1a3-89d748670a36.jpg,4,normal-pylorus
4ef52d45-8595-4700-ab03-b11406cd197c.jpg,7,ulcerative-colitis
087b94a6-2b59-40ee-bf4b-0335065b395f.jpg,7,ulcerative-colitis
df84a3c0-880d-4494-b2a1-7ace86063d45.jpg,4,normal-pylorus
3bc00ca5-de83-453a-a03f-af036dfec795.jpg,7,ulcerative-colitis
a53e78a6-9dd1-4a28-971d-f01f8fe1b9b7.jpg,5,normal-z-line
3fe68ea3-2c1c-4577-99b6-43c03e853848.jpg,0,dyed-lifted-polyps
ef09f508-05c8-4cb1-b8d1-261d5b2826b4.jpg,0,dyed-lifted-polyps
509c4af0-a094-4929-8f89-111e0d02f962.jpg,0,dyed-lifted-polyps
73843774-5d9e-492d-b113-e2d4e0cdfd32.jpg,3,normal-cecum
d6bd754b-7b74-47fb-9cc8-01e841c66e97.jpg,2,esophagitis
4c53aa4c-8328-444a-b8db-e0eae6bf4bbb.jpg,3,normal-cecum
060e78dd-e11f-4ff4-8610-d62277b3381e.jpg,0,dyed-lifted-polyps
bdc94666-a48b-4a5b-80f0-0eb75d48e524.jpg,7,ulcerative-colitis
af6c4a3c-a991-464e-bc4d-afedccf55ed9.jpg,7,ulcerative-colitis
a1a08fcc-daba-476f-b673-0089c667ce86.jpg,2,esophagitis
b1bf846e-a71b-46f2-8d56-e6dfb220fecb.jpg,4,normal-pylorus
bbe5f8cc-1a38-45dd-aeb3-decda6669604.jpg,4,normal-pylorus
21d65ef7-558f-4e0e-a77c-74e863cd672e.jpg,6,polyps
dd2169cb-7206-4dc3-b7ad-6c09cc40b299.jpg,5,normal-z-line
59c40c71-0bc0-4e0d-876a-3ac3249cf678.jpg,1,dyed-resection-margins
08db2b1b-3c6b-4275-8c97-a7067c649915.jpg,4,normal-pylorus
d205b107-6146-4ef6-b4d4-27f78cf53b3d.jpg,4,normal-pylorus
9a345e7e-836a-48ea-9d7b-658f8b333bb4.jpg,4,normal-pylorus
39bf11bc-8a86-4a27-ac3d-56cde7640547.jpg,1,dyed-resection-margins
be46aa16-c2f0-41a3-9490-cd377d18e1a2.jpg,4,normal-pylorus
a267d728-3aa5-4339-a47d-84145a2b63af.jpg,6,polyps
9ea25305-844b-4a7b-91c5-0354d7e7abc0.jpg,3,normal-cecum
aa195a2e-ea00-4c36-8773-254f86645b9a.jpg,0,dyed-lifted-polyps
b99245a4-de5a-4a6a-8f72-54ac6963c830.jpg,1,dyed-resection-margins
6b75b4e7-e59e-4acc-b7ff-a06779ffa463.jpg,0,dyed-lifted-polyps
b8f0cd5c-2827-436d-b7d3-a4cfffca8fc6.jpg,1,dyed-resection-margins
6c1d8f87-901f-41e8-817b-5f5d8ac7d8ae.jpg,4,normal-pylorus
48793a86-6d60-468d-a886-94ca325727f9.jpg,2,esophagitis
2dd07c74-f1de-4634-a398-e41a592ee165.jpg,3,normal-cecum
b914f485-8d23-4d0b-a8bd-62e1878c4c9e.jpg,6,polyps
77b7e00b-8c66-4427-a47d-09956d27f412.jpg,5,normal-z-line
56aa598d-bb7e-4331-a0ed-f0df25541fe9.jpg,2,esophagitis
1cbd371a-79ef-4ffd-b868-5d146e50bb9f.jpg,0,dyed-lifted-polyps
e8776d44-7b55-441a-8124-bccfc30c7e29.jpg,0,dyed-lifted-polyps
a3158f5b-a5df-4b23-afc4-9819a22bae76.jpg,2,esophagitis
03ee914b-190c-4aec-a05b-88f47b482908.jpg,7,ulcerative-colitis
78454e0a-749f-4421-9d85-be96117bfb98.jpg,1,dyed-resection-margins
cba5a487-cc88-42b9-9e72-3d1234e5b41a.jpg,5,normal-z-line
5bcaebe0-42dc-4c2a-8c77-ec910a7c961f.jpg,2,esophagitis
c4cbe50d-4bac-41fe-94bf-1df29c6255f6.jpg,2,esophagitis
81eb86f9-0a11-4898-8499-c201f7fdfd43.jpg,3,normal-cecum
bc81f061-e765-49cb-b1bb-9855b7bb7132.jpg,4,normal-pylorus
e50eaaeb-2617-49c0-a8b0-a1264b42bed2.jpg,0,dyed-lifted-polyps
60e6d34e-321d-4c65-aee0-a85fd30e5f1a.jpg,2,esophagitis
8170282a-4020-4520-8cd4-38461d9385db.jpg,2,esophagitis
034f24ac-4ea9-4508-878f-8cde6a78bca4.jpg,6,polyps
dcbcb701-0793-4431-a143-3b7eb891e8a9.jpg,1,dyed-resection-margins
e8c7a7bc-d6a4-4126-89e8-2b34c09be451.jpg,2,esophagitis
fcde8272-bfea-4044-b60d-38a1d27137ac.jpg,4,normal-pylorus
506c305a-cb08-47a0-9205-0239e9765d47.jpg,2,esophagitis
a26a58f0-8eeb-40f4-b102-225b9626739c.jpg,6,polyps
9c7457f9-08e4-4521-833b-1e900c8f5c28.jpg,2,esophagitis
d4777fd3-0b1d-4bbd-a0b2-7b5447ac2479.jpg,2,esophagitis
a0d8313c-a74b-4105-8f48-0f741d77497e.jpg,2,esophagitis
4853f155-4e42-41e0-88d5-2f7233902849.jpg,2,esophagitis
1e7582ac-5cd7-4651-acd3-4ec2f4bbe7f1.jpg,0,dyed-lifted-polyps
4ff57969-f3d6-4ee3-b06a-f1564fbc095c.jpg,0,dyed-lifted-polyps
2ea7638d-ec4c-4257-9138-61ff7add9af7.jpg,2,esophagitis
399200d3-651e-4dec-97a5-b7fdf738a247.jpg,2,esophagitis
37219bf7-0d9e-4eee-b7a8-ed8258f499b7.jpg,5,normal-z-line
c16c6904-8212-4b39-b740-add15fb806b6.jpg,7,ulcerative-colitis
d9abc5f5-fd74-431a-9a4a-1faa734e8f0b.jpg,6,polyps
99957174-54b1-4dab-bdec-7ac3c0d25dff.jpg,2,esophagitis
e34beb74-7112-4bdd-90ec-b9c767cc42ca.jpg,5,normal-z-line
fddce585-cf2b-40c3-858e-be851bfcf984.jpg,2,esophagitis
8cc86f04-9d73-4ae1-8dfe-0ab072942f7f.jpg,4,normal-pylorus
db120adb-1f2b-4481-b328-92348dd57ed9.jpg,1,dyed-resection-margins
35260f8c-9cdd-4e6c-b35c-1094835900fe.jpg,0,dyed-lifted-polyps
281d7539-30ad-48d4-8a3d-350ab0200cc2.jpg,0,dyed-lifted-polyps
1e634ae8-a05d-4152-9cff-ce35c8cb57c4.jpg,6,polyps
672a347a-a97a-4d17-994d-f02baa527852.jpg,0,dyed-lifted-polyps
ad10bc5d-53e0-4583-9e8a-c1f0348f76b1.jpg,3,normal-cecum
2f1cb663-2978-40d3-adbf-c5f80c16769e.jpg,5,normal-z-line
8ffcc0ff-fd31-4375-9deb-5316f04cf561.jpg,2,esophagitis
a3f50f9f-e2c1-41fc-b52f-8c79e52f56d1.jpg,3,normal-cecum
11dd2855-3f68-4576-b4ca-a4fae3285a70.jpg,3,normal-cecum
9ef37d84-05d6-4779-a928-c0e2cecef341.jpg,6,polyps
1b64a2bb-4302-4b54-abcd-ffe40ad8c7a0.jpg,2,esophagitis
3e5572da-42fc-47ea-804c-54e80e12dca4.jpg,1,dyed-resection-margins
b37bf38c-4747-4f4f-9587-f3d6dbcb13b7.jpg,0,dyed-lifted-polyps
b08c91e5-4907-4ddb-ad61-e0a4e93fda15.jpg,7,ulcerative-colitis
19a3b318-f401-4280-9965-b5a9e6cfcb27.jpg,4,normal-pylorus
98800626-538a-4d2b-958f-539c809856d2.jpg,7,ulcerative-colitis
dbfb3684-1528-409d-bb6d-3322582b6a60.jpg,2,esophagitis
5ac4d051-5a2d-405f-8710-c7899ee3a3bf.jpg,3,normal-cecum
7d8257b4-59bc-472e-9357-ad80e939290a.jpg,5,normal-z-line
adec09d4-cf5b-4887-bcd4-0cf5c3f67088.jpg,4,normal-pylorus
07496b78-a571-4e40-aefd-a3764fc213c9.jpg,5,normal-z-line
a81bfec9-625e-4a72-b9a5-70b2baa60cac.jpg,0,dyed-lifted-polyps
7170c368-3aab-44bc-9ea0-10df5ae29db2.jpg,3,normal-cecum
7e69be64-3080-44a7-bb4f-a9166a33c04c.jpg,7,ulcerative-colitis
cec87329-591b-448b-95f2-5bd06849382f.jpg,4,normal-pylorus
5c9201a8-cea8-4bb8-ba55-7e6572cf5a38.jpg,2,esophagitis
cd70be12-28ef-4ecf-beb1-40010b36bfee.jpg,3,normal-cecum
79dc0780-c684-4bbe-8b88-0df531ad9c40.jpg,7,ulcerative-colitis
55ad4e6b-9af8-475b-8fad-5a6fc8ed7a6f.jpg,6,polyps
e40ea398-63a3-421f-bb62-e8d64ac78842.jpg,5,normal-z-line
74a0bc6d-83a6-4caa-8a67-c93c9274ea51.jpg,5,normal-z-line
ef327ced-c302-4a82-9582-4ee14006fd1f.jpg,2,esophagitis
06a5474f-cc47-4380-b136-c80ff68e2ad7.jpg,4,normal-pylorus
05547d02-ec12-49d7-a097-8595df501f33.jpg,3,normal-cecum
37dc9255-f79d-4e88-a184-235eb887cd38.jpg,5,normal-z-line
29e342a5-a282-4874-9dde-a85dab84e4bc.jpg,2,esophagitis
ee5bc67e-ae91-4d3b-8ea3-63194fca6c1f.jpg,2,esophagitis
585447d7-8210-4ce1-ab85-d62998061a95.jpg,0,dyed-lifted-polyps
3bbff3fc-255b-4485-9824-9710c6a1ae90.jpg,1,dyed-resection-margins
4ab8cd30-c74d-4522-a632-bc6cde4ee4e5.jpg,6,polyps
6ece4755-6475-461d-b710-3102b529ad17.jpg,2,esophagitis
77c78b64-f87b-464e-8358-2fb8f6c330f6.jpg,0,dyed-lifted-polyps
d29e6620-262b-401f-a4e3-e5a4e48a1894.jpg,4,normal-pylorus
b4980816-74df-4cc0-9b08-cf40035ecc2a.jpg,3,normal-cecum
ff25035b-0ab7-4655-9ff2-437974a30d17.jpg,0,dyed-lifted-polyps
dfa22a15-8977-4870-825b-8f9c05b31ada.jpg,0,dyed-lifted-polyps
ae8dbff9-03bc-40c2-8732-002e09590f07.jpg,4,normal-pylorus
b2278cca-d076-4d53-833b-7e9ea13f4b8b.jpg,5,normal-z-line
fa4df5a3-b6a5-4bad-8b13-337b754f9a1f.jpg,7,ulcerative-colitis
e27c45b0-9074-4846-9e43-43e0b60053a7.jpg,4,normal-pylorus
ad6e81a8-2652-4ea2-af24-fa5e69b13e79.jpg,5,normal-z-line
4a3f16dd-55b8-4019-ac9a-e23472a340e5.jpg,5,normal-z-line
c1045fff-ba45-4b04-9791-f22705c95900.jpg,2,esophagitis
1e05feb6-0f3d-4b15-92fb-f07a12a8e3c9.jpg,5,normal-z-line
7c3407d4-a3c0-4807-a037-bc09370cd6fd.jpg,3,normal-cecum
0f8de428-533b-4dd3-accc-0e01ab05dfb5.jpg,1,dyed-resection-margins
7f0f1ab9-b807-4e95-bad0-9dd01e13cabf.jpg,3,normal-cecum
7c32871e-e108-4f02-8a93-bbb06bf5bd6e.jpg,7,ulcerative-colitis
d5f7d97b-335e-4d67-a7a9-5444129fa89d.jpg,6,polyps
2788e767-1654-4b21-8d06-22c4a8f3f22b.jpg,3,normal-cecum
3be0d91c-0438-474f-b69b-22a88a6f54b1.jpg,1,dyed-resection-margins
fc8eee2f-18eb-4c08-8d56-aa420144489a.jpg,7,ulcerative-colitis
0fdd4b13-28e6-489c-bcf1-c1329dbaaad3.jpg,6,polyps
2ac19269-ac7f-4c85-83f2-49f11889121c.jpg,3,normal-cecum
49cc9674-3eb0-485a-8f6d-d54424ec9d62.jpg,4,normal-pylorus
6c86a237-0007-4d86-9963-403b2d69e364.jpg,2,esophagitis
47fab28b-dcf2-4fb1-8078-ba0127985f01.jpg,2,esophagitis
fe796fa5-d8e2-4214-bdbd-64c046ebe10c.jpg,3,normal-cecum
88ba106e-e718-4156-800b-e18cf64f664e.jpg,0,dyed-lifted-polyps
dcdaddbc-4f63-4c48-b7c9-ecf254a7edf7.jpg,5,normal-z-line
fbb1c82a-981d-47b0-8345-4609666023ca.jpg,1,dyed-resection-margins
b5229965-62ae-46bb-823b-805f41602a93.jpg,6,polyps
e605a91b-c7e2-4aa4-9a38-6ace866037f4.jpg,5,normal-z-line
97f5dcdb-f0b9-4e26-9d32-1556a3377960.jpg,0,dyed-lifted-polyps
d00f5105-8992-4ec4-ba1f-1c10f4ae6a81.jpg,5,normal-z-line
05fcdc3e-8a91-4f20-9a0f-82abbb51f0fd.jpg,7,ulcerative-colitis
3eeaadd6-6ff1-420f-9bfe-a501cc96b8de.jpg,2,esophagitis
eaf6e7bc-6573-4b7f-b263-ffe335923384.jpg,3,normal-cecum
026f0d8f-2272-4e50-b73e-742b580619d7.jpg,5,normal-z-line
a0ee4f3f-9bcb-4ce1-b7af-b5b9dad9562d.jpg,0,dyed-lifted-polyps
ad316a67-818e-48d5-8fda-72ca7a86fcea.jpg,1,dyed-resection-margins
e6126516-9aa3-4283-88f0-ae9365229196.jpg,2,esophagitis
97c7f15d-9727-4db7-8343-f5cec26edd5f.jpg,3,normal-cecum
6cb58c17-f270-4c55-80ca-5a6ef6f9a363.jpg,7,ulcerative-colitis
1bce106c-4203-492d-8676-e6467e6f7020.jpg,6,polyps
c49dc874-e527-497a-b42b-1e03ebae4628.jpg,0,dyed-lifted-polyps
d9e727d5-1e22-4aba-8984-0f92762dc800.jpg,5,normal-z-line
140670b4-221e-4149-b748-f29940067147.jpg,0,dyed-lifted-polyps
7b955e96-55f2-436e-83e1-5f11ab9a947d.jpg,1,dyed-resection-margins
4a22a235-35c2-47bd-ab51-cfb4398fe2a3.jpg,6,polyps
518f121f-541d-4bc3-9f69-09b9e9a70109.jpg,7,ulcerative-colitis
d7a8d2b8-f8f2-41b6-9d8f-e86d817210b0.jpg,1,dyed-resection-margins
9c4989b3-a01b-4228-b8bc-d6c6d8aa8aba.jpg,3,normal-cecum
baf0bdb9-0a8b-4a90-b82e-2206674e44f5.jpg,5,normal-z-line
9db49cb0-902d-4996-89ef-e88abbf1fc31.jpg,1,dyed-resection-margins
a3c621db-f69d-41eb-8542-9f0c32d511cc.jpg,2,esophagitis
eb71638e-cf60-45cc-b0eb-773cfd784cdb.jpg,4,normal-pylorus
9df9cfe6-c965-456b-9273-e4144b7eda64.jpg,4,normal-pylorus
6cf4458c-c2c3-4fee-bbba-57647c0d4b6b.jpg,5,normal-z-line
edd7db36-b7e4-415a-a0c9-681ab4f43ad6.jpg,7,ulcerative-colitis
455d45c7-7847-439e-a4a8-461ff2dad4fe.jpg,3,normal-cecum
df746b02-756a-4088-9f4f-fa2ee81a4f00.jpg,6,polyps
46c77000-41c4-4bea-b252-6fa56cdb70e9.jpg,0,dyed-lifted-polyps
2e8b5cd0-7aed-4c67-8627-c303312dcf64.jpg,1,dyed-resection-margins
5f4958d9-9856-41dd-8c04-88ab2f8aa497.jpg,7,ulcerative-colitis
0edf8191-09bd-4f11-86ac-597d4d636713.jpg,1,dyed-resection-margins
aa73426e-5f8a-4a97-9dba-aa0c654b64f6.jpg,0,dyed-lifted-polyps
0a11e5ca-8a31-48de-ada7-4ea02192377d.jpg,1,dyed-resection-margins
698f130b-41ff-414d-908c-8d8c0f82d4a8_00001911.jpg,7,ulcerative-colitis
7c015078-9f75-48d3-87bb-79ea92630a74.jpg,4,normal-pylorus
1fd0b100-f61b-421a-aadc-30a5e05662bb.jpg,7,ulcerative-colitis
5009a2af-dd0a-4637-9059-c9989f0a8916.jpg,1,dyed-resection-margins
2660ee2b-a6cb-48f0-a121-b1b262d75e15.jpg,7,ulcerative-colitis
7e3dc915-d319-4d6b-a27d-c6bdb5034eb4.jpg,5,normal-z-line
455dfdd8-15f3-4e7b-83ca-05a56202221d.jpg,3,normal-cecum
726b2697-2b10-4e67-b357-4d8f3d155413.jpg,4,normal-pylorus
c399cd77-8fa0-482a-91e0-1d129a133b7d.jpg,6,polyps
a151093f-671a-4cd5-8247-593b0fee2e34.jpg,2,esophagitis
5bd37a38-0385-4dff-bbff-51871634ecf5.jpg,1,dyed-resection-margins
19ff477f-f024-4cef-9e2c-e61ad3a47002.jpg,2,esophagitis
9e520451-2119-4310-b650-0322ed7aa7c7.jpg,0,dyed-lifted-polyps
c4f321ac-6cdf-44c5-8266-6ba168cee10c.jpg,7,ulcerative-colitis
beb11c29-d832-427b-b5c0-e64197a6e980.jpg,6,polyps
db5b8353-2fd8-416d-96cd-4fa3c818c980.jpg,2,esophagitis
28615915-120a-4cb2-abdb-699e8b1ed85b.jpg,7,ulcerative-colitis
98117e4a-4a43-4936-a98b-cf75c2378af2.jpg,2,esophagitis
11a44c34-e98d-46f4-a516-dd65d672da74.jpg,3,normal-cecum
21d81771-4995-4872-a2fa-a1914e158254.jpg,7,ulcerative-colitis
b0300c82-00fb-4af6-a79b-0a47fb678765.jpg,5,normal-z-line
80caa5e6-873a-463a-a32a-aa42c8b36f28.jpg,0,dyed-lifted-polyps
86b318a0-7f60-4575-9356-09249746b005.jpg,2,esophagitis
4c0d2b87-c3f4-44f4-afcd-fa66111f0ca6.jpg,6,polyps
7de0e82c-7990-4ee2-9798-3c63fdade6d2.jpg,3,normal-cecum
8aaff417-d371-41b9-8680-bd5c71c83731.jpg,6,polyps
5421247f-fec8-4ae6-a8e9-86a45b9b7874.jpg,0,dyed-lifted-polyps
08ce23d1-549a-4b7c-80c9-8dca8f4b5d99.jpg,1,dyed-resection-margins
c22eeaea-0ccc-4d72-81d3-a6fb4275a50a.jpg,3,normal-cecum
d31c6651-581d-43dd-8ba6-9ca1a9db1ab8.jpg,0,dyed-lifted-polyps
68dec1c5-6cfd-4f76-9d3c-3c18ecf4812f.jpg,5,normal-z-line
0c970c41-891e-4187-bda8-b19799115a2b.jpg,6,polyps
ceb6dbef-06b7-4252-a5cb-d345b73a6c4e.jpg,4,normal-pylorus
d612d339-9af2-4849-b952-5b1803f770c6.jpg,4,normal-pylorus
a5beb0db-9052-49a6-a2a7-5331d3dff843.jpg,1,dyed-resection-margins
fe642d61-d409-4f0d-b71a-01e22b790fc4.jpg,2,esophagitis
3afd1bd8-523b-46c8-b33a-c8f596fff718.jpg,0,dyed-lifted-polyps
14c69009-c72a-4595-becb-1909bd675468.jpg,5,normal-z-line
3bc78c6a-e4e0-48fd-969a-f4ebd9474005.jpg,2,esophagitis
0ea54055-6c1e-4506-9bd5-b3eb07cea2da.jpg,7,ulcerative-colitis
8f1351f3-6dbf-4180-ad1c-3112c107bd81.jpg,1,dyed-resection-margins
6f3c82c1-c370-4a4c-af73-e9682841147f.jpg,2,esophagitis
d5ac716c-e823-4215-9864-de0fdc691755.jpg,3,normal-cecum
30eb0545-5a16-40fd-81da-e437179321d7.jpg,5,normal-z-line
7b7f93fb-82cb-42b1-8225-f043ff72c4a0.jpg,5,normal-z-line
b256cde4-dd12-409c-8b40-4807077caac5.jpg,4,normal-pylorus
cfdcfa0b-de74-4272-8876-929142c517f4.jpg,3,normal-cecum
fe9116fd-d274-4f65-a6c0-33e00d0e9c9f.jpg,2,esophagitis
06c664d5-4690-439a-a1c3-d1541a8a3d43.jpg,7,ulcerative-colitis
4c46b695-9eea-48cc-b642-ef0beca90de9.jpg,6,polyps
c5fa761b-e123-4c34-856b-449fcf34abd1.jpg,5,normal-z-line
a171e5cc-5f0e-4678-8131-bd3a28df07de.jpg,4,normal-pylorus
3aeb1ebc-1274-4fe8-ae59-940c583a83bd.jpg,3,normal-cecum
a775ee51-f171-404f-ab83-31d943908666.jpg,4,normal-pylorus
1af9c030-7681-4fc9-a1f3-26a99cecab47.jpg,5,normal-z-line
6b110f6c-42fa-4352-820f-62e6778d7737.jpg,7,ulcerative-colitis
5e700c22-a00e-4c1f-8de6-4d0fb2747171.jpg,7,ulcerative-colitis
6d32ace1-ab3f-44a5-8d46-c238209b6a09.jpg,4,normal-pylorus
218ae039-8530-4078-a5ad-9cd4a095440d.jpg,3,normal-cecum
26ae8d88-1aa1-4b35-b007-c9a9b882d16a.jpg,2,esophagitis
0bffd05b-b3c5-4256-bc93-f4de96257846.jpg,6,polyps
4dc3a037-c552-4c9a-9159-2bfc448ad957.jpg,1,dyed-resection-margins
70d27410-f3f6-4980-aeb9-fa7efc2a229d.jpg,5,normal-z-line
dc635279-73c2-48d5-8905-ae9e6c46f2b1.jpg,4,normal-pylorus
de80601a-73b8-4706-a7fd-ba71db524a55.jpg,7,ulcerative-colitis
09e7389d-4965-4dd5-a781-f396d8cd87c2.jpg,1,dyed-resection-margins
0bdccac9-2ccf-4280-814a-9bde82b3320d.jpg,6,polyps
aede2935-0485-4369-895e-0e28070ca9cd.jpg,5,normal-z-line
73f2e0e9-9a0c-495d-b201-f6a0dbd05957.jpg,1,dyed-resection-margins
396ba775-4e3b-4152-879d-378925818605.jpg,2,esophagitis
fa6ed4c9-50c4-4b8f-b433-0dbe045a794c.jpg,5,normal-z-line
a9395177-3429-4584-912d-43289a054be1.jpg,1,dyed-resection-margins
eb34cf1c-c209-4bf4-a8a4-40355e1682a7.jpg,0,dyed-lifted-polyps
9ab20009-2354-4596-9aaf-aa73d5175870.jpg,5,normal-z-line
dd69634c-fb56-4b10-8d93-520dca4ff061.jpg,0,dyed-lifted-polyps
bdaf3c11-b6a5-4a6c-a8c1-b4d51d00460e.jpg,1,dyed-resection-margins
adbe9d22-cb7a-4012-94a7-de5fb766353d.jpg,4,normal-pylorus
acfb19a3-a65e-47cb-b0c4-3298eaddc10d.jpg,2,esophagitis
545f4873-2c95-410e-9342-459073e0f8de.jpg,3,normal-cecum
3f429284-8727-43df-800a-6bfc84e71cc2.jpg,4,normal-pylorus
d5be5985-11f6-4173-a28c-0ffd02e28cdc.jpg,2,esophagitis
8c32b2a5-a2ba-4dc3-be9b-421b085a6511.jpg,4,normal-pylorus
0f4b1b13-6a18-4de7-9704-698c199e1ac1.jpg,7,ulcerative-colitis
49228345-8f4a-433f-b32d-e8a50b0e1b91.jpg,2,esophagitis
ea9442ea-a3e8-4210-9ede-3c53158d134e.jpg,7,ulcerative-colitis
bef00765-6c6c-47f3-8bf2-367f0ca67a8c.jpg,0,dyed-lifted-polyps
382d6544-19e2-4bdf-a9bd-657a81f199d6.jpg,0,dyed-lifted-polyps
42e6425d-607d-4d9e-b0c6-e5728e5afe75.jpg,2,esophagitis
2ee6154d-5398-4722-9463-6c22318506de.jpg,2,esophagitis
1ddf4a72-7378-429a-bc55-bbeaa6e70535.jpg,3,normal-cecum
c0328879-f38d-4b54-a3b0-98df5a9ec499.jpg,7,ulcerative-colitis
a78447d3-5fdc-48e4-b837-79a181f08874.jpg,5,normal-z-line
bbe4c981-d2e1-47f0-858f-7688ebb59df8.jpg,4,normal-pylorus
b56bd5c5-fbcf-49b6-ac9b-1bd2ab65a2cd.jpg,4,normal-pylorus
0e75b5f4-dae7-46e4-a0ae-cc5729f6491e.jpg,1,dyed-resection-margins
923f1d8e-f0f4-4ce6-86a5-ec02587783cc.jpg,0,dyed-lifted-polyps
02d58c7a-e54d-4e2f-b2e6-b8730550a888.jpg,2,esophagitis
ba7f3252-d857-493d-b9cb-c52765cb5f65.jpg,4,normal-pylorus
b2799ce6-f225-4ab2-91f8-51c9ed91bed2.jpg,5,normal-z-line
4087f9e2-9837-4478-8cf7-791a696e7f0a.jpg,2,esophagitis
12799e09-c88e-47ee-9397-9f78b86d9eab.jpg,5,normal-z-line
cd1e4ade-2f94-45a9-be6b-7fef4308182a.jpg,7,ulcerative-colitis
4b496c40-e1a0-42fc-9c32-c8fe616b4960.jpg,1,dyed-resection-margins
8a5820e3-ac9c-40c6-9d8d-ff5085eb8506.jpg,3,normal-cecum
ddd60fc8-99a0-4243-8bd4-6622a4aefb63.jpg,1,dyed-resection-margins
0a3f5457-cc70-4c05-9d1d-3c1b753a11be.jpg,6,polyps
d622c1ef-3906-46f7-a3ec-f5377ebb9fb7.jpg,2,esophagitis
c2e0240b-6516-445e-a5f9-bf6c751b0c65.jpg,1,dyed-resection-margins
fa742a00-390f-4ee5-95e4-58a1de277f85.jpg,4,normal-pylorus
6a15d7fc-cdaa-4e50-a97d-974e645697e2.jpg,1,dyed-resection-margins
e31beb69-cc30-4663-bfbc-588c4f265fe5.jpg,3,normal-cecum
7b1d5cd2-af7e-4cee-9ece-bc89db36ffd9.jpg,5,normal-z-line
ace0a55a-156b-4bad-8cc1-75b871e557f5.jpg,7,ulcerative-colitis
024c97aa-caf1-4bc9-92d6-1175aecdbce2.jpg,0,dyed-lifted-polyps
1c7034e3-f4fb-4cf4-985d-8eccc92cd1a0.jpg,1,dyed-resection-margins
7c7cae2f-027d-427e-8240-272bc58a8679.jpg,1,dyed-resection-margins
7295a82c-8dd6-473a-90dd-5a8e121bba73.jpg,1,dyed-resection-margins
b5c09acc-e325-4ebe-86c2-d52e31671043.jpg,3,normal-cecum
2164dff2-d611-4570-8c60-ce88f8b2f7f3.jpg,1,dyed-resection-margins
da85aa6e-ba2f-416c-a6d2-e93e1db2b6d3.jpg,2,esophagitis
e472ab9a-a61a-4675-afc4-b2d5c706817b.jpg,7,ulcerative-colitis
89293368-6830-41e1-a2bb-67e4083fdabe.jpg,6,polyps
c338c330-4edf-4096-a34a-d89b676876e2.jpg,3,normal-cecum
12a93a57-46d0-4bdb-a294-6a31d92d2de8.jpg,1,dyed-resection-margins
10f25b4e-9c94-4b8d-af0f-d4d820d52092.jpg,2,esophagitis
85765b18-d745-4d36-aade-93b00bbe90ce.jpg,7,ulcerative-colitis
876609a5-187c-452d-9e29-7e445ce1d97f.jpg,6,polyps
0d44b5b0-0b15-4cf6-915f-2f63bf86cd35.jpg,7,ulcerative-colitis
0562dd8c-d07e-46d4-b044-7df6594a1e49.jpg,0,dyed-lifted-polyps
e11a6ac3-d171-4fa8-b9b4-351698a4e651.jpg,5,normal-z-line
64bb1207-b684-46c8-bb34-b5701da6f52e.jpg,5,normal-z-line
33ac9022-8ab6-4d04-b7d7-997b4dc7b069.jpg,2,esophagitis
107be70f-da89-4d5f-b8bf-1f684c4a8667.jpg,6,polyps
b3d9b7d8-1125-4ded-b362-69c976c41648.jpg,5,normal-z-line
bbe1af96-7d4f-4624-bb58-eb88dba08b8a.jpg,0,dyed-lifted-polyps
9290f29e-740f-41dc-8949-cc073d41cbfe.jpg,4,normal-pylorus
dc130658-43ad-4d2f-b9cd-367ce38b47b5.jpg,5,normal-z-line
ce0d8087-3e5d-473b-a14a-6451fc451577.jpg,6,polyps
b940216a-a173-4920-b8ad-233b34fd36b2.jpg,0,dyed-lifted-polyps
ee187247-2369-4f68-a108-6599bcc6fe8f.jpg,5,normal-z-line
d0e66e28-e057-49ad-a0d4-53d69b4ad2d4.jpg,0,dyed-lifted-polyps
6197b440-244a-45e4-ae65-79292f295c55.jpg,6,polyps
013f51fa-caf3-4c31-adc5-af00eacf55c7.jpg,7,ulcerative-colitis
fc0293e1-183f-41ae-8c38-fede4442eb74.jpg,1,dyed-resection-margins
07a1bc90-1995-42fa-831a-67a209ffcfa8.jpg,1,dyed-resection-margins
dab1d5c7-bbfb-491b-96e5-9ea900b884ce.jpg,1,dyed-resection-margins
c934e9b7-8abf-4176-ac89-efad4f8e1cb7.jpg,5,normal-z-line
28422585-ecca-4b63-a51c-5c5ba4c03aa4.jpg,5,normal-z-line
a5eaf666-979a-437e-9b34-c5b1e94c8b72.jpg,7,ulcerative-colitis
67bf32ef-2360-4d54-a5a9-54207b52f0db.jpg,2,esophagitis
d66011c7-8d1a-49ab-92a9-d51e9c0db883.jpg,7,ulcerative-colitis
ebcc0f69-e980-4f71-9e4d-3f738bf401b3.jpg,5,normal-z-line
1d1d7be4-3fa6-4529-bd4f-d75d974444ba.jpg,2,esophagitis
d68f553f-bd08-41f0-b225-b3c2c625fc84.jpg,5,normal-z-line
18bfca0e-b997-4e08-8110-748dd4c5bac0.jpg,5,normal-z-line
74c19c0b-0437-4571-bd5a-1db60be1b34b.jpg,3,normal-cecum
b39887d0-d625-4d50-ab85-18b22da19ec3.jpg,4,normal-pylorus
64fd9711-749e-4790-abde-0c3d92a34886.jpg,2,esophagitis
d30bd1a3-d4e1-4e03-b275-af4287dda7e9.jpg,5,normal-z-line
f969b094-8b86-4bc7-b759-dfc9c67177fa.jpg,0,dyed-lifted-polyps
9cb33b43-735b-4d8a-9a75-3834ea91dadb.jpg,4,normal-pylorus
584f1fa0-9bb9-49d3-b412-c42819d0a200_00001784.jpg,7,ulcerative-colitis
e57ec79a-22b8-47ce-a9cc-592e81c30586.jpg,0,dyed-lifted-polyps
cccbee46-e378-4f05-b0b8-167c7f2cab49.jpg,0,dyed-lifted-polyps
ff9ceccd-c865-41dd-abc3-6ccf8482365a.jpg,3,normal-cecum
e2903441-877f-4895-b5f5-8a7149d42ae7.jpg,5,normal-z-line
945eb875-e123-409b-997a-2864a61a4b1c.jpg,5,normal-z-line
43ded847-a696-4cd8-a268-8e0122fde19f.jpg,7,ulcerative-colitis
f9e8cea7-058a-4eae-b69d-4f0fd4cb82d8.jpg,0,dyed-lifted-polyps
ec51a448-8e26-476d-abd7-6e1a903c2219.jpg,6,polyps
5f3968ee-cbea-4fca-a592-fdfb8a313b43.jpg,6,polyps
18c6ae85-f3f9-4c5f-a318-51f67f5eb009.jpg,1,dyed-resection-margins
2e7b71fd-253b-44b9-ae3f-42b4e005209f.jpg,4,normal-pylorus
6a1cd567-1cc5-4030-8904-b921251cff31.jpg,7,ulcerative-colitis
6c8dba04-1662-4031-9e7f-6623589a2caa.jpg,6,polyps
e4ef2a4c-1e17-45d7-a7c8-bbdc35eba1c6.jpg,5,normal-z-line
e45b7e1e-a014-4301-bda3-7cac7f05ca97.jpg,3,normal-cecum
d8c7bf17-b725-41a5-ba6d-45ff9ffd61f5.jpg,0,dyed-lifted-polyps
1eafc0c7-d1a1-4311-b204-a7791bf24473.jpg,5,normal-z-line
bbf29d00-bc7c-446c-85c7-b5c433e117a2.jpg,1,dyed-resection-margins
e7af50a1-0b42-4cc5-8225-66acce091b93.jpg,5,normal-z-line
5bdcd46a-f7bd-4461-9ba6-6f6143aaeef5.jpg,5,normal-z-line
cf7ebd04-7e67-4ebe-99dc-256912ded0bd.jpg,0,dyed-lifted-polyps
5c0f0d9d-be03-4b92-983a-bb8a8495a4ee.jpg,4,normal-pylorus
3858857e-27a7-47e9-8cf5-0bb42d1b8a78.jpg,0,dyed-lifted-polyps
cffa4356-b344-4d79-8b20-dfa97b5ee348.jpg,3,normal-cecum
fa82f51d-b99b-4226-bd8f-92bdb6221d7c.jpg,4,normal-pylorus
d9cc4db9-aa2c-428b-ab7a-bb5a811229c8.jpg,5,normal-z-line
31c6121f-5bec-4beb-a01e-152c87b62c4e.jpg,3,normal-cecum
03a2f058-a093-43b0-8399-2879dfcb3c80.jpg,6,polyps
cd84aaa0-7834-49ed-a65b-003d3c6e4135.jpg,7,ulcerative-colitis
7b578e0d-2335-44e5-abea-4248367a6ecd.jpg,1,dyed-resection-margins
d5148aee-ee7d-4564-9007-c0dec1818e5a.jpg,7,ulcerative-colitis
d1846971-379f-4831-a8e3-ae0e0a8b9824.jpg,3,normal-cecum
c366d9c7-feb4-4bee-8da1-4c2627b0a2c3.jpg,6,polyps
a7631f81-5392-4a2e-af5c-9d6df7f20402.jpg,3,normal-cecum
a7c00d33-c66b-45ef-8920-1b341c12398b.jpg,5,normal-z-line
ca487eb4-263a-4c7d-9749-36c8b04eb7f1.jpg,1,dyed-resection-margins
8db29cc0-8f98-4986-b115-9901b33f3114.jpg,0,dyed-lifted-polyps
ed0d1e23-a58e-411a-bfbf-d92aeadbc30c.jpg,5,normal-z-line
bfbb809e-76e6-4979-96e7-c42d35ec6300.jpg,1,dyed-resection-margins
fbad6a59-5dcf-484a-90bc-c7485eb401ed.jpg,5,normal-z-line
992267fa-0d86-4ab7-bdb3-332a6d4a1770.jpg,7,ulcerative-colitis
3a5a9b76-7d49-4302-b8f4-fd1b0f3ef457.jpg,3,normal-cecum
f8b11f02-19a4-42f3-b98c-7005d9107f03.jpg,1,dyed-resection-margins
dedfcf13-764c-4263-8d4a-94914b1d9a44.jpg,5,normal-z-line
fc1a588e-9741-42cf-899e-18cc61d37f46.jpg,5,normal-z-line
441ff1d8-3157-4f9b-99aa-b894175bd1fc.jpg,1,dyed-resection-margins
fd329ab2-4d54-45ad-8c9b-eabc197b2d61.jpg,0,dyed-lifted-polyps
ad500b22-782e-473d-bc18-b70c85b03562.jpg,2,esophagitis
6201762a-ea2c-4251-95d6-75d0e96f9183.jpg,1,dyed-resection-margins
4bd7a1b8-38a7-475f-895b-5bfecd2c2cfb.jpg,4,normal-pylorus
e85e9372-210a-4282-8436-9fafc5cece42.jpg,6,polyps
cdd9c8d3-e031-4167-a3f4-d799b083620a.jpg,1,dyed-resection-margins
c136e0a4-0811-4ffb-a0de-c4010ac14c2e.jpg,7,ulcerative-colitis
e28a6043-127c-40b9-bcb7-18c70d7373a7.jpg,3,normal-cecum
18eb3c8e-4025-4d81-8002-a3323a380c62.jpg,6,polyps
c2534489-e603-45eb-bb0b-6251145eb1df.jpg,5,normal-z-line
c2f1bb10-86e7-4c6a-9774-112dad033fb6.jpg,5,normal-z-line
4e3e31f4-9de2-4b96-91a4-df3482f5dbd3.jpg,2,esophagitis
4cb4a942-9bff-4ac5-86e5-03979ce0d4b1.jpg,2,esophagitis
950dc8e4-0177-44f2-ad44-2f62129f26fd.jpg,6,polyps
ea0d877d-cb3b-42cf-83b5-c7be6700a198.jpg,1,dyed-resection-margins
54e8eaad-bfbd-4dbe-9528-535cfe405f22.jpg,5,normal-z-line
8be7421d-5217-442c-9376-81975b1a4533.jpg,0,dyed-lifted-polyps
5ce9c66f-bf26-49b8-881a-a207e7aa98aa.jpg,6,polyps
5e764c7d-7081-4d8a-9713-08aa94b455b0.jpg,4,normal-pylorus
bcb947e5-7f93-443c-9553-41466530f30b.jpg,5,normal-z-line
e0650421-aeed-487c-b977-6001b906a6ff.jpg,3,normal-cecum
ea311a55-94c4-4fa5-92cf-759e9595881c.jpg,7,ulcerative-colitis
1b0a675e-1b39-42aa-9217-61e29280f368.jpg,0,dyed-lifted-polyps
e5a006e6-c136-4ac6-aca4-7efefc0f91f8.jpg,5,normal-z-line
dce3aab8-6f1b-47ce-a422-3c07e6a864eb.jpg,0,dyed-lifted-polyps
827fec7a-eb4a-44fc-9ecd-6e555fc6c810.jpg,4,normal-pylorus
3053ab7e-4ff3-42d0-960c-09e889381dab.jpg,3,normal-cecum
2882de09-16f1-4615-8649-25c4fd1f04d3.jpg,5,normal-z-line
942cd450-7627-40c1-b8c3-42e17bdb2d1e.jpg,6,polyps
4ca3f3bb-c17b-4d2c-acc0-565bd22ed01c.jpg,3,normal-cecum
5ff7b743-4aca-4510-9c84-baccc1e5f5d7.jpg,1,dyed-resection-margins
fe666548-9713-48b5-a7a0-f7f5acb50272.jpg,4,normal-pylorus
e2de9b5d-8def-42ac-970e-4cb51d0fe8c2.jpg,3,normal-cecum
e6095686-70ae-4b1b-a72e-a047e4c319f2.jpg,2,esophagitis
ebaf0c5e-1b02-4306-8bef-c9a0c053ffe1.jpg,1,dyed-resection-margins
22dc21ab-3a13-4eb4-b43c-ca01826163d0.jpg,6,polyps
9f6589e7-0cec-4a56-b3af-18f8ec708556.jpg,2,esophagitis
dc485548-8434-446d-8f00-59fae6e44758.jpg,2,esophagitis
a1e1c7f8-a30f-4b4f-9d62-3d356a864229.jpg,0,dyed-lifted-polyps
55a563ab-f58f-4dbb-bcfd-cfa167f27ede.jpg,7,ulcerative-colitis
6231ab12-54ca-426f-964a-b99ec8657f32.jpg,6,polyps
cac3e8f2-b742-4f84-b2e9-b86204528be9.jpg,4,normal-pylorus
173f8c29-bdf5-4178-9036-10f9091885af.jpg,7,ulcerative-colitis
610d967a-2ed7-403a-ad27-8f9901cfbb12.jpg,3,normal-cecum
9bd21168-3325-403d-ab17-8c0d7a26acce.jpg,7,ulcerative-colitis
5af6df3e-20b4-4579-be7b-f826841b771b.jpg,2,esophagitis
45653ea5-b310-46fb-8121-5203c34e2553.jpg,7,ulcerative-colitis
8b506961-4bd8-434e-95b3-4910120188a5.jpg,2,esophagitis
16035e62-e497-49ad-af2f-14c5e0ae943f.jpg,0,dyed-lifted-polyps
8f2c7d09-580e-49e1-a23e-042634e8cf3a.jpg,3,normal-cecum
fd49618e-96fc-45ec-a917-9d04421faa3f.jpg,6,polyps
59ddb2d0-52ed-4ef7-ac28-4fb379a8cc6c.jpg,4,normal-pylorus
0f5635b7-a6b4-4800-b307-7c11ee9b6dfa.jpg,3,normal-cecum
2f1020c6-1023-4c23-aaa5-21518ee69299.jpg,4,normal-pylorus
47909cf2-71a6-4d69-8a3b-ffe384e99a2e.jpg,7,ulcerative-colitis
2bb2e396-2fce-4d76-b7cb-40da192d17b0.jpg,2,esophagitis
90583c3e-d705-45b3-88e0-50fb9e5f7c8f.jpg,4,normal-pylorus
ad879312-1a6e-4c89-b72c-25d0629fc0c4.jpg,2,esophagitis
8368777a-79fd-481f-9b1e-3477aff88a01.jpg,5,normal-z-line
a82012c2-dfa2-4957-9cfc-6c77607caad5.jpg,0,dyed-lifted-polyps
62968862-1613-4aaa-a8b7-ab187ac59a41.jpg,2,esophagitis
9defc727-3e35-4a0a-baf6-ed4a3870f8be.jpg,7,ulcerative-colitis
44011fa3-7954-4c63-a8c9-57134776a717.jpg,6,polyps
e72703a2-652e-4f52-af0e-4b182f7176b2.jpg,1,dyed-resection-margins
6bdf46f7-b863-4234-81b2-1accba351cdd.jpg,4,normal-pylorus
4b2708e1-2bf6-4270-bf06-5280487361f5.jpg,5,normal-z-line
ded1855b-d337-47f5-ac6f-48bc1635c905.jpg,3,normal-cecum
0c020c03-da6c-46ec-bc00-09564351e63a.jpg,5,normal-z-line
0d7ff5ea-15d9-4a8e-a2e8-77ee6b228738.jpg,6,polyps
0216181d-8f5d-4c59-a08d-c879939ca53a.jpg,3,normal-cecum
98091b59-0f63-4e8f-97b9-353bed892af9.jpg,1,dyed-resection-margins
0b8cdb89-4d64-498a-8c1c-a55769dfd396.jpg,2,esophagitis
29bcacbd-7a7d-47c4-a696-aa74f8e4dffb.jpg,2,esophagitis
89530f9a-3694-4dd0-b51a-b8d936b1f411.jpg,6,polyps
8b9f9a57-6b40-4c04-9a99-0c4668426df9.jpg,1,dyed-resection-margins
9222869e-3577-4fb6-80ea-a4399d445913.jpg,1,dyed-resection-margins
9934fe50-8548-4a9b-ab65-f2326c2ca5cc.jpg,0,dyed-lifted-polyps
b5ac36e3-b462-46ab-8e42-bf7b3127d4ac.jpg,0,dyed-lifted-polyps
01c08ec1-e73d-4feb-b17f-9fab88578fe1.jpg,2,esophagitis
fafc998f-3229-419a-aa36-3cf50452e139.jpg,4,normal-pylorus
8699d636-6c6c-4a97-bf3a-df0f08625c51.jpg,7,ulcerative-colitis
d67308a1-14b7-47be-a070-359caaffe0ce.jpg,0,dyed-lifted-polyps
ce16aa78-a36b-48e6-bed9-90c1517d11cd.jpg,5,normal-z-line
349ab5ef-1b9f-466e-a3d1-c00421def169.jpg,5,normal-z-line
12453239-3341-4196-b9cc-0ca477863af1.jpg,5,normal-z-line
55d80cb1-7809-4a21-93c8-de5599c26063.jpg,4,normal-pylorus
2d838c36-d5ee-404d-8966-3f1c455719ff.jpg,5,normal-z-line
3ce1f280-8310-4c0b-92af-e564a769f489.jpg,2,esophagitis
e0609dbe-6d4a-41bd-891b-5cd214f690b7.jpg,7,ulcerative-colitis
164e38e6-5c7a-4c4c-826d-bd3ae2f6067a.jpg,2,esophagitis
0a705c2b-b8eb-4b13-bc0c-63bb4a2fd166.jpg,3,normal-cecum
8f6060cb-3ab1-4ab8-8be5-7ee4bfea6a56.jpg,4,normal-pylorus
cd9a58e1-f00b-4c34-8b03-a97b97a24fb7.jpg,5,normal-z-line
f9ca7584-427d-4a2a-b7ab-d08aa5d08f76.jpg,5,normal-z-line
1c860924-5e15-4d7f-9f64-27a90d0bb2f3.jpg,6,polyps
c3d001b4-62d9-403d-a25b-fe4dc3c71cf1.jpg,2,esophagitis
e4eff3f1-b77f-41ab-8441-aba21a58bb4e.jpg,4,normal-pylorus
ae68bef5-8ca4-42fd-a275-d34ee4ea8c14_00000074.jpg,7,ulcerative-colitis
b612b3b2-cd9e-4a63-a0b9-38ef3303cd43.jpg,4,normal-pylorus
676e3ee0-e546-4393-b640-2a8defaeb107.jpg,7,ulcerative-colitis
e64558ff-2675-4385-b03b-0b38d5104c2e.jpg,7,ulcerative-colitis
1a77a115-a6b3-48c0-adc1-321cf4fd93a4.jpg,4,normal-pylorus
d324ff38-94db-45c2-98c7-d21c8640ff11.jpg,7,ulcerative-colitis
fa70fd87-aacb-4ba7-9010-35f02da113f3.jpg,5,normal-z-line
9a5c3e69-1149-45de-a7c3-8a235f5c5b6e.jpg,3,normal-cecum
4f0716ce-3bf9-4f43-ab27-a0e75b6bc64b.jpg,3,normal-cecum
fd5835be-6d66-4f04-8fd9-79eb0a20384f.jpg,5,normal-z-line
1d68aeba-4fdd-42da-9d10-c65d24f60ea6.jpg,3,normal-cecum
3d14970e-dff6-453e-aa9b-54e7dfe8a4fc.jpg,6,polyps
94a9e2e3-e972-43a4-9958-142cad87f38c.jpg,1,dyed-resection-margins
66403950-f8a2-4e01-9328-3ee9c2d9d0ec.jpg,3,normal-cecum
048a155b-7de4-4235-9c7e-e90010093276.jpg,2,esophagitis
acc1ea44-15d0-4c9f-ae79-5e6cbd5fa903.jpg,0,dyed-lifted-polyps
05cec76d-281a-4901-b2e7-de98c0207088.jpg,0,dyed-lifted-polyps
3b7778f5-be59-426f-afec-a31578528e6f.jpg,1,dyed-resection-margins
1e40822e-8af8-47c5-bbd7-6a581b698cd0.jpg,6,polyps
4f11359a-56d0-450a-8a50-7e3deec09be2.jpg,1,dyed-resection-margins
a0315140-77ae-4301-a350-a1c66582dfe7.jpg,2,esophagitis
f9a74476-8623-4a6e-8b21-c11a70ae8ab5.jpg,0,dyed-lifted-polyps
54e37af8-8256-44ae-b386-b1f3e7f64f12.jpg,1,dyed-resection-margins
0b917df8-8d7a-4349-9c2e-eec9a20a8893.jpg,4,normal-pylorus
61bb470c-9e3b-441f-8cb3-cb5b04c4e2c3.jpg,0,dyed-lifted-polyps
bbddc0f3-2f93-439a-bcf2-833b71d46f5c.jpg,5,normal-z-line
7912d44a-1cd9-4a59-8c7d-b63ce2f63776.jpg,6,polyps
85403388-8a46-4f52-8fc7-707fe16bb707.jpg,5,normal-z-line
b9cede89-3e71-4172-8744-ace0d9b67c27.jpg,2,esophagitis
42b05fc5-0c15-4236-95e6-face4611442f.jpg,6,polyps
4b7a6f28-953a-4ef2-a58c-8e81dd52f05d.jpg,5,normal-z-line
dac6f289-97ca-41af-9cb4-477bfebb0f60.jpg,4,normal-pylorus
ad082124-8ae2-4697-83a2-d2998ef2e55c.jpg,1,dyed-resection-margins
7bcb8d84-b4ae-4bc4-9549-8929211afad9.jpg,0,dyed-lifted-polyps
427697e4-6569-4ccc-9598-32b23959f30b.jpg,6,polyps
e76e3e57-f61d-47d3-8767-4e37474646a1.jpg,1,dyed-resection-margins
cc911275-c787-4ab6-b804-2e6e1aa66b07.jpg,4,normal-pylorus
11f94eb3-68b4-4aa9-be2c-0bfe840e4229.jpg,6,polyps
7b2f0332-6a5c-4487-bb76-0b49ad15d918.jpg,7,ulcerative-colitis
8f06dc69-f1d3-45e6-b37a-f5f2207f0735.jpg,6,polyps
0f14b105-4cad-4ca5-a43a-796cded9f07e.jpg,6,polyps
a0e595ab-9da6-46e0-93db-de29e0677ed0.jpg,2,esophagitis
17d374c0-7878-47ac-8ed9-341b411f855d.jpg,3,normal-cecum
03f800c7-1406-4d98-a112-1424a0410fcf.jpg,3,normal-cecum
9f479bb0-2e7c-4a01-bc71-e2f88d8b82f1.jpg,7,ulcerative-colitis
735438f5-44e7-4926-83b5-47a190c8ca34.jpg,6,polyps
159433f3-ace6-49e8-ac53-38dc3360d4e5.jpg,5,normal-z-line
06072bf5-7e35-42a2-a08b-1eb3d033589e.jpg,1,dyed-resection-margins
6f50aa6a-cac4-44d8-99f5-752d03e5d895.jpg,6,polyps
0163b3a2-9aa1-4b23-a9a8-aff07a738f16.jpg,3,normal-cecum
3cd6e179-24ec-4658-a17c-aa64049e9bf4.jpg,7,ulcerative-colitis
0fdad732-9024-4f7a-b31b-4d46165f7ba3.jpg,6,polyps
751edddf-d2a5-449d-b5a7-51cd50c2ddb5.jpg,3,normal-cecum
d9f2364d-425d-4b2f-bb38-3fad96f38732.jpg,5,normal-z-line
70cb9b5b-dd0b-4c09-941b-5081a2519737.jpg,6,polyps
68c3146f-41be-4bb4-88a3-f9372a00ec2b.jpg,2,esophagitis
2d0dfdb9-295f-48e6-96e6-2308fe420b2b.jpg,7,ulcerative-colitis
e3c2f6b2-9f84-43bb-85e1-8d1fe973f881.jpg,3,normal-cecum
a7463a31-29f4-48c1-9328-0c0f4e3c5bb5.jpg,0,dyed-lifted-polyps
defd9b52-b297-424a-8432-60e9669bf474.jpg,1,dyed-resection-margins
3981ddbe-63d8-40dd-b2c3-1b8f52798d73.jpg,2,esophagitis
575cdc3f-a61a-4eef-a7b8-28dc89fe41c9.jpg,5,normal-z-line
10ac5959-2902-4acf-8412-aad831823c94.jpg,2,esophagitis
2c3eb894-3a67-4cf4-bc75-9bd7442c9709.jpg,4,normal-pylorus
bce1be9f-3360-4c7a-9501-b56110c59406.jpg,2,esophagitis
fc79c489-b358-4368-b965-330615af73d4_00000181.jpg,7,ulcerative-colitis
10e7ea5f-9e98-43e8-88ba-e5f676af199e.jpg,1,dyed-resection-margins
0ec81bba-07db-411f-b6d2-e69ed1ba2d8f.jpg,0,dyed-lifted-polyps
18f2a289-2979-4fb5-a8cd-1765507691cb.jpg,2,esophagitis
3983e21f-6989-47d9-9188-fff27302579b.jpg,0,dyed-lifted-polyps
60a49bab-bcfb-4db2-8e44-4d1370cfbce6.jpg,6,polyps
607347c8-de2e-4e4f-a2fd-b09a7c898d24.jpg,0,dyed-lifted-polyps
92bebc84-53c2-4941-9af8-c3a3c5563e29.jpg,3,normal-cecum
5f9ec244-5b72-47dd-9d3c-e86ece58d5b6.jpg,1,dyed-resection-margins
3ef58f64-0c9c-4985-8641-0db885028d9f.jpg,2,esophagitis
972cb636-924a-4d94-b6bc-d0298b7a6abb.jpg,1,dyed-resection-margins
decfde72-063d-48c4-b9b8-e7431b5f3bb1.jpg,1,dyed-resection-margins
a5165759-a282-4107-99a7-ac5b84f656c5.jpg,6,polyps
7144c808-d238-47c6-a65f-5010704fab30.jpg,7,ulcerative-colitis
945239aa-9ac2-4189-aa22-3a7fd5bbacef.jpg,1,dyed-resection-margins
b83d4bd4-5405-4df4-87d7-c690539fda6b.jpg,1,dyed-resection-margins
6f1da239-aed3-451c-8b03-5da539cdc651.jpg,4,normal-pylorus
83367e95-c81f-40ef-becd-f3be6279f5f7.jpg,2,esophagitis
c1c115e0-8065-4e3e-8f6a-dcef23e7fd44.jpg,7,ulcerative-colitis
cd8269cf-599c-4d76-8db0-a2f91dd59543.jpg,1,dyed-resection-margins
8b4b05ec-4303-414f-970e-4503bd2e2491.jpg,0,dyed-lifted-polyps
367ad79f-b160-4955-b666-bbb6398c22d1.jpg,3,normal-cecum
bcb11bcd-1c69-46b5-aaca-06fcc1ecca75.jpg,5,normal-z-line
703c0447-864d-4db8-9df7-4f3d5b86d983.jpg,2,esophagitis
d75d7aa7-cca5-4970-86a0-e3505db053b7.jpg,5,normal-z-line
3e078f14-f99d-42d3-8ab4-426af1ac119f.jpg,3,normal-cecum
73647ec1-8295-4292-9882-b24ea0503178.jpg,3,normal-cecum
d592c3e9-9962-4230-b22d-0ea6ab700ae5.jpg,5,normal-z-line
a42d3d9e-63f0-4079-ab4e-f33737da57aa.jpg,4,normal-pylorus
2e8d8e4c-a91d-4ffe-bba9-48abfacb6c42.jpg,1,dyed-resection-margins
0fdc03cc-700e-4afe-bbe5-ac74357e6478.jpg,6,polyps
d870361e-aa1a-4387-b4a8-c85a827e732e.jpg,1,dyed-resection-margins
e14adf49-daa7-4d58-87b0-358b3c6a9035.jpg,0,dyed-lifted-polyps
e427835d-4ef8-485d-ab90-c96b7a675b9e.jpg,0,dyed-lifted-polyps
ab4a4c9d-8d18-41c8-9e03-8d1ea81e48ec.jpg,2,esophagitis
3ffa4893-8a1e-405a-b1bf-a8dda7b8a1f5.jpg,3,normal-cecum
4e0b851c-0df5-4f72-bbe3-3b2274e6dc9b.jpg,6,polyps
50d0441c-8ca0-4a74-bb02-19a3473b8003.jpg,5,normal-z-line
adccc1be-4c6f-4d1e-b8b0-eccb55dfbd50.jpg,4,normal-pylorus
a4e12176-e9ba-4d14-90ac-2bc209f75318.jpg,3,normal-cecum
5a361785-c9eb-4c87-86a5-b37299562d3c.jpg,1,dyed-resection-margins
c83b6202-0769-4c39-8bd2-cc376c684cfb.jpg,5,normal-z-line
90f45cdc-b5cc-4fd2-9301-0d4cadf8f048.jpg,3,normal-cecum
e921f762-c3e8-45c6-a0b6-27b4ba5bf4b3.jpg,2,esophagitis
47f632eb-d46f-4e5f-be14-166ce754431f.jpg,4,normal-pylorus
b054c899-717a-4f7e-ba62-99200cc44eca.jpg,4,normal-pylorus
67005b9b-24db-42b6-a27a-6e72f9b9b2a0.jpg,1,dyed-resection-margins
c4298098-5dec-40be-b26d-55edd1a7bfef.jpg,0,dyed-lifted-polyps
ac6ec267-f5a2-406f-8084-fe7a0d3d4624.jpg,1,dyed-resection-margins
90d76564-923d-4f7a-8552-2205f9b95909.jpg,1,dyed-resection-margins
6aa2aa3b-04d1-4895-81d3-ec1a634bd386.jpg,1,dyed-resection-margins
c8b3627c-30cf-4416-86b1-60802e008c60.jpg,5,normal-z-line
404c106e-72e4-49ba-8f5d-79ba23f02a4e.jpg,4,normal-pylorus
8c3026a9-d5b4-43ee-8920-33ad9b9cf6c4.jpg,6,polyps
178b9fc3-9988-45fa-a6a2-1101b2ce1816.jpg,4,normal-pylorus
21c51679-81ca-4eea-9168-dcbaa6b8f3c6.jpg,1,dyed-resection-margins
1f474153-73e2-427a-a9c5-7d504c07d7fc.jpg,2,esophagitis
56578a66-5975-4255-9333-f801e21c1d0c.jpg,0,dyed-lifted-polyps
b17c9583-9d08-4d72-bfb8-9715aa605421.jpg,4,normal-pylorus
9eb458b1-bcdc-4734-a7b7-5733c8e56657.jpg,7,ulcerative-colitis
1cd6169e-5f21-4228-b64f-ab1b1e59db2a.jpg,6,polyps
34b525e2-5f3d-4423-b87e-805686d8f56b.jpg,6,polyps
aa21fb0b-f39a-4244-b665-b046138a1ce1.jpg,2,esophagitis
25a3db73-9c02-4526-a64b-5aa141b5d337.jpg,5,normal-z-line
6f8d6c8f-3dfb-4162-9a3b-83509e9e504e.jpg,0,dyed-lifted-polyps
79c4ac8b-2fbf-425d-8857-8200ca583a5d.jpg,6,polyps
5f5001a2-fd2e-469f-9ab4-15a19b0336e9.jpg,0,dyed-lifted-polyps
31b58db2-3281-4a0b-8278-f026b16414d0.jpg,5,normal-z-line
8aa5e708-7b15-4ff6-8c32-945ff6b363f1.jpg,7,ulcerative-colitis
5e572055-dd45-4df0-9d39-25477c55bb0b.jpg,4,normal-pylorus
c6d9329c-400b-42b7-b0ea-3f3647d16277.jpg,0,dyed-lifted-polyps
a9d6058d-e750-43c6-9e19-0464e47df69d.jpg,5,normal-z-line
84b98df1-e9ae-4352-8d05-60a4f793f298.jpg,1,dyed-resection-margins
e547014b-6c24-406f-b3b8-5741d2238742.jpg,4,normal-pylorus
9d6bf565-4e60-4cfe-bffa-be9a30b243ba.jpg,1,dyed-resection-margins
2b42eaad-16d3-4bab-85b2-07a51488be7b.jpg,7,ulcerative-colitis
a97831fc-93de-446b-9583-3a79698f6a67.jpg,2,esophagitis
ced08652-3513-4808-814a-a36953393c95.jpg,4,normal-pylorus
a7c35d25-0809-4866-a913-4edfd2caed1e.jpg,0,dyed-lifted-polyps
02f7c707-17a1-4e37-a2af-6a202273e656.jpg,1,dyed-resection-margins
bc60b565-7acc-47ae-8da7-75e7e6d43fbf.jpg,3,normal-cecum
b7844b2a-5a9c-44a8-8081-fd33ef7074f0.jpg,5,normal-z-line
25a88ded-9f6c-46df-af8e-22ff202467f6.jpg,2,esophagitis
584f1fa0-9bb9-49d3-b412-c42819d0a200_00000120.jpg,7,ulcerative-colitis
558bf41e-67a9-4e92-b52b-a9cc3d855e5b.jpg,4,normal-pylorus
e17efc96-6684-4535-947a-fee17af93ff2.jpg,3,normal-cecum
2a59a5cc-1f87-4c9b-a50d-9dca26974bc0.jpg,3,normal-cecum
4a892391-6677-444c-9fc7-46f76ec85c1f.jpg,7,ulcerative-colitis
e3fd6b64-6901-47e3-acff-376f5e596863.jpg,1,dyed-resection-margins
836b792d-f1c2-4394-94e5-fdaeec0e1100.jpg,1,dyed-resection-margins
54fe80b1-114b-4ef9-ac5e-3eed5e06622d.jpg,4,normal-pylorus
5776d73c-f69e-4982-a91a-630bf3697ba0.jpg,3,normal-cecum
a57cb5aa-ee9c-4bdd-8c74-4f53d8de4682.jpg,6,polyps
6757df6a-61ce-4086-b181-34d9090ba893.jpg,7,ulcerative-colitis
0a40274b-e1da-4144-ada2-3f9d7e8bd30e.jpg,6,polyps
93da5f66-6dec-4bcb-9569-3c334f341631.jpg,6,polyps
460366f3-29f2-426b-850b-d36a1a65cd94.jpg,3,normal-cecum
f94f7364-9209-4370-a88b-290698944ae0.jpg,7,ulcerative-colitis
d98d3a50-01b9-4577-a30c-d88757c2e3b7.jpg,5,normal-z-line
62b2683a-700e-424c-a802-b5937d57949c.jpg,1,dyed-resection-margins
cdd97ef6-ea32-4c9b-a0fb-09b6181b81f5.jpg,1,dyed-resection-margins
137362c8-b5e6-4683-844e-645ce819feff.jpg,2,esophagitis
3d519088-cacf-4839-8978-30f54c176159.jpg,6,polyps
c87dd1ae-d0cb-4e39-8b1b-5c586bd5a7f0.jpg,5,normal-z-line
adef6f06-51a8-43d8-a0a9-5d0d6c5baa0f.jpg,1,dyed-resection-margins
a99c7d38-bdbf-45bd-8e88-984510a64ac3.jpg,1,dyed-resection-margins
a877de82-3a2a-48b4-8a6b-e1c7bba51c1f.jpg,5,normal-z-line
0c86015a-fd24-4135-a87d-3224b3207502.jpg,4,normal-pylorus
de17b7a4-cff6-4e31-bd44-a100b16241dd.jpg,6,polyps
4fd686f7-cf4b-42cb-b7a5-dce566a35d36.jpg,0,dyed-lifted-polyps
cd33c9aa-34dc-4b64-9918-da42dc87f249.jpg,0,dyed-lifted-polyps
52157fe2-28c1-423b-a4c8-8dc9735fc1fc.jpg,1,dyed-resection-margins
dc340838-0dea-4f0b-8950-8e123ca0507a.jpg,2,esophagitis
ef1d6949-00f1-4813-ac28-7dcb5729644e.jpg,0,dyed-lifted-polyps
1787964a-0208-44fb-abb3-cded2b86625e.jpg,6,polyps
1c6cd151-cae2-4595-9fff-3aa55202b6e8.jpg,1,dyed-resection-margins
080f65da-aa22-4663-8923-3f4da73c6dca.jpg,3,normal-cecum
bfc88ed6-55a8-4a81-8496-4f0094e1418b.jpg,3,normal-cecum
cb376b28-90ad-4370-91ba-4d1dad6f464f.jpg,2,esophagitis
fa3ebede-2429-4bd8-bf8f-c3b92bc7a3c6.jpg,5,normal-z-line
93eafd7d-c37d-436b-b275-cbb37dcb0a69.jpg,6,polyps
d5dfa2bf-2206-43f4-9387-baf867dbe9a3.jpg,7,ulcerative-colitis
430d326d-097c-4b4a-a54f-53bc2be3aae1.jpg,1,dyed-resection-margins
0caf5bd8-edfe-42da-bec7-248b15d084f4.jpg,1,dyed-resection-margins
2223786e-582e-4114-984d-6174999b83ac.jpg,0,dyed-lifted-polyps
6cfcf674-2b0f-4398-b009-0b35a1eea85d.jpg,2,esophagitis
02d224ad-8c65-4b2d-aa9d-ea8aed60d37d.jpg,1,dyed-resection-margins
cf158618-da78-4cb8-83bb-fb1dad7d95af.jpg,2,esophagitis
4cf7535b-588e-4286-afb1-ca4863ed9dbd.jpg,5,normal-z-line
e84390c9-5318-44e9-880e-0a705f0f4bff.jpg,7,ulcerative-colitis
c6af6152-10a3-46d8-a739-ded55c49e5cf.jpg,5,normal-z-line
be21313a-6144-408e-a8a8-506aa93a3c9b.jpg,5,normal-z-line
5e7799a3-4d78-4267-8d3f-e038c2441160.jpg,3,normal-cecum
1ed2d630-dcee-409e-9669-e3bb0849925e.jpg,6,polyps
86e5be85-5ff4-43a0-8d1b-af331c67fe61.jpg,4,normal-pylorus
e5b011d0-b554-45a1-8b0d-428979c778c8.jpg,4,normal-pylorus
e4e76b7b-64a2-41f0-b418-21dad8bedc7b.jpg,2,esophagitis
b759c538-9404-4574-a279-e50b87a73d02.jpg,5,normal-z-line
34188ccd-e84f-4f0b-b050-35b022c34073.jpg,0,dyed-lifted-polyps
20891273-a446-412b-b878-32fedad492e0.jpg,3,normal-cecum
72bd5709-0207-4368-a4d9-73f3989a9401.jpg,0,dyed-lifted-polyps
e9766297-ab24-46a5-a649-4bd568c78ef7.jpg,5,normal-z-line
1345041f-914b-4033-b213-f4507d9b569c.jpg,7,ulcerative-colitis
c28c8f2e-d0c8-43a4-9295-ec3683ffb5b4.jpg,0,dyed-lifted-polyps
dcd89477-e825-425a-b1bc-ae9004d2ecf9.jpg,2,esophagitis
5aeda28c-5259-4e29-ac55-13ee8a48ffc1.jpg,7,ulcerative-colitis
704b2f84-befc-4231-a73a-cae434866b4e.jpg,3,normal-cecum
307fe454-26ce-4e47-904a-3e890f52df78.jpg,7,ulcerative-colitis
10d7e434-8c53-4787-a92d-f54240b39777.jpg,5,normal-z-line
604e8c9e-c1d4-449b-9382-c344a041e064.jpg,1,dyed-resection-margins
56e2ed56-e380-4595-b0c5-0d73f9604063.jpg,1,dyed-resection-margins
68155056-019f-4b70-8355-07ad9b0e127f.jpg,2,esophagitis
ef33be50-ee6f-4c01-8f40-1f56be8a7521.jpg,7,ulcerative-colitis
76142b66-76be-4152-a600-86ff519098a7.jpg,3,normal-cecum
2ac1323d-ec63-4a1b-bb4f-effeeea65ad2.jpg,0,dyed-lifted-polyps
3f862efc-5bd6-42b5-98b6-659a7fe99679.jpg,6,polyps
8e3c950e-0364-40d3-9f92-47f9744ac0c2.jpg,5,normal-z-line
eb61bb98-933b-4c5a-9c3d-54bec36637e8.jpg,6,polyps
01cbcacb-6d33-41ba-9aa7-e37907f9281b.jpg,1,dyed-resection-margins
00f3d2cc-93ea-40f0-9b88-b159b07a49cb.jpg,3,normal-cecum
52134412-ab36-4fdb-84ef-225f60693245.jpg,0,dyed-lifted-polyps
a7b7e2f0-5f29-496a-a40b-f7e0f239a806.jpg,5,normal-z-line
25e9326b-ad68-40c3-98e4-d09a1cdd2482.jpg,7,ulcerative-colitis
9ae430b7-7fcd-454e-9da3-25e1b0a125d0.jpg,0,dyed-lifted-polyps
d4e87982-310b-4b40-a0ce-1234b000c1dc.jpg,7,ulcerative-colitis
f8f4a55d-c67e-4804-8db6-4002ca9e4a96.jpg,6,polyps
df84d018-ad97-4ed4-96a1-331f90726566.jpg,7,ulcerative-colitis
7a3d16e2-a872-41b5-9e6c-dad9cb1b0248.jpg,5,normal-z-line
d5df91fe-d306-41c7-ad38-bc50c5bf9576.jpg,0,dyed-lifted-polyps
cca951a6-ac6d-4c4b-870b-ad860791452a.jpg,5,normal-z-line
af962c94-b43b-4774-a1e5-bf467a9a9b59.jpg,5,normal-z-line
32944763-eed7-472e-bde9-74caf126805c.jpg,2,esophagitis
a3ae5995-bc70-4648-8002-dcd9add77762.jpg,6,polyps
584f1fa0-9bb9-49d3-b412-c42819d0a200_00003006.jpg,7,ulcerative-colitis
1cb33501-725f-4436-9679-e5293cea339d.jpg,6,polyps
e4d473a8-87e0-4774-88de-9a0e6b2a106e.jpg,4,normal-pylorus
d607d566-eae2-46af-a92e-ca55107665b5.jpg,0,dyed-lifted-polyps
8adee273-c557-4cc1-b29a-2301a81c433d.jpg,6,polyps
768a17e9-d8de-40e1-8384-c22ba2ecad3d.jpg,0,dyed-lifted-polyps
366eba5f-a534-4dad-b45c-54c79bd9eff7.jpg,5,normal-z-line
a0039ddc-f7e6-4188-9442-faee670d72b7.jpg,1,dyed-resection-margins
14141a68-d121-478e-85e6-f046526f24de.jpg,2,esophagitis
eebf7edb-fc2d-4781-8447-bcbe3dcaf32c.jpg,6,polyps
7653ae95-dd99-47a2-be36-1e75a425c3e5.jpg,2,esophagitis
b0a4742d-7c3f-4a45-a49f-89167bf902ec.jpg,1,dyed-resection-margins
26581fe4-6f64-42db-9b5c-3cf5604a92da.jpg,1,dyed-resection-margins
a5852bda-c1c9-435b-bd18-75675a6270d5.jpg,2,esophagitis
0aba288f-aa30-40dc-8ef7-45b03adff020.jpg,7,ulcerative-colitis
fc79c489-b358-4368-b965-330615af73d4_00000258.jpg,7,ulcerative-colitis
80650162-1ee1-49e9-847f-b4fcd523fcfe.jpg,0,dyed-lifted-polyps
e6f97abc-00c2-4d55-8458-24c6c57cc62f.jpg,5,normal-z-line
bc54d14e-fb30-4405-bf20-b6da34c256ab.jpg,6,polyps
35f15806-0dbb-4c2a-b79f-e863680f9457.jpg,3,normal-cecum
e6471d7f-15f1-44ca-859f-6b4930d1b905.jpg,4,normal-pylorus
fdae7596-2852-4cb9-a4f3-5d6903336190.jpg,0,dyed-lifted-polyps
bfc336ae-6d6f-40d7-855b-b4db5f7a4f3d.jpg,4,normal-pylorus
501681e0-6c59-4e89-8170-36d2ab45f254.jpg,0,dyed-lifted-polyps
2f0ad25b-8dfe-413a-a87e-6e961e2558e7.jpg,4,normal-pylorus
ac801a94-a53f-46ba-8e60-bdde7d3994f2.jpg,2,esophagitis
c1b0305d-7863-4a79-8ea1-f290e5dcf295.jpg,6,polyps
e2d6d783-6b64-43e6-bb0f-b3808239050d.jpg,0,dyed-lifted-polyps
d4d102df-7ea9-44e2-80e2-8a6f13f9cf26.jpg,2,esophagitis
8005375b-6481-4c6d-ba36-fd08023f37d5.jpg,5,normal-z-line
a8f5f718-7df4-4422-8631-e4509c55925a.jpg,2,esophagitis
cd5ed90f-f0b7-404e-95ca-b467f8b6acb0.jpg,2,esophagitis
43346c2e-1c00-4858-b37d-39d18fc9c5a4.jpg,6,polyps
a018df13-3c0e-4ee3-bc4d-5688b29d71fd.jpg,5,normal-z-line
3383633c-fe4a-4ce2-916b-94f156793764.jpg,1,dyed-resection-margins
6e7c6e5f-71c5-4f08-9ba6-cb7e60fbed3e.jpg,1,dyed-resection-margins
96db4f1e-e0fa-4739-b291-53031bce6a44.jpg,0,dyed-lifted-polyps
e03f1c0e-86ce-4e6c-a912-22f9feee32c1.jpg,1,dyed-resection-margins
7a9c97f3-2f3f-498a-b5be-fd4d9dd140e6.jpg,0,dyed-lifted-polyps
aa8cb3bc-c11c-4b2e-811a-38f18795ce52.jpg,2,esophagitis
2ad54a7f-242f-412a-974b-b184463907c7.jpg,4,normal-pylorus
22771fcc-5187-4270-b74f-2b4673059b72.jpg,0,dyed-lifted-polyps
5a607154-a85a-4d45-9350-42cab272fb0b.jpg,2,esophagitis
1289d1ea-0350-4e17-b462-537845529a7a.jpg,5,normal-z-line
6e9c767e-8bbf-44e0-8554-eaac083c2c80.jpg,6,polyps
496be79a-08bb-42d4-93a8-af91846fd228.jpg,0,dyed-lifted-polyps
4ef35e8f-cc3b-4ab5-a388-5c2527205f3f.jpg,3,normal-cecum
3b7cf814-e811-4151-9139-f16a8113387d.jpg,5,normal-z-line
74db9a0c-3666-4435-b500-a8b85cd29582.jpg,7,ulcerative-colitis
2a8653ef-4918-43bf-8c88-88072f57a475.jpg,0,dyed-lifted-polyps
0dc5db22-853d-4b96-84c5-7ee482d119fc.jpg,5,normal-z-line
698f130b-41ff-414d-908c-8d8c0f82d4a8_00001510.jpg,7,ulcerative-colitis
ce4e5848-fa33-4580-8968-66e581a6994e.jpg,4,normal-pylorus
bf93a6c6-623d-4e8d-bc3d-c9089d7b04f5.jpg,1,dyed-resection-margins
925b56b5-d962-4f6e-bad0-5c5937e1f38c.jpg,6,polyps
c837c12d-ac15-45b0-b8b7-a85fbd68ef59.jpg,1,dyed-resection-margins
e6f6b3b6-a881-46b8-bbac-1fe0f7507294.jpg,6,polyps
bd3ec614-b071-4c90-911c-ba5c0c73eda3.jpg,1,dyed-resection-margins
41d345a5-880f-46bc-9f32-d4aefddc68d8.jpg,1,dyed-resection-margins
1625fed5-5287-41b1-a15f-e079ba15a939.jpg,3,normal-cecum
5cfa6586-a2f0-4d4b-addf-8f999f7eaa99.jpg,4,normal-pylorus
0d177572-a59f-44ed-b74d-4b33d3b015c7.jpg,2,esophagitis
5eb25291-4b30-449b-b509-1563b0305aa7.jpg,7,ulcerative-colitis
353eb7c9-4b5c-4fe1-b53d-74e0d5cce187.jpg,4,normal-pylorus
2be81e7b-fae7-45ed-b2b2-60558133f020.jpg,5,normal-z-line
5d3b3883-9659-4db3-aa22-5fd3be22f930.jpg,0,dyed-lifted-polyps
801f9699-955b-46d9-8647-527650606702.jpg,4,normal-pylorus
7b59bafa-bde5-468e-873b-6c31d8f7f94c.jpg,0,dyed-lifted-polyps
65e210a5-a594-4545-9c9b-021ad425573d.jpg,6,polyps
5b1b2b8a-fd6b-469d-82e6-4e107f90a37b.jpg,4,normal-pylorus
643d529f-dd49-4818-8c2d-07db0d5bea01.jpg,1,dyed-resection-margins
5cf286f8-9068-4419-9ff3-a0ce0f545031.jpg,4,normal-pylorus
82143fa6-db39-4f71-945d-cc0aea4b51b5.jpg,3,normal-cecum
cd890fb0-07b5-470d-925e-71de2139710a.jpg,0,dyed-lifted-polyps
7e7dfbb8-5563-4b69-a789-5aa063c50b51.jpg,4,normal-pylorus
b58caa3b-a8fd-4a80-9de1-494db4830b28.jpg,1,dyed-resection-margins
6e430475-c0f8-4a1a-bc50-ee5465441492.jpg,5,normal-z-line
e031691f-9d0b-499c-ab4f-8891a6e7ce35.jpg,4,normal-pylorus
0c35f6e7-253c-4f2d-a7ce-b9ad244289ce.jpg,3,normal-cecum
ce312140-5efd-4a1e-9851-6f469901077b.jpg,2,esophagitis
b50b5a17-cad9-42a7-83f3-7bde7fdebf4e.jpg,2,esophagitis
3c5a1e94-3952-4d2f-93f5-3818d1a4a63e.jpg,0,dyed-lifted-polyps
d9287ec5-2a76-4147-922d-559398827f0a.jpg,3,normal-cecum
4b36d8b6-cf6a-45e6-9f57-0e5377daea4b.jpg,4,normal-pylorus
d0528464-41fd-4bb2-808b-c159b33387de.jpg,4,normal-pylorus
d897ac36-055d-45d3-b1be-7b6ba93184c1.jpg,4,normal-pylorus
5157b246-d1a7-4b33-97f1-ccb7a1c50124.jpg,3,normal-cecum
8f28248d-dd4a-42e8-9b88-d67de683084d.jpg,2,esophagitis
cbdaef89-df08-4efb-88de-c7bb33e19d42.jpg,4,normal-pylorus
3ea886f3-0220-4b8e-ae13-6960a6866846.jpg,2,esophagitis
fbfd0969-9ea3-4c88-8615-4eb5a77fbf75.jpg,4,normal-pylorus
2c35d62f-3036-4b45-9b59-c20021d020ae.jpg,1,dyed-resection-margins
a127c73f-3183-44ca-bdd0-2d761db6717c.jpg,4,normal-pylorus
bc93e7f5-b2d2-4645-a357-d122fb8cc417.jpg,1,dyed-resection-margins
6f584bb3-ad81-49d0-932d-deac82830947.jpg,4,normal-pylorus
17fb3a39-4581-454d-a91d-f7f45b8fb45f.jpg,6,polyps
ae68bef5-8ca4-42fd-a275-d34ee4ea8c14_00001242.jpg,7,ulcerative-colitis
67599239-69d5-4121-b777-8c22d957a4dc.jpg,5,normal-z-line
0b4f0370-b25b-4e6a-a7ac-b09097bfecc3.jpg,6,polyps
c9d1dbb2-bf56-4aa2-ba40-0cbf596db6e6.jpg,4,normal-pylorus
1f66a93c-0d79-476e-a916-621789093e0c.jpg,6,polyps
7d25538a-c877-497e-b465-499685c69b1d.jpg,7,ulcerative-colitis
a7eb2b3c-f6bb-4cf4-94bb-122777474a6d.jpg,7,ulcerative-colitis
e337f90f-466c-45b6-96a9-d5d823a4ea64.jpg,0,dyed-lifted-polyps
d5579add-f69a-41df-9c7a-3d816a165725.jpg,5,normal-z-line
b2466d14-5913-441a-a931-1422dbfe18c7.jpg,4,normal-pylorus
6b2447d4-27d9-4e86-ad49-a341e7aa0bf2.jpg,6,polyps
9cd26cfc-a4b9-497b-baf9-2133e2f8eb80.jpg,3,normal-cecum
9b986dbd-307c-4707-8e3e-b3165f0c35b8.jpg,4,normal-pylorus
0db64783-db8d-4663-b448-04036c482069.jpg,2,esophagitis
891fd052-5d07-4aaa-87f1-528685a1946d.jpg,5,normal-z-line
cbb07242-0982-43a2-a81b-d27c8ddec004.jpg,5,normal-z-line
664c57ef-32b3-4573-aa45-d83d96b3c967.jpg,6,polyps
fdb8d2d3-ead0-4def-a512-ac3faee35750.jpg,0,dyed-lifted-polyps
8b7578bd-5e69-4b88-ab32-32d6a5879ff3.jpg,1,dyed-resection-margins
1b9c6e59-d9a7-4356-b47c-028be3fd1c7e.jpg,4,normal-pylorus
db3322cb-c5d7-48c0-aa58-80b41702fefe.jpg,7,ulcerative-colitis
622f79a7-41bc-4145-afc6-5104e6691d1b.jpg,7,ulcerative-colitis
74dabb4d-ead0-4ac4-8af0-09f543fc5448.jpg,3,normal-cecum
94cadaf4-fd1a-49b3-aae6-b0d80e8a9af2.jpg,7,ulcerative-colitis
079c1eaa-541b-456c-8e42-3e408a3d29ec.jpg,3,normal-cecum
4d98990f-5108-4075-b824-d65186bdf035.jpg,6,polyps
8614282e-cc6e-4eaa-9951-53ae9d212ea0.jpg,7,ulcerative-colitis
07b354f4-412e-4fb3-95aa-75b7409ce334.jpg,0,dyed-lifted-polyps
bf1730a1-e1bf-436f-96ee-058de8af6b56.jpg,1,dyed-resection-margins
c678fa7d-ae71-4a93-b58d-4f46e68a9f9e.jpg,0,dyed-lifted-polyps
cddd16ea-2bf3-4ad0-9221-a0989e7411e4.jpg,7,ulcerative-colitis
1f6ad53d-5fe7-4abb-abc0-6b8acb4692d6.jpg,3,normal-cecum
91722de1-5106-4f55-9af1-f5cd16245d10.jpg,4,normal-pylorus
01ea2984-e29d-48dc-a300-a0113ab72d07.jpg,2,esophagitis
e9224b7b-035d-4b7d-9c56-62d0c3ba5f07.jpg,0,dyed-lifted-polyps
76537790-e497-4037-9c09-a108b2f46620.jpg,5,normal-z-line
95f740d0-c5fa-4c1d-b484-5229fb823d46.jpg,1,dyed-resection-margins
b476814f-d4a1-482e-96a9-7c0a681d76c0.jpg,1,dyed-resection-margins
a9020c35-f9eb-48c4-b511-f6584808a7ce.jpg,0,dyed-lifted-polyps
a5a7dfa6-920a-4692-965b-f561a3b9f9c1.jpg,1,dyed-resection-margins
3024d28d-25b3-4c6e-b514-77b8b649c940.jpg,3,normal-cecum
ba84197e-fe95-4bae-b947-360de3b45e31.jpg,2,esophagitis
e7570122-4fd9-4181-a2aa-5f87d5d16340.jpg,5,normal-z-line
1525cfed-eb4d-4c3f-aef5-96f82054abaa.jpg,6,polyps
584f1fa0-9bb9-49d3-b412-c42819d0a200_00000479.jpg,7,ulcerative-colitis
c2325cc1-ade7-4dcf-9713-c37b02be9e97.jpg,1,dyed-resection-margins
5aad33d7-0de9-4cc6-a368-4f2a5ed9eb9b.jpg,4,normal-pylorus
d706b1fe-304e-489a-8568-886b26aa4474.jpg,1,dyed-resection-margins
041daea7-c9cd-43f9-ae77-b8ecb694a6a2.jpg,0,dyed-lifted-polyps
bb8c6384-5519-4ffd-a609-e8682943aef6.jpg,1,dyed-resection-margins
78f647d9-7eb7-4491-acad-261991a63d07.jpg,0,dyed-lifted-polyps
2ee21b2d-d7d6-4e3a-8311-346b3d422f6b.jpg,2,esophagitis
31fc8b64-e528-4e24-83ff-31e6a6392a1f.jpg,7,ulcerative-colitis
5bf0393a-daf5-4803-85c7-abb1f7640894.jpg,3,normal-cecum
a46e59b6-07a7-4eed-8c68-eaae61a51e79.jpg,1,dyed-resection-margins
b2bc351f-b966-4be7-a159-6adeccede9e5.jpg,0,dyed-lifted-polyps
8ef89f70-45ad-4b2c-8031-f1d73e145b28.jpg,2,esophagitis
cc111ab2-0bfa-4a16-bf71-a88cfe8bed0b.jpg,5,normal-z-line
74e2b182-122b-418c-b2c2-91798cc090ed.jpg,7,ulcerative-colitis
5b3d7323-f08a-4b4a-86d3-6eaa7e8f1e6f.jpg,6,polyps
ba168821-6a4a-41eb-b709-17154f99109f.jpg,4,normal-pylorus
340d2b26-9d45-4c68-8efd-5e15eec8bff8.jpg,4,normal-pylorus
2a16b410-a2e7-4e05-a6ee-62b5048340f7.jpg,3,normal-cecum
b8cba8f6-e893-476e-9162-c3bc08791bfc.jpg,4,normal-pylorus
c4735bcb-f4e1-4e1a-8aaa-b6628ac1dd87.jpg,4,normal-pylorus
fbf28a0b-b44c-48de-a38e-5968c2e48598.jpg,4,normal-pylorus
62ca2eaf-6fcf-4aec-8340-0678061eb706.jpg,7,ulcerative-colitis
6cd5aecb-64b3-4339-849c-bff16f0f37c6.jpg,7,ulcerative-colitis
3d5510c8-7acc-4db1-bb6c-b1e1ce293976.jpg,3,normal-cecum
04352d4a-835e-4766-8541-68961fa0f23a.jpg,4,normal-pylorus
caaf47c0-65c5-4189-8643-e180eb3aa9b7.jpg,0,dyed-lifted-polyps
023c18dc-b0fb-47d2-8f80-1eef4dec876e.jpg,7,ulcerative-colitis
1877db92-3921-42c6-8db7-e45e3c41cdbb.jpg,7,ulcerative-colitis
564931a0-c356-4958-991c-2b1fcf2afcb2.jpg,7,ulcerative-colitis
86cffb88-5d6f-4a2a-9f7c-f7ddd277ad70.jpg,1,dyed-resection-margins
9fe166cf-20a8-43d7-956f-065ddc53896f.jpg,1,dyed-resection-margins
b96a8420-729a-42a5-a133-dc41e72f84be.jpg,4,normal-pylorus
dbfe211b-b6d3-42eb-9de8-95fd70132b40.jpg,2,esophagitis
6900aa85-7bf5-4806-8c08-18afd830533a.jpg,1,dyed-resection-margins
2dc1570f-733e-42b1-82d6-d3f81ea850fa.jpg,1,dyed-resection-margins
3424a369-a7a7-4470-8b84-e197e9004bbd.jpg,4,normal-pylorus
8cbc98db-2944-4d38-a22e-3261e5e4f222.jpg,2,esophagitis
8a156d87-4689-4786-ae5a-d9d6e1f0aefd.jpg,7,ulcerative-colitis
9e39cfec-0bb6-4495-bcfc-1594ca72297e.jpg,0,dyed-lifted-polyps
793f2312-45f2-401a-81c6-5328e348601c.jpg,6,polyps
3528ad58-64c1-4086-bea4-5c5fda2f73cb.jpg,6,polyps
c278bace-f4bb-46c6-ac04-67dc31eef9c6.jpg,0,dyed-lifted-polyps
dc2729b0-75ef-4242-b1ef-3dc4948fa801.jpg,2,esophagitis
a4391f84-6aa1-4963-b0ad-b60b23f805e6.jpg,0,dyed-lifted-polyps
92b57e86-353f-462f-b151-b50fd79c949a.jpg,4,normal-pylorus
03bdb01f-7d85-4645-9b3a-9b0972a2462e.jpg,7,ulcerative-colitis
0a613579-3062-405e-b6c2-10fd9c46226c.jpg,4,normal-pylorus
dc9c5c6f-604f-4adc-ab1e-400cd8ae7f2f.jpg,3,normal-cecum
232ab0d2-a927-4837-a35c-8639159ca4a2.jpg,2,esophagitis
8347104d-409b-4e31-ae5d-3b4ad12ad63a.jpg,5,normal-z-line
d33c7345-e439-4dac-b3f0-4f27a05afe2a.jpg,4,normal-pylorus
f8f19815-b63c-4aa4-b218-05ab9d6bbdc2.jpg,0,dyed-lifted-polyps
e8a86f92-2cb0-49d7-a5b5-aca308b165a8.jpg,5,normal-z-line
88832c9b-82b8-47ae-bcc5-96821f5f55e5.jpg,3,normal-cecum
55b4f1d9-c4f2-49c6-99c6-b801aae445ee.jpg,2,esophagitis
07aa47ce-3a72-4103-9b12-9e79acb737ba.jpg,5,normal-z-line
2e2e9267-1320-4829-9bfe-4a9546570a50.jpg,6,polyps
5b52ffea-cc16-4b4b-9892-365b225d7c01.jpg,0,dyed-lifted-polyps
7c842733-aae9-41d6-8b81-8f5f891bfa68.jpg,6,polyps
71dbc49a-6343-4a9f-8851-24e4be10094a.jpg,3,normal-cecum
86f79a1f-7f89-47fe-827d-44ddbd856d49.jpg,3,normal-cecum
72467ca1-b79c-4906-96f2-046b43ba568d.jpg,6,polyps
0cb7c7c3-f554-4171-85ab-fa3768745899.jpg,7,ulcerative-colitis
483df35e-4711-45bf-87dd-45af06011766.jpg,5,normal-z-line
951ca7d2-9fac-44b4-a33c-48ba2b7df726.jpg,3,normal-cecum
67b9faa8-7797-410c-899b-ad5a63db709d.jpg,4,normal-pylorus
fc79c489-b358-4368-b965-330615af73d4_00000186.jpg,7,ulcerative-colitis
c7c598d0-a21d-4cb3-aceb-e697d25c84f6.jpg,6,polyps
1677cdfd-0044-4ee5-8bcd-33a0c7b82ad8.jpg,0,dyed-lifted-polyps
a12e40ea-aa03-4264-b8d6-060c70fcdc67.jpg,2,esophagitis
10871cdc-d831-4516-b117-b796a74aa5a9.jpg,2,esophagitis
215510ba-4d05-4a3d-ba4a-c444a949d3a3.jpg,0,dyed-lifted-polyps
2b2b6abb-44cb-42be-bc76-29fed62df38e.jpg,2,esophagitis
9596043f-bac3-49bf-8814-9dab00e9f63d.jpg,5,normal-z-line
96468992-5341-43f6-bb15-c623646a44b9.jpg,7,ulcerative-colitis
9885601a-feb2-47dc-90d5-14d4949fe744.jpg,6,polyps
c35e5bd9-0163-4e9a-a3b6-e6038fb5cfb0.jpg,6,polyps
51dd6678-6401-4bb8-9edc-efd67f985756.jpg,0,dyed-lifted-polyps
02de4b4c-8704-45f7-b90f-6004d76bdded.jpg,2,esophagitis
c35767b6-3bc2-4a9f-802b-a518d19be7d2.jpg,2,esophagitis
7976532e-659f-47fb-89a5-4eb4ea7ccd77.jpg,7,ulcerative-colitis
198ce3b2-2666-47ae-a0f0-87f3e5d22540.jpg,6,polyps
0fb3b1ea-9ab2-402a-a6d8-5186566f1d06.jpg,5,normal-z-line
7bd3ab1a-9e69-4a5f-9e8d-eaa2cc42cf67.jpg,2,esophagitis
cfd6d479-439d-4f50-9564-2e88f7c78bd4.jpg,4,normal-pylorus
3c1af6d0-f291-479d-80c1-46c892152974.jpg,2,esophagitis
7e56eb56-b9f8-491b-acb4-ed5dceb1d6cb.jpg,1,dyed-resection-margins
38f54c4a-a63f-4a51-bf38-23b6238442fa.jpg,2,esophagitis
051a61f3-3c6a-4e0d-bee5-a99c22783499.jpg,2,esophagitis
2cfafe68-7e08-4e01-8e96-0421dadc3e37.jpg,3,normal-cecum
0bd05a52-029c-4e73-ac96-8bde457c1bea.jpg,6,polyps
50376904-d289-4f99-9938-160c04ba9f60.jpg,1,dyed-resection-margins
5eba90fb-9645-4ac7-bdcb-21d067f0272e.jpg,4,normal-pylorus
866c64ac-107d-46ba-9e75-bc22cec2b97a.jpg,6,polyps
37d19413-4d04-48ca-bc3a-b616e23e4ecf.jpg,3,normal-cecum
c5376e37-0c43-4871-b41b-f6a5ecd5a562.jpg,5,normal-z-line
34905760-cbf1-454d-beae-51e44bf162d2.jpg,2,esophagitis
7b701543-fd81-408b-9230-f3ca54d3c799.jpg,6,polyps
377ec6e0-1444-4bdc-b6f9-2bd5b29e65dc.jpg,7,ulcerative-colitis
8483322e-cd32-4a86-9bab-2bc7babc2836.jpg,5,normal-z-line
ae68bef5-8ca4-42fd-a275-d34ee4ea8c14_00002959.jpg,7,ulcerative-colitis
3828c286-dc25-4129-b1a4-d13db3cd9de2.jpg,3,normal-cecum
e05779e5-50c8-4340-886c-72e46782ce79.jpg,0,dyed-lifted-polyps
a62ac8df-f4db-417f-93f6-ed8f36b06606.jpg,1,dyed-resection-margins
03b3deb8-a003-4098-8902-1ba15e6ae3c0.jpg,1,dyed-resection-margins
1b909e0d-bee2-4ab7-8971-01f7d27b6fe9.jpg,2,esophagitis
e5b10161-403b-42f1-969b-d2075fd9051e.jpg,2,esophagitis
ffa14f88-483b-4d92-a71f-b9ad47bbb53f.jpg,6,polyps
97b32969-c727-4b46-9fe6-a548a0e63ac7.jpg,1,dyed-resection-margins
ae68bef5-8ca4-42fd-a275-d34ee4ea8c14_00000304.jpg,7,ulcerative-colitis
6e65bb10-5bad-43a5-a2b5-35d1888f6c57.jpg,3,normal-cecum
fbb1b008-7422-4c3f-aaec-a10462bceb0f.jpg,5,normal-z-line
18dd230a-ef82-41fb-91aa-fbb2697c4ad5.jpg,7,ulcerative-colitis
c48b890b-295b-433f-a831-87b554a06f72.jpg,7,ulcerative-colitis
a87e57b5-8e4b-4413-991c-6c8b82e51108.jpg,5,normal-z-line
9693175e-c2de-4fab-a436-3d8b291f8f3e.jpg,7,ulcerative-colitis
5a537d30-6c2a-4d1a-a141-16807a13feb2.jpg,4,normal-pylorus
8c449b9c-b6d7-43e8-8c1e-bc324f158d19.jpg,1,dyed-resection-margins
1b9a33e2-1643-47eb-857a-5e9764bb9112.jpg,1,dyed-resection-margins
07eaa5cc-f4ea-4c54-921c-5185ee76a472.jpg,4,normal-pylorus
7326d1fe-6427-4bc6-aa27-914d8882da23.jpg,7,ulcerative-colitis
90b8a47e-85b1-4614-9a2b-776ceceed955.jpg,2,esophagitis
63e4cbb1-4976-4547-ac13-c38d58e0da60.jpg,7,ulcerative-colitis
c3410633-2e89-4f0f-9418-d7113b2646cb.jpg,4,normal-pylorus
03616a5d-a300-45dc-a979-18c7869752da.jpg,3,normal-cecum
7a8013ce-bfec-4ab7-b1f9-a0188f772c82.jpg,6,polyps
30cafcba-8349-41c8-947b-7de265491928.jpg,2,esophagitis
7ad3c53a-a7e5-4241-b325-2f08673b2555.jpg,7,ulcerative-colitis
d0f839c6-62bb-403f-8cf6-5029b5e5fa31.jpg,4,normal-pylorus
d26283f0-1443-4ca7-85a8-facb7fafab6b.jpg,6,polyps
9427fbb3-bc32-46d3-a467-2418f09a2c6b.jpg,3,normal-cecum
01f092a2-fccb-49f6-af06-8351c8bb47f1.jpg,2,esophagitis
08169de5-77c7-4a5f-a8ae-80f6c8f46e02.jpg,1,dyed-resection-margins
eb018af8-e17c-43c5-bd87-b52303461ad8.jpg,3,normal-cecum
e1995ede-26f5-48bf-b2af-8640829ccb18.jpg,5,normal-z-line
bbcf113e-151b-4fe4-8a22-78cf2126f650.jpg,1,dyed-resection-margins
5fa663c3-4622-4230-a4d5-53c712c9bb70.jpg,2,esophagitis
55423777-5599-44e9-bdfb-609335257a35.jpg,4,normal-pylorus
6132ff26-264e-4609-be2a-22d1648f9a8f.jpg,5,normal-z-line
e93d0cae-253a-49c6-9183-78a4d194159f.jpg,4,normal-pylorus
7512169f-59b7-4931-9cab-4338c5d9ac1b.jpg,2,esophagitis
203d8cb1-0366-49ad-96da-2552258c9152.jpg,3,normal-cecum
74c481e5-71d5-49cb-852e-09791bbc99bd.jpg,0,dyed-lifted-polyps
c3f75b90-1e89-476c-aa63-00e8a3c43761.jpg,4,normal-pylorus
606d5050-c200-4446-b181-4e177207be4b.jpg,7,ulcerative-colitis
fc8c2f8d-9761-4577-88b0-d19f415220c3.jpg,4,normal-pylorus
4fe77522-cf09-4805-8fd1-a93c2a6c38b2.jpg,2,esophagitis
0d2f4ef2-21e8-4a09-bbc3-2f31c99d1e20.jpg,5,normal-z-line
bf2e5ccb-0748-4e68-90fb-13ecc3a8483b.jpg,4,normal-pylorus
8f0bc5ab-981c-41fb-8f8e-d4b5dd88a337.jpg,2,esophagitis
27f8a230-2d6d-4a89-a77e-58f840878123.jpg,7,ulcerative-colitis
3bfd6b8b-3ae9-44b5-b4ab-61ba4f169dcf.jpg,2,esophagitis
1a76e410-56c7-4a64-bf76-6738290be176.jpg,1,dyed-resection-margins
194b7e19-a8ba-43ca-ac0a-1f48e8ad9a97.jpg,0,dyed-lifted-polyps
4be5cc10-a569-4443-856c-79603429e49f.jpg,2,esophagitis
fd62acf0-ea44-42a0-8aa6-ade2754a6003.jpg,2,esophagitis
ab739387-949a-48ab-804b-94e79b97ed50.jpg,2,esophagitis
fafc5bb2-6d32-445a-97c3-f249ae556f22.jpg,6,polyps
52f453dc-c62f-4035-b79e-a051fe052f05.jpg,2,esophagitis
fb23af3b-4724-4817-a6d9-392639d95b34.jpg,1,dyed-resection-margins
45c3c14e-98e7-4438-9c4c-937a471ab2ec.jpg,2,esophagitis
8a353b99-edb9-418a-9d01-c1ec9768c61e.jpg,7,ulcerative-colitis
d245907f-a004-49f9-9fcc-8022b13abdc9.jpg,3,normal-cecum
c8554726-237d-4722-b679-1be91a0d5fb6.jpg,6,polyps
698f130b-41ff-414d-908c-8d8c0f82d4a8_00000216.jpg,7,ulcerative-colitis
85b0546f-432d-4986-9420-0290d1855a26.jpg,5,normal-z-line
58ed6910-e2e8-4da8-8f70-5332cbe3d8d9.jpg,7,ulcerative-colitis
b49e6b93-4d8b-4cba-8ea1-c0626ed684a0.jpg,0,dyed-lifted-polyps
ed2fd3eb-e539-4c84-b53c-043a26cffed9.jpg,1,dyed-resection-margins
215bb3fa-0690-45b5-892f-6381092e9a0d.jpg,3,normal-cecum
625f06bd-5121-4639-a81f-300994ed4f8a.jpg,4,normal-pylorus
652b2527-8e45-4273-a6e0-1b340c2c409f.jpg,0,dyed-lifted-polyps
06c78a72-77c5-421e-8cc3-69ca951207dc.jpg,6,polyps
0f373f61-d7d5-4e6b-b6a4-ff5ba33ba62b.jpg,0,dyed-lifted-polyps
15d46b18-10b4-4bb8-b7b8-1d56c1349b8d.jpg,7,ulcerative-colitis
a035fbc1-f7ef-426f-af88-240b9e61d4bc.jpg,1,dyed-resection-margins
3ff557d3-646f-4ddc-bc2c-d12adc600306.jpg,1,dyed-resection-margins
4780e833-5c3f-4932-b442-4d8f7e811aae.jpg,7,ulcerative-colitis
ca921eae-72aa-4206-8227-ceea607ebd38.jpg,0,dyed-lifted-polyps
510f412c-ace1-48f0-8314-e74f7f485670.jpg,2,esophagitis
e74564d6-372b-4bda-a705-7a9608a7a683.jpg,6,polyps
0e57993c-9e1c-4fa6-8bb8-00fde83fc134.jpg,4,normal-pylorus
86dca69d-b7fa-4b3c-8d91-aa1a0a1754ca.jpg,7,ulcerative-colitis
a895ad43-3be4-42e6-a6f4-05e36cd6f9dd.jpg,1,dyed-resection-margins
842de757-1eff-4e92-9432-97683b28f81a.jpg,6,polyps
966ad26d-c74e-46ba-a648-c048ea65fa25.jpg,6,polyps
028a776a-cd08-40ba-b0df-7c8f549ccfa0.jpg,3,normal-cecum
011b08eb-9305-4306-9d58-7623ddc54097.jpg,2,esophagitis
e528c334-5bc6-4be7-a078-46256e525f4d.jpg,0,dyed-lifted-polyps
022d5583-4d26-430b-96b7-cea372edbd3b.jpg,7,ulcerative-colitis
22ed11bc-23df-4b6f-a218-7aeea4321634.jpg,7,ulcerative-colitis
eb12be75-065d-49d8-a757-3740defa0927.jpg,4,normal-pylorus
03cb8aef-798e-443e-a407-ebccd0a652aa.jpg,4,normal-pylorus
8dffe6a3-7124-458a-b7c1-465a12a3da8d.jpg,0,dyed-lifted-polyps
95662c3f-a4ff-497c-b77f-0fc985255a3c.jpg,2,esophagitis
bcda0184-b481-483b-89dd-a9b7441e60ff.jpg,0,dyed-lifted-polyps
add6abd4-61dd-4b8a-aee6-632493f91e1c.jpg,6,polyps
2fbc42c8-ebff-4c0c-961b-89bef38b0c26.jpg,6,polyps
5b631c06-af9b-4262-b71b-df95220f2dd7.jpg,0,dyed-lifted-polyps
1dba6b4b-6d67-43ba-a3c2-928e9a8e95d4.jpg,0,dyed-lifted-polyps
6844aaf9-4e26-4efa-b293-add5e487b87f.jpg,1,dyed-resection-margins
8276ff53-d9ba-4e70-8315-0290f7ff6a22.jpg,5,normal-z-line
7d0e460d-474d-4b5a-8a67-859f5321b44e.jpg,4,normal-pylorus
ff0b2f1d-9d25-48a4-8c7f-5caac483c96d.jpg,2,esophagitis
1e5c6319-dd44-4752-8ad7-da697f27d5fd.jpg,7,ulcerative-colitis
eafe8c45-030f-4aa7-87a3-5414cfb332ec.jpg,4,normal-pylorus
6fe87bd0-c2b9-441a-b6f7-393901469f9b.jpg,4,normal-pylorus
09b7c1b5-b9b4-45d8-8ea5-72bef4ab037a.jpg,3,normal-cecum
683454ba-aa6b-4c3a-8f7a-e9da5a9632f6.jpg,2,esophagitis
4d93edf6-5f21-42ab-a53c-552dc815f949.jpg,1,dyed-resection-margins
da6683e4-66bc-4e5d-8b89-e7bbc95ac1b7.jpg,2,esophagitis
05d46164-a485-4e6d-8ae7-c73dab014b91.jpg,3,normal-cecum
31b6e5b0-da4d-465b-b7f3-6f588b9e7173.jpg,3,normal-cecum
8c095b85-d5fb-41af-8a61-19eed635048c.jpg,7,ulcerative-colitis
08c1a324-648c-437e-acb9-077632e1a2f8.jpg,5,normal-z-line
2bce8c63-0c5c-47bc-aee7-c19f670c3c2a.jpg,5,normal-z-line
db7fc951-25a9-4ca0-bda4-49e8243ab30c.jpg,5,normal-z-line
5d421dba-a4c3-4bb9-935d-a10eba1c7a8a.jpg,0,dyed-lifted-polyps
b5af8e34-70fd-43a3-a6dc-1e6301fb169e.jpg,7,ulcerative-colitis
812689d5-df75-4175-a61c-0e9cac66c93f.jpg,0,dyed-lifted-polyps
d5c14fbd-fdd9-45e1-a4cf-348da672dd28.jpg,3,normal-cecum
e84af957-b75e-45b9-91bb-73a7d703606c.jpg,4,normal-pylorus
187f6b16-42b0-441c-bb53-2d2112ff5318.jpg,6,polyps
d90e3b0e-7072-4a00-bb53-80820b524c08.jpg,5,normal-z-line
331c5c47-38d6-42a0-b09b-98e78d08994f.jpg,5,normal-z-line
a3b038cc-df06-4d2d-9771-93762ce3ba81.jpg,1,dyed-resection-margins
2f0f3924-179b-496a-b892-31801c6ef37b.jpg,5,normal-z-line
ac63050c-e562-42d4-adce-bce3d09b61b1.jpg,1,dyed-resection-margins
7a052613-d4c4-4645-9b5f-190cd5779161.jpg,0,dyed-lifted-polyps
33ef43c7-c279-4d6f-9d87-4148f1e609cc.jpg,3,normal-cecum
7f057fd3-b16d-461e-9e3d-964c5be74149.jpg,1,dyed-resection-margins
a9e893c0-bd8b-4a3a-b5ec-485becab62a9.jpg,3,normal-cecum
6a0ef250-27e3-43a6-a1db-8e470a3a8f8a.jpg,4,normal-pylorus
4398e4cd-7035-442d-9f0e-f9493c209499.jpg,6,polyps
a4c35629-926d-4e0d-b6b3-baaab0da9b6e.jpg,7,ulcerative-colitis
fadb620a-2003-41b8-85a1-fba5ce63d649.jpg,4,normal-pylorus
4c666636-773a-4d8c-8c7d-001827c24fb4.jpg,6,polyps
34164b93-78ea-48dd-a673-dfcbdbf06289.jpg,3,normal-cecum
6ede6012-c082-4f86-9f17-dd4e0c8d2dd5.jpg,2,esophagitis
d4c50b97-1464-477e-8886-fbe6b94f8b31.jpg,2,esophagitis
c5242e27-4692-4556-9c98-1cf8fc49108a.jpg,0,dyed-lifted-polyps
ad4636bb-d872-4779-b1a3-db3fa6cab9f5.jpg,0,dyed-lifted-polyps
927cc00b-1f48-4dbe-8f65-d3e2a9ea5684.jpg,7,ulcerative-colitis
a0a95fd9-2366-4262-a4b2-26dc975e4440.jpg,0,dyed-lifted-polyps
5104e719-f08a-4e80-b555-59a3897ca82b.jpg,1,dyed-resection-margins
ab49fd75-ec47-4a3b-b6a8-9fcf94e4b4bf.jpg,3,normal-cecum
d0020332-ec1c-4274-81aa-c4401b29b2db.jpg,4,normal-pylorus
b47af04f-a7cf-4700-abd2-65e4be5ca694.jpg,7,ulcerative-colitis
0ea91bd9-9353-4542-aea7-814c090d7fe5.jpg,3,normal-cecum
57bf445c-cc56-4c41-a75c-755fa00c6f84.jpg,0,dyed-lifted-polyps
66048e49-8778-481c-bbea-af839602640d.jpg,4,normal-pylorus
8e493576-1449-4e5b-b5c8-72adfe7ab0a7.jpg,3,normal-cecum
a8baebbb-4d49-4375-ab04-ae5a88eab27a.jpg,0,dyed-lifted-polyps
584f1fa0-9bb9-49d3-b412-c42819d0a200_00000079.jpg,7,ulcerative-colitis
0da9c916-f978-4cc6-b1a2-e424c980bf17.jpg,0,dyed-lifted-polyps
3123f0af-f16e-47f7-b5aa-4e47f06c2b95.jpg,0,dyed-lifted-polyps
21f1c841-f5ad-43cc-9c62-3fc1a1658cc5.jpg,0,dyed-lifted-polyps
d0437413-ecd4-4728-ab6b-be550cb62310.jpg,6,polyps
b03a20e9-464a-4bad-8d37-107f443e3e0a.jpg,7,ulcerative-colitis
d2a30c00-aedc-4ff8-97f4-6b600e845e28.jpg,0,dyed-lifted-polyps
9229de2b-62cf-4e62-b5e6-810797cc5056.jpg,6,polyps
1a536fe8-0644-4c0d-ba2e-d8b61ae35655.jpg,1,dyed-resection-margins
79add1a5-2887-46c9-ac6a-0a51a6865a76.jpg,3,normal-cecum
517d8bab-d92d-43df-9dd7-a4edc75d5368.jpg,1,dyed-resection-margins
28823656-c6f8-47ef-b47f-f0745be477de.jpg,5,normal-z-line
68d82e37-6a3f-4c30-8e27-38d7a874fc8f.jpg,0,dyed-lifted-polyps
c151a8dc-64bf-47dc-8865-2fecfcbb612c.jpg,0,dyed-lifted-polyps
25d540b8-6745-4d73-8747-da312ecca05e.jpg,5,normal-z-line
8dd78038-16eb-4998-8578-22c983caad34.jpg,7,ulcerative-colitis
cd56a206-ba71-400a-8ba1-6954c2616c76.jpg,3,normal-cecum
20083906-5477-48af-8541-683123899ad2.jpg,5,normal-z-line
a13cb7bd-bea8-4c0c-bd1a-bfb873523223.jpg,2,esophagitis
e7a29e8c-682c-4989-8285-a9d32f53e913.jpg,4,normal-pylorus
73a98ca2-bf3a-41fd-8ada-f200da5f41f0.jpg,0,dyed-lifted-polyps
46cf5b83-6a69-4964-951a-46414e867df2.jpg,6,polyps
355c34da-34e8-4af5-89ec-5aab85d7f7cc.jpg,0,dyed-lifted-polyps
aed56dc3-2c36-4e01-9591-c7dded048d6e.jpg,5,normal-z-line
82efe7d7-e4c7-4abe-b9ea-a3f4362254bd.jpg,3,normal-cecum
6debdad4-9a27-4ba8-b64b-9d8114d40631.jpg,4,normal-pylorus
e7e495ed-5afd-4322-b8b2-5339b9f44a41.jpg,2,esophagitis
b559c30f-910c-4353-8edc-c4edc5904833.jpg,1,dyed-resection-margins
dada2aea-0cc8-48af-85b6-6579e09945f3.jpg,3,normal-cecum
c0e8328a-5ba7-480c-b787-3e7f7a53aa7d.jpg,1,dyed-resection-margins
ea7f85be-de10-485b-9a46-99eb3b91d932.jpg,0,dyed-lifted-polyps
9a8af531-4f60-4d3d-a172-fb0e628f4f63.jpg,6,polyps
6ecada08-17b4-457f-9146-b2ea44b493da.jpg,3,normal-cecum
90022b57-66f5-499a-b0e0-8771c40ca7ed.jpg,6,polyps
ed3b4f4f-f13a-4cfa-9708-3a5e04c17b36.jpg,4,normal-pylorus
f90fa5ef-a4dd-4162-a99a-9d836dec5674.jpg,7,ulcerative-colitis
88274713-4c07-441a-880e-7a4e915ca1a3.jpg,6,polyps
1e8f24a4-f319-445f-b1ae-d02e0345d67a.jpg,6,polyps
11804ac3-a345-4484-883d-435311c3a4dc.jpg,4,normal-pylorus
981d8cf5-e8e6-46fa-82a1-cd94544a595e.jpg,6,polyps
de69ee08-b1f8-4b4a-9e14-ea5a26f0e8b3.jpg,5,normal-z-line
a9c86efd-63fb-4695-9424-019c79654639.jpg,0,dyed-lifted-polyps
77b88290-65c0-461a-90a6-51b66f24ecb6.jpg,7,ulcerative-colitis
6a29cdc4-aeae-4ff2-ac62-c5c2a86661f4.jpg,4,normal-pylorus
88bac517-668e-42ed-979b-785c52c599bb.jpg,2,esophagitis
c09fdc85-4622-48f9-a435-eb3a2b32ce39.jpg,4,normal-pylorus
d22f1672-6e9b-45b0-8bf5-07c4b3900094.jpg,7,ulcerative-colitis
91e382d3-c2df-4348-ab18-7c463337e94e.jpg,4,normal-pylorus
44774e2c-dc94-4656-8899-a700476af618.jpg,3,normal-cecum
9500f578-c6f4-460d-a280-a4f852044855.jpg,6,polyps
b4b35529-c309-4529-a291-c3a4d59774ef.jpg,3,normal-cecum
33a7c640-32ae-47ea-9642-37e96c657fb4.jpg,1,dyed-resection-margins
355275d8-d921-4871-a8db-bb664895b033.jpg,2,esophagitis
81a892d1-7761-4fa3-bee9-5e1d0232461a.jpg,7,ulcerative-colitis
a580caf5-f507-4375-a3d1-c17e1a83a128.jpg,1,dyed-resection-margins
7d3c6073-57ef-4591-a7ff-22bb2e6504c9.jpg,7,ulcerative-colitis
51398694-effa-4e61-9c42-5222020c4dad.jpg,5,normal-z-line
03599f6c-264e-4d4a-9981-3d5de2c14c18.jpg,1,dyed-resection-margins
1718e476-85c4-426b-8b5e-d283b7234a19.jpg,5,normal-z-line
38b0d023-a9b4-42b4-b66f-f3be926d081b.jpg,6,polyps
0a7ece5b-caaa-496e-9e6e-0c7eab171527.jpg,0,dyed-lifted-polyps
4d693b76-fbcd-4482-8070-82438e6b8f84.jpg,6,polyps
9bd429fa-b80a-448a-90ef-dc8a5976c2d6.jpg,0,dyed-lifted-polyps
b88839a1-a00e-4c2a-bdb0-652e5dc7e64a.jpg,0,dyed-lifted-polyps
c287860f-39cf-4f05-84ff-30156adffc32.jpg,1,dyed-resection-margins
7968c7cf-8dd3-460e-89e0-91999a257aed.jpg,1,dyed-resection-margins
bb2937d8-1eee-40fa-a165-8665d0cc887f.jpg,5,normal-z-line
d11a25cb-7e36-4711-8b29-e9c9c4ec4002.jpg,1,dyed-resection-margins
29a55c77-ecce-4fc5-9982-62f9c72bab2b.jpg,2,esophagitis
1c186b4f-66f1-452d-92b7-2e77bcd2f042.jpg,5,normal-z-line
a10cdc2b-4813-4f22-8101-d9fb7b21ffd6.jpg,7,ulcerative-colitis
ba003076-401f-48d4-9d0a-072735d6d03a.jpg,7,ulcerative-colitis
8abb5b34-c9c3-41e4-afcb-8632b821f9e2.jpg,2,esophagitis
980de572-953c-4994-bce7-5a9442b7e1b5.jpg,6,polyps
76a277ee-aa89-4cf3-b1f7-2bed6d690e1b.jpg,1,dyed-resection-margins
728975b8-6f2f-4c05-9aea-365df3476982.jpg,1,dyed-resection-margins
71790713-5300-4e5a-af9c-980c73b92a58.jpg,5,normal-z-line
761a8a23-5bcf-48b8-a2e7-03199f44dc95.jpg,6,polyps
613a0505-1216-4ae2-ac5a-cbc4d264c2db.jpg,7,ulcerative-colitis
9ced8b65-6c23-41ce-a347-ca72ba56fce2.jpg,0,dyed-lifted-polyps
6504ae8d-7ebd-4332-b577-e3e197d7dc78.jpg,1,dyed-resection-margins
1a0744b2-290b-49e0-a5cc-9fd2083eae4d.jpg,1,dyed-resection-margins
e4a0d541-3dfc-4547-a23d-99311e9e3582.jpg,3,normal-cecum
009bd044-4a5a-4c81-b481-d20fb223cd81.jpg,1,dyed-resection-margins
4a57871d-84c4-4469-a08c-64db45117881.jpg,4,normal-pylorus
d0eadb9d-06b9-492e-aa20-7bb91961a2a7.jpg,2,esophagitis
0f601b5d-d7ea-4bd1-af97-3fe395620a39.jpg,3,normal-cecum
1a859df4-b4f0-4a79-86e1-7c3abc7a92cc.jpg,2,esophagitis
0d969fa5-825f-4a49-81e8-7ad5f116588f.jpg,7,ulcerative-colitis
c8a14eb3-8b5e-4cfe-afa7-59a2fb9ebc21.jpg,0,dyed-lifted-polyps
2842485f-28e7-4061-826a-f5abbb43f16c.jpg,3,normal-cecum
d7ee066b-d483-4747-ba4f-f1f65e949e47.jpg,1,dyed-resection-margins
c3104f3d-0c52-4c0a-8bae-d23b8d71440a.jpg,2,esophagitis
c016837a-3698-4667-b538-210c499a3f5a.jpg,5,normal-z-line
920d20ad-9c40-4be6-b2e1-506e0393887e.jpg,3,normal-cecum
840f43b6-c70b-4b89-9ecf-27abd9084fc9.jpg,6,polyps
0ecfc13c-9213-4738-9365-ca94a5dd3eed.jpg,0,dyed-lifted-polyps
d40c4f78-3589-45cb-85a3-80f25595316c.jpg,3,normal-cecum
08796650-00da-45fc-800b-5e4407bc93ad.jpg,0,dyed-lifted-polyps
51d911a1-88e2-4304-a71b-347bb1265c36.jpg,7,ulcerative-colitis
8fe1f15d-9423-4334-b63a-6446fbf2f59c.jpg,0,dyed-lifted-polyps
45efbaff-2b11-424d-b543-8551d3783332.jpg,5,normal-z-line
45f34c02-4188-4486-9f03-32b61c1eda19.jpg,2,esophagitis
ad337369-7968-4eef-a761-d06eab0d1ae2.jpg,0,dyed-lifted-polyps
4a7a8484-a33d-4663-9cdc-744056ee12a2.jpg,5,normal-z-line
a601eea1-cb61-4c6f-84cc-497a1fd3079d.jpg,0,dyed-lifted-polyps
15c9c878-8879-4146-92ad-3fecfe363a56.jpg,7,ulcerative-colitis
eea2ea8d-bb80-41c7-9e19-b9bf85fb5354.jpg,5,normal-z-line
03ccdf30-eac8-4e3b-b8e5-54fbf64709dd.jpg,2,esophagitis
fdb276a5-6a7a-44e0-84e9-dee064745526.jpg,5,normal-z-line
317257f8-c40d-447d-94de-f1706a961964.jpg,0,dyed-lifted-polyps
3b32e2c2-cf0a-4dea-9d37-9f89342a7b26.jpg,6,polyps
b298bc09-c92f-4c09-9324-237fd968e8d5.jpg,2,esophagitis
00a436bc-67ee-4a43-b1a7-25130a2d4e72.jpg,7,ulcerative-colitis
cc0e2ccd-52dd-4182-bc87-9fcba927bd0a.jpg,4,normal-pylorus
93298c8c-4522-472f-98c6-7507a0467c33.jpg,6,polyps
b6780abc-5afc-483c-a320-2eb64353c44f.jpg,4,normal-pylorus
1aa7e3ec-21a5-4667-8ad7-0ce3e1704d3b.jpg,4,normal-pylorus
8b571513-adf3-4d2e-8bc9-dec1f2d86a6b.jpg,0,dyed-lifted-polyps
60d802c0-5903-45f6-abd0-a0cf53b18126.jpg,2,esophagitis
7e616004-30c6-4993-9109-2e3b93753706.jpg,4,normal-pylorus
1030eb9b-4bb4-494b-be3a-42dd71b262fa.jpg,7,ulcerative-colitis
b8c9da2a-1084-4c2b-9d65-f5c668828baf.jpg,4,normal-pylorus
1b5da325-ac46-4369-9818-5b7bd4b303c1.jpg,6,polyps
a0685864-7196-4ce9-9c35-2ee706ab181e.jpg,0,dyed-lifted-polyps
149ba9ae-6e38-4f0d-b053-4659d1b6d6e3.jpg,2,esophagitis
612922b3-7c8b-4c55-b54b-ab82939455d8.jpg,6,polyps
91e732ce-1a98-490f-b4c0-4d553c73e1b1.jpg,5,normal-z-line
34dd8c30-74a2-4d0a-915e-edca034c97f5.jpg,0,dyed-lifted-polyps
b2c978d7-87ff-481c-b985-d799887161d9.jpg,2,esophagitis
b5f9d290-c9f2-4129-8dde-d07a65251a91.jpg,5,normal-z-line
b56f00e4-43d8-4e8a-89b8-39f8c951f1dc.jpg,3,normal-cecum
d39704b3-6dff-45db-a46a-c8bb9d3f01dc.jpg,3,normal-cecum
cd014e68-3711-465b-9688-777fd18a541f.jpg,7,ulcerative-colitis
646ce4e9-fa7e-41bc-8d8f-9a27ab2ac6fe.jpg,7,ulcerative-colitis
92d86f3a-9db1-422e-a622-354467ce3790.jpg,4,normal-pylorus
ef7c497d-89a6-4de8-931c-e2b74d678ca3.jpg,6,polyps
6a9c049b-0207-4270-ac33-28f1122c1b7e.jpg,4,normal-pylorus
c706fbc7-ed41-4cf2-9382-e75e6322c70e.jpg,4,normal-pylorus
65126d04-4f25-4a0d-902f-c7650c5ac6b1.jpg,6,polyps
a437bcba-a4aa-4cd6-936d-d67061dda364.jpg,6,polyps
97a985d3-63ac-4707-a36e-d3028e83f7c2.jpg,7,ulcerative-colitis
a902e8ee-e501-48af-b752-705f991abc71.jpg,1,dyed-resection-margins
11c4ccfc-3a75-4304-8488-883254dfc4ae.jpg,7,ulcerative-colitis
ebe318d3-5c01-4189-a791-242438690a78.jpg,3,normal-cecum
4d5f3e8d-2b59-4884-9178-3fc6a2adc8cf.jpg,1,dyed-resection-margins
d0aaeed3-48c3-4a56-ade7-8ffd53af4b58.jpg,4,normal-pylorus
2303e7c1-43f6-4f0f-849d-9725d7e0d95b.jpg,4,normal-pylorus
1cfa62c9-2880-4a7e-b16b-7628fe133435.jpg,0,dyed-lifted-polyps
40c08ba9-82c4-40e0-9961-931e0403e087.jpg,3,normal-cecum
16f6cf2d-111f-4ff3-978e-3f05f8762bf8.jpg,4,normal-pylorus
d9e2cdc8-53e2-4749-b4d9-748d78de3029.jpg,6,polyps
088b80c8-0ad8-4c2d-971e-6a400027c623.jpg,1,dyed-resection-margins
98cde147-e3d5-431b-8da9-68d4057447e1.jpg,3,normal-cecum
b94ed007-c31e-4a6e-b58c-229bbb4e8201.jpg,1,dyed-resection-margins
0a42cb65-e906-46b3-936a-f5f1dc71f108.jpg,0,dyed-lifted-polyps
ea71f83d-8c97-47fd-a904-eb169fbe2901.jpg,6,polyps
c603c3bf-136c-497a-8061-762be1f432e9.jpg,1,dyed-resection-margins
4b80a36d-6b50-4315-a3e1-3e35a9293f24.jpg,3,normal-cecum
c4cc386b-6728-4a8a-b3d0-d82d768c6251.jpg,4,normal-pylorus
fdd06eac-e2c7-48ee-aace-99efff36d4cf.jpg,7,ulcerative-colitis
01c49663-9674-44ae-b61e-05243a30e4ab.jpg,3,normal-cecum
00ffa659-7474-47fb-aeb1-3ef1ac88f6b3.jpg,6,polyps
b667c3be-fb20-4555-aa56-96420da7780f.jpg,7,ulcerative-colitis
8d09b6ea-fc91-4ee7-8815-bf66ec5f03fd.jpg,2,esophagitis
32767012-bf87-42e4-aa1a-e858cdc8f24a.jpg,4,normal-pylorus
a362f288-979a-4e52-9359-fbfdc623a853.jpg,3,normal-cecum
2752ae6a-1295-480e-bb07-ddebf70970d0.jpg,5,normal-z-line
7a2141b0-e864-4c2f-9172-0834c5737ec5.jpg,3,normal-cecum
a19fa97d-96c9-47e6-a6f1-bbc71fae3d09.jpg,6,polyps
5772d802-af02-4e24-bd05-24944bceab68.jpg,2,esophagitis
9fa5c4e5-b548-4219-9f71-5f1b6796a283.jpg,5,normal-z-line
5652dfe2-9bf3-4733-aca9-5b6f24c83458.jpg,6,polyps
afd088e0-f2d6-476f-a52e-2ef10b792a6a.jpg,7,ulcerative-colitis
df4164ae-a340-4288-8316-5de3130be70a.jpg,0,dyed-lifted-polyps
94cdebab-850b-4601-b68d-f0de7bc70f8f.jpg,3,normal-cecum
f94ec7a8-52e2-4b99-af5a-e6d4e95a340b.jpg,6,polyps
99597783-dab6-4a1d-a6b9-08fd9744b3c9.jpg,5,normal-z-line
a7d15629-5356-4c95-b976-bbe1ac0baa5b.jpg,5,normal-z-line
d0fbc0f6-6a27-4e1d-8f42-459c4ad7ad5c.jpg,5,normal-z-line
b43a4c4c-7b97-4af9-a31c-316fb28b43f3.jpg,0,dyed-lifted-polyps
755400fe-de8c-4e4d-aa4a-a06fd4c9be07.jpg,0,dyed-lifted-polyps
584f1fa0-9bb9-49d3-b412-c42819d0a200_00000824.jpg,7,ulcerative-colitis
3f6b6edd-5175-468e-8f65-f8f69a09568d.jpg,6,polyps
f962619c-7482-467f-b37a-4ed740c3c62a.jpg,3,normal-cecum
a86f9b30-957b-48cd-bdca-f9c428d02d92.jpg,5,normal-z-line
cd432739-29d3-4815-94dc-c0139ef21749.jpg,4,normal-pylorus
e6f13699-5386-41cd-b62e-29d948552b3d.jpg,1,dyed-resection-margins
0e9d0c30-576c-40cd-a358-ac715f607f94.jpg,5,normal-z-line
041a32e1-59d0-41db-b9a8-127b889ef244.jpg,2,esophagitis
a83c34a3-9d05-42fb-925c-ecd9ceec2eec.jpg,6,polyps
ba78e137-1ec8-4147-8063-f1a4a3366667.jpg,2,esophagitis
37655d2f-5b55-4763-873b-5538d9f97858.jpg,0,dyed-lifted-polyps
d9a0874a-990a-4bc6-9e42-62e2b6e65381.jpg,6,polyps
c671212e-b71f-4124-b02c-650328934b21.jpg,1,dyed-resection-margins
8df94b72-a4e9-4f57-8387-41de82b68797.jpg,5,normal-z-line
fce236d1-f97d-4990-8e4e-56bdb113c9b4.jpg,5,normal-z-line
c21b9133-1244-4882-879c-ca068d510a79.jpg,0,dyed-lifted-polyps
053febf3-b194-46a1-a13c-9771b9be8f50.jpg,6,polyps
6a85ef68-269f-417b-94fe-cb1eddab36a2.jpg,1,dyed-resection-margins
12bb7f55-8434-4f31-b1e1-93ecd0f67051.jpg,1,dyed-resection-margins
d0c2573d-246e-4225-9c82-5d4aab4ab294.jpg,4,normal-pylorus
c0ca2a49-1c7d-41a4-b679-ee9e1c46736d.jpg,2,esophagitis
5c0a51a1-a15c-4aea-8d52-9c2c12030c47.jpg,2,esophagitis
0b13d7f1-9ed0-4904-b524-14f25637f669.jpg,3,normal-cecum
a9828a09-79bd-4622-b6b6-a67928367f9d.jpg,4,normal-pylorus
6b8705ce-6c8f-4eca-8f9f-ce9d6ffc559f.jpg,4,normal-pylorus
349af834-8cea-4637-9441-c7bbf4c41484.jpg,0,dyed-lifted-polyps
20ba5538-46ef-40b7-a6bd-135b4f35b36a.jpg,6,polyps
eced2116-a3b2-4f00-a371-cfcb2d062434.jpg,7,ulcerative-colitis
b03e7bbc-ca6e-49d4-a780-08964abde7e9.jpg,0,dyed-lifted-polyps
1e6fbd4d-d997-42e7-b8c1-58c96f633e3e.jpg,5,normal-z-line
37e8f5c8-fa01-4391-b5ec-0f26514084d6.jpg,1,dyed-resection-margins
fff562e6-137f-4641-8af1-b408aeee1e9b.jpg,0,dyed-lifted-polyps
eb3ad0b1-8f9c-4c57-8af1-fd34b05406fa.jpg,6,polyps
561cc7f3-763c-42cf-b0f3-9e8909b0bf98.jpg,3,normal-cecum
bcfed200-4354-4ae5-8189-b12c93a060ea.jpg,5,normal-z-line
859f3a01-a962-424c-be33-6b1f314f05da.jpg,1,dyed-resection-margins
96be88d9-3cd1-494d-9038-3e27a0262662.jpg,7,ulcerative-colitis
ff493607-67fb-40e2-b234-b26bdb9118d3.jpg,7,ulcerative-colitis
ec5f3cbc-d0a8-4546-bccc-83f2a98b5a55.jpg,4,normal-pylorus
6ae73ff0-674b-4e83-a024-e4459cc4be8a.jpg,7,ulcerative-colitis
592cdec4-d325-4c88-abc9-1b51a62b610c.jpg,0,dyed-lifted-polyps
2b37068e-1994-423d-b38d-894636482a35.jpg,4,normal-pylorus
bb09c069-57f1-4380-8c49-d8f1270b9399.jpg,4,normal-pylorus
b178c056-11c6-4cc8-882c-6b2f208a25ce.jpg,2,esophagitis
b774ab3b-05e3-403d-b8ee-6218d88ab702.jpg,7,ulcerative-colitis
68c49492-1599-45b6-90f5-985f368d9c5e.jpg,0,dyed-lifted-polyps
24a1f74a-bb15-4cd6-9caf-124095bbf6c9.jpg,1,dyed-resection-margins
5c02f74e-0e88-4335-869c-0f70b2918c85.jpg,4,normal-pylorus
d022c82c-1912-4682-9e2f-923ec4db90fb.jpg,5,normal-z-line
2b96be6c-d87b-46b7-b7e7-9efcb2dcd04b.jpg,2,esophagitis
4b00f398-5dbc-4641-be12-7191dedc2b45.jpg,5,normal-z-line
562d4fe1-26b6-4661-84ea-d301046582c0.jpg,0,dyed-lifted-polyps
10925f14-b175-41a3-ad2d-b61b9ce7a813.jpg,3,normal-cecum
6c928ca5-eab5-4455-85ec-111428d48485.jpg,6,polyps
89588d39-ab52-4a75-be35-0279c68575e9.jpg,5,normal-z-line
e3a0e13c-1373-4e98-b410-536369fe9736.jpg,4,normal-pylorus
584f1fa0-9bb9-49d3-b412-c42819d0a200_00002122.jpg,7,ulcerative-colitis
b6c03496-cfc7-4e51-9234-7a01389f08f1.jpg,7,ulcerative-colitis
e6365ff9-2d06-49e0-a38c-46026b9ac230.jpg,0,dyed-lifted-polyps
60ed1766-7dfb-4fca-a4ed-f6641d722b60.jpg,2,esophagitis
40202110-543a-4f18-8da5-ac38c1519c80.jpg,2,esophagitis
7c2e8563-bfd9-4ba8-9c5e-e2a02982a4ec.jpg,1,dyed-resection-margins
17adc423-a346-481f-89d0-04d207decb8c.jpg,5,normal-z-line
bd885c2e-68d0-4091-9349-7585f8267db9.jpg,4,normal-pylorus
6b798edf-30c2-466d-af74-b69518b4f2b4.jpg,3,normal-cecum
bdcee218-865a-46fa-a7a6-3f65b1f0a650.jpg,3,normal-cecum
13b75cb3-188d-42e2-984a-8f159d2f99a1.jpg,5,normal-z-line
2e3e0e18-5e09-48bc-b9f6-9f121ae67eee.jpg,5,normal-z-line
7c31d6f8-8f5c-4175-aa14-aaecc29e9026.jpg,5,normal-z-line
c297185b-d0de-4073-9bfe-b972557d6892.jpg,0,dyed-lifted-polyps
7756dc68-5afc-4954-bb3f-ff222eadd390.jpg,0,dyed-lifted-polyps
ada8eb56-748a-4066-bc95-ccf039c8621c.jpg,5,normal-z-line
32757af0-076e-409e-892c-298f99bac185.jpg,3,normal-cecum
7641cc35-0652-42bc-930c-3b1725f8b28f.jpg,5,normal-z-line
bd460ead-15a5-4d2a-9720-82e88cbd62d5.jpg,6,polyps
8af0dc99-ff90-4f50-b3a2-e861664ee49c.jpg,4,normal-pylorus
80298947-df09-44a4-ae48-22846b58e00e.jpg,7,ulcerative-colitis
fe307882-88c1-40bf-bccb-b015507261ca.jpg,1,dyed-resection-margins
9f87c0b2-c0f9-4488-946c-fb38fc3e96b1.jpg,3,normal-cecum
3812d47b-57a1-4917-a7b5-1a49261e9c2b.jpg,5,normal-z-line
9e0b9790-09ca-4a12-af60-b44b433dd04c.jpg,3,normal-cecum
fca0e471-5132-48d6-bcae-d0ab0d03aa13.jpg,6,polyps
415734d3-695d-47bf-acf1-b7551793ea09.jpg,3,normal-cecum
84461c07-b5ff-4602-9cf7-6dbe0ed178f0.jpg,3,normal-cecum
d900f24c-bee8-4bf5-a912-27dd81be932d.jpg,7,ulcerative-colitis
7d72b867-6504-4fa8-bf51-f204aed9456e.jpg,2,esophagitis
512991b3-3fd1-4a88-930b-ade0606355ef.jpg,4,normal-pylorus
04391f36-f787-4acf-9312-ccc0e6e52f39.jpg,0,dyed-lifted-polyps
4bb0aff5-6e4f-4d54-8fdb-a6168585c6df.jpg,5,normal-z-line
b9669429-d7f6-49d6-a1a6-1359c1219272.jpg,7,ulcerative-colitis
dabd496e-b1b0-4c25-aebb-a65a8fe4739c.jpg,4,normal-pylorus
77d0ed0b-1aab-42d7-a7e6-e8d668291101.jpg,0,dyed-lifted-polyps
3ffd201b-c9db-4933-b2de-bda6ec21470a.jpg,1,dyed-resection-margins
1d46d800-f4f7-41ce-8eb5-386ea644c8e0.jpg,3,normal-cecum
d14cea5c-95ab-4724-8819-ce8ec62cf0b4.jpg,4,normal-pylorus
13ca210c-5906-4248-8f95-f25a85bbc2de.jpg,3,normal-cecum
9ce00835-de5e-4e3e-92c9-8cec621fd6fd.jpg,0,dyed-lifted-polyps
c35e5375-1887-4c21-ada7-77c465ba5ea7.jpg,3,normal-cecum
ce144764-5447-4d25-8638-c31b7f71045b.jpg,4,normal-pylorus
4e590ef5-8daf-4de6-9592-3f0019e6a941.jpg,0,dyed-lifted-polyps
182837df-b8c7-4123-b481-b1f9dc168a81.jpg,1,dyed-resection-margins
386c1e54-286f-46e0-80a2-c9c5d1fd7d70.jpg,1,dyed-resection-margins
a73b9aa8-0437-48ae-8a89-9440596f8224.jpg,2,esophagitis
e95862a4-fd33-4673-ae1d-fc87a4db63ce.jpg,4,normal-pylorus
9001e0be-4a49-44f1-ac4b-19e369c1bf99.jpg,2,esophagitis
e520c26b-a74b-4461-aca4-74486da8b3bf.jpg,1,dyed-resection-margins
e70093d7-80f8-41a6-9b22-f4f165706752.jpg,6,polyps
e1969658-c885-479d-86d6-9dab6e353494.jpg,3,normal-cecum
d8e99ed9-a464-4477-9531-750be659a1ec.jpg,5,normal-z-line
9f81dbf3-7a12-4fda-a831-21efa4740904.jpg,2,esophagitis
af52d6a8-63b2-4822-a2aa-89ed5530b670.jpg,3,normal-cecum
286b0be4-fe14-470a-9091-3418c2bf2b39.jpg,1,dyed-resection-margins
7f8f2876-3f32-4a35-8478-d6ce61eec6f9.jpg,3,normal-cecum
780359e6-e777-4df0-b18c-9fd794312d49.jpg,0,dyed-lifted-polyps
8e53f721-e35e-44d5-9f2e-1a8afdfbf6cb.jpg,4,normal-pylorus
28419d9a-cafb-41dc-967d-d23ff415db23.jpg,3,normal-cecum
39137435-22a6-4841-914b-3b37933d228f.jpg,3,normal-cecum
994c8836-c0bc-46f3-94f5-dee4485efd52.jpg,0,dyed-lifted-polyps
ab519bb4-ce27-4a8a-be45-19c5d8acc3ad.jpg,4,normal-pylorus
2542ca34-eab6-4c43-8c9d-ffbf48a22479.jpg,7,ulcerative-colitis
6c245728-1f82-4f3b-9f1d-29ed66fe806d.jpg,4,normal-pylorus
3449dba7-8929-4b1e-9e07-c6034cd470af.jpg,1,dyed-resection-margins
e34e008e-2b03-43a6-848f-847541bae18b.jpg,4,normal-pylorus
e8b8a590-e8ef-406b-9fca-87dcf68ab5dd.jpg,5,normal-z-line
fd8dc1a5-7675-4d39-9915-309ff598defd.jpg,3,normal-cecum
fabe6262-ce05-48a5-b0fd-170af0d90d1a.jpg,0,dyed-lifted-polyps
1ba87bce-33b7-415f-8b93-dff1266b25ae.jpg,4,normal-pylorus
882f9f9d-f941-4e08-986d-d78d8a268697.jpg,5,normal-z-line
3b0e5d79-7136-4d64-809f-a75a7ce4458d.jpg,3,normal-cecum
ba0ef860-9a26-44c2-bb5e-830c0e203f12.jpg,4,normal-pylorus
e38c7932-c643-4473-ba7a-cb87d59b7eb5.jpg,4,normal-pylorus
ce3538e1-b525-46e4-a490-891732a5bea9.jpg,2,esophagitis
1a387ade-ad21-40f4-b63e-dfa41e769077.jpg,6,polyps
367e3055-75c5-4fb2-af31-2f1b2894db3a.jpg,3,normal-cecum
eb59f34d-6cbb-4592-afc9-bc22341da962.jpg,1,dyed-resection-margins
1d565a68-eb55-4356-8c64-7351a8625a60.jpg,2,esophagitis
08509852-29f4-452c-a4a6-e310edaa852d.jpg,0,dyed-lifted-polyps
ee446ce3-ff3d-48d9-93dd-fa983fde8908.jpg,3,normal-cecum
fd597296-296e-4147-8101-5e786d3165d5.jpg,3,normal-cecum
116c1e37-65f8-4205-b220-48ad583dfd3d.jpg,6,polyps
88c6d483-29b2-471c-9aa3-d71913c37c8a.jpg,1,dyed-resection-margins
a209bfe2-8271-46c8-9f78-79d4918734ba.jpg,6,polyps
b97fdfcd-e0f2-4acf-af2e-d33d1a2baef9.jpg,7,ulcerative-colitis
e648c132-fa9c-4273-b4ce-6ff8c0b28710.jpg,2,esophagitis
024d1d11-4401-4bd7-b493-0a79c17c20ae.jpg,0,dyed-lifted-polyps
fbcbc935-5675-4c4d-939c-e888131368fe.jpg,7,ulcerative-colitis
fc79c489-b358-4368-b965-330615af73d4_00000252.jpg,7,ulcerative-colitis
06be4fe9-1d09-48cc-8198-4710159366b5.jpg,4,normal-pylorus
1a290399-a4a8-4d38-b288-0f3fee1ed551.jpg,3,normal-cecum
7c7877d8-c9f3-4490-924e-0338fe1560fe.jpg,5,normal-z-line
ae68bef5-8ca4-42fd-a275-d34ee4ea8c14_00001096.jpg,7,ulcerative-colitis
1b84008d-b947-4bc3-89e6-db6505b543b0.jpg,7,ulcerative-colitis
2aad6a38-daa2-4e08-9db8-b9e19dc2ccdd.jpg,2,esophagitis
cf1fb8ec-1802-4d9f-be8d-4a68cfffd5dc.jpg,5,normal-z-line
b4dbf62b-ccbe-475f-851d-d5a2c46ce155.jpg,2,esophagitis
b853d17c-13c6-4681-bf28-a2cce0868ac9.jpg,1,dyed-resection-margins
524d6f3f-b8de-4083-9590-7bf6514cfd02.jpg,7,ulcerative-colitis
7191c008-6655-4785-a5f1-5fa25bc6bdb1.jpg,1,dyed-resection-margins
e274b42b-5309-4234-bb68-8776817f4f1d.jpg,0,dyed-lifted-polyps
23640c48-6dd2-4f6c-9c1c-466df61484af.jpg,2,esophagitis
853e1124-fc68-459e-aeea-30fa7a45c06d.jpg,0,dyed-lifted-polyps
60233a55-eaa4-4a77-8727-2b5c643d115d.jpg,3,normal-cecum
2f5690c2-8568-4d36-9fb0-6a9314bbe3ff.jpg,1,dyed-resection-margins
65948c59-6bf0-468b-bc33-39a1df9ac667.jpg,1,dyed-resection-margins
86ee3c3f-0cbf-4c86-9e81-4157eadaed9f.jpg,1,dyed-resection-margins
6def955e-1d14-470a-99ee-268b93876d8e.jpg,7,ulcerative-colitis
65a801d5-f684-4dae-a6df-b4d3ff8c76d5.jpg,6,polyps
8c77df54-86a9-46e8-9e3a-7a38ef2f9d4a.jpg,0,dyed-lifted-polyps
5fe8bc72-d9fb-4346-b644-d06dc9da8110.jpg,6,polyps
ba03859d-d9f9-4dcf-b12b-12256e6c69e4.jpg,0,dyed-lifted-polyps
0a4ef674-6ccd-4b26-a8e0-a8d7e3f2f6be.jpg,3,normal-cecum
9f1bdf8c-0f1d-4130-ad62-66922207a5e8.jpg,5,normal-z-line
eaa0a5f2-11a2-42af-b9dc-d190656b79f5.jpg,5,normal-z-line
700c2d59-e47a-42c1-b2bf-216249905711.jpg,7,ulcerative-colitis
5803b6e2-ad9f-4eed-8bb4-6c08c9b2f28c.jpg,6,polyps
454acbe5-64d4-41a0-a019-02265cc378fd.jpg,6,polyps
505cb307-69fb-40b8-848e-fa75e3006858.jpg,6,polyps
5743d901-aed6-4382-93ec-29de4778c833.jpg,1,dyed-resection-margins
61c80e67-62f4-4bcb-94d4-0c3f6fac16d1.jpg,7,ulcerative-colitis
254ed36c-9ac6-402b-b447-cf9df8abb310.jpg,1,dyed-resection-margins
e9046d17-60f8-4eba-98ac-fedff3ff8bc5.jpg,4,normal-pylorus
fcf9d17b-11d3-4cf5-b9a9-148492c66a00.jpg,2,esophagitis
c1b1c465-adc0-48ce-a5f8-2fd9dff25d52.jpg,7,ulcerative-colitis
2cffa897-3237-4a59-ba8b-5fecb7b055e8.jpg,5,normal-z-line
7a9e0ad5-7b28-4ccc-862f-3c57819ed47e.jpg,3,normal-cecum
b2899d44-fe03-4c83-b922-79b67fbe7c52.jpg,6,polyps
dc59df6c-938e-4a0b-b0e1-a26241bb1e21.jpg,0,dyed-lifted-polyps
e01448e1-7641-4da3-a26d-a961ef1ec4bb.jpg,2,esophagitis
c8f8cf15-d047-449a-bdd8-aa4d9c8cec17.jpg,2,esophagitis
bc6d6790-8441-40af-82be-338797b2aa21.jpg,0,dyed-lifted-polyps
39c2a65e-5ef5-42e5-949f-3f4d20a232b1.jpg,5,normal-z-line
9af8d52f-c3f9-4a7c-81db-dcb14db668ee.jpg,3,normal-cecum
4bf6339c-30db-49f2-b6af-c1e9ca7616f2.jpg,5,normal-z-line
a9729cec-0887-438c-a4eb-22df7a7426fa.jpg,4,normal-pylorus
881783fa-8f0a-4ccd-83c8-5e9cba09385b.jpg,3,normal-cecum
1da2ecdd-4dbc-43a7-a4bc-e0442808b783.jpg,0,dyed-lifted-polyps
66e5ad03-0b59-4584-a035-0654b7cbbb83.jpg,2,esophagitis
04461514-f778-4bad-b1a8-d2c3515d3b37.jpg,2,esophagitis
91a3b23e-46d1-4d2f-bd89-f393ba085e7c.jpg,2,esophagitis
d5f4c946-107f-47f3-a704-bd97ad57310a.jpg,0,dyed-lifted-polyps
f94f3e7f-dc29-422e-add6-cfdb36aa7f19.jpg,0,dyed-lifted-polyps
ae3c1bd9-9998-482c-b325-e86889eb00b7.jpg,2,esophagitis
9fa9ec67-42b3-42a1-8e96-c339394617df.jpg,3,normal-cecum
0d1e030a-0ff8-4067-9f8b-21cdf63dbaa7.jpg,3,normal-cecum
c801eb98-6af7-4a43-b23c-0351cffaca3b_00000181.jpg,7,ulcerative-colitis
afd602bf-f27d-42bc-9e25-31004b3ba1f7.jpg,0,dyed-lifted-polyps
30bbc4ab-ba6e-4949-b890-8a4657d1ee61.jpg,2,esophagitis
46291420-86df-4206-90ba-0c8862ace293.jpg,6,polyps
05a6cd5c-f32b-42b2-b386-bf971bd1785c.jpg,3,normal-cecum
288a099f-8902-46ff-89c3-8475d71f70e8.jpg,3,normal-cecum
3c7398e4-b1bd-403f-ab09-b0efdbcfc740.jpg,2,esophagitis
2ed58dc9-355a-4186-9642-94ce056a0bb3.jpg,7,ulcerative-colitis
fcfc6589-cb35-4848-a667-6be1dc08940a.jpg,3,normal-cecum
36e0b7ad-fd56-4918-b8ef-758f3999fcc1.jpg,0,dyed-lifted-polyps
23d56fb6-f136-4535-b148-b7be887aa894.jpg,3,normal-cecum
698f130b-41ff-414d-908c-8d8c0f82d4a8_00001933.jpg,7,ulcerative-colitis
09a1e1ed-bdbb-4535-bd83-cdd28e26d5ee.jpg,5,normal-z-line
45805ed3-eccb-4065-850e-1d0d52437849.jpg,1,dyed-resection-margins
e4bcfe97-fee2-47f2-b4c9-dbf3f1b8bb22.jpg,0,dyed-lifted-polyps
73a6f5df-adc7-4ee7-803d-a858a6c0c714.jpg,5,normal-z-line
a4b19539-3656-43ad-8771-929a1418b262.jpg,7,ulcerative-colitis
32425083-f790-4977-b2b5-b8f801e099c6.jpg,1,dyed-resection-margins
44dc4034-6a6c-4ba1-abb0-723ff0e917a7.jpg,4,normal-pylorus
e3075b36-29a9-40b8-98c4-23816b5f8bf2.jpg,7,ulcerative-colitis
b70588ff-22e0-45bf-993d-fbfb9048a5e7.jpg,0,dyed-lifted-polyps
46705b13-80d7-41d1-8505-2d5e2f99065a.jpg,7,ulcerative-colitis
eb8e58ff-1ed4-471c-8510-60b1891afa30.jpg,4,normal-pylorus
ece60f51-3987-434c-a271-1178f4206652.jpg,1,dyed-resection-margins
33fa6aa7-fff7-4bb2-8bd5-2f19c3270595.jpg,6,polyps
491bbb8a-7c22-4d09-a816-cb8bebe2a804.jpg,1,dyed-resection-margins
775ad20e-7d21-43dd-86ea-9965aba21ec3.jpg,5,normal-z-line
19fc878a-905c-4c42-9760-e0c39d728d16.jpg,6,polyps
50735737-e6b2-46b7-9d54-8fb69de7f4c3.jpg,4,normal-pylorus
333823a3-1145-4930-877c-fe1ef283479e.jpg,2,esophagitis
3a613665-350d-4886-ba06-82879abf4572.jpg,4,normal-pylorus
8dd4592e-4c8c-4ecb-8e01-b6b11dcbb154.jpg,0,dyed-lifted-polyps
88fbc529-9a99-41ba-9b1c-0252a278eafa.jpg,0,dyed-lifted-polyps
b80db3e2-2827-4e4b-a0b5-1e8a6218271c.jpg,7,ulcerative-colitis
0ffa8ce1-8645-44c3-b2bb-bc14ae01d6a6.jpg,0,dyed-lifted-polyps
533392c4-eb09-48c8-b68d-2a0c442d1756.jpg,0,dyed-lifted-polyps
8b9ab400-646b-4c36-a78b-c2342b7143af.jpg,1,dyed-resection-margins
3fdd9fdf-f018-46bf-9502-474633265ace.jpg,0,dyed-lifted-polyps
11d5d277-8479-412a-b927-c42a3d84ecf6.jpg,1,dyed-resection-margins
3fb6028d-48e3-4cca-92b0-fe62d32e838a.jpg,1,dyed-resection-margins
b2facdb8-be9f-4a97-87f4-8354afd81725.jpg,5,normal-z-line
17040b18-5185-4556-a7bb-c7d8f48d8fd1.jpg,6,polyps
3d570c8e-e9c6-4d90-b1f7-5e89290820f0.jpg,4,normal-pylorus
bf41afe7-7438-4067-b102-86420062dd3d.jpg,0,dyed-lifted-polyps
0c56612f-25f2-4922-8f73-69d1987cb640.jpg,4,normal-pylorus
add72a93-7dd4-4323-9064-c0cc9aee1a00.jpg,5,normal-z-line
e9ec7d1b-e235-492b-93a5-33d7cb46e364.jpg,7,ulcerative-colitis
9b926dac-c1fb-4d1a-ab02-159f556332b8.jpg,4,normal-pylorus
a7576784-a16e-4883-aecd-ac6097fffd32.jpg,5,normal-z-line
07a97952-28dc-4aec-8a52-c9f5395e99e3.jpg,1,dyed-resection-margins
6c21d369-a84b-425e-a762-4b714806384d.jpg,1,dyed-resection-margins
0775f49e-b0f9-43f2-8456-85479d4582cc.jpg,6,polyps
ac9d6976-4ef8-4044-b437-891d79d7b6ae.jpg,6,polyps
e33ef61c-60ee-4a50-ace4-c6d39310f510.jpg,5,normal-z-line
bee80819-652d-4194-ac11-9a4bf50075ae.jpg,2,esophagitis
6b8079f4-d5a0-4b9f-8352-8c1e65171209.jpg,5,normal-z-line
729c4755-3b7e-4d8f-a42a-58cc5f9d744a.jpg,1,dyed-resection-margins
e0e399d3-d4be-4a08-915b-10fa6bd30a51.jpg,0,dyed-lifted-polyps
7f2d69f6-4b57-4e3f-a354-12d2ad38612b.jpg,2,esophagitis
69d9d3d4-ceb9-4ad4-a6f7-95d3ca9ed64a.jpg,2,esophagitis
8d64fbd3-dd9f-4d33-8ed1-fdea4a3e4fab.jpg,1,dyed-resection-margins
49c11a90-236b-4c14-a2bb-8cd38346387f.jpg,2,esophagitis
0cde514b-b8f5-4934-8dd5-7361b0b014bd.jpg,2,esophagitis
fc79c489-b358-4368-b965-330615af73d4_00000411.jpg,7,ulcerative-colitis
a8866512-4bb4-446b-8cd6-a8742f38cee5.jpg,4,normal-pylorus
9bc3effc-9aa3-4864-936d-c671278610ad.jpg,4,normal-pylorus
c1beec14-8aae-4a4a-a93a-3870d461aefc.jpg,6,polyps
81a19f64-c1f3-4adf-aa69-ef6cad6267b6.jpg,1,dyed-resection-margins
9d9f8af0-b10b-4865-87e8-72d2bf3de6cc.jpg,3,normal-cecum
591b8e2e-c363-4948-888f-b8339a727fc7.jpg,4,normal-pylorus
86330e64-fc41-4be3-b778-4a6a73a1dd0d.jpg,1,dyed-resection-margins
94ba877e-4825-4eaf-a589-05a122288216.jpg,6,polyps
1e2720c4-d073-4335-9315-3745f36df90e.jpg,3,normal-cecum
c16909e9-5e26-4546-a30a-424fd45c8d55.jpg,6,polyps
35a16221-32b7-46a7-9dc5-d6fc5b10544b.jpg,1,dyed-resection-margins
ed1d1ed0-fe3d-475c-876a-06db231f0294.jpg,4,normal-pylorus
029c1dcc-3081-4382-bfb4-85f0ed69c04c.jpg,3,normal-cecum
cf7f4855-53d8-4c5c-b3d0-44c4e23b4354.jpg,4,normal-pylorus
8437650e-944c-41d5-97b9-5f644af7b1e1.jpg,5,normal-z-line
7daaf8e5-d1c5-4dfa-8a73-b308fe3428c7.jpg,3,normal-cecum
586af659-b2b0-40a1-9219-36f1f9918bc9.jpg,1,dyed-resection-margins
b15fa0e3-364a-4c56-a1c5-905867c57714.jpg,1,dyed-resection-margins
814ef9d5-10c2-4bef-86ed-cbc19122582a.jpg,4,normal-pylorus
6eb14932-1fd4-4b55-8a8f-5df36bcd341b.jpg,0,dyed-lifted-polyps
d127bf92-344e-48cd-b5a6-5695c0bec0f8.jpg,1,dyed-resection-margins
dbcca79c-330e-4723-82a1-c8fa6b734a5b.jpg,2,esophagitis
10ffd029-c32c-440b-a5aa-e7c257407476.jpg,6,polyps
ae68bef5-8ca4-42fd-a275-d34ee4ea8c14_00001236.jpg,7,ulcerative-colitis
0626da74-5a42-4f55-9557-b2141dc79759.jpg,0,dyed-lifted-polyps
ce0fcc5b-5d2c-4999-8250-dcbbfefd1403.jpg,6,polyps
92b9c09f-8a9d-4e95-96a8-a64381b72cf1.jpg,7,ulcerative-colitis
ffc5a497-60ca-4fb4-81a5-6836be3df198.jpg,1,dyed-resection-margins
b315fdf9-c999-4c4c-8e67-825f89203d68.jpg,5,normal-z-line
046ea931-dfd4-477b-8d9d-f6e892681166.jpg,3,normal-cecum
b638ab4e-5421-4d64-a2ad-8c1daa691cfa.jpg,0,dyed-lifted-polyps
0d903cfb-02d8-49fa-abd2-01ca60025b16.jpg,0,dyed-lifted-polyps
d3100e64-019d-42eb-844f-e263df415f5e.jpg,0,dyed-lifted-polyps
d4995578-1e11-4f0c-892e-32da8b2c62bd.jpg,0,dyed-lifted-polyps
0797b482-2438-4ecb-80a1-20004d44dd12.jpg,4,normal-pylorus
e56304ae-c223-484e-80a3-4fb78fcab061.jpg,3,normal-cecum
d194bd46-db12-4d3b-93e5-13c9a5759b9b.jpg,5,normal-z-line
30e89c0e-2572-4c06-9c40-ecb5ffbe8d05.jpg,2,esophagitis
297aaddb-e91f-49ce-9770-98ebef746cbb.jpg,7,ulcerative-colitis
11c5358f-552a-42b8-afea-085b21728351.jpg,4,normal-pylorus
2c4d78fc-5bca-4e11-9d5a-4fc046711cbd.jpg,3,normal-cecum
6009c464-3d98-4f03-ba45-627be9f06285.jpg,6,polyps
d27bf66f-83d1-40d0-beac-b4386f720f2f.jpg,1,dyed-resection-margins
19550c07-0861-4c6e-b81b-261201b242bd.jpg,2,esophagitis
64f54132-5171-48bf-886d-7c13fd6e3d91.jpg,3,normal-cecum
9d789cb9-7b2d-47ef-8e14-917764650cb0.jpg,1,dyed-resection-margins
cca0c7e7-f388-4d67-bc1b-612eafa43024.jpg,5,normal-z-line
7b3622e1-36c5-4d70-8742-3c14c7936f26.jpg,3,normal-cecum
2f851db5-2a85-466f-843b-6029b9fcbd16.jpg,5,normal-z-line
a8d8045f-0c21-4706-8b13-ad416e61fa5b.jpg,4,normal-pylorus
36ed23ba-e88f-452e-affe-c84443a01c81.jpg,2,esophagitis
5b5fd419-c38f-4081-868f-36ccedfc9ff5.jpg,0,dyed-lifted-polyps
d1cabf06-d3dc-46e9-ac34-c9d0e61a52b4.jpg,3,normal-cecum
48425285-82bc-40c8-a4f9-c89dbc67597b.jpg,7,ulcerative-colitis
27d9bf70-8cf9-44c2-9d88-2bd5ba06806a.jpg,6,polyps
9c6e1efc-078b-413a-924f-7e4eb88ecfbd.jpg,5,normal-z-line
4c06ec7b-4c83-4cf1-8d74-c303ec439b23.jpg,0,dyed-lifted-polyps
c3ad7e1c-be89-4588-9e57-bbf277979fe1.jpg,6,polyps
1d86d138-ca83-47fc-802d-7f159848361a.jpg,1,dyed-resection-margins
6ab14cfb-2177-4f22-b446-82b405d46549.jpg,5,normal-z-line
30037ecf-836b-4b06-a13b-e356652fac42.jpg,6,polyps
256ed563-f537-4fef-8ada-1730d7cc895e.jpg,6,polyps
f8f82618-70f5-4d8b-9011-4dc7e7b5f54d.jpg,1,dyed-resection-margins
d3ef1d79-8962-441a-96d1-00c3b8016c00.jpg,6,polyps
a569ea73-efa4-4ed4-b254-526db8b91f31.jpg,6,polyps
fc79c489-b358-4368-b965-330615af73d4_00000283.jpg,7,ulcerative-colitis
5ff2573f-c5e7-4d59-a01a-33f00152551f.jpg,0,dyed-lifted-polyps
e589355f-e26e-44d7-bb40-53e26902347b.jpg,5,normal-z-line
e73246b9-b6a1-4465-81b8-fc6e7990ec79.jpg,7,ulcerative-colitis
0bd00d23-3970-4965-87dc-29526ff5080b.jpg,1,dyed-resection-margins
7b65a336-1ccb-4995-a860-6d3d9bece646.jpg,2,esophagitis
dbf9454e-0fa7-4f67-9b06-2b1dea50a17c.jpg,5,normal-z-line
872732c4-51f0-4f4d-9eef-056066596698.jpg,1,dyed-resection-margins
78fdafa5-bff9-415a-ac04-4b31c9931e73.jpg,6,polyps
c0eb430a-2ffe-4256-9493-4c098cd68ca9.jpg,4,normal-pylorus
5316ebad-b28d-4dbf-959e-56762ab1de2b.jpg,6,polyps
6d7307ea-ef74-484a-8b1a-de727054975e.jpg,4,normal-pylorus
e02bc300-4c5e-4ef6-a548-51ee6b25c16b.jpg,7,ulcerative-colitis
8f1fd9d5-1011-4082-b50f-eafcb467de59.jpg,3,normal-cecum
1e15c2d6-b6b3-4804-9b84-f8047356e9cb.jpg,6,polyps
003808ff-c349-481a-9c91-e9acf1c181b7.jpg,1,dyed-resection-margins
e747a2cc-fd19-4860-b7f3-029079310cda.jpg,4,normal-pylorus
5bc998d5-d012-4566-9d4f-b02c6aee00c6.jpg,1,dyed-resection-margins
cce7e5e2-6140-4a69-8973-84658c543b02.jpg,4,normal-pylorus
31bd6814-46f4-4296-a8ad-22c5ee4206dd.jpg,3,normal-cecum
4471f752-22d1-4999-a658-849bfec6ea6f.jpg,0,dyed-lifted-polyps
ad31c9e1-54d6-401e-abad-bb2ca564e2c2.jpg,2,esophagitis
bba02f9a-adaf-4fa6-af4d-e750cf282e96.jpg,5,normal-z-line
7032e59f-930c-4833-8262-8d0daa3e0e16.jpg,2,esophagitis
d4d15f29-dbac-44ea-97b8-ebd0110efcd0.jpg,6,polyps
34cfff92-3860-40b5-9c49-a11cbbde7dc8.jpg,7,ulcerative-colitis
2bf1784b-13e8-4cad-a585-8c6981e494ad.jpg,5,normal-z-line
149cfe53-bc42-4873-89b7-c9d3ebdae285.jpg,3,normal-cecum
cd0afb55-4505-411d-93b6-f06b1d9a656f.jpg,6,polyps
0e0c04ba-343b-4bd4-a108-70cd09b0075c.jpg,7,ulcerative-colitis
2f456579-ecc7-472b-9b1c-b807fc09c2f5.jpg,3,normal-cecum
d1b058f0-a415-4928-8180-68a2848f46c2.jpg,4,normal-pylorus
2dd46d94-7dab-4dbd-b59e-e85cb2f0ea65.jpg,0,dyed-lifted-polyps
a697ba72-5781-4d13-8b98-76ffc1c31954.jpg,5,normal-z-line
41d257fa-6f7f-4638-b2e7-c7baf002f973.jpg,3,normal-cecum
55866948-68f1-430b-875b-953fc91c6dc6.jpg,2,esophagitis
c531172c-c454-47d9-9a14-d180987ee499.jpg,5,normal-z-line
56bafb14-95b0-4c8e-ae40-3e1a6a9c99fa.jpg,0,dyed-lifted-polyps
bbfe2c3b-fba5-4836-a2bb-53a9cf203b22.jpg,2,esophagitis
9b87c32e-ddad-4faa-b329-752ab7ed5d18.jpg,0,dyed-lifted-polyps
9eb980d4-b4ea-42cc-8397-ab3d22627d9c.jpg,7,ulcerative-colitis
cc098d18-f4fb-4628-866e-acce25d66e45.jpg,6,polyps
9581e21c-7748-474f-9792-bf818ba9d41b.jpg,7,ulcerative-colitis
5d6cf546-42c9-4f79-98d2-d23c2417dd41.jpg,4,normal-pylorus
f8dd6636-91fa-4aff-aa96-737547de086a.jpg,4,normal-pylorus
698f130b-41ff-414d-908c-8d8c0f82d4a8_00001237.jpg,7,ulcerative-colitis
58e4b451-8d12-4755-8711-02df260d00ba.jpg,7,ulcerative-colitis
114badfb-6476-4a3d-843b-254c4a24f149.jpg,6,polyps
df1cfb80-607e-473b-86bc-21a07ebb645f.jpg,5,normal-z-line
f95bfe8c-d8b7-43ba-b623-f947599ed216.jpg,3,normal-cecum
7e9c1c83-cfd4-410c-9b55-8e518ada2261.jpg,7,ulcerative-colitis
12816474-e08b-48e6-b88a-774b61ca307a.jpg,7,ulcerative-colitis
364e1bb4-882d-4265-a520-87d146658746.jpg,6,polyps
9d211fe5-375f-4c54-8e55-432f517ea60a.jpg,0,dyed-lifted-polyps
c410c97b-1696-42dd-b900-65c9f1cd7f86.jpg,7,ulcerative-colitis
d3d72cc3-3d1a-42f3-b217-ce7ac4a24e10.jpg,4,normal-pylorus
78e23433-bbbf-4765-870a-2e79c6e2aa0e.jpg,4,normal-pylorus
e9547618-5a74-4c96-b6f7-c5ecd3b00027.jpg,1,dyed-resection-margins
cb3a66be-6d3b-4f16-9b13-c7a8229c8584.jpg,5,normal-z-line
e75c3363-27c6-48bd-9d43-30f074a23dc0.jpg,2,esophagitis
0a945a01-470c-4834-9360-6569a4a43610.jpg,6,polyps
96d656ee-2674-445b-a5f3-554c84f3e17c.jpg,3,normal-cecum
b670aee9-c35e-4577-a72b-6d2eba02eb2c.jpg,5,normal-z-line
9536e0b0-b962-4fe3-b693-310a0c0db514.jpg,5,normal-z-line
ba3f5bf3-86aa-49c3-8576-b670a7c5a66b.jpg,0,dyed-lifted-polyps
007d5aa7-7289-4bad-aa4a-5c3a259e9b19.jpg,0,dyed-lifted-polyps
5a56e969-2f7d-4c6a-b534-4205b7f9ed1c.jpg,4,normal-pylorus
bff2d461-7b00-4bec-b02e-173428dc1590.jpg,0,dyed-lifted-polyps
76dda86f-9d52-46cb-b06e-965ba5883846.jpg,1,dyed-resection-margins
b9c57cf3-e2e3-494f-a154-35e87afe100e.jpg,3,normal-cecum
97770609-1d79-46c5-8658-88b380a26c2e.jpg,5,normal-z-line
01b9de1c-1481-4056-b27a-4d8fa09da06f.jpg,3,normal-cecum
c0e43ff1-4566-4daa-a4df-a18706510712.jpg,2,esophagitis
9a6b9bfc-b2aa-4f14-9bb7-ef3a7bfba2a5.jpg,4,normal-pylorus
66bb2cec-906b-4a69-9aff-3a3f3735f473.jpg,7,ulcerative-colitis
82b78190-96f6-4123-84fd-82a6d61b283b.jpg,1,dyed-resection-margins
ec83825e-5c6f-4c2b-a3d1-bee7092d418e.jpg,7,ulcerative-colitis
1c5d2f84-57dd-4674-b3b9-f7ffdeed8db8.jpg,0,dyed-lifted-polyps
0ad65fea-9e8e-4410-a943-dbb6b94107b1.jpg,0,dyed-lifted-polyps
5cd4cad5-ddbf-4673-b0c7-83e51dc18a9d.jpg,2,esophagitis
20db5a9d-b150-41c3-b03d-4f65b5101132.jpg,6,polyps
a5fcd40e-6a38-49b3-9e09-e34d11897b0c.jpg,3,normal-cecum
fdbdac39-9e6c-4e05-a7cd-061408cddb41.jpg,5,normal-z-line
43bbc19d-dfba-434f-9bae-5e10487dee06.jpg,5,normal-z-line
9e64fcda-9f2f-473c-a57f-434c82178f1e.jpg,1,dyed-resection-margins
7aed3021-bf47-459b-ac64-1dcd957c7c70.jpg,2,esophagitis
a13f92bd-8996-4f40-b37d-30616c743980.jpg,2,esophagitis
491adbcc-0bd9-4a9e-b1d4-f3400d505d99.jpg,1,dyed-resection-margins
6cf809b6-92cf-4187-95d6-ebb4250c5d24.jpg,3,normal-cecum
d29a0b73-71f4-45b8-a7b4-c0fbd1e35992.jpg,1,dyed-resection-margins
afcf7c9e-e181-46e5-8145-e49c6c1273d4.jpg,5,normal-z-line
2beec3db-510a-4485-9db2-3ea761361525.jpg,1,dyed-resection-margins
2a35fd9b-7008-48a5-8ffe-9f90a2208357.jpg,3,normal-cecum
c396273b-d6c5-4f31-b80f-35b22f4c692c.jpg,6,polyps
ddd9b034-f0b6-4bdb-805c-a9fdd83ffc63.jpg,5,normal-z-line
78d3d972-933e-4137-90a9-6e5485cb6b57.jpg,0,dyed-lifted-polyps
78f877f3-083c-40ef-a82c-65764f6ab285.jpg,6,polyps
fe08a0ba-9e51-4333-99ca-462aebe009fb.jpg,2,esophagitis
e789a071-d752-4016-be77-f8885723e3eb.jpg,2,esophagitis
88bdeee1-266e-45fc-ae5b-4355d84e3948.jpg,3,normal-cecum
920fa784-001e-4927-bf90-7886c77e9ee3.jpg,1,dyed-resection-margins
6fdc2a8f-eba5-4906-ba29-4245d9510785.jpg,2,esophagitis
cdb8f4a5-3a5c-40a6-a845-1395510867be.jpg,2,esophagitis
fff01d97-1904-4eb7-95a6-ad0dc2ae2a77.jpg,3,normal-cecum
60ac51b5-b25a-4357-99d3-097455a7b8b4.jpg,7,ulcerative-colitis
081620c9-4ac3-4014-a940-4bdd02853e02.jpg,7,ulcerative-colitis
e5419d2a-5125-4362-9449-2fdbc52daa3d.jpg,2,esophagitis
b4a02a0d-1f1b-479e-b46f-469cdf453be5.jpg,1,dyed-resection-margins
427bbdc5-d1b5-4ee3-afeb-c8091c9cb10f.jpg,0,dyed-lifted-polyps
b33d499e-684e-4817-b2da-63d5c3e6187e.jpg,4,normal-pylorus
6d3405db-4ab3-46c4-b42c-c81caa5dfca3.jpg,4,normal-pylorus
5771927c-f9c5-4c44-bff0-d04b2bd88327.jpg,5,normal-z-line
075ae854-b704-4da6-a09b-1057b278e4f0.jpg,4,normal-pylorus
4e661655-fa5e-40e5-8786-c02fe567ee92.jpg,3,normal-cecum
b8df9bc1-c154-42da-92b0-66c3ea14e3fe.jpg,4,normal-pylorus
66118f04-e2cc-4b1c-a640-1cb8c61b3e13.jpg,1,dyed-resection-margins
a208c7fb-eae1-4709-b6ca-2854f466f909.jpg,4,normal-pylorus
655ec3cd-0c65-4fcd-a89e-8ac5746ec439.jpg,2,esophagitis
01086b46-817d-4f20-8aba-4a7b9347ab1c.jpg,1,dyed-resection-margins
45378f6e-0d63-4f38-95e5-3b31cfa46ae6.jpg,3,normal-cecum
544d09ec-cc80-4aad-89f0-9720ba15dc82.jpg,4,normal-pylorus
7e679490-9b55-4fbb-b98a-a5a612f737fb.jpg,4,normal-pylorus
c1b4c44d-b2ec-4887-b550-3358da651d0b.jpg,6,polyps
8a7fb665-446a-44cb-8098-7a8b46b15ffc.jpg,0,dyed-lifted-polyps
61e52f7b-9490-4cc4-8a1a-9bccb38d5db2.jpg,7,ulcerative-colitis
931888cf-2b71-4a42-a5e9-dc08463476c0.jpg,3,normal-cecum
cb84c532-4318-4065-bd46-60e6a4a3912d.jpg,2,esophagitis
b05e48cc-4903-4d16-baab-3bc260400664.jpg,6,polyps
7fd662ec-6461-45c0-84e4-eed9700e14e4.jpg,0,dyed-lifted-polyps
1b06a2a7-fcf3-4ff2-bde1-a2b519266c86.jpg,4,normal-pylorus
1e8bb757-ed22-47f9-b372-4bce8b1d48c1.jpg,3,normal-cecum
1901907f-8220-4a31-b878-578a4bb8cbbb.jpg,0,dyed-lifted-polyps
547be3db-4bd9-4f1e-a384-4588b2ce5f11.jpg,7,ulcerative-colitis
bd002977-cc39-4f9b-9606-7540ce1ed08e.jpg,4,normal-pylorus
4c3db910-ff52-45e3-b8f1-6957cd88e11e.jpg,2,esophagitis
49da2176-6517-42bb-b2dc-a152c705fa53.jpg,3,normal-cecum
2b7eec1a-056c-45bd-b619-6bf396847946.jpg,4,normal-pylorus
eb13f65b-e68e-4965-832c-c071b229c6a7.jpg,3,normal-cecum
2a5545dc-dbc0-4b9a-8d7d-bdf549652a02.jpg,4,normal-pylorus
60293efc-e6ef-4071-8b1e-525948bd7fbb.jpg,6,polyps
56629c91-4ece-4637-9331-a02bf4e9bcfd.jpg,1,dyed-resection-margins
99df9890-21b4-4537-8825-732e9fc82af8.jpg,6,polyps
5bc2c176-f571-499e-a02d-97040f732526.jpg,4,normal-pylorus
85386436-0fd3-47db-9957-a486d2ebe5ad.jpg,5,normal-z-line
5cb44d15-b550-4b38-8dbb-30f908de309c.jpg,4,normal-pylorus
afea91a9-349b-44e1-82a6-1dcb837c9316.jpg,4,normal-pylorus
eafd32f3-4da5-47fe-ac97-a9c00377622e.jpg,4,normal-pylorus
6661780c-7456-4f1e-bb22-a4c415583d85.jpg,1,dyed-resection-margins
a4b9e607-433e-4d47-8e41-284083e61d3d.jpg,1,dyed-resection-margins
2f87ab08-6908-4e20-af28-44ee91348191.jpg,0,dyed-lifted-polyps
473b0c1a-1efa-4620-b594-8c1e531e067f.jpg,1,dyed-resection-margins
bfaec64b-6b98-44e3-9eed-b3e51936e551.jpg,5,normal-z-line
b02f7af8-ce09-4494-a5af-ed84c38c8fcd.jpg,3,normal-cecum
8e04efd7-0828-4707-a659-68cd2475692b.jpg,6,polyps
05818813-ec10-42ba-a218-a263795da203.jpg,6,polyps
a481bd68-9711-4a86-88e4-191f66fc3f38.jpg,2,esophagitis
ae68bef5-8ca4-42fd-a275-d34ee4ea8c14_00000934.jpg,7,ulcerative-colitis
0ffa29d8-0d83-4c57-8b9d-1afcb84d6fe1.jpg,1,dyed-resection-margins
67261339-4a41-4bc1-82fc-f9ecf26bc0ad.jpg,7,ulcerative-colitis
0e5d0e3e-ebec-440e-8e1b-8b1ec399a242.jpg,2,esophagitis
dd771aff-3de5-4950-9f68-72d4b3cf99dd.jpg,6,polyps
d5f7992e-0ff3-4018-b22c-3a820857af4e.jpg,4,normal-pylorus
07b4807f-5d4c-4e08-8629-6095f5b86df1.jpg,0,dyed-lifted-polyps
2d1e8941-84fe-4767-b3f8-a13e5b0904f5.jpg,0,dyed-lifted-polyps
7334c135-5f53-4770-90a3-7d74f1a08e73.jpg,1,dyed-resection-margins
ea5cd4fa-109a-4ad8-ad08-e453a38a735d.jpg,4,normal-pylorus
5cc089d6-ebfe-448e-8685-57822b5f704a.jpg,3,normal-cecum
e8d47686-43c1-4ae7-837a-caf6f2713618.jpg,7,ulcerative-colitis
cbf1bdd8-4537-49e2-8e03-83227e6e0f8a.jpg,3,normal-cecum
50964a22-20e1-467a-8d12-f54bc4e9bc65.jpg,3,normal-cecum
697b1eef-b684-41c6-8d47-da42579278cd.jpg,6,polyps
3d7021c0-2bb5-4c06-b0a6-8146f1a02991.jpg,5,normal-z-line
ca613e0c-5a8d-40b2-93af-5ebc8318acfa.jpg,2,esophagitis
02bb84bf-1a2e-476f-a7df-f36072bf51f9.jpg,3,normal-cecum
83002a9f-d287-414f-b1df-f4deb85010bc.jpg,0,dyed-lifted-polyps
a9faa6ec-f315-4074-b608-baa667204f6f.jpg,4,normal-pylorus
2dfa5106-afb6-4b0e-8e15-df9edd3a4847.jpg,6,polyps
57deb95e-ac17-41d1-b990-cffd781a0c9d.jpg,2,esophagitis
07a74f86-7ca4-4049-a208-8995efd0fc68.jpg,6,polyps
7c748cfd-92bd-4e79-9090-24fc506f8928.jpg,0,dyed-lifted-polyps
8516ff3f-b362-42ce-a1da-41052ab459c0.jpg,5,normal-z-line
ab5d8db9-7a71-474c-81d5-bf841108ae47.jpg,5,normal-z-line
68474d4a-4521-492e-a7a0-5ae7f865de28.jpg,5,normal-z-line
70867b67-58aa-4ae7-a657-cb199d6f0ba1.jpg,5,normal-z-line
ee8ad39e-2348-4c1b-9a25-07da4c416a68.jpg,3,normal-cecum
085620e8-555e-41ee-b407-85cfc5d7fdd0.jpg,2,esophagitis
5a0cccce-4c15-4edf-b6c1-4f94d8bd1cf2.jpg,7,ulcerative-colitis
6d5d553a-e13f-4cb4-8e20-c85f38edc0f8.jpg,2,esophagitis
c9a3a901-12fe-49da-b5f9-7d1ef68cd378.jpg,5,normal-z-line
cb14c6c8-5930-4f20-8d12-a0329a124141.jpg,6,polyps
755a8360-17dc-466e-9b31-6ea24fa954fb.jpg,3,normal-cecum
deb0348d-a17d-4be8-9754-7606fab35b53.jpg,5,normal-z-line
1c4f0cc4-1acd-4232-890a-82ca6744e7e8.jpg,4,normal-pylorus
23b31f41-bcc1-40f6-9026-4c7955ec6fda.jpg,1,dyed-resection-margins
a82d3a0a-1236-4c3f-9cc4-098ea3810b1b.jpg,1,dyed-resection-margins
cb82c0c2-50e9-4650-8ddf-65faeac03142.jpg,5,normal-z-line
51a7f7a5-ed3e-4a8a-ba17-992a63811952.jpg,6,polyps
c7ca5137-2a2c-43bd-a430-13ef512a0c9d.jpg,1,dyed-resection-margins
77d466ea-0212-4a93-8f71-e8783719004e.jpg,1,dyed-resection-margins
a65c00b6-8548-4aa1-98c8-b1f38121aa11.jpg,5,normal-z-line
c3062041-a148-46f1-9ebd-474785a20cb0.jpg,3,normal-cecum
526aa90d-95ce-4b92-ae3d-bde612e2b19b.jpg,7,ulcerative-colitis
9b2cf866-9940-4ccd-accb-d02c91dcac11.jpg,4,normal-pylorus
499ee9ea-d445-4190-abed-654618c6c3b1.jpg,0,dyed-lifted-polyps
7a3d857c-e46d-4caa-b607-fa48afc834d3.jpg,1,dyed-resection-margins
df95a92d-bfdd-436c-a785-c6329459b4bb.jpg,5,normal-z-line
2e9320bc-6e72-469a-8be1-623e895a6a58.jpg,5,normal-z-line
533c9d26-f65b-4d12-bbed-4c1818f0c907.jpg,1,dyed-resection-margins
690967be-ca53-49d6-a90d-cb5a44e3b353.jpg,7,ulcerative-colitis
b6dd6b13-cc14-406d-a556-331026efe359.jpg,2,esophagitis
4f7b8e85-a1ad-40c3-8ea0-60e2b682a045.jpg,0,dyed-lifted-polyps
6014d0c9-92c4-4f30-904d-2a0e51d07b4c.jpg,5,normal-z-line
fce91eb8-c72b-4853-a1db-f715182b6216.jpg,2,esophagitis
261400d1-7bb9-435b-b212-eb6197c8d714.jpg,1,dyed-resection-margins
3bfce218-3cdc-4f1b-bbff-fe617aeb28ed.jpg,1,dyed-resection-margins
3d266fb8-1d98-4e93-afd8-d339f4ad57bf.jpg,0,dyed-lifted-polyps
1d62f23e-3ff0-4799-a416-701e8008cd9e.jpg,5,normal-z-line
179ae148-af3e-4349-a6d7-3eea0013d5a7.jpg,4,normal-pylorus
f0319ddc-2e5b-4ce6-90bb-263b9a3a605a.jpg,0,dyed-lifted-polyps
7e9b56c1-22f7-4e3e-b34a-2a2f63cd7333.jpg,4,normal-pylorus
fc79c489-b358-4368-b965-330615af73d4_00000281.jpg,7,ulcerative-colitis
4ead1eda-9550-4245-8505-10a9134ad08d.jpg,3,normal-cecum
0fb8d1f9-1d43-425c-8fb1-f7fe7e4becf4.jpg,1,dyed-resection-margins
c94912f9-1e4d-4325-868d-153ccb6c32c4.jpg,2,esophagitis
82b2b1b3-11b2-489c-870b-8b70b13d4197.jpg,7,ulcerative-colitis
a6d6282c-d1e2-4a52-90f5-29e808c47afe.jpg,2,esophagitis
e20245ae-6287-4847-9912-65f3047ddbd9.jpg,0,dyed-lifted-polyps
5f1f6ca4-0c26-4e94-b4dd-5d4293d0b05a.jpg,7,ulcerative-colitis
8888f30c-f28e-4c8c-a870-9ccbe85cc783.jpg,3,normal-cecum
3751ea87-90e4-4352-8a9a-0ce1e81974e7.jpg,6,polyps
e78d9e39-9269-4cf5-b0d2-364c010ec5a8.jpg,0,dyed-lifted-polyps
4fad0a05-c3cf-4a4f-94c1-0f435835f279.jpg,3,normal-cecum
e2b7c3ce-e244-40ef-b6ae-8252fc27e267.jpg,4,normal-pylorus
ef31b03f-93b8-4be4-b7dd-856d6e1bb36b.jpg,5,normal-z-line
cbb6e95d-c748-493f-9f0f-bfd898bd9173.jpg,4,normal-pylorus
27c06fe8-f04a-4fe5-a3e9-40597a265ea8.jpg,2,esophagitis
b38bb8a0-d79d-43fa-94c4-7ba0f0206a94.jpg,5,normal-z-line
8fd670b2-1004-4a2e-933c-50bf8e7c828e.jpg,4,normal-pylorus
e068a8b4-1e6c-42ea-b4b9-e3c74467fbb0.jpg,2,esophagitis
fbecb649-240a-4e55-bb35-24409900e6ea.jpg,3,normal-cecum
29ca1acc-7c31-4cbf-91b7-d4aa54152b41.jpg,0,dyed-lifted-polyps
f8f88db2-257a-446d-a935-a457710d9091.jpg,0,dyed-lifted-polyps
47ab4c54-196c-4d34-80fd-dd6ec7b08758.jpg,3,normal-cecum
905baa4e-2ba8-4eae-8053-4f5bcaa1db96.jpg,0,dyed-lifted-polyps
8af72668-b751-4669-b063-ec383c2d4065.jpg,5,normal-z-line
5ea8bb83-6a51-4a66-824a-9ebcc04ecd2f.jpg,5,normal-z-line
e0294817-f173-49cf-a6e2-4b520ab047bb.jpg,7,ulcerative-colitis
0b362508-bb19-4121-8446-33e8b2487279.jpg,7,ulcerative-colitis
ef15e730-120c-4bd9-b9ab-bc77ad61cea1.jpg,7,ulcerative-colitis
0e462695-39fd-45af-b520-fa040e855c48.jpg,2,esophagitis
9ca3126d-e8b6-41a0-aa86-d19bab6705ff.jpg,6,polyps
1adceacf-961d-42af-9d81-d5462afbaf08.jpg,3,normal-cecum
2a1af808-0786-410d-9544-2232a585b57b.jpg,4,normal-pylorus
866613e0-3ee4-437f-803e-bb30d861bf96.jpg,6,polyps
6a846a59-80dc-4070-bf14-421a2c5ce245.jpg,7,ulcerative-colitis
6d739fe2-8fb9-45d7-bda0-56be5fd77cb7.jpg,7,ulcerative-colitis
e0b8bb4d-f42e-4eb6-a61e-9913e7cad48d.jpg,7,ulcerative-colitis
eb31612b-e3e0-4567-b125-81cb560cf50f.jpg,1,dyed-resection-margins
1a08010f-dec7-48a6-b541-b9f29b8edc44.jpg,6,polyps
6bbbc5e8-e199-4bbb-9965-f413b093b29b.jpg,1,dyed-resection-margins
9507db4d-b74e-48f5-b082-6b85ea598be9.jpg,7,ulcerative-colitis
08f52cdd-643b-44e9-a8cb-3955d675c49b.jpg,4,normal-pylorus
254ae9d3-0d1e-41b1-835e-8274b859e5f0.jpg,3,normal-cecum
9bdda2b3-df46-441b-9675-8d8a92789c7d.jpg,3,normal-cecum
4fbfce91-6dce-48cb-8c29-8394131fe52c.jpg,2,esophagitis
b17fa5d5-8e85-42e6-ba6d-403822972f04.jpg,7,ulcerative-colitis
fc1c7f84-220f-4f26-b9ba-3674b01e4207.jpg,3,normal-cecum
64b817c9-3cf1-401f-a37f-556d0ffa5886.jpg,1,dyed-resection-margins
ea7420ec-6c0a-4f9f-87aa-db53216a4482.jpg,6,polyps
3b57141b-acbf-4431-833a-8ee9a18c8cd8.jpg,4,normal-pylorus
1bdfbbae-08d1-4038-bc24-4942a93c5d52.jpg,3,normal-cecum
b02cb6dd-bfab-46cf-a023-907b45008aa6.jpg,2,esophagitis
3be93b33-82a3-4773-931f-7a6d6a750fdf.jpg,2,esophagitis
3959d8fd-c512-4565-8069-fee17f169ccf.jpg,3,normal-cecum
d59c9942-ba7f-4b2f-88dd-4b9ad1e17444.jpg,4,normal-pylorus
dc86ffa5-8c3f-4388-ba2f-8614576df383.jpg,4,normal-pylorus
abe3e92d-dd24-46c4-b009-a7149a6b75f0.jpg,1,dyed-resection-margins
09e09fc9-f91d-47b6-a54a-2cd1b1b60452.jpg,4,normal-pylorus
dc16146a-cdc9-4ba1-8b12-429e34cf3455.jpg,3,normal-cecum
57893951-2c68-409c-829f-8348a45051c9.jpg,5,normal-z-line
fac386d2-9d61-4597-8b1b-c9ce0f1ff59c.jpg,1,dyed-resection-margins
c02a7b75-2ba2-4da7-b993-8d164771ec56.jpg,7,ulcerative-colitis
bd5d2c5a-6b97-41d6-8da6-3ef67c4030a3.jpg,1,dyed-resection-margins
ad40fa2b-9267-48e0-a2b3-578cf2aa4cd6.jpg,4,normal-pylorus
e6bbb279-cee6-487a-a0c7-4b8f6379606e.jpg,4,normal-pylorus
32df5d83-d3d9-40c3-9884-8e8fdb09b334.jpg,6,polyps
c04ed4f8-44e3-4302-bc45-b4d3898afa0a.jpg,7,ulcerative-colitis
558abf8b-9f06-434e-95f8-4e65ea6ee091.jpg,2,esophagitis
33e8f2ac-7d56-4f0d-b2dd-552ea0fa096c.jpg,5,normal-z-line
def39391-708e-4983-af04-35efd200e326.jpg,5,normal-z-line
44c2002a-abd6-42d9-8122-a131040e154c.jpg,0,dyed-lifted-polyps
20b20207-ca2e-43e3-8b3f-425717e2ff27.jpg,3,normal-cecum
5331e0e9-0317-49af-aa92-9b07cb996e21.jpg,5,normal-z-line
02952327-2303-44da-99ed-9fc0525ff6eb.jpg,7,ulcerative-colitis
d9a2e1a9-e28b-4999-b86e-269906d540fb.jpg,4,normal-pylorus
fa937061-0adf-45a2-a96d-90780d35811a.jpg,0,dyed-lifted-polyps
717247d0-1ee0-4275-967f-f43cc55df00f.jpg,5,normal-z-line
73b55daf-3038-4948-a948-0d59252b400d.jpg,5,normal-z-line
0589644e-cdb7-413a-8ea0-c26ff26707c9.jpg,6,polyps
958d4f39-fe4b-40c7-b2d0-1b01f9695aef.jpg,5,normal-z-line
fdc33308-1c2d-4831-9480-9d3038346b3b.jpg,6,polyps
7cc5598a-48ba-4830-9fb4-622cbeb4c96d.jpg,4,normal-pylorus
70ab6fe0-402b-4a8d-aa5f-fdb911562314.jpg,7,ulcerative-colitis
dfee914d-6c03-4bc8-a565-6b359caa3192.jpg,3,normal-cecum
71ae264a-c991-41c2-a0ac-8766a8029ccd.jpg,0,dyed-lifted-polyps
7ed85379-a041-4dfa-b8fb-86f040ee41d7.jpg,5,normal-z-line
a2e62163-7d8f-4485-8afe-f3cae56ca969.jpg,2,esophagitis
7f58f897-cb6f-4373-98ed-60d78b123571.jpg,2,esophagitis
7fa3a6e0-8dc7-423e-8800-37e5ae34be79.jpg,6,polyps
3f3e7701-f16d-4ddc-b501-43bab9e2b5ba.jpg,4,normal-pylorus
995f90a6-1d87-4d29-b6d7-4f9e09558497.jpg,7,ulcerative-colitis
81a0300d-35ba-4c07-8cb6-f26c5511f8e5.jpg,1,dyed-resection-margins
9797e224-f66e-4179-908b-0e33bb6af7e4.jpg,5,normal-z-line
089feb98-72ee-4e4b-b90f-661cc7594fff.jpg,4,normal-pylorus
0d80f33b-dff4-4fba-86dc-d4c21abf606a.jpg,2,esophagitis
ae68bef5-8ca4-42fd-a275-d34ee4ea8c14_00000200.jpg,7,ulcerative-colitis
e02b3a53-0283-4306-8021-33d77968901a.jpg,3,normal-cecum
ff257b71-d9b1-46ca-b8ad-bc689a2a3f8e.jpg,5,normal-z-line
6b1aa70a-ed31-44e9-88bc-6fdf150672f2.jpg,4,normal-pylorus
4cc0a2d7-4f9c-4c2f-a87b-aa85a554e0a7.jpg,1,dyed-resection-margins
2022a0e0-9529-4f9f-8796-05d549724550.jpg,1,dyed-resection-margins
20117a1e-22d1-46a8-8147-e100a34fcc21.jpg,7,ulcerative-colitis
5db61f68-6bbd-4307-82d6-6c9d4d653c02.jpg,1,dyed-resection-margins
6b32ea24-1c5f-428c-887f-fc622f5ae1ee.jpg,6,polyps
b972d45d-1d50-44d7-a30a-e829cb230841.jpg,5,normal-z-line
0af8e39c-450a-4880-9171-495cfe2f05ca.jpg,6,polyps
5b9fcebe-18b8-4ce7-b5d2-c385b6345c6d.jpg,1,dyed-resection-margins
fe2a23a6-daf9-4429-85a4-34c634c4feae.jpg,1,dyed-resection-margins
478cc1e3-92a3-4055-beda-f506f1580953.jpg,6,polyps
c32104d1-ee93-436a-90ae-81015bec305f.jpg,0,dyed-lifted-polyps
50e85dfb-7d6c-4158-bf44-c17d4ed54ab3.jpg,1,dyed-resection-margins
70856537-3457-45a2-9ac6-596c11aa5a94.jpg,0,dyed-lifted-polyps
da440c94-eb7c-4c1b-9257-1bb14780b32b.jpg,6,polyps
6fe73605-928a-4d70-a799-08ea7c496ecc.jpg,4,normal-pylorus
274c61a7-69b5-400b-ac06-76539d737035.jpg,0,dyed-lifted-polyps
4f65a8fd-cd20-469b-b9e2-92bdf4712a48.jpg,3,normal-cecum
64edd365-68ed-4c63-9316-4d077810106f.jpg,7,ulcerative-colitis
8a923684-129a-4ecd-b523-32e88c58b74d.jpg,1,dyed-resection-margins
fc79c489-b358-4368-b965-330615af73d4_00000300.jpg,7,ulcerative-colitis
c3dae0c2-8e08-417e-aa52-31abc415e043.jpg,5,normal-z-line
8c46aec6-8f8d-4727-a8b3-7cdc197a38cd.jpg,7,ulcerative-colitis
03c7c248-8da0-433b-a171-4a683a8b5ff9.jpg,1,dyed-resection-margins
14310aa3-c455-4fb5-b498-809c675fec8f.jpg,0,dyed-lifted-polyps
e929dd72-0d72-43b7-9cd4-955b70413ccd.jpg,5,normal-z-line
34b834fd-3327-465b-a48a-b055427409b6.jpg,0,dyed-lifted-polyps
156c45ad-dd1a-450c-aec2-f7c90b3ed98a.jpg,3,normal-cecum
5d16a783-da14-4a93-a5ec-65de8b30184f.jpg,0,dyed-lifted-polyps
3529db8e-05f4-422f-9eab-694903bec416.jpg,1,dyed-resection-margins
bcb41895-dcd3-426d-943f-30a8cbb17e85.jpg,1,dyed-resection-margins
04f8da65-fbd9-4fb8-aadb-db942eceb836.jpg,5,normal-z-line
2f0030d1-6eb3-4c59-a509-590ae9d17342.jpg,7,ulcerative-colitis
5b68f328-90fb-4b4d-9264-7c3e722a8720.jpg,4,normal-pylorus
555ed1c9-b57e-4110-a14c-c5f17c344bfe.jpg,0,dyed-lifted-polyps
dc09e82f-0715-486e-a014-f703499f4074.jpg,6,polyps
a53f1d7b-68f9-47a2-b696-bf39661440c8.jpg,6,polyps
583b7ba2-c269-443c-9d86-9d99d31b5deb.jpg,2,esophagitis
e6408972-6a34-4511-aff4-03f8f324ccb1.jpg,7,ulcerative-colitis
c71e8e33-95a2-448b-bb06-31dbccee8922.jpg,7,ulcerative-colitis
8a4b5b35-9744-4056-82ab-95ed7de279ae.jpg,4,normal-pylorus
4526bb37-e7a9-4010-a0bc-01360b85dfff.jpg,3,normal-cecum
0b93a6ee-d239-4074-afa5-2c27bc0d5103.jpg,1,dyed-resection-margins
8ac933b8-468a-48dc-96ed-2495cddc8a6e.jpg,1,dyed-resection-margins
9497a40e-4bc1-44f4-9ecd-c6f157dd0857.jpg,0,dyed-lifted-polyps
f8d36cd1-5e55-4735-944d-94928db42614.jpg,4,normal-pylorus
afea1233-5f38-4698-85f0-3ae98d1f7e59.jpg,3,normal-cecum
8fc7d933-245f-48ba-b0db-ac2a125b4d81.jpg,1,dyed-resection-margins
c3cc4e95-5ca0-4af2-a17a-5525b9a207a7.jpg,3,normal-cecum
8816b980-c716-484a-9d2e-0d2e80836b26.jpg,6,polyps
39bf56a5-b7ab-419d-9d59-7629a58d0a63.jpg,2,esophagitis
92177bcd-eeee-4dd4-b904-fb902771f334.jpg,6,polyps
9c3ef892-7bd7-4a74-8419-a059b683f13e.jpg,0,dyed-lifted-polyps
484a844a-d53b-469d-994f-707a617b29d3.jpg,0,dyed-lifted-polyps
abcc3878-3edf-4079-b92f-1fea4ecbb899.jpg,1,dyed-resection-margins
7e2a819c-05d7-40db-b5ab-88db1e421bbf.jpg,0,dyed-lifted-polyps
5269c5eb-a1f7-45e1-9537-6827a9b3d244.jpg,3,normal-cecum
c7284a44-8c86-4234-afc3-9086c1dba699.jpg,3,normal-cecum
ff530f86-a9a4-45d6-8b5f-b4d39344b521.jpg,2,esophagitis
e2edb19f-c6eb-4cca-a41b-33700f93f6b1.jpg,7,ulcerative-colitis
0b6734eb-d079-4b0c-bfea-c192882423a2.jpg,7,ulcerative-colitis
a5fb73eb-d77a-4737-b0b5-3b39814e14de.jpg,6,polyps
de619a86-f3dc-45e1-98c9-a372ca0c7873.jpg,6,polyps
e4e4a647-2dce-48f6-9a7a-8d7b1b219ad5.jpg,6,polyps
fa7ad247-7772-4a9b-9244-8ac77a098962.jpg,5,normal-z-line
ba255dac-37fc-4592-a510-b45cd4b3e352.jpg,0,dyed-lifted-polyps
66f62790-aef7-4131-a889-878f6e80c5d8.jpg,7,ulcerative-colitis
1d3ac133-64d2-4b57-825c-1e109a7904ef.jpg,7,ulcerative-colitis
54467ef9-09f5-43f7-a10d-15f112136d5d.jpg,7,ulcerative-colitis
fa4908cc-7d89-4ef1-a8b4-d80d2d2fe848.jpg,0,dyed-lifted-polyps
12fbe984-f5dd-479e-929b-6e71102c1993.jpg,2,esophagitis
e34bc9c4-5bdb-40f2-b0cd-f1e8cb515e89.jpg,1,dyed-resection-margins
4f72c37f-9af0-4392-9b7e-7ceaacf74e52.jpg,5,normal-z-line
68bd18ae-3edf-4b60-bfcf-37d727cb840b.jpg,7,ulcerative-colitis
e62f6e44-a356-4e81-8cdd-abc7a1798994.jpg,2,esophagitis
bffa14f8-b9d5-4701-af40-175bb4b4a538.jpg,1,dyed-resection-margins
0c433e1d-4f44-4ca4-bd66-4cf248100198.jpg,6,polyps
65a2b2ad-2c40-4786-a3b3-3f249797bf2b.jpg,5,normal-z-line
549e8391-c0e4-4267-b7d8-a85c5672c928.jpg,3,normal-cecum
84eb57a9-d8a2-42ed-858d-a20938149a12.jpg,6,polyps
d9e9fe08-dedf-49ab-90c1-e344fc07a43f.jpg,2,esophagitis
fff8aa13-422d-4e70-ab39-d566b2c67653.jpg,2,esophagitis
834752ca-b1ab-4ec9-bf16-6a235cd32e3e.jpg,5,normal-z-line
e3b3239a-67a3-4bfa-982f-86ba67649bd9.jpg,3,normal-cecum
2cdd2026-4888-45c5-8581-5ebc7a1bf893.jpg,7,ulcerative-colitis
2ce7db9a-f3f9-4e67-92fc-5653a9774b05.jpg,5,normal-z-line
46803d78-c875-4d56-8b44-7e1e9abd27e1.jpg,3,normal-cecum
6a75085a-a068-4770-89ff-6d2376ab35b9.jpg,2,esophagitis
b41e6ae6-049c-4dde-9a91-390922f8235f.jpg,0,dyed-lifted-polyps
ec23e294-0b60-4d8a-bd60-80922391b713.jpg,3,normal-cecum
ee18d5bb-a6c7-4aca-ac11-625994099502.jpg,1,dyed-resection-margins
c2c0a4df-b8ea-4841-982f-72d9515e611c.jpg,0,dyed-lifted-polyps
3d4677e9-e868-4735-893b-fa49754e4c4a.jpg,1,dyed-resection-margins
604f920c-05d2-4481-94a9-d8d5978654ab.jpg,0,dyed-lifted-polyps
56852a3d-b0f0-4b69-b63b-3969f68b914d.jpg,0,dyed-lifted-polyps
03db60ed-0a3d-453d-8c52-a3766c5f16d6.jpg,0,dyed-lifted-polyps
d5d5e9fa-5c0f-4684-a48d-4085b4a38aa2.jpg,6,polyps
3c9e3955-f873-4b30-b1e1-5223f44a3704.jpg,7,ulcerative-colitis
38cadf28-8c03-4275-b3d8-7a8906c871de.jpg,5,normal-z-line
91a07dc0-c363-4e79-81bc-37eacff60d71.jpg,6,polyps
318b92e2-5255-439a-ae18-55dd062fb3c2.jpg,5,normal-z-line
b139abeb-82c1-403c-b780-d763deeb83e2.jpg,1,dyed-resection-margins
2e0a9124-ff1d-4d07-a262-88196a8ff275.jpg,4,normal-pylorus
6dabb131-4497-478b-b25e-a5b1174df486.jpg,0,dyed-lifted-polyps
5469b11a-32fa-46df-ad78-417963bccd42.jpg,5,normal-z-line
261139a2-2e5a-4309-bd3b-1d3bcd8b95ed.jpg,3,normal-cecum
9c09b237-2f51-4d26-901b-86542742276d.jpg,6,polyps
f96ca36f-1aaa-4d72-b877-cccbb599cdaa.jpg,4,normal-pylorus
a0412677-94a8-4fdc-9e97-527a854930d4.jpg,0,dyed-lifted-polyps
a7ce16a6-9823-4f7b-bff4-4788dc64713b.jpg,0,dyed-lifted-polyps
0fef509e-fa0b-4758-8463-2ef35caf4fb4.jpg,3,normal-cecum
488bc338-ebcb-48df-a01d-528e39c5c163.jpg,1,dyed-resection-margins
4b2f4e77-119e-49ed-8e75-0137a3bcde64.jpg,7,ulcerative-colitis
c4ce5d8c-e692-48c6-9a8e-6284b0dbacde.jpg,0,dyed-lifted-polyps
61da8877-9822-4a64-890f-508edff150ba.jpg,3,normal-cecum
5380766b-40c8-48bf-b88e-bc2ae2fb24a3.jpg,6,polyps
c2e79235-b422-4cec-997a-973becd8cac4.jpg,2,esophagitis
69bcf5cc-ee75-439f-9848-0a536ab7dc1b.jpg,6,polyps
4bdf858e-ff1a-4804-a3cb-5809026e2ed5.jpg,5,normal-z-line
6de8970a-9a85-4b97-8ab0-aa82b3abf36b.jpg,5,normal-z-line
b376a904-8006-4600-848f-f235e19b26ad.jpg,6,polyps
d936cfc3-fe13-48a3-8791-2230b37d3c10.jpg,2,esophagitis
280971aa-a808-41b3-8af0-f09de6627a56.jpg,4,normal-pylorus
d7d6eea6-4cd4-4fc7-9d2e-3e388726d4b7.jpg,5,normal-z-line
316bb88c-572e-49ca-a63f-e4146d5fa229.jpg,2,esophagitis
9198b541-5b9e-47e2-b900-86fc518d1bcc.jpg,7,ulcerative-colitis
e54ed6ca-a019-4323-967a-e9648c16bbb9.jpg,2,esophagitis
5f4cd3f2-9249-4c3c-bf50-670c91495fd7.jpg,3,normal-cecum
594ff788-59b2-437d-9772-bebdb551d11b.jpg,7,ulcerative-colitis
1a224c40-3344-4fa5-ad13-6f528e1e46b0.jpg,7,ulcerative-colitis
1c021aa4-d79c-428c-ae7e-b07ca0fed632.jpg,7,ulcerative-colitis
550cf163-5010-4c55-923d-cc5af7e09af3.jpg,3,normal-cecum
a18804e9-e5c5-472f-9472-0d75a3eb7cdd.jpg,3,normal-cecum
e08351d7-e00f-4db8-9c0c-14d51f23bb3b.jpg,2,esophagitis
02f88968-7b55-468b-ae66-a0458c7d874f.jpg,3,normal-cecum
08db6dbc-a49c-4d09-9b3e-911f1b7561ab.jpg,6,polyps
8c2aea41-4f30-4fef-898f-d4c043cdae98.jpg,1,dyed-resection-margins
1ae4a354-2392-4c30-a9fc-808d91c795e1.jpg,4,normal-pylorus
02b1d319-dea6-418b-969a-c588585cb4f2.jpg,2,esophagitis
8a69020d-a527-4cf7-90ef-ff00dedd5ac1.jpg,1,dyed-resection-margins
c67bcb90-7f97-4796-b8dd-53d09342c5c9.jpg,5,normal-z-line
55f96c7e-85c5-4659-a8dc-59af493b0ac8.jpg,7,ulcerative-colitis
d032f46c-498a-47cf-98dc-01e3d1c9a2ef.jpg,1,dyed-resection-margins
12dd15cb-a9f5-4ddc-8dd1-0c4e37138304.jpg,0,dyed-lifted-polyps
5a005523-19a1-49df-bd60-8ebf2ea9303a.jpg,3,normal-cecum
8a359e3e-25c2-4cbf-8f7e-41b8df34e359.jpg,7,ulcerative-colitis
178e02dd-caa9-4e56-9ca4-503a3c0025dc.jpg,7,ulcerative-colitis
21c1ac73-7e82-4e00-858f-72896beec9be.jpg,3,normal-cecum
8f63dd21-3ceb-4176-9e7a-b167dfe4b9ed.jpg,7,ulcerative-colitis
55343e97-6359-4318-994b-790bffaa800d.jpg,2,esophagitis
95cc0138-88b9-4c2f-8465-0fc8592d4e9d.jpg,7,ulcerative-colitis
2164dff2-d611-4570-8c60-ce88f8b2f7f3.jpg,0,dyed-lifted-polyps
1d41b7d6-48a9-49c8-9130-55e448ac46a8.jpg,3,normal-cecum
3e17c465-0310-4f89-97ba-5b61e6c4e7b8.jpg,3,normal-cecum
76602e21-7ba7-43b8-83cd-339d39165e76.jpg,0,dyed-lifted-polyps
008aa3ed-1812-4854-954c-120ae85bb6bd.jpg,0,dyed-lifted-polyps
a195b3ed-8675-4dd7-9464-f3b0d7e969b6.jpg,4,normal-pylorus
9881e340-6aa2-4277-b3de-86b4a22d2908.jpg,5,normal-z-line
e1d8fed2-9735-471c-a7a6-c4ca46a35d1c.jpg,3,normal-cecum
d757614d-2f2d-48a8-9ead-c74c93f7ae2d.jpg,5,normal-z-line
1b7077c7-23b4-45b8-856d-177da438d215.jpg,5,normal-z-line
46928933-82b7-43b3-9e71-325d2164ca2a.jpg,2,esophagitis
04b51c81-3368-4ab8-ac00-5f21c1bf70a5.jpg,7,ulcerative-colitis
0b55fa7f-8271-4c50-8df4-6d228336a21b.jpg,5,normal-z-line
8955b14a-d87f-4820-ba3a-f468c58d7796.jpg,4,normal-pylorus
2a600512-bad8-4c57-a224-09b5280e9308.jpg,7,ulcerative-colitis
4a443f4e-e2a9-465e-8b47-716a24783a25.jpg,6,polyps
b5803368-090c-44e9-be64-256094d2a0fc.jpg,1,dyed-resection-margins
1ac5cebb-7a2f-4e40-af31-3e53fd4360f6.jpg,6,polyps
61c618e0-339e-409e-ba18-7eed1fe4ae49.jpg,6,polyps
0134d93d-0922-4063-9acd-a4177f2b0c07.jpg,2,esophagitis
3a9a2938-638c-4320-80a2-232b34318a37.jpg,4,normal-pylorus
0a1a515a-b974-4d1d-9735-9bc248e96ba4.jpg,6,polyps
a9851823-7846-49c7-ba8d-707ee9d51209.jpg,2,esophagitis
bf9669df-0547-475b-8511-85b37016c175.jpg,5,normal-z-line
7d810afd-dc37-4331-8be3-372e2c926384.jpg,1,dyed-resection-margins
d8169d7a-1218-4f9a-bf42-c7e26a15e973.jpg,2,esophagitis
1efad8cf-fc6a-4419-9887-4246cf91ec80.jpg,6,polyps
c5070368-1b3b-458a-8264-6cb13d594831.jpg,0,dyed-lifted-polyps
25fda295-3886-4549-827a-731b63af95d6.jpg,0,dyed-lifted-polyps
a5407664-0edc-40d8-8734-47776eb8ec74.jpg,0,dyed-lifted-polyps
e5108f0f-0904-4b4d-9935-0bb5c879a3d8.jpg,1,dyed-resection-margins
bab2898d-759b-4cb0-aaf1-6fd47c79679a.jpg,1,dyed-resection-margins
ace847d7-0d13-452f-9c7f-ddfafbc320bc.jpg,5,normal-z-line
9a59dd60-fb54-424f-ac2e-920ed602ebcd.jpg,4,normal-pylorus
97ef0fdc-6f65-4120-afe5-08f80aaf3f85.jpg,7,ulcerative-colitis
47696854-bb6e-45a0-959f-7eec2f42b90d.jpg,7,ulcerative-colitis
ad6ed16c-dd3c-4ff8-8ed3-6192af2d2a1c.jpg,4,normal-pylorus
eae23425-ee5a-4838-99bd-9f6e078e3df3.jpg,7,ulcerative-colitis
3b1c7efd-ca13-4b6b-be4b-007e5d6286a1.jpg,1,dyed-resection-margins
33dfcf44-a3c1-47a5-86cd-fa0194546d07.jpg,2,esophagitis
693a797f-755d-437f-8d8f-900384b53b61.jpg,3,normal-cecum
a46c2d97-2da5-4c80-a50c-632069dc72f5.jpg,1,dyed-resection-margins
64e23b53-4d3e-458d-9bf4-abe551a65386.jpg,6,polyps
b224b6b7-4c94-4e7a-a4a2-ca85daaf1b1e.jpg,0,dyed-lifted-polyps
5df015e6-78f5-4d26-b73b-337102b8b6b3.jpg,4,normal-pylorus
2b63e709-0aae-4730-86c7-488a97ddac64.jpg,5,normal-z-line
a5434a4a-53fe-4b03-a9d2-e3dfaf4f7092.jpg,0,dyed-lifted-polyps
30663285-6b97-435f-9e72-3062f72b9f56.jpg,2,esophagitis
1f2444dd-94b9-4d67-8ac4-f00cc2fd66da.jpg,6,polyps
7a048529-cc96-43e5-80c2-9ccddc3299b0.jpg,4,normal-pylorus
5363930e-d91e-47ce-a7e6-0526f9512546.jpg,4,normal-pylorus
e743ff96-a6aa-4e7c-a80f-9fc7905bc8aa.jpg,3,normal-cecum
c2e52297-9b6f-420f-abbf-7ba930ee609f.jpg,1,dyed-resection-margins
b3301626-bd34-48be-91a7-a48b3e5eb85d.jpg,2,esophagitis
3bc8a606-14b6-4c25-b4b8-af207938c5d5.jpg,6,polyps
352c673e-9abe-4faf-add6-7852235ca303.jpg,5,normal-z-line
4b8a2c35-8da3-4430-944b-8058975b32c4.jpg,1,dyed-resection-margins
1dffa37f-0900-4ad0-8898-66ecde8531e9.jpg,2,esophagitis
7d7dbb5c-8f02-4a9e-b915-58f440bf5438.jpg,4,normal-pylorus
02cfd6d5-2963-40d3-a9ee-11a00185273c.jpg,6,polyps
3cf2b3d3-5fbd-488e-94e1-68bc29936a59.jpg,3,normal-cecum
770745f6-57af-44ba-bad7-4bfcd8bd5662.jpg,4,normal-pylorus
208841c5-7793-4469-9f67-53f0c6165704.jpg,6,polyps
d887619a-1ea0-42a6-bea3-118b2ca7ed37.jpg,6,polyps
b7708fbd-ab9c-4714-a037-627a87590812.jpg,7,ulcerative-colitis
8add4c8d-2c48-4112-baf8-1d726912dd00.jpg,4,normal-pylorus
1ac61eb3-2323-438c-80c0-41aef0957e60.jpg,3,normal-cecum
53e555aa-8903-4549-a88e-7b044a8ecf38.jpg,6,polyps
2ee00dbb-1c4a-46dc-92f8-6bfe66cb1a3b.jpg,1,dyed-resection-margins
15c16a92-9d38-4b66-940d-df2ecc34b286.jpg,3,normal-cecum
3f82d177-b54d-42aa-8966-49178d5e68a0.jpg,5,normal-z-line
8bac5c49-4ff8-4857-87b3-b5a79c2230b3.jpg,3,normal-cecum
a348e855-5d9e-45dc-a9fd-159d6d22c4e7.jpg,7,ulcerative-colitis
3d3e760a-b3d2-4f91-ab6e-4cc554393df3.jpg,0,dyed-lifted-polyps
ccdec057-aafc-4756-8c40-121e4338f619.jpg,6,polyps
b408f5c8-fbe7-411d-9a73-5f1475cd4498.jpg,5,normal-z-line
1da1dbff-c879-479b-b792-ce3aadd7f3d4.jpg,6,polyps
fde9f0e7-e04f-4831-a8fd-695aa2daf4da.jpg,4,normal-pylorus
3a5dc680-0d53-44c9-887b-d44b44cbf9f2.jpg,2,esophagitis
c090027c-3527-46a0-b4fa-202801d5c021.jpg,1,dyed-resection-margins
a20e3b84-8405-48c4-9a0b-9bd116a87888.jpg,6,polyps
db04e4c7-1809-4a5b-9126-00b53e0c20aa.jpg,4,normal-pylorus
a9f9b095-296d-46a4-90d9-266e8759ccd6.jpg,0,dyed-lifted-polyps
8e056fe2-a9ad-4764-b8b4-590f3f754c12.jpg,6,polyps
f9d26e38-fa76-4da1-9e3c-c217ab4de63c.jpg,5,normal-z-line
efe72d05-392b-47f3-ba07-28d5ac8c75a0.jpg,3,normal-cecum
7dbffc3c-7c7c-498a-a719-163808fb7a44.jpg,4,normal-pylorus
c8789905-9ebe-4560-b091-e3595fe3c842.jpg,2,esophagitis
0c9420a5-7276-4269-81ec-36352b34ee41.jpg,3,normal-cecum
5b84405a-4e4f-4a6c-a300-454eec34ed9b.jpg,4,normal-pylorus
6817c53e-0e2c-45fb-a75f-c2aa755c5801.jpg,6,polyps
fea6a18a-1e0f-4de7-bae4-c636b2a71a8f.jpg,4,normal-pylorus
d4b6cefa-cc21-4af3-a293-1ece714e2e5e.jpg,5,normal-z-line
ed6ca6df-33db-455f-8a1f-b58915a7daf6.jpg,6,polyps
c31d9e20-f9fe-446a-bf76-fe353a8014f2.jpg,6,polyps
01d38b8f-74b2-4147-9519-448d05bf8745.jpg,0,dyed-lifted-polyps
6a916ce8-67ab-49ae-aa79-101e32710600.jpg,4,normal-pylorus
a1ea5afc-53de-4c63-a1bc-5b99ea47f1f6.jpg,2,esophagitis
1afd920e-f5c2-4887-9239-7d2a51e8625a.jpg,5,normal-z-line
8cdf4232-e4a5-428a-871f-67758c041cbb.jpg,0,dyed-lifted-polyps
6103aa10-2faa-415f-bfd3-0f4374648eca.jpg,1,dyed-resection-margins
06976210-ea7b-4b39-8719-872997278dd6.jpg,0,dyed-lifted-polyps
4fe7a393-f334-40e0-9f51-54b2285a7b39.jpg,4,normal-pylorus
83a4cbb3-862c-4b4d-8af2-a2746ff21c28.jpg,6,polyps
176e3342-dc7d-44d1-8c90-43cc35e76c35.jpg,3,normal-cecum
bf0d00a4-5880-43a6-aeb1-ef4bd8e0823c.jpg,2,esophagitis
8a30fcf0-d436-414e-a407-622790d8ddb4.jpg,7,ulcerative-colitis
ec4a1c71-a3c0-4b4c-b480-a4ce240559be.jpg,5,normal-z-line
1867d5c0-2ceb-48fe-8b0c-2d66df35cc51.jpg,4,normal-pylorus
74fec51a-a304-4537-9d7f-1307876b6948.jpg,1,dyed-resection-margins
ec6233f8-c2da-4765-ba3a-123805c2f258.jpg,7,ulcerative-colitis
1672f152-c713-4d88-a948-b21d5f964d9e.jpg,3,normal-cecum
2c83c4b0-3a5e-4c77-988b-9e41bfefeebe.jpg,3,normal-cecum
06541193-930d-4f85-aaaa-dca05bd2a31a.jpg,5,normal-z-line
ea6b928d-f80e-4955-93be-d6ed7467a3a6.jpg,3,normal-cecum
10e8b9d6-4d34-452f-a909-2d0b52070941.jpg,5,normal-z-line
7e34c502-1fd0-4e08-96a7-3308a586ecd4.jpg,0,dyed-lifted-polyps
4016dab7-abd0-42a2-bb51-69c5b617a263.jpg,3,normal-cecum
14d8cb7b-e44c-4367-9cea-ecbbd346f658.jpg,6,polyps
dc3f443b-125b-48f4-86a6-ba6dfd858d24.jpg,2,esophagitis
1be5f072-bd1d-4889-a772-2ad69c1347cd.jpg,4,normal-pylorus
4b56d291-63b7-4996-b871-c92767dcbe86.jpg,7,ulcerative-colitis
1994804b-9608-4556-9862-9ccf337ce3f2.jpg,0,dyed-lifted-polyps
66843988-ea1f-4b18-8a87-ee423df2b150.jpg,5,normal-z-line
5fbf4d02-4fbf-4870-903d-99b38192c6fa.jpg,4,normal-pylorus
5742d658-ee7a-41e2-a9ca-a1ae30c6f1cd.jpg,7,ulcerative-colitis
207bca64-27b7-4322-9908-f65e18699f68.jpg,0,dyed-lifted-polyps
e9f480f5-7901-47cb-a52e-fb49d03720cc.jpg,6,polyps
26fb029f-a618-46b2-b94b-2191601da1dd.jpg,7,ulcerative-colitis
2e111451-f071-4bf9-b88b-08ea9b972051.jpg,2,esophagitis
eebbfcf5-d2a0-4942-9b60-dfe18c2089b8.jpg,2,esophagitis
c35a41b8-9f7c-4656-ad68-e91e4cafe23b.jpg,7,ulcerative-colitis
7ebe736b-f9a0-4a65-9462-1c1a346d29d9.jpg,3,normal-cecum
3da4f98b-fa58-4a91-9e72-56d84d9fb4c9.jpg,5,normal-z-line
3899509b-4af3-4f70-b426-cd5e457809fa.jpg,6,polyps
1f90cf80-e7b9-4fb7-8d14-22d058fed8ab.jpg,6,polyps
18e5d93b-50c5-4bae-bf8e-da14bd4c8a39.jpg,3,normal-cecum
891c2a9f-4af8-46be-b48d-e278192db5d5.jpg,7,ulcerative-colitis
d1804aee-5c91-4458-a6ce-149e45bca797.jpg,0,dyed-lifted-polyps
34c4b022-deaa-4f49-9dca-95ad98c989e4.jpg,1,dyed-resection-margins
d0933428-9189-4731-965f-f960fdb42d13.jpg,4,normal-pylorus
81dd64d9-7fc8-4ddc-b86b-9c45f42876b0.jpg,0,dyed-lifted-polyps
7ab645f7-5744-4e4c-949b-24afd81b1431.jpg,0,dyed-lifted-polyps
b26d0f21-2acd-4702-b7a0-b5b87bd5094a.jpg,5,normal-z-line
d7ac8227-1537-41e5-b842-b145754a468e.jpg,5,normal-z-line
0d8fee53-37a7-45c9-80e0-25b6e345bae9.jpg,1,dyed-resection-margins
fa3838fc-8d36-4f1d-8454-1529b48732a4.jpg,2,esophagitis
9d1f6229-130d-411b-9344-e0db077e5a6e.jpg,2,esophagitis
1f1499e9-ed76-4ccc-91a0-456bcd5520c4.jpg,0,dyed-lifted-polyps
26ec1eb5-036f-424c-90fb-ed7c03d4d1be.jpg,5,normal-z-line
6801865b-634d-49a6-a8a1-4cdee5984a1c.jpg,5,normal-z-line
14730f51-f9a8-4595-b80c-7234855d6e28.jpg,3,normal-cecum
d11496b9-f79f-4017-9294-a032e157ef64.jpg,5,normal-z-line
02c10865-9d23-4f6b-aa5d-f73b63b6d67f.jpg,0,dyed-lifted-polyps
39f38423-4d29-4337-809c-8ea5b96c0774.jpg,2,esophagitis
1c36855f-498c-420f-9193-771d03c3f432.jpg,2,esophagitis
c27c1be7-b82f-4d96-9410-67cc300a68d2.jpg,5,normal-z-line
db448b3d-9cc9-4c11-bb9a-33872f69a4fd.jpg,1,dyed-resection-margins
ca0417bc-6864-4843-9fee-63ae38af0337.jpg,0,dyed-lifted-polyps
69cebf1d-eb44-4d5a-9d18-2c5b4205267e.jpg,6,polyps
4528b31c-b43d-49d7-a357-34749cbcb761.jpg,0,dyed-lifted-polyps
cc8641cd-0a71-4122-90e1-c70808fd6d08.jpg,4,normal-pylorus
d9638c47-323b-497f-a0d3-1abd2133e9ca.jpg,5,normal-z-line
b22566fa-4bc3-4b01-8eac-389baee261f0.jpg,0,dyed-lifted-polyps
effa94cc-1875-401f-82be-dab99d38b30c.jpg,6,polyps
2a6a0dc1-e02f-493c-b8e7-784df8dc5c16.jpg,6,polyps
1d2b0700-1468-41de-93b4-5b37ca7aa202.jpg,3,normal-cecum
5577417b-80e5-4fed-a339-57302a0b628f.jpg,4,normal-pylorus
c4922434-17c9-4e8a-8bb7-2f58f17196bc.jpg,6,polyps
0c06ebfc-307b-4739-b92e-73667747fc94.jpg,5,normal-z-line
e8b1e020-043f-4c19-b04d-861f7feef654.jpg,5,normal-z-line
dba821aa-cdaa-4f6b-a00d-2b14e03bb433.jpg,7,ulcerative-colitis
b1d94633-b92f-4d00-a230-0eac319dd2aa.jpg,3,normal-cecum
bd2810d8-3da3-4259-96da-23edd682a76e.jpg,4,normal-pylorus
2c3d00a1-22a5-48e6-bf4f-737606d98a34.jpg,0,dyed-lifted-polyps
59ba930d-23d1-47d7-aa46-76676235ae1a.jpg,6,polyps
aca3460b-e4bd-4f70-a246-2e93f74161c3.jpg,3,normal-cecum
cf27dbea-dced-46c9-b4ca-992e6b1ebdd2.jpg,6,polyps
ddb64e68-6ba5-4263-a241-6df0591003fd.jpg,3,normal-cecum
e8f0e5b7-f3a9-4857-9f0f-b8a775c36e09.jpg,4,normal-pylorus
765cd26c-8719-4a29-b8c9-624c98bf7537.jpg,6,polyps
6951d9af-0eb9-45ee-84c6-e9c97bba20f8.jpg,6,polyps
79292208-6ebb-4e62-907e-e69453301165.jpg,7,ulcerative-colitis
0ab26ff5-3161-4a17-bcf4-95663033af0a.jpg,3,normal-cecum
577d08fc-2465-4c9b-b31b-da2b4908952f.jpg,0,dyed-lifted-polyps
9f997a2b-7c3a-422a-8dc6-2e6e87ca45a6.jpg,6,polyps
d143f5f1-df57-4807-b209-7cb6e5e31098.jpg,2,esophagitis
5e5d7249-468c-4cdf-ba79-42d4802903c3.jpg,3,normal-cecum
1c1525f3-85bf-487c-bdd8-f1e2b76de9b8.jpg,4,normal-pylorus
3d6fa8c0-50a5-4908-a0c1-83f3d3a56d6d.jpg,7,ulcerative-colitis
a4174e37-b7c0-46da-a367-451732db8793.jpg,2,esophagitis
ad4a5ab9-2561-47a4-b6c2-491b6c02ea09.jpg,4,normal-pylorus
e811752b-4a20-44ef-ae35-370f1f5056b2.jpg,6,polyps
e22df259-46d5-4360-a8f8-373deb8b341d.jpg,1,dyed-resection-margins
d51b44d8-e97f-4cae-9b73-ed34d0f446ba.jpg,6,polyps
0f4b0a08-4900-4937-b8e8-557c6d518d85.jpg,5,normal-z-line
c2f04625-e5e3-4404-a3e9-b9609430904b.jpg,2,esophagitis
82447158-b261-4128-896f-23dc0366d4da.jpg,3,normal-cecum
e0095761-ad92-4e86-8227-42bbe9cac257.jpg,7,ulcerative-colitis
b0f8f838-c09f-4c57-88c1-ec4a0f7d43c3.jpg,0,dyed-lifted-polyps
e4f8f08e-cdf2-44c8-9144-ab954b1544b0.jpg,2,esophagitis
100257c6-c3ad-4bbf-9558-14abd3035120.jpg,2,esophagitis
1fe26727-3cb1-4f94-85a3-acd99a380281.jpg,6,polyps
162ede68-ee27-4a85-8658-c1bc9bac11f6.jpg,0,dyed-lifted-polyps
86fec4d3-adf3-45e0-b8c8-8a885b7b8d67.jpg,0,dyed-lifted-polyps
a786572d-f928-4f27-9c98-4e99d894f832.jpg,3,normal-cecum
e615dd66-5c67-494d-9e9d-974b18d037fd.jpg,4,normal-pylorus
af472d2b-1d54-49bb-8eb6-864962fc056b.jpg,0,dyed-lifted-polyps
1e7cb111-aef0-4b61-ab89-b6824ead8689.jpg,3,normal-cecum
c33f47a9-ce15-4302-80fc-3cbe621538e5.jpg,2,esophagitis
d9d40db4-ce71-4a71-b0b2-b79ff3bbd254.jpg,6,polyps
698f130b-41ff-414d-908c-8d8c0f82d4a8_00003143.jpg,7,ulcerative-colitis
449b8449-e329-4c7f-8de0-fc9606c211e3.jpg,1,dyed-resection-margins
22a490eb-e522-44f2-8fd5-b27ba1a53b28.jpg,3,normal-cecum
45e8f0ff-ebf4-46f9-a4bf-be217a59a552.jpg,0,dyed-lifted-polyps
1df1b8dd-a867-4c6d-8509-ca5555784543.jpg,1,dyed-resection-margins
c9e35a9e-d63d-46e1-843b-693a0031b5ed.jpg,4,normal-pylorus
97b58024-9c44-4ca7-bf59-f9bf39110213.jpg,7,ulcerative-colitis
5a9e8fe1-8dca-4e20-a17e-0665aeec89a6.jpg,4,normal-pylorus
16d75896-1fdc-454c-b36f-2619846be6d0.jpg,2,esophagitis
03ee341c-3fa0-4dfd-8158-d9eb1b0dbb78.jpg,0,dyed-lifted-polyps
8f8b5d47-f221-4012-a2dc-e989c8b36ff0.jpg,2,esophagitis
e12e582a-086a-492a-9a5a-34dfb194118e.jpg,5,normal-z-line
95286abb-ad1a-45bc-befb-5a7ecb50bbc5.jpg,2,esophagitis
d5d6e79f-79df-4e9c-8b05-04098e459ff8.jpg,4,normal-pylorus
9f0b5f0d-9a96-4c27-b316-5ee6a54682cf.jpg,2,esophagitis
885af000-243d-4308-bf94-d43c6f820c97.jpg,7,ulcerative-colitis
3d12c8fe-88bc-4b33-9a26-2963af78719d.jpg,1,dyed-resection-margins
ed114579-8c54-4c5c-a6b4-ae47fb396eaa.jpg,2,esophagitis
cc9bab4c-57a5-4e37-a66a-a6180175860e.jpg,5,normal-z-line
45c9bcdc-70e5-4c1d-a8ec-e0cc8d29fadb.jpg,2,esophagitis
ec437575-22a0-4624-bd46-347c43f84013.jpg,5,normal-z-line
3a589fcf-768f-4ebf-9812-002135ef0c03.jpg,7,ulcerative-colitis
42d79b8c-26a8-4dd8-8f63-bc67619c10ad.jpg,1,dyed-resection-margins
170763a3-2afb-40cc-83dd-4f631dad4e6d.jpg,2,esophagitis
ee375cf4-cadf-4390-bcb7-96d61b45a252.jpg,6,polyps
c3cb8798-f5a9-456d-b6db-d171c628f5e7.jpg,5,normal-z-line
687f8a1f-3c09-4b08-b6a6-27479bd8f012.jpg,6,polyps
ba67ac57-5bf5-4aff-b2f9-92916e778d87.jpg,6,polyps
154aaa7d-d9c1-466f-a6f4-0a9b9f2902b0.jpg,2,esophagitis
2dfadc36-3a13-4f31-8d8f-192bdc89c9ab.jpg,0,dyed-lifted-polyps
3ad02972-62f0-4163-bb40-2064a11675e6.jpg,2,esophagitis
3727a07b-569a-4c57-b613-5a55d568e6f3.jpg,2,esophagitis
7e4b41a7-3306-43f9-ae92-ede41b771336.jpg,1,dyed-resection-margins
37e866b1-2003-4c79-bef1-d4f6f29ed842.jpg,6,polyps
83a8a16b-e221-41d0-a0a9-3fe25025ecbf.jpg,0,dyed-lifted-polyps
82ef607e-2373-42b6-8390-b5cf878a5d77.jpg,7,ulcerative-colitis
89bd7e8d-4885-4b7f-a439-d014847ea61b.jpg,3,normal-cecum
48bbc53f-ba83-4032-a2c1-5799561da368.jpg,6,polyps
e66d3f97-722e-430d-92e4-fca42c2c2367.jpg,3,normal-cecum
b7db2df1-a2e6-4c9d-ab90-b1fe1780a945.jpg,1,dyed-resection-margins
6f20f885-4928-48bc-a6ac-fc164e57fe1d.jpg,1,dyed-resection-margins
8d69c186-a7f6-4ad4-a00b-1dbc7471f7f0.jpg,2,esophagitis
c7f99b7e-3aa8-4af0-9b6d-d08204e6855e.jpg,4,normal-pylorus
24fe87e4-c66f-4c2f-9e19-748e4bc9a1d5.jpg,0,dyed-lifted-polyps
0c556b9f-a3aa-4153-b3a0-8e7daea90f70.jpg,6,polyps
cf1524df-28bc-452d-af9c-e7c3f8d4e66d.jpg,4,normal-pylorus
00a98927-bbfc-405a-9060-b5e7ccf6b811.jpg,6,polyps
ca09dda7-1ba5-4c5b-a160-ef7decf4cafa.jpg,4,normal-pylorus
907b6cd1-743b-4c20-9b17-88f886e91a17.jpg,6,polyps
28f6a455-33ac-4570-8ee5-34266b4c4533.jpg,6,polyps
d20b674e-0af4-4ab1-9e8f-699a56061bf2.jpg,7,ulcerative-colitis
b29067e1-b685-486b-a507-a9bda7a2da1e.jpg,0,dyed-lifted-polyps
e932d77a-df93-4fe9-afe7-93400d458e30.jpg,4,normal-pylorus
b0335162-87d9-47ea-bbf6-acd1bffbda65.jpg,5,normal-z-line
3bf2985c-07ae-4415-be36-e69712bdba24.jpg,3,normal-cecum
82398d32-6a1c-428f-8a9e-a4d308a8a9c4.jpg,0,dyed-lifted-polyps
a606baee-1e39-48e2-b3a3-39d027e65de1.jpg,6,polyps
372a2d02-6f90-4de4-a9ae-01cbbba0fa7e.jpg,6,polyps
4e6c5f15-39cf-4373-9035-daf71ead0104.jpg,2,esophagitis
ab7a446f-9a1b-4f13-9b11-dd6716e27d03.jpg,5,normal-z-line
0d452625-bd76-4a9e-9c75-42f9604a173c.jpg,3,normal-cecum
29e37391-d27b-413a-a83a-7e30d0556f26.jpg,5,normal-z-line
e93008dc-b07f-4640-a0ce-68049e75189b.jpg,6,polyps
31fc3c22-76d5-484b-839a-8ada69051b4d.jpg,3,normal-cecum
1a71d876-4221-49a9-beaf-d4c04ce6efa0.jpg,1,dyed-resection-margins
5685143f-b2d3-46de-92fe-5e2d59b933b6.jpg,3,normal-cecum
7090e440-837f-4879-b4f9-61c4a069bfb0.jpg,6,polyps
5c7b7292-8351-4d27-b70d-9fdbeae7a833.jpg,2,esophagitis
bc94de63-d458-40b9-be3c-babd75719fc9.jpg,2,esophagitis
5b78c806-adce-4972-9b0a-a7bbeedefd3f.jpg,6,polyps
979ea17f-13e3-4721-b41f-68fcf563cf41.jpg,1,dyed-resection-margins
d64a597d-38ed-4992-8e3f-8e14d2e38c80.jpg,5,normal-z-line
03ea76c5-d607-4d58-a4e0-7dd34d091050.jpg,2,esophagitis
afd4f48d-e643-4554-b988-bc94297eb19e.jpg,3,normal-cecum
19391628-f060-4dda-93d9-75a0cfc8a139.jpg,5,normal-z-line
135530e9-3e61-4124-8f67-b15741942531.jpg,0,dyed-lifted-polyps
37ab3ed0-ff57-4138-bfbc-559cacb2fad5.jpg,0,dyed-lifted-polyps
c4575f64-36ba-4100-aa14-3d022d5b0674.jpg,4,normal-pylorus
a47ae543-0255-4338-9108-1f6c897569bc.jpg,2,esophagitis
b9c6c773-ad73-4174-83bc-68f4bc4df47b.jpg,1,dyed-resection-margins
cdc1ede5-5270-43af-9098-0d7b3d0ebca0.jpg,5,normal-z-line
aebc8b4c-36c4-411e-9438-865c28f2f7b8.jpg,7,ulcerative-colitis
ee95136d-ff57-423d-8f08-c5446257949e.jpg,2,esophagitis
3fe24fda-ddf1-431d-8230-c9761e0397a2.jpg,6,polyps
237981a2-5f8c-48fc-b584-68b16769e8ad.jpg,1,dyed-resection-margins
9ccd6b52-2ef4-478e-9492-5a52d72f5dd1.jpg,2,esophagitis
20aaa79f-0625-4acf-b13f-24a8cf49a7bd.jpg,2,esophagitis
ceeca52a-a5ef-41c0-b40f-f83bb38c6bc0.jpg,7,ulcerative-colitis
336fdfbd-8545-4555-bf02-1738cee33411.jpg,4,normal-pylorus
934bc960-3f14-4dae-879f-1248249b3efb.jpg,3,normal-cecum
b0f62b92-8fb1-4834-b4d1-f9d1180088da.jpg,0,dyed-lifted-polyps
0966d531-65ad-4932-810c-46e62236459b.jpg,7,ulcerative-colitis
d6be9846-972d-4293-9c83-a9eec6668a8a.jpg,2,esophagitis
48952456-ef2b-4af6-8fb9-f468718a932e.jpg,7,ulcerative-colitis
6b486dae-9f61-4071-93a5-942e7294207a.jpg,2,esophagitis
9b704cee-d833-43cb-a96e-c63ffc1532bb.jpg,7,ulcerative-colitis
9a312e21-b0be-4262-9f92-6af5ad76ef3c.jpg,0,dyed-lifted-polyps
a97a5baa-5ed0-460e-99dc-384b064dc34c.jpg,5,normal-z-line
61b9029a-bc14-4f0d-b0f3-bea987d1017d.jpg,1,dyed-resection-margins
e93697e4-f91d-40ea-8edb-b341c2e1ce0c.jpg,7,ulcerative-colitis
816bd254-13e6-4760-b48b-44c71fc54944.jpg,0,dyed-lifted-polyps
8990a6e0-41ee-4159-92cb-eb9748396aca.jpg,5,normal-z-line
959124ce-d4ca-4f2d-a3c4-39a021223e2f.jpg,7,ulcerative-colitis
5a0d1bb4-2246-46ed-bc16-da829b62fa6f.jpg,5,normal-z-line
c96c4387-c3a8-4a5c-8fac-d4c09ce9b95e.jpg,5,normal-z-line
5e7e8ebd-0e51-4bc0-8069-7c12008eb543.jpg,0,dyed-lifted-polyps
84600161-9542-4795-935e-cdc7435f03f1.jpg,5,normal-z-line
37e21c86-d49e-45ff-82d6-b9ba47709738.jpg,0,dyed-lifted-polyps
d6df0145-3273-4889-a110-37d7243b95f5.jpg,4,normal-pylorus
c2afd348-c7e6-48d9-94c5-c4e60da08521.jpg,4,normal-pylorus
bba3ca13-8cf8-4721-91ef-29a281655c3a.jpg,2,esophagitis
01af3454-037f-4708-b73c-6ec4423b6a61.jpg,3,normal-cecum
bbbc853e-adeb-484e-bafc-3542d419c4bb.jpg,3,normal-cecum
fd12c6ac-f0db-4508-b7f8-bb4067a9ebca.jpg,3,normal-cecum
c222d437-fc3c-477b-bc2a-0ac6397a58da.jpg,6,polyps
5740b237-b428-4439-a006-4c1e95310921.jpg,7,ulcerative-colitis
d1d99c67-f04e-4b7c-87a1-fae65f720cd8.jpg,3,normal-cecum
0f6bd435-df6c-4f22-9ad1-b2424e1ab3d6.jpg,4,normal-pylorus
7aea79db-3475-4866-8e81-d29a8e99c22b.jpg,6,polyps
b060964b-9db2-41e4-898f-816b72dd95f3.jpg,7,ulcerative-colitis
8f22ddb2-e57a-4aad-ab55-c0a89f65dc31.jpg,1,dyed-resection-margins
4e184db2-8160-4f71-9a21-31b3d13838e6.jpg,4,normal-pylorus
3a2eb8e7-3705-420a-9f99-66db347def47.jpg,0,dyed-lifted-polyps
4c10e6d6-154a-4364-bfea-f1be64dab09c.jpg,2,esophagitis
c17ae34d-e544-4b53-8345-98fe35864f17.jpg,3,normal-cecum
0d99e0d7-02a9-4578-aab1-1460b2446ba5.jpg,0,dyed-lifted-polyps
53c3a5d8-a24a-49e4-92ed-faacc0e322a7.jpg,7,ulcerative-colitis
3a58d1fc-3cc2-4256-b228-6d2170fbf36f.jpg,5,normal-z-line
5806e169-f0eb-42cc-b1b4-2c8da4059872.jpg,7,ulcerative-colitis
97e8d939-7293-4f78-ae9c-b5faaf9132b7.jpg,6,polyps
62813fd3-5861-48cf-b686-a2de5ec6833c.jpg,0,dyed-lifted-polyps
ee9f2ec2-a37f-48dd-996a-ede5bf68d3b1.jpg,0,dyed-lifted-polyps
cbefd66f-20df-4d31-aa62-73ac73713e9d.jpg,1,dyed-resection-margins
46e74289-8bc5-4ef6-8c95-f4a10f732973.jpg,0,dyed-lifted-polyps
519f6549-9ccc-4bf8-bffa-425776abc4c2.jpg,0,dyed-lifted-polyps
d063f27e-b907-4bd6-b186-96d817dafff5.jpg,1,dyed-resection-margins
cbc40531-2d9b-4861-a6ea-e8262db2a9ad.jpg,5,normal-z-line
1e1d85bc-91c7-4985-9e4d-6976fdb55fd5.jpg,0,dyed-lifted-polyps
f8fc731b-36b4-4f7a-88ce-324a95e3b8d2.jpg,1,dyed-resection-margins
a3bc28f6-be20-4cda-a424-6e90396c7b39.jpg,0,dyed-lifted-polyps
4f7aaced-390c-4886-bcc1-1803bcb2b468.jpg,1,dyed-resection-margins
0708777f-ebec-4291-9981-98f276ae168b.jpg,7,ulcerative-colitis
538d0f31-be4d-431d-b432-79148471d8b2.jpg,0,dyed-lifted-polyps
657d5441-d3e8-411c-988d-200001f7a458.jpg,3,normal-cecum
94bbd419-5faf-4af4-b35c-356f42464057.jpg,5,normal-z-line
914bf111-bc57-4a52-87f7-cc6ed77fbc04.jpg,3,normal-cecum
2e8dd677-571e-4e92-94ca-929cfe4575a2.jpg,2,esophagitis
23b153c4-1580-4764-b0a2-444c60f9cecc.jpg,6,polyps
aec4e0fe-a5ca-47ae-9f7a-b08ffe5f2d6a.jpg,6,polyps
5e03dabc-d95a-455c-8184-893429578c10.jpg,4,normal-pylorus
335eb24f-4107-488b-92d8-b797199d2306.jpg,2,esophagitis
2cf6ee7b-3d8c-4cd2-bd0e-6b1dd0abe63d.jpg,0,dyed-lifted-polyps
b65c7a78-8f1d-4292-951e-6bcc871cac85.jpg,6,polyps
92cc05cf-3655-4bd9-85d1-d863884b7d9a.jpg,1,dyed-resection-margins
58f8ad30-250d-4ba0-a16a-60a860233a81.jpg,6,polyps
a6b9b93a-0edf-4623-83ba-4e21b13cd262.jpg,5,normal-z-line
698f130b-41ff-414d-908c-8d8c0f82d4a8_00001979.jpg,7,ulcerative-colitis
b387c8dc-1213-4483-b199-f3aa224c8743.jpg,4,normal-pylorus
ca71fbd9-3fd9-4634-a87f-0d38e29aa7de.jpg,4,normal-pylorus
df33c899-a318-4639-bc3c-2a7fefaa69e1.jpg,1,dyed-resection-margins
06d96dfe-38bd-4d8c-b081-c67e6564fd33.jpg,5,normal-z-line
08cf6964-9189-4b0b-8409-02fda37c7034.jpg,5,normal-z-line
74722243-6c4d-423e-87f4-7428d64f7c27.jpg,5,normal-z-line
8e74b4cf-a29b-4d2d-8b52-f3ebf4195acb.jpg,2,esophagitis
4c42ed3a-a609-44c8-bf79-8f9657a235b2.jpg,0,dyed-lifted-polyps
a1c6e7ae-68c5-4326-bcbb-812f9a372f93.jpg,5,normal-z-line
0e1f3f18-610d-4721-9e38-546d32db390c.jpg,3,normal-cecum
2c5ace47-8bc3-4df1-8f20-2618982009f1.jpg,2,esophagitis
d66f93f2-0d0f-4fef-ab96-33ead6b49cf9.jpg,1,dyed-resection-margins
cf52bd78-48b2-4312-a5af-eda230aa6aa8.jpg,4,normal-pylorus
43ca657f-4a00-4700-89b4-17e47b9c9d84.jpg,5,normal-z-line
79ee1d4f-61ba-4151-bca7-fb2403ebcd1c.jpg,0,dyed-lifted-polyps
28ceab2f-205a-4390-ba60-939e37ec3057.jpg,5,normal-z-line
1e08a369-c042-4f84-a9b7-ccec059aee77.jpg,3,normal-cecum
e526452c-fd1f-47b9-b1a7-45c9b20503bf.jpg,1,dyed-resection-margins
0c1b433f-75b4-4dc0-8ea0-2eaac21593a7.jpg,6,polyps
11fce361-b282-42ad-941c-9b331cc62b19.jpg,0,dyed-lifted-polyps
bbde538d-196b-4f8c-a440-c87187b47912.jpg,6,polyps
fc79c489-b358-4368-b965-330615af73d4_00000332.jpg,7,ulcerative-colitis
01c48bf5-3f79-45dd-9390-add72a6da946.jpg,3,normal-cecum
13e9fa07-c62a-4983-a32b-bb40e2ab7f9f.jpg,2,esophagitis
05c12825-4b4d-47d0-b1f0-ec7c516d5531.jpg,6,polyps
103ea26c-89fd-4cdb-a1f0-c1fad04da7b1.jpg,2,esophagitis
77bf3352-257a-40e7-a25c-041877b4d350.jpg,7,ulcerative-colitis
8ca2c552-85bd-4f37-bac1-ba55913f242d.jpg,3,normal-cecum
e8789f64-b81a-4dc5-be9b-ec316ff10d51.jpg,4,normal-pylorus
86d432fb-9e7a-4777-b236-bac42b819e4c.jpg,0,dyed-lifted-polyps
d30ae03b-9ff9-4ef7-a70b-26759c3d93d3.jpg,2,esophagitis
d4843d1f-c26f-43b2-850b-69ff5cfb913d.jpg,7,ulcerative-colitis
5cb43d00-8128-4c3f-8105-2107ce5048a0.jpg,7,ulcerative-colitis
dd8be1a0-e023-4681-8ad6-dbe7f70395f4.jpg,4,normal-pylorus
19c02ca0-f26f-4360-95b9-4316ba9adb87.jpg,7,ulcerative-colitis
264c03bf-a4e1-4dae-9b7b-6550822fa2f3.jpg,2,esophagitis
717bbe6d-22b0-4cff-8d9d-cfb80ec715b2.jpg,0,dyed-lifted-polyps
9a48d2e8-12a5-43d6-b20f-1dc7852b4443.jpg,6,polyps
f91bcfe4-d6ff-4d60-86db-baf521314182.jpg,1,dyed-resection-margins
a613bc3c-ddfc-4c26-81d0-2f336cd83f97.jpg,1,dyed-resection-margins
0a26e584-c293-4f43-8fe3-dab50261c05e.jpg,6,polyps
e9e502f9-e50a-4498-b3f0-40ed9c883b79.jpg,2,esophagitis
9aab06ba-5e09-4041-ace0-1a6e247ba93a.jpg,4,normal-pylorus
4daef72c-e4c4-42b6-aacf-46aba9e43910.jpg,1,dyed-resection-margins
0b24da49-ad71-4965-95f9-12a6d0d60906.jpg,6,polyps
d29e6b44-c826-474b-b0cb-70cae5617658.jpg,0,dyed-lifted-polyps
2f7932de-f15b-45ca-aa2e-4aa4156c375e.jpg,1,dyed-resection-margins
e2464f75-f515-4a04-bacc-f7202e898fcf.jpg,7,ulcerative-colitis
acb7cba3-c33e-485c-a65d-721e5574163e.jpg,1,dyed-resection-margins
4e274b65-e8ff-4f06-99f5-68ed05858532.jpg,3,normal-cecum
9ae3df51-0daa-4b92-bb3a-ae4d8a5b1a5f.jpg,6,polyps
9107d7ad-c3db-4a49-8d0f-b9db68cc81e3.jpg,5,normal-z-line
cda8e5c2-153b-43bb-8feb-595b63b3fab0.jpg,6,polyps
0689a93d-e7f5-4600-8420-8e675c934588.jpg,1,dyed-resection-margins
e44e570b-b783-4723-8f82-9150fd333b4f.jpg,5,normal-z-line
e318de62-898c-4eb3-b104-01d3adfb7f24.jpg,2,esophagitis
9cf848bc-0480-479f-b164-78524193f943.jpg,7,ulcerative-colitis
1e03a773-0ccf-4360-889f-328b0720b878.jpg,3,normal-cecum
14194356-2f15-451c-bd8b-2afb44291f79.jpg,5,normal-z-line
08a5f58e-f190-4aed-9b1b-4a69baf56355.jpg,1,dyed-resection-margins
491f8a7c-2f11-48d8-afad-6890776e5498.jpg,1,dyed-resection-margins
296fe49c-5da6-4ba4-b1f0-e2d395794e72.jpg,2,esophagitis
674335bc-e02d-4c89-a472-f4f46ddba958.jpg,5,normal-z-line
d945c2a7-393b-49b7-a22d-1dd4d09970b8.jpg,6,polyps
9c7b5ad7-6d62-410a-8b86-8aa19d1a5059.jpg,6,polyps
accb32ea-f0b3-4808-9de0-a3725e11461f.jpg,1,dyed-resection-margins
5d404e9d-e5c0-49bc-be08-6483fa93f324.jpg,7,ulcerative-colitis
2d9dcbb5-8b49-4247-b91a-09366f8a036a.jpg,5,normal-z-line
caebc784-6b44-49ee-852e-020b8d26af7e.jpg,5,normal-z-line
e20981c7-18be-4852-915d-8a473553f5c0.jpg,5,normal-z-line
330e50d4-2692-459d-bf21-ceb7458c7e12.jpg,2,esophagitis
48a526c8-703b-4ef5-9cde-cc2dcd41c9d7.jpg,2,esophagitis
df74a818-4f60-4445-8d3d-f3e8ebe896f9.jpg,6,polyps
1aae1cce-e4fb-491f-8842-23f884f2d050.jpg,2,esophagitis
84950cfd-e142-4717-b30f-2b50eebc6c9d.jpg,0,dyed-lifted-polyps
30d4d435-cce4-4788-a544-948a8c98cd5f.jpg,3,normal-cecum
57992b52-2f8d-4598-aa9f-abbe7fb149b4.jpg,1,dyed-resection-margins
c8107afd-17ac-4785-b167-a7dcc31658e7.jpg,5,normal-z-line
d85fe8e4-6f9c-46fe-8393-d76a11e0beab.jpg,1,dyed-resection-margins
8f0504e9-1db7-4249-8a40-fa8c545a7728.jpg,7,ulcerative-colitis
728f8f18-663b-4c7f-a800-00cddcad7110.jpg,7,ulcerative-colitis
e05f8c5b-06a2-4e73-a0f8-042357f422c4.jpg,5,normal-z-line
80196399-6be5-4e64-82ef-5c634fda9c3f.jpg,5,normal-z-line
01c87d4d-4ae7-461c-91af-936972ce37ea.jpg,7,ulcerative-colitis
f95bc1b1-9da1-4970-a3ac-c11155b177e6.jpg,7,ulcerative-colitis
a421ef5a-e130-4abc-9218-8ba5397d0b2c.jpg,2,esophagitis
584f1fa0-9bb9-49d3-b412-c42819d0a200_00002564.jpg,7,ulcerative-colitis
dc3f813d-2a4e-42c8-b7ac-2cc03bb66877.jpg,5,normal-z-line
3beead6a-3d8a-49a9-b231-faf06f7b614b.jpg,3,normal-cecum
e28a5573-5d97-4a26-8438-3f921ebe2686.jpg,1,dyed-resection-margins
7e0acba5-5f74-444d-8edb-4c84ef7464e2.jpg,0,dyed-lifted-polyps
3e6b8f93-c36e-4f3b-b108-0c2407726983.jpg,7,ulcerative-colitis
87257d71-bda5-43a8-b5fe-52fa3ae4f518.jpg,4,normal-pylorus
8037cc95-77d4-45ee-aa6e-582e86f3a5db.jpg,3,normal-cecum
4ef59be5-4f68-40c1-b25f-fa0af4cb97d0.jpg,3,normal-cecum
a6cfe558-9621-4061-995c-18008bfb7eb1.jpg,2,esophagitis
4b23a4c7-b2d9-423b-ae9b-ba2bb9c2a153.jpg,3,normal-cecum
31174cbb-320b-47f1-9fa3-f5c52e29e75d.jpg,5,normal-z-line
d878ffa8-5e47-4364-aa84-50b3bac2c791.jpg,2,esophagitis
42d23093-b083-4d5a-b7a5-f39348e07bb2.jpg,2,esophagitis
3bc2449c-fb5f-42d5-99f5-b9f6df059546.jpg,6,polyps
2fcf2374-f240-4b83-accf-5c9e8d8185fe.jpg,5,normal-z-line
c7246fd5-2e6a-47ae-821a-217f43b674a6.jpg,6,polyps
97695637-4d47-4c22-a460-ac49e0e2ce0e.jpg,0,dyed-lifted-polyps
420e19d8-69d2-4157-a6ca-656206886cde.jpg,3,normal-cecum
27d59bea-25a5-49a6-a51a-3c84d7501ac8.jpg,0,dyed-lifted-polyps
5b89e731-4260-4ade-a24d-fb3852a2be75.jpg,3,normal-cecum
698f130b-41ff-414d-908c-8d8c0f82d4a8_00001949.jpg,7,ulcerative-colitis
1b09ec36-b70e-4fae-bfa9-f80871ab0301.jpg,7,ulcerative-colitis
be267ab6-af8a-4ee8-8c9b-5b5446f88b03.jpg,4,normal-pylorus
044a9e1f-57d8-453d-be0f-90753497e9d0.jpg,0,dyed-lifted-polyps
b7aafe94-bc55-4baa-b683-030c79ea5574.jpg,7,ulcerative-colitis
2bef68d0-afdf-4dd9-8724-513d2bf356ad.jpg,4,normal-pylorus
fcc3f1f2-0111-40b1-922c-1b2c872967d0.jpg,4,normal-pylorus
7ca2306c-e0f4-47bd-b688-f3de0c358faf.jpg,1,dyed-resection-margins
483e1df5-7940-4166-adc6-eea5e0b09ee2.jpg,1,dyed-resection-margins
ab4b23e4-9716-4506-9531-e9f5c9be5e0f.jpg,5,normal-z-line
813324f7-3e6c-4408-bcc4-e18fc2cf0953.jpg,3,normal-cecum
86e3d9b7-a151-40c3-b3e5-e1fa44c601f8.jpg,1,dyed-resection-margins
a22a19bd-cf0a-4dd8-8b08-64332c93db5f.jpg,5,normal-z-line
4b647592-5fd3-4daa-9c49-5b04b80c8d4c.jpg,4,normal-pylorus
a96179f5-d662-42b0-b0ae-29edefd56e7e.jpg,2,esophagitis
64f6b6f9-5256-432a-a101-383be6b0957e.jpg,2,esophagitis
9b7bd77e-e17e-4cc1-9a35-01f5a526642a.jpg,2,esophagitis
c44c1f4f-28c8-4c52-8397-1db8321de962.jpg,4,normal-pylorus
0ec6063d-5d85-4601-97f0-1635065147c4.jpg,7,ulcerative-colitis
12d2689e-0215-4899-83aa-f8d6794b4990.jpg,1,dyed-resection-margins
650079d6-372f-46c9-922f-08e56162f8a8.jpg,5,normal-z-line
4df42d02-41f3-40a7-8483-b0a6cbb0f5c2.jpg,4,normal-pylorus
8c4039d2-eecb-4d7a-b3b2-59ac3d438645.jpg,6,polyps
0d9d7b48-a76f-44d7-b75a-b8f27559fd2e.jpg,6,polyps
c8d962b7-abb2-4acc-8f2d-3e022d7a27e2.jpg,4,normal-pylorus
881b0031-d917-437e-b707-7db0c9645079.jpg,7,ulcerative-colitis
a278ce61-44c9-476a-bc66-50310242d5d1.jpg,2,esophagitis
b95f79d2-ac30-477d-b7a5-f71fba3bf3b3.jpg,2,esophagitis
c9f892f2-f5b2-47b5-85d8-bbbfe56537ff.jpg,4,normal-pylorus
dba5c76e-3d02-4b36-821d-6e8484f754fe.jpg,4,normal-pylorus
e22c0860-bc3d-4aa6-b919-41f0530bf6d1.jpg,0,dyed-lifted-polyps
53067fc1-44d0-4023-a2a9-af6b31b4c3f8.jpg,3,normal-cecum
33415aff-4a9e-4b27-82ef-f74af46fd380.jpg,0,dyed-lifted-polyps
d611c897-b556-4a54-8a48-0d7d322e9913.jpg,2,esophagitis
ed258888-36ac-496d-b17a-40adaa9c2ea1.jpg,4,normal-pylorus
0fd098ab-68e7-4148-88f6-3eea124d133f.jpg,0,dyed-lifted-polyps
b26076a1-8796-4a93-8bc5-efd76009bda9.jpg,7,ulcerative-colitis
b5c78a7d-235e-49d7-8088-dc2f601a9c04.jpg,4,normal-pylorus
6bea4679-88d3-4a4c-b4ea-9fa5e62f730f.jpg,4,normal-pylorus
3a08364d-dbb6-43a2-85cd-18e68abd0fa3.jpg,7,ulcerative-colitis
876f6c22-22c5-4068-b8bd-161ea9a8e1df.jpg,3,normal-cecum
c7349391-41c2-4a30-95ad-c32e43002bee.jpg,5,normal-z-line
4f28a3d9-316e-4c8a-bf92-4c078d02c4ca.jpg,3,normal-cecum
248391c2-3e15-4b43-b879-7675f766601e.jpg,4,normal-pylorus
789f32f2-8574-4f0f-978b-a4e6b11a7615.jpg,1,dyed-resection-margins
b70afaaa-1390-4222-93aa-1eef478fdf7e.jpg,7,ulcerative-colitis
2be37515-9ed3-41a5-b312-bbaaa9684b8f.jpg,0,dyed-lifted-polyps
0e616b20-bc99-4381-9862-3dfd4e5ddd20.jpg,5,normal-z-line
3e2788e4-9048-49c7-b8c2-252cd42dcd26.jpg,4,normal-pylorus
16788e12-ef93-4c3d-89b6-35bda0e603e3.jpg,3,normal-cecum
af7f8b0c-8136-45e0-91a7-6f46b8cd0fa0.jpg,1,dyed-resection-margins
b2f78f3a-8216-4f9e-8412-545fcb4900c1.jpg,3,normal-cecum
03eb7061-0329-405a-a4b6-d629cf01baad.jpg,3,normal-cecum
d4a34549-6977-4d0b-ac47-72ee6363ef34.jpg,0,dyed-lifted-polyps
bb8162e2-c673-4646-9788-6c189d6c30e0.jpg,7,ulcerative-colitis
b454055c-9ad4-4be1-a0c2-191c4a4cdb55.jpg,2,esophagitis
e8febd84-5fa2-4a36-8b31-dcdecda8faef.jpg,3,normal-cecum
4bf3242f-fa6f-40c9-a445-019d60ea8185.jpg,1,dyed-resection-margins
e78d1226-c37c-4996-978e-362b33b3b059.jpg,4,normal-pylorus
0cf8e803-870d-40a1-8e8a-8c4ded51561e.jpg,3,normal-cecum
c1d0ae90-bcb7-4f5c-ac1e-83f773257cb1.jpg,5,normal-z-line
b277cc44-bafc-4513-aec7-6ae1efcfabee.jpg,0,dyed-lifted-polyps
9ee47525-b614-4abf-896f-ae660dead766.jpg,2,esophagitis
af744492-dc36-4f70-95e8-9056c462eaca.jpg,4,normal-pylorus
98f9db2e-de5b-4592-b3e3-0008abef038e.jpg,7,ulcerative-colitis
39e8d8b9-afcc-4c08-84dd-eddc315cba26.jpg,0,dyed-lifted-polyps
d68e5500-f6af-46e6-934e-15a06f264957.jpg,4,normal-pylorus
6d37759c-65e7-486b-9f6a-fd893b52c3c7.jpg,2,esophagitis
7d883de0-90dd-4ca2-b151-2d441997461d.jpg,4,normal-pylorus
402e5c7f-59da-42f7-8677-cb3f502ea3d2.jpg,4,normal-pylorus
beaa77ee-737a-497e-85c9-6845445bae43.jpg,5,normal-z-line
b19deea2-3d62-4a39-bf44-aa571981e2d5.jpg,1,dyed-resection-margins
2b53f204-c9af-4622-be30-2e04678a3682.jpg,1,dyed-resection-margins
d48810ca-fabb-4813-bd76-49d4b3c5ae1f.jpg,3,normal-cecum
b9229964-98fe-42f6-bbb4-df1f67ac41bb.jpg,5,normal-z-line
13a2abae-4c38-4c0a-936c-500b6c97a3cd.jpg,3,normal-cecum
b3174fc8-49fb-4b37-b016-135211e3aa3d.jpg,6,polyps
fa484a91-1f0d-406d-bf13-1e9eacd50c85.jpg,7,ulcerative-colitis
5cf03a98-be2a-435e-9071-ba52f0f6944c.jpg,3,normal-cecum
e9c55e93-2135-4396-a81d-4eabaace954b.jpg,3,normal-cecum
3d6b19f6-e32a-4116-ada3-bb2ac17e9d0f.jpg,2,esophagitis
5eb10179-eef9-4ba0-9071-2d3ea439bb58.jpg,1,dyed-resection-margins
8525d28a-09d9-4379-b734-b57a92211ea7.jpg,0,dyed-lifted-polyps
26e73de4-a082-413e-af3d-76b939ec9648.jpg,0,dyed-lifted-polyps
6d6f945c-69c7-4e76-9e77-05b3f7ac7c1d.jpg,5,normal-z-line
bc70ecc0-f250-46f1-a52d-cc9985df28d6.jpg,0,dyed-lifted-polyps
8ca21c4f-5d65-4a81-b46e-79499cb0c7e3.jpg,6,polyps
1ae8de54-27c5-488b-9d11-da2fadbec579.jpg,6,polyps
c11b4d93-00da-4eb6-88d1-b0e83c578f5d.jpg,5,normal-z-line
b77f0a7d-a253-48f0-b50c-ab16fbb1e50a.jpg,2,esophagitis
6cb86104-8a1e-422d-bee4-8f10c596726a.jpg,1,dyed-resection-margins
d6385d29-4a7f-4f54-b31b-89bd892c1c5b.jpg,4,normal-pylorus
584f1fa0-9bb9-49d3-b412-c42819d0a200_00002130.jpg,7,ulcerative-colitis
9be98edd-2993-43e4-abfd-85e69da69d47.jpg,0,dyed-lifted-polyps
584f1fa0-9bb9-49d3-b412-c42819d0a200_00000085.jpg,7,ulcerative-colitis
50efc786-52f5-4ed8-abee-ae0d7bb6cc59.jpg,6,polyps
c27a948f-30f2-4992-b0e6-f371b7d47418.jpg,3,normal-cecum
98b17e7a-7e56-4e22-bf2d-3a4586366172.jpg,0,dyed-lifted-polyps
fbd3dfce-60be-40d7-a377-9ca269a9534d.jpg,3,normal-cecum
87d456c9-7b01-420b-8d98-1894ef561ea0.jpg,5,normal-z-line
e92cd6bf-bb0a-403c-b1b2-b146ee517ddf.jpg,4,normal-pylorus
bba56fb2-e5ca-4334-8131-15c618bf1fab.jpg,4,normal-pylorus
66344800-3851-4534-afbb-9cc8d0d3b342.jpg,7,ulcerative-colitis
7c14c0d1-f8d4-44ea-8d17-b946627924db.jpg,0,dyed-lifted-polyps
bd6250c3-e6ca-4ac0-aa78-71cd7dc6d7ac.jpg,0,dyed-lifted-polyps
d547ba5d-0f31-4e06-acc9-98aa6df92d70.jpg,0,dyed-lifted-polyps
1f25c7ed-1207-4a5d-9dc2-5e621950fdaf.jpg,1,dyed-resection-margins
d50a4826-0661-4a40-8b95-293bff9d43df.jpg,6,polyps
1149a0b7-1a1c-4af1-85e3-8ff47292c833.jpg,1,dyed-resection-margins
846d7e22-7717-4187-be25-3d6ee58e3791.jpg,6,polyps
38639593-bb50-4bdc-9976-0ccb84ceb5da.jpg,5,normal-z-line
0fa8810f-f91f-4434-931b-458eabe9543e.jpg,6,polyps
ef8e8230-c972-4283-912e-cb48811c5d60.jpg,4,normal-pylorus
eeb8bbdd-afe9-4a67-8b95-ca7405eabe19.jpg,4,normal-pylorus
baef7b7a-88a2-419b-a2b7-aa56c21c5d31.jpg,5,normal-z-line
421e2b5f-6351-4df2-9caa-7293288ac597.jpg,1,dyed-resection-margins
57595653-3d5b-44a2-95f1-8cb659fe1a8d.jpg,5,normal-z-line
a3cf9797-01ac-49d7-8912-53f2fa39442b.jpg,4,normal-pylorus
2da55236-f756-492f-96c2-4a3cb49a82fb.jpg,3,normal-cecum
66ddb531-e6d1-449a-8a22-96b0ea439507.jpg,3,normal-cecum
169495c1-3614-449f-b341-6b73937ea30f.jpg,4,normal-pylorus
e646192d-a343-4542-97c1-f809c43c75f1.jpg,6,polyps
ba2492bd-8e45-40d0-85bd-7f84d8c2a5eb.jpg,7,ulcerative-colitis
032e1815-45bd-4a82-bbb7-98aedc04c96e.jpg,3,normal-cecum
0cad8486-45df-4a84-916b-68abede68878.jpg,5,normal-z-line
28f36cd1-7011-49a2-9f95-2797326e8e54.jpg,0,dyed-lifted-polyps
8becc3c0-3456-4610-859f-fd74b4d7499c.jpg,1,dyed-resection-margins
a433ee47-7058-4104-96d4-01fcb8ef5ef4.jpg,1,dyed-resection-margins
0053d7cd-549c-48cd-b370-b4ad64a8098a.jpg,0,dyed-lifted-polyps
4aed0bbe-f658-4a23-a057-bd7bda6f34b0.jpg,3,normal-cecum
88059c4a-87d0-4a24-b982-9b4f791ccef8.jpg,2,esophagitis
c2c3e720-df9f-431b-9979-09a38dac7f26.jpg,1,dyed-resection-margins
5a9117f2-5b4b-4173-a3dc-90f53e7d95e1.jpg,0,dyed-lifted-polyps
3d8f51f7-f49d-4e4b-9bfb-cc9be3fec5e2.jpg,6,polyps
0cc7830e-ca0d-46d4-91f1-672f35471f2a.jpg,4,normal-pylorus
cb93cf0b-5c80-4213-9de6-fe98270ec12d.jpg,4,normal-pylorus
146f8f16-aef9-4498-91df-466b67d51c27.jpg,7,ulcerative-colitis
bb00921c-0284-4d9a-9e2a-841cff21112a.jpg,6,polyps
9806fca4-82dd-4d07-803b-6935ea5c1e58.jpg,5,normal-z-line
412416e5-be9a-449b-aa1e-61de74224532.jpg,2,esophagitis
7f65d0d5-d5ef-4733-8df2-c9ea3599f972.jpg,5,normal-z-line
b229e244-2310-4bd9-8269-6b1d8078ae15.jpg,0,dyed-lifted-polyps
33f881a3-c4fc-4401-b061-4d87b16d8b2c.jpg,7,ulcerative-colitis
1f233ecd-9e93-4bbd-a2ad-0cffc9bba42f.jpg,6,polyps
ecfdca52-ac9b-4645-a92d-fd66479c1c6a.jpg,2,esophagitis
b4bbacef-a704-43ae-b7f3-9d5d8ac03c0e.jpg,0,dyed-lifted-polyps
b9b13e90-be6b-4ffa-ab35-f5f0bb0804a9.jpg,5,normal-z-line
8b54c3dc-8e99-431f-8ac4-5733877d2b78.jpg,7,ulcerative-colitis
1b8086a8-54a7-40d6-9c29-54d23a9c2c6f.jpg,3,normal-cecum
10af0f1e-baa1-4fce-92e5-34220abe14fd.jpg,1,dyed-resection-margins
bb3e96d0-7ec5-4116-bded-abe87a137f3f.jpg,7,ulcerative-colitis
711a47dd-ec33-4a70-84ee-d2b178ed04e5.jpg,3,normal-cecum
4d8c9856-f22d-46fe-9584-fac4c706716b.jpg,5,normal-z-line
26b34616-5851-4ffe-8f89-748a05ea4913.jpg,6,polyps
4954f9f2-5ef7-4612-abd7-7ac95a6200c6.jpg,1,dyed-resection-margins
02ddd3d4-a265-454b-a778-e0be71bee79b.jpg,0,dyed-lifted-polyps
578954ec-5b69-454e-a1b1-2c2064a0f85a.jpg,3,normal-cecum
7e5fd908-7bf8-4171-99af-196c8fdf0624.jpg,6,polyps
a364ed1d-a003-4f1e-936d-cba7aa39ed6a.jpg,4,normal-pylorus
b85e74c0-7c72-4ca6-86dd-1d067831b7d4.jpg,2,esophagitis
c52d47d5-2c4f-49bf-8aea-400fb2bcd2cc.jpg,5,normal-z-line
5f54f6d0-4b41-4e78-97bb-4d5502517ee1.jpg,4,normal-pylorus
10a1fb7c-6e0a-4d67-9745-3ca48230fdc8.jpg,6,polyps
50e02337-77aa-4a33-97de-08738a933467.jpg,2,esophagitis
d9cc107f-2037-4336-b6cd-f4429634ea68.jpg,0,dyed-lifted-polyps
63f328f3-1af4-4952-ac46-a0291c7f9133.jpg,6,polyps
4a5ee5e3-4655-4e15-a269-fd3cf7f66135.jpg,4,normal-pylorus
06ea0f7d-4d10-43f5-9a61-c4cf211799d2.jpg,5,normal-z-line
70888067-8833-434a-b0f0-02a43849ac9b.jpg,7,ulcerative-colitis
fdb9af61-5fba-4712-8127-e96637037408.jpg,7,ulcerative-colitis
8b215719-6de6-4dd4-ae06-6fcd8c79942e.jpg,5,normal-z-line
31bf71d3-745e-417f-a1a4-0b122d34d25b.jpg,2,esophagitis
81594204-c2dc-490c-827e-26c0e795a662.jpg,2,esophagitis
cf8e62d8-bd23-4f26-b94b-93281e8223ce.jpg,0,dyed-lifted-polyps
186b4bcc-af8b-4106-be40-49380a85d986.jpg,7,ulcerative-colitis
66a89731-accc-4eda-b9cc-7e8a52995726.jpg,0,dyed-lifted-polyps
5a1b350a-52a4-43a4-8a6a-55f36ac732b0.jpg,3,normal-cecum
94f53b5b-1773-4423-a320-3e6e0a59ce3c.jpg,1,dyed-resection-margins
7e9d71b4-dea9-4ab5-a2ca-d011ca65dfc3.jpg,3,normal-cecum
9f9c4c6a-120f-4a29-91dd-7ba368c361ed.jpg,6,polyps
dd7f201d-c4f4-4758-b176-794417a9aebd.jpg,1,dyed-resection-margins
0aacb7fa-19fb-4bd6-9a43-3c0a246e7a58.jpg,7,ulcerative-colitis
d64c1af9-12c0-4959-ac3f-afcdc965ffdc.jpg,1,dyed-resection-margins
0f7e595d-9f64-48dd-870b-5c47aa6e6b8c.jpg,1,dyed-resection-margins
f9602e28-2aa8-4d74-8725-5b486f796eb7.jpg,7,ulcerative-colitis
3909e6d9-61b3-4d36-82cb-0952fdddfd3f.jpg,4,normal-pylorus
c60404a7-3f3a-4460-b703-c9d22bfe05be.jpg,4,normal-pylorus
2c28fb94-02ff-45ff-bd5d-155f25fa2b79.jpg,3,normal-cecum
86739b62-e86c-49f9-8d9c-2615d8a9a0a1.jpg,2,esophagitis
e2f0403f-37d9-4b31-8e86-01831520cceb.jpg,6,polyps
9277969a-1c32-4c6c-b5f3-6f360961ca1d.jpg,4,normal-pylorus
8380c0a0-e53b-4f0e-bc2a-07090f0973e8.jpg,2,esophagitis
8684591f-8d27-4aca-a48b-b05c3bc798eb.jpg,7,ulcerative-colitis
e3bbea20-f340-4573-89c0-ba8c99764330.jpg,5,normal-z-line
91a6ae27-6820-4046-9b54-363c1041b477.jpg,6,polyps
fcf285b0-87ed-4480-9098-9dc587e1e149.jpg,2,esophagitis
665efa87-cf99-48b4-a391-eb39bf376d70.jpg,3,normal-cecum
458c1ddc-20b6-4911-b704-18ce45a1ab4a.jpg,3,normal-cecum
822e4be9-da9c-4e47-a4cc-ba92084db67a.jpg,1,dyed-resection-margins
7950c56d-85c1-4f00-bb77-291c647ffb13.jpg,3,normal-cecum
3c971179-2df7-4b97-9913-acab82c83d22.jpg,4,normal-pylorus
a4d73f46-6fb5-4bdd-83af-0c216be61321.jpg,0,dyed-lifted-polyps
8dc062be-ed0c-49c7-a629-87c8b0304707.jpg,2,esophagitis
684c9d12-a8b9-4ef1-a86b-6c0490bea656.jpg,1,dyed-resection-margins
9aa5d479-fb32-4893-b322-e8eae3896d6a.jpg,2,esophagitis
33d1e57f-081b-4d06-90cd-e09db6e53504.jpg,3,normal-cecum
89671047-d6cc-4064-8588-b54af9b07376.jpg,7,ulcerative-colitis
cebc1f13-0d27-4eb1-b369-e079ae43c088.jpg,2,esophagitis
9cf7706c-f6a6-41cf-b61c-b421e5e78329.jpg,6,polyps
bf6c85dc-04cc-4b03-b1f8-a4cbd76181e6.jpg,1,dyed-resection-margins
a1873c6b-153b-43cf-8442-119a9d6fdc3f.jpg,2,esophagitis
38f4cc9a-2dad-4cc6-9162-5e49ddaecaea.jpg,1,dyed-resection-margins
da4c14f5-2102-4dba-b344-5486ef4be941.jpg,4,normal-pylorus
5c2e581f-7f47-4f28-ad8e-c7b4ae017c1c.jpg,5,normal-z-line
88d93f3f-10f5-468d-9964-cbedea74487d.jpg,1,dyed-resection-margins
655db35a-c105-41cb-b831-a6dc2a492848.jpg,5,normal-z-line
5e8eeff6-7790-428e-a220-4d1eee4f96f8.jpg,3,normal-cecum
a700b08d-039b-4aeb-b3fa-64db94b6fd3d.jpg,3,normal-cecum
fcb8704e-f308-4f81-84bd-10ca874db5d4.jpg,5,normal-z-line
8ca68ff5-c35e-4e13-be88-071aa008cc30.jpg,4,normal-pylorus
01c1453c-dcad-4e16-a0d5-645e833ce82c.jpg,5,normal-z-line
4de1d3e9-1e2d-444b-8295-a6e7c25b4f6a.jpg,3,normal-cecum
610e8cf2-88d8-4e9a-aa21-b56cc821beaa.jpg,2,esophagitis
e4abf27f-db0c-4836-88ee-ce4f181d0df3.jpg,1,dyed-resection-margins
7f0dd30e-8f35-440b-b1bf-7ca88344ecca.jpg,4,normal-pylorus
e604bd95-1874-4b61-b46c-9d0d783101f7.jpg,4,normal-pylorus
8b07aa33-8a1a-4c5a-92e1-1f9aed3f0f2f.jpg,4,normal-pylorus
d5a27a5d-1329-47fd-b5f7-57ce90df35ac.jpg,2,esophagitis
e20cb4dd-8e11-4d82-825b-2dd48ba74887.jpg,2,esophagitis
2e9b768e-58a4-4a9b-91f9-de6456cd74ba.jpg,0,dyed-lifted-polyps
366ba7d3-b0ac-4a31-99a9-ad2635beed40.jpg,3,normal-cecum
ea737a01-13d8-4707-8745-09eda1252d1c.jpg,7,ulcerative-colitis
890caec6-3831-481e-a90a-cfb023e46860.jpg,3,normal-cecum
71e23057-21c0-4c49-b9c7-d6c231387c37.jpg,2,esophagitis
c51913e1-f08f-4bda-b3d2-f1a7e4f440ee.jpg,6,polyps
4bf299d5-34cb-410d-bfe3-4aa1de841485.jpg,5,normal-z-line
16eb3bf5-8acd-4060-be5a-e9bdab74bf8b.jpg,1,dyed-resection-margins
3efbb1a7-a661-4a8a-9f16-b2a9f211907c.jpg,6,polyps
9ddf9093-1f00-4135-9a16-5b9c9f5216e8.jpg,3,normal-cecum
b1c06500-726a-4f76-a027-b124801ca27b.jpg,4,normal-pylorus
3f03c9b6-cc9f-48f3-92cf-4be9163d9661.jpg,4,normal-pylorus
53a543e6-f564-4337-8555-db42abe02c84.jpg,0,dyed-lifted-polyps
73cb3e43-5c85-4c91-a1cc-99b99d783b75.jpg,2,esophagitis
59eadee9-b70e-4de9-942f-45d5dd262c30.jpg,5,normal-z-line
ba063f9f-9975-4fde-aebe-ebdc54792db9.jpg,7,ulcerative-colitis
7b81b2fe-28d7-4ef8-ae5e-7386951d5d71.jpg,6,polyps
1df3cbb0-782d-47fd-acf7-877feea2fb36.jpg,0,dyed-lifted-polyps
7f5a1b7e-f676-40bd-9593-187889a8ff39.jpg,4,normal-pylorus
0a779eab-7b2e-4807-a8b2-cd685c55611a.jpg,3,normal-cecum
022ba669-9ab2-4703-8f9c-c7d07f31d89f.jpg,3,normal-cecum
fd357ea7-8c16-436a-993f-1e684edb056a.jpg,4,normal-pylorus
02a5d1fc-c6a4-466c-ab29-9bbbe0652e17.jpg,6,polyps
df595e79-418f-494d-b2ea-d277443b7105.jpg,3,normal-cecum
2e7f6aa5-6e41-470e-8570-115f75832729.jpg,5,normal-z-line
195f748a-4d25-4788-b3ba-c81a6fc83774.jpg,6,polyps
2f65f0a6-dacc-476a-8394-744331276be3.jpg,2,esophagitis
264f989f-cc29-4f56-b8ec-49e09fb8e7b9.jpg,0,dyed-lifted-polyps
cf40670c-879a-441e-89a5-997cb6cdc2ca.jpg,4,normal-pylorus
784ac2c4-da66-43e5-9dcc-38a0ac581108.jpg,7,ulcerative-colitis
620e7c31-491f-45d1-b540-a733ce5c2b50.jpg,5,normal-z-line
e6f11a82-e15a-477b-9744-8072147a59f0.jpg,2,esophagitis
6d66ac32-e5d0-4b85-93bb-c0df25a2a970.jpg,6,polyps
c4364082-40e4-41e5-ab67-0459aad4983e.jpg,1,dyed-resection-margins
30d26b6e-bfb0-4986-b9c3-40a9b49c7cc9.jpg,2,esophagitis
c10d001e-5865-45ef-8e3a-5b804819c323.jpg,4,normal-pylorus
698f130b-41ff-414d-908c-8d8c0f82d4a8_00000923.jpg,7,ulcerative-colitis
e54d6e7a-7332-457f-80b7-3ffe414a9bd7.jpg,1,dyed-resection-margins
34f35995-0455-4378-b4b5-896ca0adc346.jpg,7,ulcerative-colitis
e34cd4aa-f373-44e0-a689-4a8625f8623c.jpg,5,normal-z-line
cbceb75b-76d2-4a52-b3f8-d96f3e983738.jpg,4,normal-pylorus
b492de03-2e3a-4b49-b16b-27c6b1a4d1c2.jpg,0,dyed-lifted-polyps
61a398b1-7e3f-487c-b4d7-8e9ced63fb9c.jpg,5,normal-z-line
0a9404a8-dcae-47d2-abc7-e8e6b51e3a76.jpg,1,dyed-resection-margins
21737f8e-d786-495b-a0d3-6febfc21d63c.jpg,7,ulcerative-colitis
247487a0-be4a-4ce8-9d66-b59fdb39664d.jpg,0,dyed-lifted-polyps
584f1fa0-9bb9-49d3-b412-c42819d0a200_00001344.jpg,7,ulcerative-colitis
b43137cb-3870-4bfe-a282-6bea8c3e6891.jpg,7,ulcerative-colitis
8cb7a07e-41fd-43d1-b6b2-a02593d49151.jpg,6,polyps
a63915df-cfb1-47f4-94d8-4ffd3f1c3d06.jpg,2,esophagitis
57413732-9a87-4e52-83f1-11575c36314f.jpg,1,dyed-resection-margins
51bc03de-60ba-4194-af1f-669d101642b6.jpg,0,dyed-lifted-polyps
25610bc9-93f9-4c48-8c48-4e2aacfebcd3.jpg,6,polyps
92b1b357-1997-4a7b-9f41-ee998ee83b28.jpg,6,polyps
b248ef35-25ac-48f1-ab12-88205d7ace97.jpg,0,dyed-lifted-polyps
d0c95e7e-ce84-4c6b-9f16-b9fdfad75002.jpg,7,ulcerative-colitis
3cf669f9-bfaa-41b8-9c17-336f3e1d05ff.jpg,7,ulcerative-colitis
e1412a6f-494d-4b00-888b-31e66570725b.jpg,0,dyed-lifted-polyps
72f45e57-6268-4796-a71f-333d0c00866d.jpg,6,polyps
e442b6e0-91de-402d-bac5-ef2018552ed4.jpg,6,polyps
dfb07a27-4ccb-4102-baf2-05a3e4129236.jpg,4,normal-pylorus
b42ae45f-8564-4c8c-80c0-42fe7d7e09e7.jpg,4,normal-pylorus
e915eda7-36ca-41e4-99e9-6970cc4476f2.jpg,1,dyed-resection-margins
ea7e4c1d-d44c-4c38-a987-c040903a10ad.jpg,3,normal-cecum
c34ab16f-723d-4d6e-8a43-5b61121c5f92.jpg,2,esophagitis
6c0b0150-69ac-427a-a202-9395f8697c3f.jpg,0,dyed-lifted-polyps
fa1a9369-efa6-42ef-909f-e8347679148b.jpg,0,dyed-lifted-polyps
b6a25ac0-9ee8-440d-b359-8895a6a8bee0.jpg,3,normal-cecum
ee7e81aa-3ce9-47f6-96cc-065b9561dd46.jpg,6,polyps
4c4159f8-19fc-4ecb-90e7-1a476783b334.jpg,4,normal-pylorus
45f989d0-3ed4-4f01-9110-db143b094ca4.jpg,6,polyps
2000ba32-a00e-4a9a-bab9-d3a80344928b.jpg,1,dyed-resection-margins
df52c670-9c01-4686-8601-cf41aef522f2.jpg,0,dyed-lifted-polyps
87ecdbf3-9227-48f3-bbda-eed87520ee6c.jpg,5,normal-z-line
c4795082-af93-411e-85b5-b7d70f763765.jpg,6,polyps
c4ab1968-77f2-4764-8b40-859d5b53c882.jpg,4,normal-pylorus
6e69a57e-9591-4687-ac1e-31f6176dd316.jpg,1,dyed-resection-margins
73f1be10-d17e-467e-aff2-310d87180f02.jpg,7,ulcerative-colitis
ea9948c9-c50f-4f7f-9b4a-3fd9186f1857.jpg,7,ulcerative-colitis
7025f3a6-ab2b-4f91-a139-0ae4c83dced6.jpg,1,dyed-resection-margins
5dea9a72-2eac-431e-b03e-add6f0c5f84b.jpg,5,normal-z-line
427f4ba3-0f04-4927-bea4-7f16654d0e1f.jpg,0,dyed-lifted-polyps
b1f18521-1d22-4386-ac96-3bf527e52e1a.jpg,5,normal-z-line
a57c2de7-328d-49a6-ad31-3f8c5e711de8.jpg,0,dyed-lifted-polyps
fdfb46a8-498e-475e-829b-62f2170dea1b.jpg,1,dyed-resection-margins
8ba96c52-3dab-479b-aff2-05e3d46b196f.jpg,6,polyps
983876be-cc1d-4634-b626-c7b5f0dd7b7f.jpg,5,normal-z-line
1faa0b38-43a0-4abd-8585-35c2d160f97e.jpg,2,esophagitis
45795784-a6d6-4161-9ed0-04afa9ff0c77.jpg,6,polyps
3cf8fe59-509f-4ca8-b763-030568eca586.jpg,2,esophagitis
0c07eb93-4aac-4ac7-a4b7-480f318746b3.jpg,7,ulcerative-colitis
fa4dd0bd-97a0-4505-8c0d-f28adf13b98f.jpg,7,ulcerative-colitis
b6449bbd-27b5-474c-9403-5faf2a2fbfcc.jpg,6,polyps
e2b7ed89-675b-4041-9126-43da2045a2dd.jpg,2,esophagitis
fd516c14-9aa4-4b76-9e0b-f5c4ddfa66eb.jpg,4,normal-pylorus
c48d01f2-1d19-4498-91a8-5cc62baa0a36.jpg,5,normal-z-line
8e2045e5-1b98-429c-b548-41d530ee3b57.jpg,3,normal-cecum
9a946b68-5854-404c-b74f-84585ea40a5c.jpg,7,ulcerative-colitis
6a0754b2-728d-432b-ab4f-9b89fff2ae1d.jpg,3,normal-cecum
ab63abf5-825d-4dbd-898f-cc817326efa6.jpg,1,dyed-resection-margins
fbce642b-acd3-4a81-864b-62538fbdce60.jpg,4,normal-pylorus
9b183b1f-15f8-40c4-9c3a-569781c8492e.jpg,1,dyed-resection-margins
a38e8751-46b8-4125-8303-4b22c3d02742.jpg,6,polyps
8ba124e2-0fc5-4e6a-b334-5c5fd824fa67.jpg,4,normal-pylorus
94171044-34df-40a3-8afc-0fcea9f3632d.jpg,1,dyed-resection-margins
2c923b19-3c0f-4cbf-b7ec-004a9319bca2.jpg,4,normal-pylorus
0b815392-cf2f-458b-b22d-c4ae2927df8b.jpg,0,dyed-lifted-polyps
44448ab2-68a0-4c74-b543-4685277a3e09.jpg,2,esophagitis
7fd22dc4-287a-4245-9223-9d7098f2a754.jpg,1,dyed-resection-margins
0ca920c9-acc9-4be9-83ee-9d987adac7f3.jpg,5,normal-z-line
1c6cc338-6c81-443f-b775-a4e8eb8f05ca.jpg,0,dyed-lifted-polyps
2aa5bf7f-840e-46af-a652-6540bca9ca15.jpg,0,dyed-lifted-polyps
d22de4c4-9b9e-46b2-aa36-a04bf29d5aac.jpg,2,esophagitis
1b03c9ad-70b6-484f-b342-8614d5062e34.jpg,0,dyed-lifted-polyps
ecf469b1-7518-40ff-9c66-8faf2b8f464b.jpg,3,normal-cecum
0a009a95-3a1f-46cf-906c-3606839806d8.jpg,6,polyps
34f62ec8-9a0e-453c-8ad2-7214109a56f5.jpg,7,ulcerative-colitis
a510691e-08f6-4327-9091-d4c2ebce5b38.jpg,1,dyed-resection-margins
3eaedf88-31d9-421c-988a-0e2386bf670a.jpg,2,esophagitis
e2eaa0cc-1bc8-4d96-9ebe-180d1cba2583.jpg,5,normal-z-line
04e0f3dd-6b45-44b5-9c40-ca76b5eaa0f0.jpg,3,normal-cecum
b2dbde49-1095-48bf-b440-710057b5e6ed.jpg,5,normal-z-line
794beba5-bd66-4275-a8ff-c1c1e800daf2.jpg,0,dyed-lifted-polyps
ce3b7319-c77a-47f3-a6c7-5a63ab686ad1.jpg,2,esophagitis
4a195a48-98d2-4a77-ab04-c74351237e5d.jpg,3,normal-cecum
e7270541-ae39-440d-acc4-d28954b9d9d8.jpg,4,normal-pylorus
0f97b3c0-1770-4a28-8502-c283a7a9e176.jpg,7,ulcerative-colitis
c969553f-0eb9-44fe-a496-b55650b1de7d.jpg,2,esophagitis
1a47ed22-b23d-4c08-a71c-ea6dbc989a44.jpg,4,normal-pylorus
9c7c79b8-1196-440a-baa1-158f451bd63f.jpg,1,dyed-resection-margins
35987bbe-2256-4414-8650-894996610aa4.jpg,5,normal-z-line
97653f55-18b1-4bd5-8c4b-76e5be3fe636.jpg,1,dyed-resection-margins
792bb897-cd6e-45d7-af8f-b9d5a92b1039.jpg,0,dyed-lifted-polyps
8640a327-7c4d-4cb6-90a2-194577d0201e.jpg,4,normal-pylorus
cdcd2cc0-2e6a-4d35-a0fe-8af6762f1ab1.jpg,5,normal-z-line
95f6324e-908c-4c40-80e7-11a03905dd7f.jpg,1,dyed-resection-margins
bf4ead18-0cf5-487e-8c56-a5a91296d7e0.jpg,6,polyps
5b271f5e-5080-43ae-96f0-8113b6a8399b.jpg,1,dyed-resection-margins
bb69ec3b-47fd-46ec-bdd6-cf1eda5e3c98.jpg,2,esophagitis
0f69c8fa-a67b-482d-ad82-3d77cc020550.jpg,0,dyed-lifted-polyps
60277c82-44e8-47bb-b182-53e8fee36817.jpg,7,ulcerative-colitis
ee8e9b06-f513-4aa1-a88e-6d197b8895ab.jpg,4,normal-pylorus
ef127f1b-e11a-4658-a828-a8e107468f54.jpg,5,normal-z-line
4958687f-8041-4a42-9e68-3de7dda3ba54.jpg,0,dyed-lifted-polyps
53aa8af7-1846-49eb-83ec-2cc531b6babd.jpg,6,polyps
1f2c3a5e-139e-440b-a170-4317d4f7139f.jpg,2,esophagitis
dfcd2143-adf1-4a37-820c-c57c2c484610.jpg,1,dyed-resection-margins
18373b9c-6ba7-40d9-85be-3eef546664e6.jpg,2,esophagitis
0b8878b5-cd52-48d4-9ea8-f384edbc0d3e.jpg,4,normal-pylorus
02c58d40-e531-4237-8e9b-3237083ac6e3.jpg,3,normal-cecum
01a57b1a-780f-4e52-9f94-291c2982154d.jpg,2,esophagitis
99a347be-3cc7-4cf8-adb1-a80b19187423.jpg,0,dyed-lifted-polyps
2abd9e45-84d6-4819-afca-c4066808daa2.jpg,3,normal-cecum
b87071d8-afd6-425c-a7f1-24127c5393b4.jpg,5,normal-z-line
c777b21e-9dc0-4179-a849-455044cb0d2c.jpg,4,normal-pylorus
3d6522a9-2ad7-41cb-91e6-cc4fe56189f5.jpg,0,dyed-lifted-polyps
d522ad9e-c88b-4847-b609-41b466f89379.jpg,7,ulcerative-colitis
e6e1027b-d45a-4825-b233-e43c5327a8f1.jpg,0,dyed-lifted-polyps
d8a73586-21c4-493c-af51-4c6c3ac6a8c5.jpg,5,normal-z-line
c3711668-396a-42f4-a5c0-7652cfe3fd8b.jpg,5,normal-z-line
7e69a61e-7d0f-4361-b092-13bd47b92887.jpg,3,normal-cecum
1fe26f8d-c1e8-4c1e-bd65-1ff0f90ddfab.jpg,5,normal-z-line
5f5d6c8f-64e1-4cee-ad27-c9ca132f8f93.jpg,0,dyed-lifted-polyps
dfafc229-ce64-4011-aac6-a4c1435f2af3.jpg,0,dyed-lifted-polyps
1066f97f-cedd-4f2a-8a12-2f9a9b6450e4.jpg,6,polyps
3f7e343c-6d00-4dc9-8ec3-b183e088ecb5.jpg,7,ulcerative-colitis
d98c962e-5fcb-4ddf-840a-3d756d55f36b.jpg,4,normal-pylorus
020e25c2-b4ff-40a4-a991-844b273493fb.jpg,7,ulcerative-colitis
6ab6061b-7793-4cb0-a9e4-545a6d62aa9a.jpg,6,polyps
5c9edfda-9e21-455c-8af1-fe4286b49887.jpg,4,normal-pylorus
71172ad8-d608-446b-bb4b-89a5cf186209.jpg,7,ulcerative-colitis
c923b3b4-391e-41b9-93b2-0cc11c2b7519.jpg,2,esophagitis
1072f29b-21a9-46d4-a513-4886d8c8e501.jpg,0,dyed-lifted-polyps
98fd33a0-5aaa-4fbb-8693-56576a59b682.jpg,3,normal-cecum
42c46ae5-4595-4a65-8a97-6dc8ee77eee2.jpg,6,polyps
b073f1b6-0f6c-41da-8bae-dc3449d0e83c.jpg,3,normal-cecum
645791b5-2119-4faf-b58c-685624107836.jpg,3,normal-cecum
b4b791ba-6540-43c5-824e-7b1b59004fc3.jpg,1,dyed-resection-margins
50d5de4f-b2d2-4b7f-a22b-80fa8ce09d38.jpg,4,normal-pylorus
e082e610-33e6-4aef-9dd9-3c023ef499bd.jpg,7,ulcerative-colitis
be035679-3d26-443e-bcd4-0786fed77c4b.jpg,2,esophagitis
3732c820-1922-4d8a-a6bf-c6b3b66ce2c8.jpg,1,dyed-resection-margins
e4c487d7-16d1-4fde-9951-9456e54fe5d3.jpg,6,polyps
296d0174-71f2-4022-9cad-5f14517ddd43.jpg,0,dyed-lifted-polyps
86134b94-f26e-4080-973f-9883dc2d73f9.jpg,3,normal-cecum
4128a5ff-df5d-4b3a-9560-bd131a13526a.jpg,0,dyed-lifted-polyps
d478a034-b8a1-4faf-9117-6c960d121d58.jpg,4,normal-pylorus
b0831ef5-3a80-4f36-815e-121bda5f7137.jpg,1,dyed-resection-margins
80d9ca2e-2e83-4c87-9f92-f7f8169c852d.jpg,6,polyps
9a824235-7dda-494b-8213-a1185ac7d7ab.jpg,4,normal-pylorus
6b9437aa-dd78-489a-ad89-16cfb0c24358.jpg,5,normal-z-line
4041fe43-bfd4-4807-a486-d8a057ef9496.jpg,7,ulcerative-colitis
7a3ee764-c145-47a7-9c73-dad26c5b20a3.jpg,4,normal-pylorus
0eed63cb-174b-4aca-b473-75a01c41025f.jpg,6,polyps
3674e96e-0e57-4e40-bb9b-f1faba65018a.jpg,6,polyps
43e90609-795f-4ab0-9522-b98336a50b43.jpg,6,polyps
a20202b9-dc62-4bde-89f1-2a5177e2dacc.jpg,1,dyed-resection-margins
46e7d3a4-5391-4b20-b72a-4f6fa0f5319d.jpg,6,polyps
1d1cac43-327a-4774-9b57-553ddb3bb502.jpg,1,dyed-resection-margins
8ea05ad6-2986-42af-a856-ccc3ac9d704c.jpg,3,normal-cecum
a628ab2c-da7a-4eb5-b858-ace28e896b21.jpg,4,normal-pylorus
d99161df-3a1a-4005-807e-9a050b04b880.jpg,6,polyps
e384c7d8-4cfa-4c0c-951f-1b0ec084e9bf.jpg,4,normal-pylorus
8d1d1ca9-1f98-44e1-9e46-86091417250a.jpg,3,normal-cecum
7eb71d1d-2b70-47dd-b025-91fad0ff4a41.jpg,2,esophagitis
22c51d64-4073-435c-8294-b16fca1b6471.jpg,3,normal-cecum
38bfe2a5-7deb-48fe-bc44-feec0d23f6d2.jpg,0,dyed-lifted-polyps
47ce23e0-4c03-441c-b947-7743846d747b.jpg,6,polyps
c0508386-80e2-47a1-9f63-0fb73a0e5cc9.jpg,3,normal-cecum
d8c3f635-1970-4954-b0de-ba58c74be2c9.jpg,3,normal-cecum
e809be99-eec0-4fac-81f9-49413d7d3f80.jpg,4,normal-pylorus
8f78862c-4c23-46b1-9282-9a01c26b18cc.jpg,4,normal-pylorus
20c72432-a69c-4985-95a6-64e4758c1010.jpg,0,dyed-lifted-polyps
945ed3c0-979d-4305-a967-07be8652189c.jpg,6,polyps
a1fa10cb-5c2b-450b-a3b4-fd9494b5b7eb.jpg,0,dyed-lifted-polyps
98c763b8-0c8b-400c-8630-128566d091d0.jpg,7,ulcerative-colitis
2b194a37-16ca-4485-9b00-aaafb0a630f6.jpg,5,normal-z-line
b438636b-efda-4f25-815e-b2635a4dc335.jpg,7,ulcerative-colitis
67224d8c-c3b5-4efc-8a43-f35324311f07.jpg,3,normal-cecum
48b612e5-124d-4881-a54b-6cbf32e65ebf.jpg,2,esophagitis
640f937e-0410-4d72-8805-b068cb258937.jpg,5,normal-z-line
b46029c6-e101-4911-abf3-88fee22c38dd.jpg,5,normal-z-line
ae848754-9922-432c-9e19-b2ce67f279ba.jpg,2,esophagitis
f8bf20f3-b36c-41e1-8eae-92a419d2d3e3.jpg,1,dyed-resection-margins
8280c0f6-c4d2-4a77-a6c0-d7c89fb43d5b.jpg,1,dyed-resection-margins
a6d2c652-e684-4a88-9e4b-bbe69deb45af.jpg,6,polyps
7e65f101-3256-44df-bb22-0c5824a3644d.jpg,3,normal-cecum
e47e6b07-9232-4b9e-babb-8965e383dad2.jpg,0,dyed-lifted-polyps
3f3958e1-92d9-4e59-9c8e-b4d66c8b05d2.jpg,5,normal-z-line
9a4115fd-c56b-4298-b517-46ef0fdfbffd.jpg,0,dyed-lifted-polyps
3dc5b197-309f-4cc4-8cde-c78cdcd72598.jpg,1,dyed-resection-margins
79199dd4-7a09-49c2-aa13-cbf0d09a86c4.jpg,6,polyps
de4266dd-5946-4cd9-a7c9-53d0c12e9907.jpg,2,esophagitis
a673ca7c-b308-4a4d-8ef7-b13025b13371.jpg,0,dyed-lifted-polyps
96b17b4f-ff56-4fd8-8b34-b331550da205.jpg,2,esophagitis
447b8d68-a5b9-4ed4-b97f-1acc33262f32.jpg,7,ulcerative-colitis
76ebd7d9-9936-4a93-b9b7-a61718031ac2.jpg,1,dyed-resection-margins
e12231c4-5e1f-4375-96db-950e87f3e107.jpg,5,normal-z-line
f8f763a0-9f6a-46e5-b0d4-2701ee68c42d.jpg,5,normal-z-line
9cbb9449-9778-46a0-87c4-6ef80b0b0924.jpg,2,esophagitis
47d32ac6-64c7-4540-99ea-27cc7939965c.jpg,5,normal-z-line
3ad256a5-baae-4f9a-a808-44fc492a4839.jpg,4,normal-pylorus
a391e4be-d865-4fc3-bb68-dbaf76618646.jpg,5,normal-z-line
ae742612-b781-460c-aee2-5d31f7ba467c.jpg,2,esophagitis
5f9225e9-d774-4ba2-b190-8e8e220a4253.jpg,1,dyed-resection-margins
a04ed30c-5e52-47d0-86e0-e768150f62aa.jpg,0,dyed-lifted-polyps
2f68defc-2513-4d49-a52c-38cec6437daa.jpg,0,dyed-lifted-polyps
bb68856b-59a3-49fb-b32e-5f6cec110793.jpg,4,normal-pylorus
70c4a023-628b-4d1a-9703-e8527fe6dfb8.jpg,1,dyed-resection-margins
b48d3725-9695-46a9-b5da-b0e21269c8a0.jpg,4,normal-pylorus
e965b599-1c2c-4703-b81d-443b9bfbd56d.jpg,4,normal-pylorus
fc2a8132-2165-4d24-823c-69d9d4766a20.jpg,7,ulcerative-colitis
394f1922-d2fc-4d27-9dab-d973143b25b5.jpg,3,normal-cecum
bf2c6b8d-21bd-439e-ae45-e3e56fe387e4.jpg,1,dyed-resection-margins
201df7f0-cd85-4af9-9012-bf4f70792444.jpg,0,dyed-lifted-polyps
a24533c2-f157-4403-8032-310b2f62d4e1.jpg,1,dyed-resection-margins
1b50ed67-03fd-463b-b5db-cbdcb2cc0b09.jpg,6,polyps
ef06f4f5-e27f-4274-99a6-b727d9b021b5.jpg,3,normal-cecum
0961dc88-e093-4023-8b11-c17c1e5012a9.jpg,6,polyps
2fd6e6cb-1bca-4d8e-be72-9d6d31da33e9.jpg,3,normal-cecum
5e9364bd-e9af-469e-8853-935e044cb7d2.jpg,4,normal-pylorus
fd8bcdf0-43fa-4ac2-acd4-ba4f7ca0d9f2.jpg,3,normal-cecum
8df346a0-fb99-4d11-803b-6467e4beb6c6.jpg,6,polyps
1daaec2c-e727-4598-84db-89fee251cdb9.jpg,5,normal-z-line
545b6f41-a8d0-454d-9267-0672def0527c.jpg,4,normal-pylorus
bb6072e5-26f9-4a1a-9d0c-8fcb99de2f84.jpg,4,normal-pylorus
3f4a77db-121c-412f-8a6f-1c7d13293462.jpg,4,normal-pylorus
1e6edace-e904-4ec0-a999-2565a391d600.jpg,1,dyed-resection-margins
7ad1219f-424e-40f5-a81a-11fcc1cf774f.jpg,5,normal-z-line
82863113-b97e-4282-909e-4ce75372c912.jpg,6,polyps
fc16618d-0b01-4351-98f4-8d1c3e7a9d82.jpg,2,esophagitis
68e1d206-fc88-45c4-85e9-d7c0e731282e.jpg,6,polyps
8b45a437-310d-40eb-b890-331ff302015d.jpg,4,normal-pylorus
6f76430e-36c3-4fa3-bebf-c33176677b9a.jpg,6,polyps
98d2ad15-93a6-4d53-a4ad-bbf9448c92dd.jpg,0,dyed-lifted-polyps
11a4d694-570a-44b0-893a-04ff92141912.jpg,6,polyps
4d0196af-b603-4495-b5f3-e88d3f55da81.jpg,2,esophagitis
c371e58e-11b1-4769-b45f-7eb77468d729.jpg,4,normal-pylorus
5832f712-73e0-4e05-ba9c-7f8791378f07.jpg,0,dyed-lifted-polyps
b14cfcc7-e73d-4a81-9fff-e2ebe024eb4a.jpg,0,dyed-lifted-polyps
8442fea0-f2c5-4aa7-83c4-52e504164bae.jpg,0,dyed-lifted-polyps
bda34be5-7a05-498e-894a-a56d8138bd36.jpg,3,normal-cecum
cb1a23b0-ebfb-4c32-b9b1-141b0b58123c.jpg,5,normal-z-line
6bb0c7be-0347-4497-a424-7b9e93b54bc7.jpg,7,ulcerative-colitis
966a70cb-082e-40fb-848f-5d9f572e1d5c.jpg,6,polyps
334467a6-d573-4a8b-a44f-5c8f6871dff5.jpg,1,dyed-resection-margins
efc4c1a2-b096-47ba-a0e4-35668c870175.jpg,6,polyps
fbf7ab31-bd59-4185-9523-27e38ae1aa14.jpg,1,dyed-resection-margins
38bb8fe4-bb68-43fc-843a-7b7a57a44fed.jpg,7,ulcerative-colitis
e0bd0859-61f6-4d2b-9180-aa5578049160.jpg,0,dyed-lifted-polyps
d1f01485-038e-4104-8c63-fca9cda7ec9a.jpg,2,esophagitis
02e55fb2-8a74-4671-95a9-81a97e9a6210.jpg,4,normal-pylorus
e60966c8-d040-4074-b381-ae43b402e5ac.jpg,5,normal-z-line
0a61aa6a-b6f8-426b-acb4-2818dd6aebd6.jpg,3,normal-cecum
5c1e245c-c69e-42e5-a5b3-fcfba78b667f.jpg,4,normal-pylorus
ac3b1938-a8c7-4359-9366-bd4502da1965.jpg,2,esophagitis
85aeb89c-25c6-4914-b9d4-818b9a4e46ad.jpg,7,ulcerative-colitis
22759b17-a727-4f3c-93ce-dedd3b9af3cd.jpg,2,esophagitis
c77289ba-71ac-4703-a88f-f888d0bdffff.jpg,7,ulcerative-colitis
212ea20b-fa4b-43ec-9b50-f6d355c1b72d.jpg,0,dyed-lifted-polyps
ff995981-19f1-44db-861c-b19876f02613.jpg,2,esophagitis
eee7a436-593d-4f17-bbeb-b4d1015777fc.jpg,2,esophagitis
d5897edd-0b75-45b3-9dc1-7003f7556e3c.jpg,6,polyps
1445d6de-0881-42c4-96c8-d22e7aa271f5.jpg,1,dyed-resection-margins
bce5e898-7eaf-4625-8f2a-467710039942.jpg,5,normal-z-line
8c26ebb7-f041-4dd2-acb6-290ac9dd2ede.jpg,5,normal-z-line
a6aadba9-16ba-4b8a-b0e6-16585e6ca455.jpg,6,polyps
ae33f6ee-6d9e-47bb-87b2-54e1a784624d.jpg,4,normal-pylorus
fb779bbf-3b6f-4f7a-b03f-23e7636640da.jpg,0,dyed-lifted-polyps
c7377417-9345-40ec-944f-4543ac81a1e7.jpg,1,dyed-resection-margins
9af28fa9-ba57-4b88-b255-434ebef8e0f6.jpg,2,esophagitis
4dbcd959-a282-4cd0-8147-f4fc5e989d6a.jpg,4,normal-pylorus
17b0fd2f-bb85-4c50-98df-bbb432ebbe58.jpg,4,normal-pylorus
399f2a62-866d-49aa-80e9-27c5733cb39c.jpg,1,dyed-resection-margins
ad271465-fd83-4322-93fb-44bd5541e6b6.jpg,7,ulcerative-colitis
5055bdd3-900b-4eaa-be08-bc13c9dda6c0.jpg,1,dyed-resection-margins
1bc9e62d-561c-4f38-b014-cd7b7f04ebf6.jpg,6,polyps
78687b1c-e395-4fc1-a719-d51ba8c586d4.jpg,3,normal-cecum
0e4dde38-ba8a-4526-99f5-a23912dd2ac7.jpg,1,dyed-resection-margins
339c4771-1480-402a-8ccc-7a669b082dbe.jpg,7,ulcerative-colitis
eacd1e06-75a9-4bd0-aa22-632624913528.jpg,5,normal-z-line
01bf0602-b49e-4a1c-a54c-ac132a52233d.jpg,7,ulcerative-colitis
9f047d37-9506-4c2b-baee-91a23d20e7ba.jpg,4,normal-pylorus
8365ead1-588f-4dc9-be0c-110e99b8b6e0.jpg,1,dyed-resection-margins
2335d64a-6f62-4f6e-a907-811850464a53.jpg,0,dyed-lifted-polyps
bf28eb46-7210-453b-96e2-014ec077dc6b.jpg,5,normal-z-line
a86c2b5a-f217-42df-bf07-afa9b55cb895.jpg,4,normal-pylorus
3209b61e-a47b-4b32-9ff5-4e93f1c7238a.jpg,3,normal-cecum
029bd2a2-3d2a-43df-a29f-112327cb9419.jpg,3,normal-cecum
74564687-c6bd-4ae7-8e51-1c6fb782e532.jpg,2,esophagitis
ac3489b1-9265-43c6-bae7-657dc00d49cb.jpg,5,normal-z-line
e8f89cb4-f66d-452d-902a-ceb27725e2b7.jpg,3,normal-cecum
b6779ed0-e35c-4cb0-9ce0-b39f391b586d.jpg,7,ulcerative-colitis
1ded2358-2ffc-43e9-9e82-b4df97f4dfd0.jpg,2,esophagitis
3e839ef8-1584-41a9-b634-7e13d18f1466.jpg,2,esophagitis
97cab960-ae56-462c-b738-0d59c67f56bd.jpg,6,polyps
b5855d49-70db-4bff-8780-aea4732f70ad.jpg,0,dyed-lifted-polyps
95f2a29e-91d9-480d-a0c7-a35a72963fc4.jpg,6,polyps
22721ec1-17b5-4132-a79e-de153efa7189.jpg,7,ulcerative-colitis
85fd081d-1c53-4825-a348-c5c0d749bf23.jpg,4,normal-pylorus
b2b619ce-1436-4d84-b2da-cb422e411658.jpg,1,dyed-resection-margins
02896af8-ebb2-4ed0-94dd-6a76fbf7f00b.jpg,5,normal-z-line
fc79c489-b358-4368-b965-330615af73d4_00000120.jpg,7,ulcerative-colitis
5afa4ac8-45ed-446a-ba75-967e84c89251.jpg,7,ulcerative-colitis
effaea12-f080-4fcf-8fb9-57242e29e139.jpg,5,normal-z-line
018962bd-e536-404b-854e-6836abd8b5c8.jpg,7,ulcerative-colitis
32f1e163-9019-43e5-a2e8-54be53402202.jpg,3,normal-cecum
1e5980e5-1392-4643-a152-2c21f639708a.jpg,7,ulcerative-colitis
56de76fd-43e8-44d4-ac96-3a8bbaf2a7dd.jpg,0,dyed-lifted-polyps
d368b9df-205f-41cb-b70f-4b5b271f02d4.jpg,4,normal-pylorus
d8b20ba6-a92a-40bc-a024-85903be795f9.jpg,0,dyed-lifted-polyps
adcbe383-4ed3-4685-bba3-64050b3ddc96.jpg,0,dyed-lifted-polyps
07270b1b-84de-40d2-bbff-698bf3b91512.jpg,0,dyed-lifted-polyps
dc14b298-c62d-4c67-a2e3-892c446f1d03.jpg,4,normal-pylorus
af9e1020-4e88-4873-91a1-3583ae89ca04.jpg,1,dyed-resection-margins
406795b1-4ae6-4063-a1ee-d265e2abbab7.jpg,7,ulcerative-colitis
a3a88085-f2b9-4133-bd80-31e091c87265.jpg,4,normal-pylorus
d8ce1dc6-596e-4734-a84e-3b06fbd94746.jpg,4,normal-pylorus
8137fd0c-7c3c-43e8-8337-adef89948fa7.jpg,3,normal-cecum
87d5f55a-465e-4c4b-beaf-e3aa08fa87ef.jpg,2,esophagitis
2301e1bd-9d61-4159-89f9-2382043c4e0a.jpg,0,dyed-lifted-polyps
650cb509-8b99-40f0-80c5-3ccdfe2670f0.jpg,0,dyed-lifted-polyps
a9975b2c-11e1-4fa0-ad74-2aa911a15bc7.jpg,6,polyps
4a0cf888-9ae8-4bac-89e5-ab9ec335809f.jpg,4,normal-pylorus
316c3ace-1cb1-4a12-aefe-199e83c2b494.jpg,3,normal-cecum
3416d2c8-e069-4895-88bc-a638368991ad.jpg,3,normal-cecum
6c48bc1c-1a0c-434a-905a-1d10b1b70977.jpg,7,ulcerative-colitis
8e5d6f5f-0f0c-4ac9-9a5d-ff3278136ae3.jpg,3,normal-cecum
bbdefd22-7807-4e14-ac10-b733a0e199d9.jpg,4,normal-pylorus
a64b5dc1-0fb5-45f7-9889-bda06d3563d0.jpg,6,polyps
d6a47d6c-ea1c-47fb-925b-1c6193ccaf69.jpg,5,normal-z-line
6f722933-99c0-416e-9740-7da4b76759e5.jpg,0,dyed-lifted-polyps
6a537e53-6e3b-4003-ad4f-f89f51421451.jpg,6,polyps
03be9506-bf4a-42e5-b18b-ec8388860fae.jpg,5,normal-z-line
c0a53143-cb89-4fb4-bd25-330ae6999815.jpg,7,ulcerative-colitis
88104218-58e9-4ce7-a361-aac71c7dcf08.jpg,2,esophagitis
d8774209-9081-4f6c-9efa-58ec147aabaa.jpg,3,normal-cecum
577b7101-e4c9-414f-b733-798e32aea526.jpg,0,dyed-lifted-polyps
e0d2a761-d1c9-4a53-b25b-61a066773c8e.jpg,5,normal-z-line
4d0aef89-eb85-4eb6-81c6-5236051fc4ea.jpg,1,dyed-resection-margins
cecc0d11-9dae-42b5-bbd2-25c5b15ab9c3.jpg,6,polyps
9873eca7-0ace-4a97-a7aa-adabcd155ee0.jpg,2,esophagitis
3d848a39-7b1b-4097-a564-e0e44fe434eb.jpg,6,polyps
65ea13a3-51a9-4d38-94f6-fe5e64336f48.jpg,2,esophagitis
9f02fa11-9976-488d-b409-0fef8fb7f14c.jpg,5,normal-z-line
352ba951-2d87-4772-89f6-49c3bb06db3e.jpg,0,dyed-lifted-polyps
1fb7e9de-7cab-4d58-8d83-8d7f6bc5cb23.jpg,2,esophagitis
5669949b-c284-4b69-8594-85b61e1bb5af.jpg,5,normal-z-line
195adde8-f99b-4f01-9dba-a8cd573cd26b.jpg,3,normal-cecum
90395da9-eea9-44c5-8856-64c21382c5e4.jpg,7,ulcerative-colitis
c71b7cde-8e34-4172-886b-f5531074bfbd.jpg,2,esophagitis
9ece7f98-6ee9-46ca-a4a8-1e72136a6008.jpg,3,normal-cecum
c9428ec6-15d7-4c7e-9f3a-5ebb37f24680.jpg,0,dyed-lifted-polyps
c5d1accd-936b-4548-9587-285c8f6b6fcd.jpg,2,esophagitis
e7c9cb9c-f104-40c3-950b-842d107a5210.jpg,2,esophagitis
1c191971-0925-4bb2-a83f-32ebc0d328ec.jpg,2,esophagitis
fb23d62e-f3da-45e6-878b-19e5e7780a19.jpg,5,normal-z-line
3caed73e-9cc8-45f2-b075-1a441d7ae1c1.jpg,6,polyps
1f150d29-203f-49e3-bed0-27a61403ac12.jpg,6,polyps
96f938a3-36c9-4c19-9837-571c1254ebdc.jpg,4,normal-pylorus
025570b9-0a33-4295-88b3-9f71de7ba2b8.jpg,7,ulcerative-colitis
71e96dbd-ddc7-463c-a34c-492ad913de23.jpg,1,dyed-resection-margins
1a570fb4-cb59-4b2d-8f75-9944b43ab959.jpg,3,normal-cecum
54a07bc1-04b1-4878-bfa7-91b8865abe49.jpg,3,normal-cecum
ba63a40b-476b-44fa-a8b3-1831bc4d241a.jpg,1,dyed-resection-margins
181a2ee5-cd9d-4b6e-92b0-b313805a4931.jpg,4,normal-pylorus
7dd37e28-b59c-4eb6-ad67-7678f6c3f978.jpg,2,esophagitis
a57251ea-1f00-4b05-ba13-39ab5f7fae57.jpg,5,normal-z-line
48bce8fb-803e-41c0-b7cc-eae8c1fee804.jpg,1,dyed-resection-margins
f9fb0d0c-d976-4f6b-8d3d-6858fda10453.jpg,5,normal-z-line
add18d45-2127-4035-b077-8be93150baff.jpg,3,normal-cecum
faf0eab5-d0de-4a35-a031-628a1a07863a.jpg,6,polyps
bd30f6f6-3c4d-4284-9462-55e4dfbfe62d.jpg,7,ulcerative-colitis
5d18ffb0-2f2c-4c09-abfb-1a78df3bccf9.jpg,1,dyed-resection-margins
a0ff8429-d667-4630-ab56-2286b1e3d74b.jpg,4,normal-pylorus
9c0bebe8-0a32-44ab-952a-484161586ac1.jpg,6,polyps
725a3c81-f336-4c37-a8e6-20ec3583eee4.jpg,6,polyps
584f1fa0-9bb9-49d3-b412-c42819d0a200_00000013.jpg,7,ulcerative-colitis
a879260d-5d58-4f25-bac2-850061217f1b.jpg,6,polyps
d7ae6930-e393-460c-8e0c-19414dada5a9.jpg,2,esophagitis
01507fbd-4d38-4525-9768-7754710f507c.jpg,0,dyed-lifted-polyps
a4fc9093-b709-4c46-9bc1-55407d60911d.jpg,0,dyed-lifted-polyps
c27b3388-813f-4ce5-a3e6-411df622d909.jpg,5,normal-z-line
9691d075-c3b1-4b62-987e-bfc2d3a65d56.jpg,4,normal-pylorus
e2b11290-9df3-49f4-8dd4-0f3d5872e350.jpg,2,esophagitis
2d7d57c7-bb97-4bb4-b7fe-fdf055857782.jpg,0,dyed-lifted-polyps
b99d8bf5-91e3-457f-8599-d341a36beec7.jpg,5,normal-z-line
93bfd318-0523-4ff8-ad19-93b4eb329ed5.jpg,0,dyed-lifted-polyps
517b577c-974d-492a-840b-46cf50fc4e4f.jpg,1,dyed-resection-margins
7a57d580-f1e6-403d-a844-9ec23a8c82a6.jpg,0,dyed-lifted-polyps
b54b1e9b-e21c-4d26-b7c7-80678402e0ba.jpg,4,normal-pylorus
2dba5bcf-42df-43c0-9122-47361e6fe54a.jpg,5,normal-z-line
e0f55d67-ae35-4088-bebd-245d1593745a.jpg,7,ulcerative-colitis
85e6709d-3aeb-487d-a781-aa0f6de39fee.jpg,7,ulcerative-colitis
463d4e0b-fd14-41c6-9102-a96386492fa2.jpg,1,dyed-resection-margins
abe4afc2-12e4-4ac6-9057-055628b6f0ba.jpg,4,normal-pylorus
18c735fd-d275-46af-a0f1-1f4fc2fef606.jpg,0,dyed-lifted-polyps
4a80e2eb-5c9a-4b4b-a624-5ce9a1501332.jpg,3,normal-cecum
98631a86-77cc-4aaf-91e8-be0d3b9ae3d0.jpg,7,ulcerative-colitis
4b457254-1939-46ff-9ed2-533c4cc0dc25.jpg,2,esophagitis
906d6aa2-5e35-45e7-bbcd-67ced0eda71c.jpg,1,dyed-resection-margins
b454fc3f-50ff-4355-ba7c-d96378fee213.jpg,2,esophagitis
5e9a598a-bd60-4937-bed8-a64d88e59d93.jpg,7,ulcerative-colitis
b3157475-b204-43ba-9002-af4bfb06c892.jpg,5,normal-z-line
2214b85b-0363-4a84-aa38-1c1f0365b491.jpg,2,esophagitis
40f9b93e-e6bc-4ac8-9da9-ba378ee7f7a1.jpg,4,normal-pylorus
11528cdd-ad34-464f-8a83-cd74b408a887.jpg,7,ulcerative-colitis
d3f87b40-fea8-43f4-8fc2-3e0c6b4541b9.jpg,2,esophagitis
98944ac4-f1b7-4dce-b85b-a6f2cf06fdd5.jpg,7,ulcerative-colitis
d52e4caa-dc18-478c-892c-009a771d35c9.jpg,4,normal-pylorus
a0524fe9-b69c-4865-b5a7-097c20c78c2a.jpg,7,ulcerative-colitis
99615024-3048-4e38-bc5b-8f258f84cce8.jpg,0,dyed-lifted-polyps
8a47dcff-afd3-4b26-8b80-bde8bd8d6b01.jpg,4,normal-pylorus
fa5a482c-6e84-4371-8624-e27e2a178e8b.jpg,6,polyps
68060dcc-f65a-4ac2-ba0b-62f8805d2789.jpg,2,esophagitis
adb810a6-7378-4c85-9c6f-bfb047b530b6.jpg,6,polyps
685055ff-1ac8-4461-a0af-ef5abc01ed6c.jpg,6,polyps
24210ceb-3a29-4386-a501-812f337ef6b6.jpg,0,dyed-lifted-polyps
7877e992-b8c0-4ef0-8b09-8bb28f6ad5e5.jpg,6,polyps
675c5d3e-680b-4a3b-bfd4-6b4181901495.jpg,1,dyed-resection-margins
cbf778f7-58a2-4d51-a184-4919aa067339.jpg,5,normal-z-line
07e4d99e-49f0-495a-b9d0-bf3f2eec3860.jpg,2,esophagitis
5e61feb5-63c3-48d9-9a47-0d5938ab995c.jpg,4,normal-pylorus
65527705-bc77-4d47-ac0d-d05f51a82f94.jpg,5,normal-z-line
fede7891-cefc-4247-a9a8-cf26fbe90d6f.jpg,3,normal-cecum
2ef60851-252d-40c2-b8df-8f24a7f34bbc.jpg,1,dyed-resection-margins
9390d7d4-2fb2-4716-aa16-cdcacaf58770.jpg,0,dyed-lifted-polyps
b88af57d-442c-420a-a662-6dd9ab640a62.jpg,7,ulcerative-colitis
5496b863-5312-4e27-a222-24bc43f4e980.jpg,3,normal-cecum
87fd1cba-5214-48f4-a63f-c67da07a2b6b.jpg,3,normal-cecum
e554e57e-f17d-4538-bd64-9f3e4f954b69.jpg,3,normal-cecum
1266d8f7-d172-43d9-ab83-464a780cee54.jpg,1,dyed-resection-margins
f98a3f6f-c0f8-479c-b4cb-10c8bf334864.jpg,2,esophagitis
45e824ea-fbfe-4bee-bb9b-74ef70e071bb.jpg,1,dyed-resection-margins
d6e793bd-a6be-4a85-aa83-b45bfd56cee4.jpg,2,esophagitis
c801eb98-6af7-4a43-b23c-0351cffaca3b_00000309.jpg,7,ulcerative-colitis
4c8f0538-4e3c-481c-abaa-b3ab672ca54b.jpg,4,normal-pylorus
1a5e459b-f8e2-43be-8a29-63e932497cfc.jpg,3,normal-cecum
bdbae2ac-53d3-4a73-9871-25d45241075a.jpg,5,normal-z-line
300736e9-c90b-4d5f-85db-64084248fc23.jpg,1,dyed-resection-margins
6cd1d014-15fc-4e9b-b008-e86693ee0f85.jpg,3,normal-cecum
1f0fda8a-0aca-472f-814e-82c93a9bd21a.jpg,4,normal-pylorus
0dfa0680-c187-41d2-a81d-6e8ea7d3ebc8.jpg,5,normal-z-line
5401006b-30e1-4bdb-a74b-951d44eaff98.jpg,7,ulcerative-colitis
94eced16-7a89-4b32-a92b-3670f59c0a62.jpg,1,dyed-resection-margins
9a56591b-4e5d-432c-bcb3-783264a7b920.jpg,5,normal-z-line
f9a003d6-f059-4462-a848-c1bb11a7f0ad.jpg,1,dyed-resection-margins
45ba7dfc-e38e-4a59-ac18-7640e0513c6a.jpg,3,normal-cecum
9cbf7337-877f-47fe-8ef6-0a643db3715c.jpg,1,dyed-resection-margins
712957b8-e36f-4885-93e8-d20ea53dd244.jpg,2,esophagitis
acb5932b-28bd-4db9-8e03-da79bed1a9fb.jpg,6,polyps
0a3d11f8-f994-4b2b-9fb1-57e4e346861f.jpg,5,normal-z-line
b72a7159-1413-4f9a-bd97-d46ce55c3a08.jpg,6,polyps
b219879d-66a0-470c-bdc9-0f8d1fe467e5.jpg,6,polyps
594ba67f-379b-4688-a78f-9a725254ab2e.jpg,3,normal-cecum
a43f575d-6566-4c68-bb8e-03c0b46e7738.jpg,5,normal-z-line
56ec2929-bc49-44e3-a0b4-50b315a7a226.jpg,6,polyps
0e7a0c96-c280-4169-8905-b79de8d5b0c5.jpg,7,ulcerative-colitis
09b936c2-d78f-42dd-a09d-61057549e4cb.jpg,2,esophagitis
1d383620-a8b9-457c-84bb-1f64192e3479.jpg,2,esophagitis
dc65cd9d-bc05-4329-b024-f51692efde4e.jpg,7,ulcerative-colitis
93f2aeb7-da0e-47f1-87af-73687664acde.jpg,7,ulcerative-colitis
8bc0f992-eab5-4816-af13-5aece52f8956.jpg,4,normal-pylorus
7ff00217-af61-434a-b1eb-d8aac89f4f9a.jpg,2,esophagitis
710cbacf-4fdc-4747-9230-42bc5e677569.jpg,6,polyps
65d4b5a5-7183-47dd-be70-720c126d288f.jpg,2,esophagitis
cdf77b17-fd92-4581-bdea-151642042c4e.jpg,5,normal-z-line
b5d81f30-3177-40a7-8283-b1823ba987ac.jpg,3,normal-cecum
fd006dcb-08c7-4de3-8f48-4ec6041f6a65.jpg,0,dyed-lifted-polyps
f9002c33-a657-496e-aa98-a66b53ae8352.jpg,2,esophagitis
dbf75b9a-bbde-4e77-af9a-6224e8bea6a9.jpg,4,normal-pylorus
e790637c-92b6-4813-9887-2f5184776b9c.jpg,5,normal-z-line
c0f195e9-e9ea-490c-9a05-8fcd19b1cc5b.jpg,1,dyed-resection-margins
7eb13349-b47e-46ba-b20a-f109bb64eb14.jpg,3,normal-cecum
499944af-8711-4225-8b8c-880ba9c1eedc.jpg,0,dyed-lifted-polyps
e89b1123-6635-4b42-a87d-5a4e45de9aaa.jpg,0,dyed-lifted-polyps
8cad56d7-ebe4-46b5-8418-274aeb03b1ee.jpg,3,normal-cecum
8f9e1321-2bcf-4d9c-8d2d-06a49f07f40d.jpg,6,polyps
3a31a627-3244-4534-b25e-2e25b944e365.jpg,3,normal-cecum
66bf5d82-b4e3-4962-aa92-fb5b6683d698.jpg,7,ulcerative-colitis
42f340f3-ae41-4fb2-b768-76fde48d9a31.jpg,2,esophagitis
15648e47-d06d-4b0a-8541-12c11470221f.jpg,3,normal-cecum
f02583cf-e035-4138-9d9d-f5ab401ee61f.jpg,6,polyps
a56b1ad3-bdf3-406e-b075-402fab5ab8ad.jpg,4,normal-pylorus
2e010adf-f72e-4fc5-b9c3-2b1f00c688fe.jpg,2,esophagitis
da9e7ee7-9f96-4ca7-9c6c-d8f454aaf35e.jpg,7,ulcerative-colitis
663c81a6-d6bf-4d29-b650-b43c6b7e5961.jpg,1,dyed-resection-margins
c5d6a64a-4e37-42dc-b8c1-1dcdecd93bea.jpg,5,normal-z-line
ad40d214-6ae6-4c76-8063-1f9412a4171f.jpg,1,dyed-resection-margins
fef6fc9f-0795-4a71-b99c-841a064e1e57.jpg,6,polyps
25aad374-6e0b-4902-a25f-15923f3b3f40.jpg,3,normal-cecum
3dede605-6d8d-433f-9849-72dab9c97ffe.jpg,1,dyed-resection-margins
fbdc8cd7-819b-47f5-9368-eade29c233ca.jpg,3,normal-cecum
3f41e79f-64c5-418d-bc6f-91de3f302e17.jpg,7,ulcerative-colitis
c27afa9d-2d3b-4c05-8291-0b9b87078406.jpg,6,polyps
1d339eea-e528-4a8a-b236-68e268ed45ba.jpg,7,ulcerative-colitis
bf66b80e-cc41-4754-8503-f7c381a86509.jpg,5,normal-z-line
ecb1054b-0c9c-4fe8-be97-8f948b8d776f.jpg,4,normal-pylorus
1f91ce70-1808-4cd2-a469-c0548955ed35.jpg,1,dyed-resection-margins
884abdb9-ce1e-4915-89be-177cac0f9e30.jpg,0,dyed-lifted-polyps
97fb21f9-f05c-447a-9d55-b9d719a8e696.jpg,2,esophagitis
286d381c-cc3e-45ff-a045-199f4497e0ed.jpg,6,polyps
f016a070-7ce8-4ddb-b6c3-6060a44faa7d.jpg,3,normal-cecum
e2147290-60ca-4a32-a6ee-c087768dbba3.jpg,6,polyps
31871e91-dd88-4955-9f36-9b0ec48aa9c8.jpg,2,esophagitis
9fddc072-21ac-40ca-bd53-fe6209bb1ebf.jpg,4,normal-pylorus
b5dedee1-07af-4df3-8601-e7e8a90e79cf.jpg,7,ulcerative-colitis
ad3bc1e3-2c9c-4cec-92bd-06a6fca991a5.jpg,2,esophagitis
7ba7f7f5-79e9-44f1-8c1e-6415f2469fb1.jpg,6,polyps
b6b49681-b658-4ddd-9f8a-a2fc1f7cca64.jpg,0,dyed-lifted-polyps
afeecc91-dc82-4edf-80d2-52b8d908dec0.jpg,4,normal-pylorus
dcab3eb7-9a48-4711-bcdf-bd4a910bdf71.jpg,4,normal-pylorus
a8295f9a-bbf4-4323-afdc-41b9ab509757.jpg,2,esophagitis
51117419-0f25-4a30-9be4-cfcf00719a25.jpg,3,normal-cecum
b98072f4-dc7a-499d-be53-52b27a7291b4.jpg,4,normal-pylorus
46bcf894-2e04-4204-8730-10e4b65d6cd0.jpg,3,normal-cecum
1569b925-7e67-41d3-a2a1-82ba46b54ec1.jpg,6,polyps
72b3854d-ed94-4734-8f74-80717adbc555.jpg,5,normal-z-line
51b3362d-9c2c-4a4d-8362-02dafe243d52.jpg,5,normal-z-line
3e1c6671-3f01-43fa-aefd-45ea2054fa75.jpg,2,esophagitis
26e5a6a3-f3ad-4808-9455-956e681f21bf.jpg,1,dyed-resection-margins
7fdd9e68-162b-4140-ba25-7316c75989fd.jpg,6,polyps
f0269d34-85b7-4ace-8cea-f08d1d2ca0ac.jpg,2,esophagitis
9ff5589f-05a5-46de-a0e9-0b1ce45ff0b0.jpg,5,normal-z-line
c2b4a0a9-a6c8-42b0-8eed-397b1c3310e5.jpg,7,ulcerative-colitis
36407524-a70f-47d5-8133-d397119707ef.jpg,4,normal-pylorus
2dcb68cb-8899-49b2-8073-0de30719b16e.jpg,1,dyed-resection-margins
12419dc9-8c4e-4d0a-8817-24cf81338fff.jpg,0,dyed-lifted-polyps
d8ef4f0f-f1a3-41a5-a605-91f0261b6fe9.jpg,3,normal-cecum
c9a03323-c0a6-4f8f-8378-f642ad2524ae.jpg,0,dyed-lifted-polyps
3ee44ca7-5414-4f80-aebd-907aa70615d0.jpg,1,dyed-resection-margins
7da9b247-04d4-4b2a-abc4-1e18ba5e250a.jpg,3,normal-cecum
d595bb49-1e58-44df-a285-66dd8578e0f3.jpg,2,esophagitis
200a2e24-8f11-4ca6-aaa5-4c73e10be63f.jpg,0,dyed-lifted-polyps
18437988-9e0f-4cd5-9378-67d12d947178.jpg,6,polyps
f972f1ee-7b5b-454d-b6e2-96e226cf445a.jpg,6,polyps
d76fe3e0-db76-42fb-b21a-cf3f92d00a4b.jpg,4,normal-pylorus
93399e40-c199-401a-91df-51c8ccf625ff.jpg,0,dyed-lifted-polyps
74f8d549-893b-4718-9f1b-5a1933c8c8c9.jpg,3,normal-cecum
bb64a695-87a2-44fd-97b9-e2a076d22815.jpg,4,normal-pylorus
778a8bd4-94ca-4286-911b-101696786a4d.jpg,0,dyed-lifted-polyps
b81f7cd5-241a-4cbb-bd8a-af16f603a88a.jpg,5,normal-z-line
b24787c0-f886-4b4d-b318-155d45cf805e.jpg,1,dyed-resection-margins
1fc2ebce-9831-4355-8330-2b4cc4b11b17.jpg,7,ulcerative-colitis
73832d8a-2661-4f93-a660-ec306800dbbe.jpg,2,esophagitis
4036ad5e-ff32-41cc-bd28-3eafcfeae2bc.jpg,5,normal-z-line
ddb893ee-692e-4d13-9986-996f437a79c7.jpg,4,normal-pylorus
b58906b0-66cf-4412-a722-e1b6e6977074.jpg,7,ulcerative-colitis
2fd51d0f-e894-405d-b3f1-5bbd046e7a1e.jpg,3,normal-cecum
034c3836-209e-4f17-bf69-8e7096dbd458.jpg,6,polyps
45540758-8954-400f-be32-f0733183c69b.jpg,6,polyps
0fc0b0b8-2c5d-4fed-8254-a31562b6b1c6.jpg,4,normal-pylorus
d5ebe505-da7f-49f2-af03-693878673b23.jpg,6,polyps
fcfccad0-d377-40f4-855b-4d454b4509fc.jpg,4,normal-pylorus
31fd2d69-a004-42dd-a9da-88e959bc2288.jpg,7,ulcerative-colitis
d4c4f3ba-6be0-48fb-a935-62c081e9e86d.jpg,2,esophagitis
23291a6e-8604-493e-9939-15ea64ab7557.jpg,7,ulcerative-colitis
a35579a6-9ab6-4ab7-9a26-a2b2eee95049.jpg,6,polyps
ae5cd299-4245-4860-87aa-723239515a30.jpg,0,dyed-lifted-polyps
49bc98dc-7f74-4187-acd2-21ab2c620452.jpg,4,normal-pylorus
aac1dc09-d025-45a1-a223-b509357fbddb.jpg,2,esophagitis
046f8e03-f28e-4087-a5ee-5fc91fedcbac.jpg,2,esophagitis
fa09ce53-52c3-434d-888c-850784baa039.jpg,3,normal-cecum
761a3e44-794e-40ff-b87d-f7d6711825aa.jpg,3,normal-cecum
1c9196da-3605-4b5f-bc53-bae5cb83578c.jpg,1,dyed-resection-margins
65ca056c-3fdc-4f80-949c-43560c21054a.jpg,6,polyps
07fcbe76-8982-465f-9edb-fa8d3b88080e.jpg,2,esophagitis
e4a20fcf-f178-4744-ae5a-759bd67d70c3.jpg,0,dyed-lifted-polyps
ff437fd4-8c80-4f69-b8fa-37e1c93e463e.jpg,5,normal-z-line
7c4fc804-e053-446c-9346-90ffc38932a6.jpg,6,polyps
5c1e93ee-8b1c-45c4-be8f-3abd088f7a7a.jpg,4,normal-pylorus
814eedf4-25f6-4d42-b0b7-0e77db894cf3.jpg,6,polyps
6274b398-080f-46e3-8b21-d84778955111.jpg,6,polyps
e42ab25d-6253-4b92-b846-41a45f813c3b.jpg,6,polyps
28a1c680-660d-4336-a612-b788801713e3.jpg,3,normal-cecum
7cd6e447-1567-4153-bde1-9e38d5f929fb.jpg,3,normal-cecum
46984298-b9c4-453a-b271-26ca5e85c15a.jpg,5,normal-z-line
1aff9042-7a50-4a75-a82e-f6e2d0fc5d4e.jpg,3,normal-cecum
e13263d0-26b0-4e2b-9a55-d23dfa77221b.jpg,5,normal-z-line
005959d0-b75b-41ed-8da1-2a5d0666d612.jpg,4,normal-pylorus
0c514455-5ad0-4f89-9622-e85f5e04c434.jpg,4,normal-pylorus
729409f2-b4fb-4a76-b177-da45a8cc792e.jpg,6,polyps
7facfd71-c2da-4dfa-8764-251327dd32f2.jpg,4,normal-pylorus
cc057cf1-59ed-49ef-912e-44cdd3f6893f.jpg,5,normal-z-line
26b63783-31b9-4f00-a795-2126ab9bb187.jpg,7,ulcerative-colitis
90458754-6ab3-4b6b-8f9c-ff2161ef119a.jpg,5,normal-z-line
02dcedf1-c0bd-4ef4-b072-ea8f11da6a1d.jpg,3,normal-cecum
281cf789-a847-4c4b-9a76-5cafb93ea990.jpg,3,normal-cecum
ad10a865-c6ca-4563-9350-8a1764441b38.jpg,0,dyed-lifted-polyps
e533ad9a-e19f-4bba-aa00-6c1b9399c825.jpg,1,dyed-resection-margins
28f46490-842b-493d-95e0-3b67f6eded9d.jpg,6,polyps
196c69a0-653b-4bc8-8341-a53c43dbada5.jpg,1,dyed-resection-margins
a1a2e33e-ca62-4ee3-8d6d-a63bf87410ea.jpg,6,polyps
a2df800d-77b7-48e8-8654-2e6170d4039f.jpg,5,normal-z-line
1a2a5dd2-9505-40b1-9cf4-d406a87fde05.jpg,6,polyps
37402602-0c31-4e08-80ab-ecda3f8d6840.jpg,3,normal-cecum
ecb85f08-2d3e-451e-bde2-5345ea75fcb4.jpg,6,polyps
4b92ca35-52f2-4422-b2c2-5465cbd0df3a.jpg,6,polyps
aefe1ce0-f25e-4322-bc8a-93dad8bf8249.jpg,7,ulcerative-colitis
5bbc2a59-aa26-4069-a48f-10911317e5c1.jpg,3,normal-cecum
9e511943-e8bf-4433-bf44-4657df1e4094.jpg,3,normal-cecum
5f667713-2300-42bc-b0a6-6e6406f210a7.jpg,7,ulcerative-colitis
c29b85b9-2b6c-4a7c-bc2e-a068ea4482bd.jpg,6,polyps
158e02a2-d752-4830-a528-ae2a21634b2e.jpg,3,normal-cecum
2818b034-d771-4572-9e80-6460f09f15e8.jpg,3,normal-cecum
1c6cd97d-b81c-418b-8e80-3439a5f33a1e.jpg,6,polyps
1b8c090c-6361-4746-b1f5-818fbdd153b2.jpg,0,dyed-lifted-polyps
a16aea37-46a7-46b9-a1b6-135c42f78d93.jpg,0,dyed-lifted-polyps
28bfe970-150a-4b8f-b392-ed080cac4dfb.jpg,4,normal-pylorus
2c70b3f8-77bd-4c95-ae48-f0658bd93714.jpg,6,polyps
35a62d68-ad65-45f1-8cd8-6aa890db71b8.jpg,2,esophagitis
cee818f8-17d1-4356-87d7-3561f2c74514.jpg,4,normal-pylorus
042d9003-5427-4d56-8840-4c0d88c5969b.jpg,3,normal-cecum
bb03cd32-5c70-4fef-aa1f-d815a3845f75.jpg,3,normal-cecum
9c8213ed-d216-4414-93ca-8da750622509.jpg,0,dyed-lifted-polyps
70317da7-bb4a-4e8c-abc3-5b464997c3bc.jpg,4,normal-pylorus
5c3454c5-5ca6-48c9-96ae-a5ff0fc05386.jpg,4,normal-pylorus
5850ea23-e2a6-45aa-91db-4065241c0ab5.jpg,2,esophagitis
cd002e8b-f6df-43f4-a1da-97099bea7b04.jpg,0,dyed-lifted-polyps
04524939-275b-44ad-b4dc-95f3d15164ac.jpg,5,normal-z-line
e044b149-08f1-4397-921f-294fbc7e450f.jpg,4,normal-pylorus
15d540ba-f2aa-44c3-95fe-b020afa5c815.jpg,1,dyed-resection-margins
0a398a2b-ef63-42ee-93dc-c7ae6d10ae15.jpg,5,normal-z-line
6108778c-c5c0-43c6-82b2-8855532c0127.jpg,0,dyed-lifted-polyps
e94d135e-bbf3-44c6-89fa-adb9f48f50be.jpg,5,normal-z-line
5adabd0f-1822-44ea-8158-c6054ba6f8bc.jpg,0,dyed-lifted-polyps
2e122e62-d4a2-4096-a0b6-f4f72fb1af70.jpg,3,normal-cecum
ff4be1f7-49c2-42d0-b313-8193b24edef0.jpg,1,dyed-resection-margins
1bc5829b-baf0-4b46-a6da-b17247ba0fc5.jpg,3,normal-cecum
2be37724-b2fd-4377-adda-2ab6ddfa9c7e.jpg,2,esophagitis
d76af87a-65b2-4b72-a85c-fde19d5d2301.jpg,5,normal-z-line
688f85ac-fc19-43f2-904d-5b40285a929f.jpg,2,esophagitis
e44efc36-49f0-4dd7-bea8-1b07d21d7063.jpg,2,esophagitis
8e4dc5f0-3165-4471-ab5f-1317ca932191.jpg,3,normal-cecum
edef8a58-1a64-4920-b769-0dabfaae143f.jpg,3,normal-cecum
6e7a28c7-c8ec-449f-a011-22a4646038bb.jpg,5,normal-z-line
93c1d774-456d-49ce-9dfe-adaa3edb81fb.jpg,6,polyps
d1979dcf-0fa9-431d-9e31-f3885a9ab6a8.jpg,6,polyps
d0d98be0-2b96-4555-9e33-b3f731c554a5.jpg,2,esophagitis
2bd8410d-b584-4be0-9760-1985f49f508d.jpg,3,normal-cecum
fe91da00-7656-4c1c-a6ac-9a6852aab055.jpg,3,normal-cecum
5f3c3ead-d121-40ce-8b67-dd3efa55cf52.jpg,1,dyed-resection-margins
de23f46c-1ed4-466d-9796-8ac85f2caa51.jpg,4,normal-pylorus
e4b8f875-5602-474a-808a-890eefb5f255.jpg,4,normal-pylorus
39911ee3-bdb1-47f4-af07-9d795232b557.jpg,7,ulcerative-colitis
80a2a9b3-d142-4487-bef0-b9e416e52fc1.jpg,1,dyed-resection-margins
c66de0d8-ae6a-4799-925a-23caa28ac974.jpg,4,normal-pylorus
2f36e72b-e789-4649-9054-fda57ed295d7.jpg,2,esophagitis
1f21cc9f-4ebd-4cc1-8566-f41b5b0f565d.jpg,4,normal-pylorus
d2e55349-46d2-45f9-98cf-b9c5f7aaa294.jpg,6,polyps
e5d2f6bd-c110-4165-9a87-23c6f6433ba2.jpg,3,normal-cecum
5ba8d327-f862-4c47-925d-7b10a7239146.jpg,5,normal-z-line
68df64f0-9afc-4ca0-87a6-e02a0559ee9f.jpg,6,polyps
dfc4a2ad-c097-4668-b566-76ad6010ff1e.jpg,5,normal-z-line
5daf6f3c-6fcd-4b58-b4cb-3cc227f2d9d5.jpg,4,normal-pylorus
009171b0-52ed-4410-a1e3-410c6e746402.jpg,0,dyed-lifted-polyps
926aaf7a-0d98-4209-9b93-9de7b9d2ee54.jpg,6,polyps
7bc017e9-b8d5-4bdb-9503-3f1bcbd9da7f.jpg,7,ulcerative-colitis
fa20296f-1b8f-48db-b681-1d8b578a10ed.jpg,2,esophagitis
38ccd3a2-ce3e-4b87-84b5-5161c4aa2797.jpg,3,normal-cecum
47883359-1819-4efc-9343-df4dceb394ae.jpg,2,esophagitis
937c18fd-ab0c-484c-809d-ab9a5b34694b.jpg,7,ulcerative-colitis
90de85f8-0664-4902-86c6-d7f84fa5fb44.jpg,1,dyed-resection-margins
8be25108-ea91-4a94-9d42-a03a2d5b2a0c.jpg,5,normal-z-line
4a97f6a5-98f4-4bed-9261-9053f25e4bcf.jpg,1,dyed-resection-margins
e7463bc4-ae0f-433c-ba10-5be59397087e.jpg,5,normal-z-line
0e74bf79-f9e9-4f6f-afe9-b5c8789a12ea.jpg,6,polyps
00fb1871-41c0-4619-be56-29690d145b1d.jpg,2,esophagitis
40155eef-df2b-4d82-8dcf-0adde267c996.jpg,6,polyps
3b309340-0d91-4848-a6a3-57149c34b499.jpg,2,esophagitis
830b000b-1878-4a03-b9fa-ff123a036374.jpg,7,ulcerative-colitis
c424e137-66dc-449d-a70e-e6f28ea7a49d.jpg,1,dyed-resection-margins
9a35ee17-909f-4921-9fc0-f0bce3ca09e4.jpg,2,esophagitis
464c3c15-b459-48de-94fc-365c8fd9e5a0.jpg,1,dyed-resection-margins
1a71959b-7a92-422e-bbf9-5a91cd128ffd.jpg,6,polyps
ba2a2f89-5c35-4dae-8bf2-39ce8f4757f1.jpg,7,ulcerative-colitis
e0e7482a-ee2c-4de1-8336-27acffe65679.jpg,0,dyed-lifted-polyps
bcd210fb-a5e3-4a24-ab6f-474dd258d6b9.jpg,5,normal-z-line
9f2a83fe-9f16-4280-8822-a873811d47b0.jpg,2,esophagitis
4a2b02b7-ea38-47bc-b0dc-e774bf7a176f.jpg,6,polyps
2f5bf90d-a5ca-4f65-ad1d-40d79cf798be.jpg,7,ulcerative-colitis
6f3d4a43-7aa7-47fb-9c27-21fe70e37d89.jpg,1,dyed-resection-margins
32f6e8e1-4722-4d11-8980-91b3f3dc029b.jpg,2,esophagitis
8e02efea-9b03-486a-9294-803e51f77411.jpg,4,normal-pylorus
0339a2f7-65bb-41fb-8650-e119670b4e2e.jpg,2,esophagitis
60ed2a0c-77ed-433d-a51e-319a2a384b76.jpg,5,normal-z-line
a3142ab8-366d-4c6a-8004-d793a335398f.jpg,2,esophagitis
39e2a70e-f870-4016-99d4-7d56e2f6bb61.jpg,3,normal-cecum
7516d6a7-19f1-4adb-bebb-e76fba2fa020.jpg,5,normal-z-line
2b01fd50-8d11-4cfa-825f-5aa971dae550.jpg,7,ulcerative-colitis
c801eb98-6af7-4a43-b23c-0351cffaca3b_00000193.jpg,7,ulcerative-colitis
66f87f7b-e641-4b47-9b30-4fb54c7226c2.jpg,5,normal-z-line
24e22406-ea11-4491-8c3a-1523a4567de6.jpg,2,esophagitis
13f0a798-fa5c-43b5-8d0f-8835930aaca3.jpg,0,dyed-lifted-polyps
858eaf07-207d-4753-aebd-4504a7dd1d61.jpg,7,ulcerative-colitis
31199c87-3b1b-4858-91df-9836475d511d.jpg,1,dyed-resection-margins
4b6a87ee-7bcf-479b-9bd1-d846931d40a9.jpg,0,dyed-lifted-polyps
0e68fc5b-beaa-4607-a13a-f6db84121c78.jpg,6,polyps
609bf923-2306-4e3b-871a-b5f86e23a460.jpg,4,normal-pylorus
a045aa59-61a3-4a35-9f92-3a4004815465.jpg,0,dyed-lifted-polyps
d4064274-fd37-4043-a0ac-7dc329fb85f7.jpg,2,esophagitis
5c7d98f2-0db2-4f44-a527-640d78fb90fc.jpg,7,ulcerative-colitis
a771d780-1bea-420c-a225-3d1f525b1cd1.jpg,7,ulcerative-colitis
c480c2fd-905c-443b-bceb-4d328baa3622.jpg,4,normal-pylorus
37c57757-6e7e-4391-9914-c7fdaafad717.jpg,7,ulcerative-colitis
c5857980-577d-40df-9049-a36a3838b585.jpg,6,polyps
8c524ba6-c94c-4bcf-83c3-f47c207682d0.jpg,3,normal-cecum
a1b7888d-ab21-48b1-85ce-6a01bb228405.jpg,7,ulcerative-colitis
6efe5fcf-31d5-4ff1-a9e5-4add5b90a311.jpg,4,normal-pylorus
fa2a3442-b6f0-4de1-9c6e-dd6bdabc72f5.jpg,2,esophagitis
d147f0ea-84e1-4905-a525-b2b0ae150410.jpg,1,dyed-resection-margins
599d2f11-0ad5-408c-94ab-c6b622cd30f7.jpg,0,dyed-lifted-polyps
b55608ff-885e-4605-993c-869afc73b145.jpg,0,dyed-lifted-polyps
40f6ef85-0e89-457c-aaae-cabe2bbe47ea.jpg,0,dyed-lifted-polyps
da76f6aa-6fce-47f3-8167-27bb53a4cba2.jpg,4,normal-pylorus
1fb32d40-d263-494a-ac39-e013248b4f2d.jpg,1,dyed-resection-margins
8c31919a-88d0-4fc2-a9ce-94b279b2faa7.jpg,6,polyps
e8977cbd-2270-438e-b6be-f76cb1257087.jpg,4,normal-pylorus
e9a766cd-b96e-4619-8174-cb4d6e4db40b.jpg,6,polyps
e519955b-0a83-4973-bd38-fbdf5b35c65e.jpg,2,esophagitis
3a4f1bb9-8cbb-49a2-a0ac-403575f1702f.jpg,2,esophagitis
fd79ccc2-c2e5-4026-936a-732271436289.jpg,2,esophagitis
7191adaf-dce7-4d75-a0ef-4815d2d7b4db.jpg,7,ulcerative-colitis
51a73b57-e0ea-444f-b2c2-04cf90d57458.jpg,0,dyed-lifted-polyps
1e406c35-4848-49ad-9589-76264feb6e7b.jpg,5,normal-z-line
a9be25ae-39ed-4fb8-b629-eac25ec22082.jpg,5,normal-z-line
30eb7e76-1dea-4876-8de2-a9501d2eabcf.jpg,2,esophagitis
a76a4f94-9b27-4fd5-82cd-13bb9e191454.jpg,4,normal-pylorus
e9d68424-b19a-4bfd-b763-b89892d16c22.jpg,0,dyed-lifted-polyps
57e9d9d3-cdff-443a-9c70-26b273d78523.jpg,2,esophagitis
ee52d6c4-a9a3-4816-805e-ca38becc2b64.jpg,4,normal-pylorus
ba622770-46fd-4524-8b8c-f9080e750053.jpg,4,normal-pylorus
c1659eb9-1695-46d3-a87c-2bb0546fbdd6.jpg,2,esophagitis
e32eee46-0756-4e71-ad37-8c7314f30d45.jpg,4,normal-pylorus
04a4bc9f-63a8-45f5-afb8-0c3f9df1c51b.jpg,3,normal-cecum
c4b0ce6a-dce1-4d1a-8c51-1f81c5bb75be.jpg,0,dyed-lifted-polyps
efdc1f58-58be-4762-95b8-6abfa8b28fb7.jpg,3,normal-cecum
b69b8fbb-ba62-49a9-9eb4-11adc8fcc212.jpg,4,normal-pylorus
47977912-95bc-4bba-a0da-ffcaf319cae9.jpg,2,esophagitis
b3f693f5-9001-41c1-95b9-6f8bbffec3d6.jpg,7,ulcerative-colitis
c6e6f996-90ea-4973-9a9e-9bf1af5db09e.jpg,6,polyps
decd5eaa-1278-4052-baa1-8a25d14e4044.jpg,1,dyed-resection-margins
cad28692-8195-4e02-9a64-eda99dd9351c.jpg,7,ulcerative-colitis
ed189e80-bfe4-48b2-bbe3-3ee42ab7d680.jpg,1,dyed-resection-margins
e39bf46f-1e39-4253-97a3-e6e887091b4e.jpg,3,normal-cecum
04ef1ff5-c1d2-4d4d-b000-a78a376361d7.jpg,2,esophagitis
2248097b-c53e-44d6-a5ee-6f4b0644b1cf.jpg,3,normal-cecum
29f3286f-1ca2-4600-ad5b-28b0765e082e.jpg,7,ulcerative-colitis
5b6f0edd-25f7-4c06-a430-f6899318fd22.jpg,7,ulcerative-colitis
9702b097-4548-400e-bfe3-3aa1d8cfb7a0.jpg,3,normal-cecum
0e249f6c-8d96-4f17-87a3-128e98308ea8.jpg,6,polyps
563f2472-487f-4d68-bc67-791d7d2da400.jpg,6,polyps
cd4c2d72-cbbe-45db-9030-5d110edc6161.jpg,4,normal-pylorus
8b1daa47-d4cd-45b6-a4f2-ec293910c45c.jpg,4,normal-pylorus
9160798d-1ed3-4b1c-a708-2fb262630cb7.jpg,0,dyed-lifted-polyps
b3a3bed1-453f-43a4-929f-71721861b0bf.jpg,7,ulcerative-colitis
5fefdde3-1c36-4ccd-b307-d68b991bc44b.jpg,0,dyed-lifted-polyps
2e051af9-bcd6-4d30-863a-16e9c4830587.jpg,6,polyps
21d9d0f5-0003-4383-8c1d-dbd2867b9ea4.jpg,3,normal-cecum
59441f4f-b81b-46bb-8248-8f3fc14e487f.jpg,7,ulcerative-colitis
aed5cb07-fb4c-43fb-8f62-470dd8a9983a.jpg,1,dyed-resection-margins
83aa8bc5-e3bc-4d7c-9409-f5803bd444ec.jpg,1,dyed-resection-margins
bbf87633-3056-407f-a17e-1b170ed27ba6.jpg,1,dyed-resection-margins
fd5b9feb-71f5-48a5-bb37-024f2cef1acf.jpg,6,polyps
fe8c0f95-8730-4fbd-81e2-e31989c89930.jpg,7,ulcerative-colitis
67684b60-2aea-4d51-9936-79d2e37b652b.jpg,6,polyps
c5570744-02f2-454f-8936-e357d9ba934c.jpg,2,esophagitis
d81b1895-ac7a-42d0-8b1a-69ad1f2e8d13.jpg,4,normal-pylorus
c38b19bc-7c3f-4e26-b089-a85154353dcc.jpg,5,normal-z-line
0e26859d-d9fe-4c93-a34e-338882ed50af.jpg,2,esophagitis
6a359da5-45cd-4f83-9269-46eb6e0e6db8.jpg,4,normal-pylorus
05aac3c4-eed9-45da-9fba-8f0d530b1cfc.jpg,3,normal-cecum
c0dfde24-bf06-4667-9fa3-a71709ad66ec.jpg,4,normal-pylorus
85f31fdd-4320-4d40-908a-e2d269247d60.jpg,7,ulcerative-colitis
e0509930-a7ac-45bb-bd58-beb91df0257e.jpg,2,esophagitis
9aef9b45-96a5-4ab2-9aa2-955bc2814ddd.jpg,6,polyps
d4ba1772-76f0-420b-bb48-9a4b8b7ed4a4.jpg,7,ulcerative-colitis
c801eb98-6af7-4a43-b23c-0351cffaca3b_00000096.jpg,7,ulcerative-colitis
55532dc3-3d5d-4fd4-9a26-62406290f5fd.jpg,3,normal-cecum
fd308b5d-2a07-4cd7-b5d5-2a58896fcd71.jpg,5,normal-z-line
03df5c94-41fc-4cfa-bfea-2fa61714a539.jpg,2,esophagitis
954a8b24-f3bc-40cf-8807-9f6b87ae3942.jpg,6,polyps
5f92e2dd-a3c4-4093-9416-70b9e0129e84.jpg,5,normal-z-line
b38843e3-1331-4356-8a96-b02c0ea8e903.jpg,2,esophagitis
25139543-9790-4f85-824c-923b663b1b24.jpg,2,esophagitis
570bd6dd-2e70-4725-9fa0-da78d086b304.jpg,7,ulcerative-colitis
066f846c-4cd0-4c37-867b-41cb1231769e.jpg,6,polyps
8ba32da7-7ab0-4031-ba40-ad95888bcfc1.jpg,3,normal-cecum
2a367bea-f146-497a-9a16-c92bf9a8ec92.jpg,0,dyed-lifted-polyps
3f38e964-d8dc-4a99-876d-645869b1fc2d.jpg,4,normal-pylorus
78e995d4-15c8-4c17-9e46-b95bc154e168.jpg,1,dyed-resection-margins
ebe4d170-205a-429f-a21d-aae65f02526f.jpg,7,ulcerative-colitis
542f86c2-cc86-49b5-9af0-e991a3c8d37d.jpg,6,polyps
cea07eb4-5e39-43cf-b1c1-c1c77cd2acad.jpg,2,esophagitis
d7348edb-dc0a-4fb8-b223-7e44ba335844.jpg,3,normal-cecum
197d34fd-2500-41ea-8783-c499cfe108ad.jpg,4,normal-pylorus
772b410f-6a90-4287-8f65-77b63ab7528f.jpg,3,normal-cecum
258e2f1b-b6bf-46d9-91f9-a7a56629fdfc.jpg,2,esophagitis
26ef5506-6218-4172-af04-fe1a17e73c54.jpg,1,dyed-resection-margins
389f4692-5c0d-413e-8aa5-a204e24face1.jpg,5,normal-z-line
5326e569-e658-4380-bfab-cbaa8e92c4f0.jpg,0,dyed-lifted-polyps
4545fdbf-9bf9-40dd-9530-7a1aeb97329e.jpg,0,dyed-lifted-polyps
eec1de7c-08d1-478f-953f-5025cfb160c4.jpg,7,ulcerative-colitis
279466dd-6469-405a-b504-a3c8a94e3b19.jpg,6,polyps
db1282ec-ab8f-476c-942c-12801141cf43.jpg,6,polyps
fd1e6547-8c2e-47bf-92d1-4cdd28ac8be4.jpg,5,normal-z-line
3fff713a-a007-4ac9-a67d-e646098c5231.jpg,0,dyed-lifted-polyps
e71fa78b-203f-416f-8366-c43f2b38646b.jpg,6,polyps
c0e44696-70ba-4997-b571-ce3bbe27ee4a.jpg,1,dyed-resection-margins
7c3dd9d3-19ff-4bfd-a363-55f15f8abb8d.jpg,3,normal-cecum
a19d439c-327c-4c41-845d-4023f5c7fd20.jpg,5,normal-z-line
0b61286f-f85c-428a-a188-a953347d8acb.jpg,6,polyps
e7bb95b3-5fe1-4b20-beea-4f4e4a7a901b.jpg,5,normal-z-line
4c42dfc4-dd1a-47bd-9f1f-e198329a2c1d.jpg,5,normal-z-line
96f5165a-c676-42de-b914-008aec17d525.jpg,1,dyed-resection-margins
4461f03b-cd75-4b2f-8634-b90d0b61c829.jpg,3,normal-cecum
08e74a2b-207d-437f-9666-e328107de218.jpg,7,ulcerative-colitis
92152588-a98f-462c-a25d-39dc73e29786.jpg,0,dyed-lifted-polyps
c6cb3106-b1ff-471e-bfde-164661775c68.jpg,6,polyps
fc7a12c8-250d-4568-83be-d878dae07b4f.jpg,4,normal-pylorus
e2436e37-7288-478e-ba00-a08142e9aa70.jpg,5,normal-z-line
ef339002-d76f-4540-81d5-2f2ae7d6658c.jpg,1,dyed-resection-margins
5d287826-e12a-4ca4-b949-9d0d491d1b34.jpg,0,dyed-lifted-polyps
6d7cf816-427c-451c-98a6-8b705699125f.jpg,5,normal-z-line
0191eafd-0367-4772-9181-296b80dbf917.jpg,3,normal-cecum
6ed6a3a8-47d0-4e97-8a8b-c18b57b30f57.jpg,6,polyps
1bcc6ea1-e7c7-4fd7-8267-a7b3db522e5b.jpg,2,esophagitis
d5e7cad5-7aab-4519-9195-c8c9ff1eb6e1.jpg,1,dyed-resection-margins
7ffe7230-fb4b-41de-9929-3f036a08d5dd.jpg,4,normal-pylorus
7ba2e50b-2f49-4bb5-bb27-06797c398f25.jpg,2,esophagitis
de0224e9-bccd-4870-a6eb-981af08d8f88.jpg,3,normal-cecum
d061f64d-7a90-414b-bfce-022edb39682a.jpg,6,polyps
a579ce47-30b9-48fe-8433-e977ed82857c.jpg,6,polyps
6acee2d0-b00d-4d97-8db5-f70129fe1b6f.jpg,6,polyps
82d4331d-89e2-497c-aa78-5f93121969da.jpg,3,normal-cecum
fc79c489-b358-4368-b965-330615af73d4_00000326.jpg,7,ulcerative-colitis
1d97212b-7466-41f5-a119-723f8f161086.jpg,0,dyed-lifted-polyps
ada4fea3-9d3b-4305-863f-e626fdf5a746.jpg,7,ulcerative-colitis
3030a077-605a-416b-aaae-9959d97d6824.jpg,5,normal-z-line
e73b50a4-4b6e-4fa3-b9cf-3323e8558519.jpg,0,dyed-lifted-polyps
68ff0d01-c6e2-4ee7-9a8f-b5d48b5eb950.jpg,7,ulcerative-colitis
f93416dd-2fbe-4ffa-a62e-42c6096ac6b2.jpg,2,esophagitis
2e8ad03f-d0cd-47d7-82ac-91aaae2b613d.jpg,7,ulcerative-colitis
262cd554-00d6-4e40-85db-4a8b9bb1e486.jpg,4,normal-pylorus
c057af6c-ddb7-466c-9c75-0115f052f24a.jpg,5,normal-z-line
b8cc620a-6297-4ac4-91a4-c29870e2c704.jpg,3,normal-cecum
7c1667bb-e1ff-44e4-9c5a-cf6f962da922.jpg,3,normal-cecum
708364a0-e309-4614-a301-3ed227073edd.jpg,6,polyps
307d9e28-bd7a-4d0a-934c-a8d7ac18fc6d.jpg,7,ulcerative-colitis
450cdbad-f4be-4c5c-beb0-fb31cfc57345.jpg,1,dyed-resection-margins
c4523f21-7e16-43d5-be85-6d19c3042d8d.jpg,5,normal-z-line
e910fa8e-804d-46a2-aec4-95ca26726068.jpg,1,dyed-resection-margins
6f8580a3-9486-4b17-ac8b-df3486bc96a0.jpg,1,dyed-resection-margins
c81872ce-cdf1-4c0d-98e7-eb36c1c8c5bc.jpg,4,normal-pylorus
06b44ebc-e89c-4263-9556-6eaae3952230.jpg,5,normal-z-line
7c4b4173-df42-453a-ac24-a5a0d7308542.jpg,5,normal-z-line
88ad57db-8a10-4b77-bf1d-d5fa078fa8e4.jpg,0,dyed-lifted-polyps
3043f3c3-0b79-493d-a64b-39dc575b58d7.jpg,2,esophagitis
8e85ed77-b982-4689-a41c-dce2708766eb.jpg,6,polyps
2c402480-455a-41f1-a53d-8381ba8ef7dd.jpg,1,dyed-resection-margins
8d7412fd-1548-4915-a5fb-9359d1ff7ffe.jpg,0,dyed-lifted-polyps
ad52c424-4141-4d23-a931-084f989f4e46.jpg,0,dyed-lifted-polyps
43bce302-c0c0-4dee-bfd3-adef610ecdfb.jpg,0,dyed-lifted-polyps
31a1be9c-eb05-47af-9216-42408bd3b8d7.jpg,3,normal-cecum
b6f4c734-613b-42e3-8d4b-dedb008f08e3.jpg,6,polyps
fda91f0d-2315-4e6e-ab06-60fef51af7f9.jpg,1,dyed-resection-margins
940dd44e-98d4-4ca5-bc5d-d142a32e0d5e.jpg,7,ulcerative-colitis
669a12e5-90cc-4930-ae54-13bf81d2d294.jpg,6,polyps
18a31930-8305-49a8-8bb4-1baf35da8c3e.jpg,6,polyps
1c6a07ac-af6d-4336-b34f-8c73b6a91561.jpg,7,ulcerative-colitis
05ba73e7-af29-4a99-a19c-d790f43c41b0.jpg,4,normal-pylorus
3e6bb4a1-ce91-4021-90e9-36f443eec17b.jpg,4,normal-pylorus
2b9bb5b0-6fb4-46c3-a553-c33c2bae8785.jpg,1,dyed-resection-margins
3ce69c99-c6b2-4cba-8c1d-e02b173c6e4e.jpg,5,normal-z-line
a742037e-1c55-4b92-a7ab-120ddc5ec13f.jpg,1,dyed-resection-margins
bf3d9e7b-e5a3-4f15-816d-583a313e7597.jpg,3,normal-cecum
9511cc40-e87a-4990-b9fd-081dd985e805.jpg,1,dyed-resection-margins
1671968b-d27d-4608-83a7-57c164b0afac.jpg,3,normal-cecum
3499716b-94e5-4ec2-80e1-d6fe426d6d44.jpg,4,normal-pylorus
c3cff716-7dfe-4142-bfdf-a7ce4f12b5fa.jpg,1,dyed-resection-margins
d870ab68-94d9-481c-85c5-ecef0a48582e.jpg,0,dyed-lifted-polyps
c4200a4f-9c9b-490b-a31b-ad8f7985c8b8.jpg,0,dyed-lifted-polyps
c0d48822-19b3-4b92-ae92-b0685fad8fa5.jpg,5,normal-z-line
a98798d4-7c1f-4dc7-8d7e-377b85f037d7.jpg,3,normal-cecum
a833194e-de03-4a0b-978e-2df04a18b8ef.jpg,0,dyed-lifted-polyps
9a466dcf-c3f0-4348-9726-943ad68f48d6.jpg,4,normal-pylorus
d6209da4-d445-41c8-a3b5-a2351b898d75.jpg,4,normal-pylorus
15cfd43f-7118-4169-9725-e7badac83d05.jpg,1,dyed-resection-margins
b6f79345-586f-4d91-9cf3-0fb09f69c2ca.jpg,0,dyed-lifted-polyps
613e86f9-69ad-484d-bce0-89c1e4967d6f.jpg,5,normal-z-line
b728ff43-2399-4c4d-b16f-b4d80691444d.jpg,5,normal-z-line
a96ec566-872c-4b7a-a14d-132945c0d357.jpg,7,ulcerative-colitis
001696c2-c627-4193-ad14-dda8945ad13f.jpg,6,polyps
dc38eb81-0d91-400f-af86-81ff5bc1c04a.jpg,5,normal-z-line
1bdb1a84-e09c-45bd-be58-f1d56ed0ff06.jpg,2,esophagitis
1db369ee-9ccf-4f28-8ddb-6bc8049a96f9.jpg,0,dyed-lifted-polyps
a9bbf556-3c88-498d-9b06-182901061d5b.jpg,4,normal-pylorus
b6f826a0-80ee-4528-bcbd-0074948a60c1.jpg,2,esophagitis
23277709-ff55-47d6-9c20-dc14f6208306.jpg,3,normal-cecum
b3617b28-0c48-450a-9614-3d26844763b1.jpg,0,dyed-lifted-polyps
36c20917-5e7e-48d4-b6c2-06bfb406cb29.jpg,1,dyed-resection-margins
c64ec37c-bc16-4095-a60e-51bc3ea1c67f.jpg,0,dyed-lifted-polyps
6948b278-4843-46bc-a703-95101f9c23c5.jpg,6,polyps
8c0e242d-093b-481b-975a-b6451e9d9a41.jpg,6,polyps
c93f3dbf-d4fc-4386-9dd7-bf02ad50fede.jpg,6,polyps
d14c3606-b946-4ea9-8c2b-96333b6701f4.jpg,0,dyed-lifted-polyps
eb437941-4daa-47e8-b249-fa5e181938a2.jpg,0,dyed-lifted-polyps
00e241d0-6679-4da7-bd9e-d1cfb56a33e5.jpg,7,ulcerative-colitis
e1501922-a3d9-4c93-9f56-d8496a540eea.jpg,1,dyed-resection-margins
5c428c14-8db1-4694-a821-61b78b338a51.jpg,7,ulcerative-colitis
c5dba3f3-13bc-4c7e-a284-eb806e244d8b.jpg,3,normal-cecum
e9edae76-38ed-44ef-8f8c-8517b659b5f7.jpg,7,ulcerative-colitis
e642d46b-fc72-43a6-b10c-5a6461e75927.jpg,3,normal-cecum
ff616a56-8895-43c6-aa1e-4920e9eff6f3.jpg,4,normal-pylorus
8fbb2cb6-7301-4c0b-9a30-6b8c86650d68.jpg,5,normal-z-line
66eb8888-a893-4b60-a34d-ab2d4a8a1979.jpg,0,dyed-lifted-polyps
fcdf8263-d57e-4a18-98e0-d9c43ff31bcb.jpg,3,normal-cecum
7faec070-b1e9-4c10-8e70-6b33d95613c5.jpg,7,ulcerative-colitis
c034e6d4-b3a7-44f9-b498-1b00a217607b.jpg,6,polyps
0e9f4a61-cb48-42bd-adfd-0c5bd6c8e313.jpg,5,normal-z-line
ffccac1c-197e-4c99-b580-c221b95f799a.jpg,4,normal-pylorus
a79dbd3a-74d8-4775-8aa8-2adef0a8b65c.jpg,6,polyps
dd280c01-5b12-4249-810c-41ceb32de0d6.jpg,5,normal-z-line
993000b5-b801-4604-bb22-a4590d743b47.jpg,2,esophagitis
a7baa2c3-3d51-4b42-913f-8d26adfb4cf3.jpg,2,esophagitis
eee3b548-49fe-47f6-b12e-17045e9144e1.jpg,0,dyed-lifted-polyps
ae68bef5-8ca4-42fd-a275-d34ee4ea8c14_00000888.jpg,7,ulcerative-colitis
c1998dd0-032c-4544-b332-64a897a80def.jpg,5,normal-z-line
a08bda88-9bbf-413f-91f4-cddad61a0cf6.jpg,6,polyps
6fc05711-5e9a-4c98-b457-ef7402fecfeb.jpg,5,normal-z-line
05e185e3-3bd5-4403-8bd1-83a16b306d27.jpg,4,normal-pylorus
584f1fa0-9bb9-49d3-b412-c42819d0a200_00000531.jpg,7,ulcerative-colitis
1386f979-e92a-4a35-889e-abae0fd582ea.jpg,6,polyps
a10125bb-9f59-4c8a-8dbc-b1cd70e0f863.jpg,1,dyed-resection-margins
8228bb9d-b0da-4191-82e8-06f0e5f8eaa6.jpg,1,dyed-resection-margins
0b8b198e-a553-4357-a766-6184cb7583f1.jpg,4,normal-pylorus
30ad4e94-e694-439a-acbb-ab0d1c3922b9.jpg,5,normal-z-line
aeff99e5-4758-4382-aab1-58ecace758fa.jpg,6,polyps
953f4459-c1db-4d99-9783-1c3e9772214e.jpg,3,normal-cecum
79e97858-2b76-458d-a551-0e44aa29cbbf.jpg,7,ulcerative-colitis
eede44ce-1540-4851-ae95-ea36954e2ad5.jpg,0,dyed-lifted-polyps
f900aaca-fe1f-4d23-bfb7-ecdb4a9d9115.jpg,5,normal-z-line
815ef392-0282-497a-990b-ea9c5e12c8f4.jpg,5,normal-z-line
cde2d60c-26e7-4458-97cd-8029f1a42ba1.jpg,2,esophagitis
8643d176-53bc-408a-b6c9-c2bad7c7285f.jpg,0,dyed-lifted-polyps
e48e2e6e-e862-4046-b57b-08d8227ea254.jpg,2,esophagitis
0811380d-efbb-4bff-8ab2-95bd7fb12945.jpg,4,normal-pylorus
51c81910-a021-41f6-8295-16f04f8622ad.jpg,7,ulcerative-colitis
fc19b00b-4236-4f95-9adf-b0703240faeb.jpg,1,dyed-resection-margins
5c7ad348-4f5c-4b6d-b3e6-5fa397aefc3d.jpg,4,normal-pylorus
55aa1cb0-fdc0-4387-8ed2-eb9d96f5e795.jpg,1,dyed-resection-margins
60c2b06a-84e3-4845-866f-1e6e106f2214.jpg,0,dyed-lifted-polyps
4face83d-a597-4ca4-b736-71e5c741680c.jpg,4,normal-pylorus
4c944674-3dfa-417d-915c-a69a1c30704d.jpg,3,normal-cecum
c439062a-610a-4729-b677-4470b1826614.jpg,1,dyed-resection-margins
5c2bef5d-348b-4261-a009-c4335568ab81.jpg,0,dyed-lifted-polyps
8a99392b-55cb-4de4-913b-486fbffc5687.jpg,0,dyed-lifted-polyps
264e0e14-60c8-4c14-9485-a64c903f690d.jpg,2,esophagitis
e5470805-d3de-4e60-a3f8-5067c5dc255a.jpg,0,dyed-lifted-polyps
67a9fd86-a841-4a70-bec0-d045c261f7bf.jpg,7,ulcerative-colitis
1fa80865-aea5-44c5-b8f8-62ab07f102c3.jpg,0,dyed-lifted-polyps
2009000b-fbc8-4351-84e6-4ac1aecea3db.jpg,5,normal-z-line
4fc8e985-8d8b-4191-96a9-9bbe3b3b593f.jpg,4,normal-pylorus
9e4a3ce1-03bf-42d2-9c2d-273ecb32697e.jpg,3,normal-cecum
ba76b6d6-293c-48e6-a326-7317e4e19fc2.jpg,5,normal-z-line
50d36e0d-105f-4a37-8f5b-ce1230ad1661.jpg,5,normal-z-line
c3276983-1197-41c4-a717-3fed0553dfea.jpg,4,normal-pylorus
7fc319b5-77b3-4745-ade1-90753ad4a419.jpg,6,polyps
ce7c4a30-ab57-443a-a9d0-a13b4a6cfdc3.jpg,0,dyed-lifted-polyps
7020792c-c9b9-4a2c-9af5-ce982ea7478a.jpg,6,polyps
c2f6ff08-59fa-41f2-a16c-2c1ae63c15a3.jpg,3,normal-cecum
27529993-2a90-4f8d-983b-dce78430c02d.jpg,4,normal-pylorus
ab159826-3ef7-40d4-b8e9-72ea1fa84046.jpg,7,ulcerative-colitis
1c19a280-6987-47c1-bcb3-4794aec0ecc0.jpg,6,polyps
287efd49-5177-448a-99a4-6ee0d383f002.jpg,0,dyed-lifted-polyps
8fd3bdbf-b055-44e5-91c5-08c770e9d456.jpg,2,esophagitis
0d4173fc-096a-4a7c-b431-939f36b44908.jpg,1,dyed-resection-margins
ca479e35-480e-4589-9d08-439c34ced314.jpg,4,normal-pylorus
8269ba0c-5c2e-4c7d-a39e-b88d10b84b41.jpg,1,dyed-resection-margins
0e34d76e-8c0c-4fa6-84d2-78c7fd4091be.jpg,4,normal-pylorus
2f2dfbd2-adea-4947-8b2b-5471ec4d06e6.jpg,1,dyed-resection-margins
c95e77d1-cc67-467c-a8e5-61f200a91ae7.jpg,2,esophagitis
648942d7-8495-4156-b36f-8210fbdbc322.jpg,5,normal-z-line
395d7339-c12b-415a-9b3d-f68a3907ef4a.jpg,3,normal-cecum
d5160cd6-3734-4a92-8bc2-c21bdb4883e4.jpg,0,dyed-lifted-polyps
c5915729-6393-4728-8d18-79c6f5f00059.jpg,7,ulcerative-colitis
195623fd-ce25-452d-b24e-f4457ba86ecc.jpg,6,polyps
0fdeb072-f1f5-46af-a907-f438ed6bafb3.jpg,1,dyed-resection-margins
b0f65e0a-c35d-4a34-9564-0efcfa50298d.jpg,1,dyed-resection-margins
0bf50b81-012f-403d-9e2e-b881255683e2.jpg,2,esophagitis
0f4fce35-f6c4-424e-8a2d-fa6884488def.jpg,2,esophagitis
6d7efd0a-6b99-40f9-9531-19159151befd.jpg,5,normal-z-line
ad4082fc-fb3e-41bb-933d-7716d87958d8.jpg,5,normal-z-line
2bc914cc-247a-4974-9e31-0c1e0edb7dc6.jpg,1,dyed-resection-margins
0ef02163-5a95-46d2-a270-3dcf021109e8.jpg,2,esophagitis
df926a05-3c6d-4cc5-a2b1-13fe3fd98127.jpg,5,normal-z-line
47c050dd-41f7-41ac-a335-9432224da6fe.jpg,1,dyed-resection-margins
3bf13ba3-b12d-4235-b8cb-5ec75f34fda9.jpg,3,normal-cecum
52ee0f1e-45b7-4841-9e07-4f1282fe74d7.jpg,2,esophagitis
1de87e16-9118-4eae-9879-f7a01f8d4c89.jpg,5,normal-z-line
6979798b-7c8e-4e9c-ae3d-cf1c230a9476.jpg,5,normal-z-line
a4e37f46-9bde-435d-b4d3-0db2082f27a1.jpg,3,normal-cecum
37340f5d-938e-436a-b710-ae17ae161389.jpg,2,esophagitis
c2c7e89a-70a6-43c4-850b-cef704f5a297.jpg,4,normal-pylorus
17b2c0c7-a60d-4bb1-ab83-6847fdff6f12.jpg,3,normal-cecum
712e0e8f-a059-4e0f-b688-007f2baaedc0.jpg,2,esophagitis
1a20f0b4-d3a4-4ad5-80d6-610ddddc69f8.jpg,3,normal-cecum
257d6845-b37f-4a68-9e8c-1e67ba25c1e9.jpg,2,esophagitis
ef79e727-4c83-4f3f-85e2-1641ed010803.jpg,4,normal-pylorus
dd6e3414-9d9c-4acd-bf00-52ee2890bddb.jpg,4,normal-pylorus
195f99c7-bd05-4189-86f3-89480d1d3913.jpg,0,dyed-lifted-polyps
8d550726-7ef6-4492-a2dd-ee67a4afce20.jpg,7,ulcerative-colitis
42c11dcf-18d3-4eb2-8529-66b635819b91.jpg,6,polyps
db84c991-6ec2-4f76-8559-cf9ee9173ab1.jpg,5,normal-z-line
3dc8051e-e257-481a-a5f6-9656a0c3f77f.jpg,7,ulcerative-colitis
7372f73a-783a-44ea-95e7-26edcecd68d1.jpg,7,ulcerative-colitis
180b4450-8bd3-45de-a95c-6b939869bd1a.jpg,6,polyps
12b2ca3a-9592-4e65-8638-12092bca6f94.jpg,0,dyed-lifted-polyps
c4b02eb9-ccee-4052-a499-a4c7184b30ba.jpg,1,dyed-resection-margins
cc71faf0-6724-4b69-8a6d-54fc383e4d6b.jpg,6,polyps
bd76b378-1f55-4587-9736-59f3fc6b6204.jpg,6,polyps
4a75ade7-6b3b-48f1-83e7-a001ded81a26.jpg,1,dyed-resection-margins
7e275d5b-b278-4076-b6d2-4cb6f6066161.jpg,2,esophagitis
0dec5fbe-0762-4cf3-bc24-33c3be6a9bbe.jpg,4,normal-pylorus
221ed5dd-e8c0-4c67-aa1e-4195adcc5a58.jpg,1,dyed-resection-margins
ff60e0a8-160d-4fc4-ba8a-82171b2e8c10.jpg,2,esophagitis
8bf5ddd7-9d7c-4658-8d6a-a71dabdcc370.jpg,1,dyed-resection-margins
5498bd39-466f-45aa-9b7f-88c907bdc4f8.jpg,5,normal-z-line
0c8c6bb6-3b70-4a88-80d8-6c46fc129c30.jpg,3,normal-cecum
e9e2b847-7deb-488a-8a09-948b9f3bc31c.jpg,5,normal-z-line
9d2b817b-d8bb-4405-b12b-f4ee3c3509d4.jpg,6,polyps
84f816a2-07c2-4982-9025-9ea5029f6427.jpg,3,normal-cecum
5fd9427b-154e-4b2e-a967-310c20d24aac.jpg,6,polyps
604b728d-53d0-458d-b69f-546792011684.jpg,6,polyps
6a6faa16-c667-4475-8a12-f2aaa1b83721.jpg,0,dyed-lifted-polyps
0436844e-5ff7-409a-b7cd-41c23be0fd28.jpg,4,normal-pylorus
c053fff6-86bd-4b59-963b-d09fff827cdd.jpg,7,ulcerative-colitis
440ba9d7-2737-4c21-b4e0-2b8ef881f986.jpg,6,polyps
b4d17a32-6108-40bb-93a3-67c89807f101.jpg,3,normal-cecum
d6ddc8a0-d3c6-4b59-846f-d7dd78238d8d.jpg,1,dyed-resection-margins
d5722f75-e5cd-4f1c-b04e-c64f33bd9bdc.jpg,5,normal-z-line
79ed69d7-d089-4f9e-88c8-9eb587c1f0e1.jpg,3,normal-cecum
fded0688-c4cd-4aad-980b-f55e161f1b44.jpg,7,ulcerative-colitis
8b178efc-08c2-43fd-bd77-e4c40f1786ca.jpg,0,dyed-lifted-polyps
e5b02112-eadd-491e-b587-545332f7c2db.jpg,7,ulcerative-colitis
8f5ae256-493f-4748-8f4e-960753c6a969.jpg,5,normal-z-line
40f95978-f726-42df-97cd-a9f1f3c0fa53.jpg,1,dyed-resection-margins
7a66f66a-e7de-44a0-a898-12863f6e93ac.jpg,5,normal-z-line
9a9e0538-7625-4bdd-9efb-5dd840e02a53.jpg,2,esophagitis
b4af184f-dcb7-428f-b2a7-da3697b08723.jpg,5,normal-z-line
a0658788-e7f9-4352-9cf7-116ac9ae472b.jpg,6,polyps
695706c4-d978-4d1d-a717-6262843b4a4e.jpg,6,polyps
c127c300-7644-459a-9629-80f86ae93107.jpg,0,dyed-lifted-polyps
69a1d2fc-b34f-45ba-8c5e-287961019752.jpg,7,ulcerative-colitis
b460cf34-ea71-41fb-8f25-a4906e4026d0.jpg,6,polyps
c1de8f5e-5e55-4463-b4d6-1a9b4cf9e1fd.jpg,1,dyed-resection-margins
62431f0d-b4b8-4d98-a555-a581d2bf8e70.jpg,2,esophagitis
7c505793-5905-4f5f-8646-59a9befa24fe.jpg,0,dyed-lifted-polyps
c9cde631-d542-46c8-90d6-bb399e0e5e80.jpg,6,polyps
5d333af6-4ba9-4c66-bfb3-87ecd380edcc.jpg,0,dyed-lifted-polyps
ff1a6bd9-bb81-4a17-b396-fa1130635dc9.jpg,0,dyed-lifted-polyps
c7f8ec99-eb58-44fc-a2e6-849bde302f59.jpg,4,normal-pylorus
8c6ee38f-d103-4a8d-b832-53e10116cb28.jpg,5,normal-z-line
c5020d34-e3c8-4b3a-b205-2a331145f713.jpg,5,normal-z-line
ffd9f7ae-2b93-48d7-95d4-cd9d0b9e644f.jpg,7,ulcerative-colitis
9d23c2e9-3229-49fc-ad1e-519b9ded9ee4.jpg,0,dyed-lifted-polyps
c7c757e9-07e2-49f3-bc80-1c716df7e3a8.jpg,6,polyps
4023db04-7ca1-4b42-bf10-e63bc4af825b.jpg,7,ulcerative-colitis
d8819e4a-7232-491c-9776-aed739a7fd32.jpg,4,normal-pylorus
d275e954-c992-45c0-9238-a4abf676d2ef.jpg,4,normal-pylorus
967583fd-c979-41e0-98b5-f5737e2213d1.jpg,2,esophagitis
e2b63bca-2b96-402c-88c1-1fc8754cf114.jpg,4,normal-pylorus
cf2e811f-5d86-4032-8418-3eb0a17fa92a.jpg,5,normal-z-line
e4ff3fc3-c61e-4909-aa12-f2f6333f9305.jpg,4,normal-pylorus
8ba93cb2-2ecf-4cac-9922-74f150385c03.jpg,4,normal-pylorus
11ad2a58-e96d-4cd4-b3af-d18ead3547c7.jpg,6,polyps
76594c04-8899-4982-b973-5e484a98789c.jpg,1,dyed-resection-margins
ab782630-a8c3-4a8e-be7b-43da64e0c02e.jpg,7,ulcerative-colitis
d56ae1c1-e1c1-4dab-99a1-0ea68a30119d.jpg,3,normal-cecum
9175ebed-b1a4-497d-8eff-9b236f447dde.jpg,7,ulcerative-colitis
1949cce8-5ab4-4102-baa1-370e2941cd56.jpg,1,dyed-resection-margins
daabd7d7-027f-4fed-becc-8bdf5592a361.jpg,7,ulcerative-colitis
32dac7de-5f09-4cb7-a680-e1851364a35c.jpg,6,polyps
3bafd3f4-82e9-4e0c-8d4c-994579e36f67.jpg,5,normal-z-line
b3da100c-43a4-47a2-a482-fdc2e3bb16e6.jpg,7,ulcerative-colitis
049a6372-b157-4ccc-88fe-31be260195c5.jpg,2,esophagitis
ef42ce38-be0b-4f74-9a2b-61c191e25a1b.jpg,2,esophagitis
3638fb40-a662-47e5-9945-0dee7e1db513.jpg,2,esophagitis
9c7a6eba-355a-493e-a0e6-3c3a8a61297b.jpg,4,normal-pylorus
d7801aa5-6e67-496f-b8ab-651f930c203b.jpg,4,normal-pylorus
814929ff-5151-40fd-a226-b51e636f688c.jpg,1,dyed-resection-margins
2df4a139-debd-4fa9-89b9-43d2450d8e1b.jpg,6,polyps
27567cff-0f63-42df-9041-322e497818b1.jpg,6,polyps
095d7ff1-e397-4bfb-978d-83a9d3f20d40.jpg,0,dyed-lifted-polyps
dbec48ea-ff3c-45a0-932b-73fe23dae6ad.jpg,6,polyps
70cdd8ae-3c62-4331-8f2b-8cda69989b1b.jpg,3,normal-cecum
1e7d7c2c-77ca-4858-b9be-e14952edf946.jpg,2,esophagitis
fc53a38f-7094-4a04-9308-cc4673b9e162.jpg,5,normal-z-line
b58cbb9a-d00b-41d0-858c-d38ac3f900f5.jpg,1,dyed-resection-margins
b4bd6ec7-fa7d-4d9f-bdfd-634eaf83a79f.jpg,3,normal-cecum
44b7021a-0fe5-4d1d-a3bb-11595719816c.jpg,7,ulcerative-colitis
ebbc4f73-9f2b-4c8b-8b68-3f8d7b1a61ca.jpg,0,dyed-lifted-polyps
86515399-efbe-4536-81c8-26f8c49b1205.jpg,1,dyed-resection-margins
5199677d-92c3-45c4-90d8-55d21fb6b6f3.jpg,6,polyps
1b4250da-cede-4927-8ee7-5a190aa63270.jpg,5,normal-z-line
cefd3065-a521-41e9-a855-cdb75eb3b157.jpg,5,normal-z-line
c5f11c71-5711-4ee3-bd9f-06ea49b8dc57.jpg,4,normal-pylorus
94650983-2035-47e9-a9f7-9229977108fc.jpg,6,polyps
e225dce6-b400-4a16-9008-c6880ff299a3.jpg,3,normal-cecum
8cb2b6a2-502b-4dc3-bf46-e2e26b8a485b.jpg,3,normal-cecum
8694f307-1b1b-4090-9308-cf1761ce22eb.jpg,6,polyps
8b85fecd-f1af-4c19-bb55-0b4c694cc250.jpg,0,dyed-lifted-polyps
4d9202cb-e4a3-43ae-8af0-707df2e8eb7c.jpg,1,dyed-resection-margins
b3a52ac6-b66d-4e70-9ca0-862d8e75c840.jpg,0,dyed-lifted-polyps
698f130b-41ff-414d-908c-8d8c0f82d4a8_00002137.jpg,7,ulcerative-colitis
3753d0f8-ce9c-402f-9c94-e53333cd7a58.jpg,1,dyed-resection-margins
56efb458-ec08-4e8a-9baa-bbae08489120.jpg,6,polyps
ec129a74-4929-46ca-a0ad-82bc0c465df3.jpg,4,normal-pylorus
1d993a6e-7b5f-496a-9842-98263552fa61.jpg,6,polyps
e5c27a76-d11b-4c67-a42d-e8d6deaa28a9.jpg,0,dyed-lifted-polyps
e6bc368b-5789-46a8-a005-1fda7bae5b86.jpg,2,esophagitis
ab146ccd-524d-4fc1-a22e-5b180380dfae.jpg,2,esophagitis
53a17a21-4947-4632-b91c-74384957669f.jpg,7,ulcerative-colitis
8710bd86-02d1-40d9-b373-fa7e753578e9.jpg,5,normal-z-line
dcad2e27-f635-4da2-99e7-71b6a1d454dd.jpg,0,dyed-lifted-polyps
02a01c8d-30e9-444a-a57c-11ecb385e5b4.jpg,3,normal-cecum
0a3dc6d2-b9be-41b8-a9ec-c1b4229a287b.jpg,5,normal-z-line
ad21d5f5-0719-4aa7-9609-4a11ed06fad0.jpg,0,dyed-lifted-polyps
269e147b-884b-4860-a7ac-85bec2da1e54.jpg,1,dyed-resection-margins
21bb0a7e-9bd8-4c38-a3b9-a320fb7fb718.jpg,1,dyed-resection-margins
a3ad96a2-54c5-413b-9478-a33d4f37befb.jpg,5,normal-z-line
87ede682-dd3d-4415-ac02-b5518a606c79.jpg,6,polyps
8bcff37c-8ce5-4cfa-8949-1096dfd52bc0.jpg,7,ulcerative-colitis
457d5ec3-1ea6-4221-b381-cdbaf4fa2c8b.jpg,3,normal-cecum
928360b5-dff3-4e4d-bb40-3a4b7a77d16b.jpg,7,ulcerative-colitis
3ea62810-2d4f-4c9f-a227-bb4077865e2c.jpg,0,dyed-lifted-polyps
64a2eaa3-10b4-4f17-9b4c-41781b0bd239.jpg,6,polyps
499898b4-50a1-463b-97a7-592f26cae754.jpg,2,esophagitis
0da502e2-08a1-4764-9e3e-ce5d3f4b0ffa.jpg,3,normal-cecum
b42f5ed4-0762-49dd-baa1-20d2ccbd5307.jpg,7,ulcerative-colitis
c702da04-97a5-4b15-9e7b-79808fed807d.jpg,1,dyed-resection-margins
0afc0689-2f7e-4f79-9aa8-5f4531d9549d.jpg,0,dyed-lifted-polyps
fe847a94-7385-40b7-9d3f-64d21dcf66b1.jpg,7,ulcerative-colitis
ab08bae4-44ba-457e-b32e-720409952f0f.jpg,6,polyps
a2e1b8ec-f20c-4683-8389-d412acd779d1.jpg,6,polyps
c5949f94-fee7-47c0-85f0-64cd1e0559a0.jpg,0,dyed-lifted-polyps
41ac62ca-4d9a-4ac8-a019-84d4e8cade20.jpg,1,dyed-resection-margins
0a477a83-e00d-4c27-a3a9-512106c35e9a.jpg,6,polyps
032a3076-c75c-4089-a57c-1b19e5f6589e.jpg,3,normal-cecum
4c653e67-57f6-49c5-a139-20de06ce4938.jpg,0,dyed-lifted-polyps
e24d29c3-056a-493e-bd92-2e75d91123fb.jpg,1,dyed-resection-margins
81c14a21-464f-40d2-a3ae-c5a48777b9bf.jpg,2,esophagitis
051b0c4e-f7ad-417b-8f4f-2e76c2d6d6e7.jpg,0,dyed-lifted-polyps
1aeb8871-a292-4dcb-a4ba-5ac2876c8b3b.jpg,6,polyps
b80cebf5-9057-495d-b2b2-668fa9b2a16b.jpg,3,normal-cecum
033bd4de-dc55-45e2-b6bc-2cc96e110454.jpg,1,dyed-resection-margins
66ea412c-257b-4762-9685-b6d6b41b618d.jpg,7,ulcerative-colitis
