true_label,predicted_label,true_class,predicted_class,correct,prob_dyed-lifted-polyps,prob_dyed-resection-margins,prob_esophagitis,prob_normal-cecum,prob_normal-pylorus,prob_normal-z-line,prob_polyps,prob_ulcerative-colitis,path
4,4,normal-pylorus,normal-pylorus,True,1.6685451100784121e-06,5.2081976065210256e-08,2.2367594283423387e-05,1.1319534678477794e-06,0.999832034111023,7.230114988487912e-06,1.76421926880721e-05,0.00011782000365201384,normal-pylorus/40aae937-a28e-437e-8357-cf2ed5e13f51.jpg
7,7,ulcerative-colitis,ulcerative-colitis,True,0.08147536963224411,0.0019953930750489235,0.0015682405792176723,5.008051812183112e-05,4.15426075051073e-05,3.481537351035513e-05,0.20551608502864838,0.7093185186386108,ulcerative-colitis/eb1dd07c-7ecd-4f7c-a780-8a4596adf998.jpg
7,7,ulcerative-colitis,ulcerative-colitis,True,4.4825224904343486e-05,8.992127732199151e-06,8.953279575507622e-06,0.005478380713611841,0.0001335751439910382,2.3215807232190855e-06,0.012307009659707546,0.98201584815979,ulcerative-colitis/6dd6cd7d-220c-40e3-917e-cde03237b7b2.jpg
6,6,polyps,polyps,True,0.011320034973323345,0.0013811214594170451,0.0008889637538231909,0.16121640801429749,0.04232335463166237,0.0007165735005401075,0.7686429023742676,0.013510599732398987,polyps/e37e91fc-4256-4cca-81c7-3572a48f2e6a.jpg
2,5,esophagitis,normal-z-line,False,1.0443010978633538e-05,1.9163431716151536e-05,0.4395519495010376,2.0748084352817386e-06,0.0007468420662917197,0.5596326589584351,1.9898670871043578e-05,1.6929483535932377e-05,esophagitis/e93267ed-1d70-42bb-829d-e58bbe4213be.jpg
1,1,dyed-resection-margins,dyed-resection-margins,True,0.0059137907810509205,0.9940754175186157,4.03598249931747e-07,7.066504603692181e-10,4.258710051274761e-11,4.604460812629441e-09,1.0297386324964464e-05,1.0186340659856796e-07,dyed-resection-margins/bbdb51fd-74c3-4dcc-9f2a-348992bd7656.jpg
5,5,normal-z-line,normal-z-line,True,2.1091022063046694e-05,1.857903043855913e-05,0.0029310777317732573,1.5906747421468026e-06,0.059012942016124725,0.9368144869804382,0.0011990766506642103,1.247802856596536e-06,normal-z-line/00bee375-36d2-4ba9-89e5-bd6132d79c0c.jpg
7,7,ulcerative-colitis,ulcerative-colitis,True,0.0019360869191586971,0.005067796912044287,0.00012324011186137795,1.0037515494332183e-05,2.4303139056769396e-08,3.311028606844957e-08,0.00018937524873763323,0.9926733374595642,ulcerative-colitis/2ea3a7b4-2f13-4665-b6c3-6b2f510391b8.jpg
5,5,normal-z-line,normal-z-line,True,6.4243122324114665e-06,3.3211779282282805e-06,0.08869319409132004,3.691400024763425e-06,0.005538772325962782,0.9056982398033142,5.375118780648336e-05,2.547689064158476e-06,normal-z-line/904e5e4e-4acd-49f9-b2cc-b48d7f2ebc30.jpg
0,0,dyed-lifted-polyps,dyed-lifted-polyps,True,0.5366090536117554,0.2861165702342987,0.0009989953832700849,0.0005630340310744941,9.585500265529845e-06,0.001709677162580192,0.004172305576503277,0.16982077062129974,dyed-lifted-polyps/b9357cb6-83a3-4dea-9387-46effa1dfd14.jpg
5,5,normal-z-line,normal-z-line,True,2.43150661844993e-05,0.00026222961605526507,0.2402525395154953,7.166319164753077e-07,0.0036119779106229544,0.7554150819778442,0.0003962676564697176,3.685709089040756e-05,normal-z-line/c8fc5bef-13f0-46b5-af66-9e2d4b49e9c8.jpg
4,4,normal-pylorus,normal-pylorus,True,2.632182258821558e-07,2.0051235338769402e-08,2.0983688955311663e-05,7.782278430568113e-07,0.9998212456703186,0.00014688809460494667,5.5346031331282575e-06,4.351390998635907e-06,normal-pylorus/bbe363f1-166b-4836-9491-e81e125122f6.jpg
3,3,normal-cecum,normal-cecum,True,0.0006449918146245182,0.00021911007934249938,0.00013560359366238117,0.8397775292396545,0.02490353025496006,0.0009968728991225362,0.13293792307376862,0.00038438517367467284,normal-cecum/a35c3092-2eb7-4669-8794-3c68764a764e.jpg
4,4,normal-pylorus,normal-pylorus,True,0.00016367359785363078,2.49125459959032e-05,0.0009005306637845933,0.0001934394531417638,0.9895065426826477,0.0002912853960879147,0.0013368736254051328,0.007582617457956076,normal-pylorus/0ecbcefc-2fa0-4108-b560-1f779f2b3280.jpg
4,4,normal-pylorus,normal-pylorus,True,2.2315374735626392e-05,1.0990608643624e-05,0.02483234740793705,0.00019223825074732304,0.950284481048584,0.021367408335208893,0.0018171927658841014,0.0014729666290804744,normal-pylorus/ffdaa089-76f0-4547-8950-db6d256c6157.jpg
1,1,dyed-resection-margins,dyed-resection-margins,True,0.06292940676212311,0.9369457960128784,1.1561170140339527e-05,1.8131398974219337e-05,1.0400959382650399e-07,1.0574528630513669e-07,6.692722536172369e-07,9.418335685040802e-05,dyed-resection-margins/7ce8b8b3-6e36-4ad7-86ba-137a1cd5d2b6.jpg
7,7,ulcerative-colitis,ulcerative-colitis,True,2.2570054625248304e-06,2.292268163728295e-06,4.680036909121554e-06,1.4984804693085607e-05,8.439875642807237e-08,1.2487330423027743e-06,1.7379876226186752e-05,0.9999569654464722,ulcerative-colitis/45b5dad4-c0e0-4d60-a07f-7ec93853c60b.jpg
0,0,dyed-lifted-polyps,dyed-lifted-polyps,True,0.8299953937530518,0.15985621511936188,0.0006117816083133221,5.67637944186572e-05,1.0624075912346598e-06,5.39142383786384e-05,0.009235618636012077,0.00018926696793641895,dyed-lifted-polyps/e59f1c09-34f7-4eda-8cec-36004b5835f2.jpg
7,7,ulcerative-colitis,ulcerative-colitis,True,0.00033660311601124704,0.00028013152768835425,0.00217756861820817,0.0001610193430678919,1.8136282960767858e-05,0.0021496033295989037,0.00033438042737543583,0.9945425987243652,ulcerative-colitis/584f1fa0-9bb9-49d3-b412-c42819d0a200_00002458.jpg
1,1,dyed-resection-margins,dyed-resection-margins,True,0.050970811396837234,0.9479880928993225,0.0007163548725657165,0.00017393019516021013,5.816518466872367e-08,2.0399871573317796e-05,7.300543074961752e-05,5.7272191043011844e-05,dyed-resection-margins/6cc19876-fe6f-4496-ab13-614b0e281b6a.jpg
3,3,normal-cecum,normal-cecum,True,0.014716105535626411,0.0036799858789891005,9.133703861152753e-05,0.7257696390151978,1.656710810493678e-05,4.78551555715967e-05,0.2429882138967514,0.012690268456935883,normal-cecum/df525885-1955-4e11-aead-fa8e746dd558.jpg
6,6,polyps,polyps,True,0.015230783261358738,0.000420779746491462,0.000611538183875382,0.002686883322894573,0.005654728040099144,0.0006677723140455782,0.8334606289863586,0.14126692712306976,polyps/354404bd-4f71-4a1a-b2a8-eb5eed98f975.jpg
4,4,normal-pylorus,normal-pylorus,True,5.352577136363834e-05,7.545738480985165e-05,0.033963073045015335,0.0003851739165838808,0.5624784827232361,0.3888271749019623,0.0132808992639184,0.0009361993870697916,normal-pylorus/ccc2ac87-89ea-4034-a656-86c4df504e6c.jpg
7,7,ulcerative-colitis,ulcerative-colitis,True,0.0011396674672141671,0.0008920544059947133,3.101676497863082e-07,0.0006656924961134791,1.858077958161175e-08,6.874911662180239e-08,0.009864791296422482,0.9874374270439148,ulcerative-colitis/1dad6ad6-57e3-448c-85d0-0508b05825e9.jpg
6,3,polyps,normal-cecum,False,0.009055620059370995,0.0017893870826810598,9.01364182936959e-05,0.6998769044876099,0.0027971495874226093,0.000687217921949923,0.2590182423591614,0.026685351505875587,polyps/ef6d9dfd-55ad-4a3e-b325-289fda4e3670.jpg
0,0,dyed-lifted-polyps,dyed-lifted-polyps,True,0.8281134366989136,0.17182087898254395,5.789156602986623e-07,7.230048026940494e-08,7.750874941869768e-10,3.2248284043134845e-09,4.2448758108548645e-07,6.457902054535225e-05,dyed-lifted-polyps/fa6d6342-bfdb-43b1-9635-dc9d2bb5ed23.jpg
4,4,normal-pylorus,normal-pylorus,True,6.080328967073001e-05,3.662938979687169e-05,0.0002689455577638,1.0002673661801964e-05,0.9989467263221741,0.0003317172231618315,9.190518903778866e-05,0.0002532735816203058,normal-pylorus/a9d6d275-0c6e-441b-8bc7-26d76afcd60f.jpg
6,6,polyps,polyps,True,0.0008971175411716104,0.0002773406740743667,0.00015781793626956642,0.0007731730584055185,0.0016365473857149482,0.0004408458189573139,0.9865376949310303,0.009279395453631878,polyps/6a2e9528-7abb-4456-9797-31f3c6b301bb.jpg
4,4,normal-pylorus,normal-pylorus,True,2.9060945962555707e-05,8.990117748908233e-06,0.0008573236991651356,3.4733697248157114e-05,0.989279568195343,0.009562646970152855,0.00014524598373100162,8.248076483141631e-05,normal-pylorus/2dc3de5b-5084-48c4-b699-43387319650c.jpg
3,3,normal-cecum,normal-cecum,True,0.003410491393879056,0.0012400195701047778,3.5256764476798708e-06,0.9660714268684387,1.0510108040762134e-05,9.36972753606824e-07,0.02841484174132347,0.0008482788689434528,normal-cecum/84021430-f577-447f-b103-215b82e12843.jpg
6,6,polyps,polyps,True,0.04853316396474838,0.000729068648070097,0.0007488826522603631,0.13559778034687042,0.001296701841056347,0.0031089591793715954,0.7607191205024719,0.04926639795303345,polyps/c9b8f8bc-f7e1-4d59-a402-3e7643358008.jpg
7,7,ulcerative-colitis,ulcerative-colitis,True,0.0003099728492088616,0.00014653003017883748,0.00013597305223811418,3.958426168537699e-05,5.901717668166384e-05,4.2829662561416626e-05,0.00021801596449222416,0.9990480542182922,ulcerative-colitis/49ff4cda-64db-4d70-8b6d-eba41e5ac76a.jpg
5,5,normal-z-line,normal-z-line,True,2.131012843165081e-05,8.500444528181106e-05,0.22352033853530884,7.280324609837407e-08,1.2847712241637055e-05,0.7763266563415527,1.3505078641173895e-05,2.022958688030485e-05,normal-z-line/9c396983-c8b5-4704-8dac-6e1d8a9589bf.jpg
5,5,normal-z-line,normal-z-line,True,1.8431131820761948e-06,3.358833737365785e-06,0.006468835286796093,2.740903710218845e-06,0.011240614578127861,0.9822245240211487,5.738324762205593e-05,6.357915935950587e-07,normal-z-line/b503c99b-9f26-4bd4-a81c-b8e224fa9978.jpg
0,6,dyed-lifted-polyps,polyps,False,0.3147359788417816,0.009519491344690323,0.00017846492119133472,0.01329373475164175,8.117045217659324e-05,0.00047751489910297096,0.6615709066390991,0.00014266834477894008,dyed-lifted-polyps/7518df1b-8570-4e12-b3a8-cbdfb00c142d.jpg
3,3,normal-cecum,normal-cecum,True,2.7546536784939235e-06,6.051909622328822e-07,4.072459773851733e-07,0.9993684887886047,1.9419663658482023e-05,1.1746011097102382e-07,0.00020481394312810153,0.0004033985605929047,normal-cecum/1d096835-06b1-4649-ab10-c09824ef9732.jpg
6,6,polyps,polyps,True,0.005204593297094107,0.0006893022800795734,0.00017053718329407275,7.895578164607286e-05,0.00010776097769849002,5.190674346522428e-05,0.9860979318618774,0.007598950527608395,polyps/a1179a37-8cee-468c-8ac7-8ada22612e77.jpg
6,6,polyps,polyps,True,0.006035738158971071,0.0004902594955638051,1.158057239081245e-05,0.2402666062116623,0.0007358432048931718,1.6022668205550872e-05,0.7433004379272461,0.009143396280705929,polyps/e59eb196-7307-4d31-b3c9-8ef8167f1c9f.jpg
3,3,normal-cecum,normal-cecum,True,0.0005683443741872907,0.00011228193761780858,1.3459074352795142e-06,0.9920098781585693,0.00019492192950565368,6.311135166470194e-06,0.003906073048710823,0.0032008925918489695,normal-cecum/bd5b9d08-2b70-42cd-82b3-878a024be0d3.jpg
2,2,esophagitis,esophagitis,True,0.0003904310578946024,9.126751683652401e-05,0.9735059142112732,1.9937006072723307e-05,0.00028454145649448037,0.02346108853816986,0.0001917029730975628,0.002055116929113865,esophagitis/ceb61e27-08b3-4887-8bde-3c8f6c537e28.jpg
1,1,dyed-resection-margins,dyed-resection-margins,True,0.018112678080797195,0.9807741045951843,0.0006009790813550353,2.3528475139755756e-05,2.6597829219099367e-06,5.8178388826490846e-06,4.2028987081721425e-06,0.0004759076109621674,dyed-resection-margins/1d12c126-b90a-4409-8080-bac18f38cba3.jpg
2,2,esophagitis,esophagitis,True,0.00020307087106630206,0.00010239432594971731,0.9987491369247437,1.6362229871447198e-05,9.070180385606363e-05,0.0007263424922712147,6.654917524429038e-05,4.542052556644194e-05,esophagitis/eabc0ef8-fc37-4014-b741-c0a4932f58c7.jpg
0,1,dyed-lifted-polyps,dyed-resection-margins,False,0.3036302924156189,0.6951421499252319,9.988894453272223e-05,2.6828396585187875e-05,4.3332025256859197e-07,6.690715963486582e-05,0.00010943046800093725,0.0009241107036359608,dyed-lifted-polyps/55162bcd-887f-4a5c-b868-e31cb5ffbbdf.jpg
6,6,polyps,polyps,True,0.0006973985000513494,5.908007005928084e-05,2.771079925878439e-05,0.00013513662270270288,0.0003236612246837467,6.162599220260745e-06,0.9969730377197266,0.0017778439214453101,polyps/e3efbccd-ac8b-4ddf-b8bd-77ed0e18f99d.jpg
6,6,polyps,polyps,True,0.04025837779045105,0.0061414712108671665,0.0008282376220449805,0.04115201532840729,0.002964511513710022,0.0008875482599250972,0.8812887668609619,0.026479046791791916,polyps/0720d335-17b7-4510-9331-5dcc4c54570f.jpg
7,3,ulcerative-colitis,normal-cecum,False,0.006056725047528744,0.004143374506384134,0.00010727751214290038,0.45764628052711487,3.376982931513339e-05,0.0001305289042647928,0.11653468757867813,0.41534727811813354,ulcerative-colitis/aea245d6-2b16-43f7-b0c9-c5df9594fb75.jpg
6,6,polyps,polyps,True,0.0060211122035980225,7.083827222231776e-05,1.1865660781040788e-05,0.0005180442240089178,0.0003934778505936265,5.9573860198725015e-05,0.990164577960968,0.0027604398783296347,polyps/58ac2091-613d-4c94-875c-c7d256aae6dd.jpg
2,2,esophagitis,esophagitis,True,0.0006121335318312049,0.0014837640337646008,0.9886493682861328,1.41408679610322e-06,2.179480179620441e-05,0.007634543813765049,0.001284721540287137,0.00031216174829751253,esophagitis/ddafc78b-dbd8-49fb-a633-4c5daee5abc4.jpg
5,5,normal-z-line,normal-z-line,True,9.470273653278127e-06,7.000702316872776e-05,0.025641143321990967,3.7987963878549635e-05,0.005172347649931908,0.9676350355148315,0.0007655622903257608,0.000668430351652205,normal-z-line/eb37f500-f56a-4a26-a80a-8bada3c22399.jpg
2,2,esophagitis,esophagitis,True,0.0006469738436862826,0.0010177531512454152,0.9799671769142151,3.1655377824790776e-05,0.0004847600357607007,0.00906673725694418,0.0001946870470419526,0.008590245619416237,esophagitis/0cbddd47-c7f6-474b-9e9a-b5d2429a2312.jpg
7,7,ulcerative-colitis,ulcerative-colitis,True,7.081373769324273e-05,0.00040650449227541685,0.00026450224686414003,0.00011424785770941526,7.80966161073593e-07,9.497348969489394e-07,0.0004700943536590785,0.9986720085144043,ulcerative-colitis/615ba22f-37fd-42b0-bbc5-6c56f692d983.jpg
2,5,esophagitis,normal-z-line,False,0.00019428943051025271,0.0002407960855634883,0.14335370063781738,2.906590270868037e-05,0.0009856533724814653,0.854558527469635,0.00027121006860397756,0.0003667192650027573,esophagitis/9827b5e6-dca1-45af-98c1-521fcb248fc9.jpg
7,7,ulcerative-colitis,ulcerative-colitis,True,0.00022558189812116325,0.0004907247493974864,9.809952462092042e-05,8.227174839703366e-05,2.6001470132541726e-07,2.247754991913098e-06,0.000497549946885556,0.9986032843589783,ulcerative-colitis/a01c723e-a9c4-44b6-bd4c-ea2d8b796f32.jpg
5,5,normal-z-line,normal-z-line,True,3.487737194518559e-05,0.00011406364501453936,0.06911827623844147,0.00010015149746323004,0.001545439474284649,0.9281299114227295,0.0006825274904258549,0.000274652149528265,normal-z-line/b87890df-74da-4270-a480-9b1ca2f92e17.jpg
7,7,ulcerative-colitis,ulcerative-colitis,True,1.592821536178235e-05,1.6335382042598212e-06,1.1129504855489358e-06,0.00014168421330396086,9.332640615866694e-07,6.300189880903417e-08,0.003539564786478877,0.9962990880012512,ulcerative-colitis/c142db98-8e97-48df-88f8-862c4e941b41.jpg
6,6,polyps,polyps,True,0.009808115661144257,0.006275027524679899,0.0006090052193030715,0.1302299201488495,0.018371636047959328,0.000526141666341573,0.7109218835830688,0.12325830012559891,polyps/ec2f87eb-d652-4296-9ca0-b60881ce8939.jpg
5,5,normal-z-line,normal-z-line,True,5.321861863194499e-06,9.69664761214517e-05,0.1511666476726532,7.537032161053503e-06,0.0016610545571893454,0.8468366265296936,2.8225904316059314e-05,0.00019747723126783967,normal-z-line/df35e8e4-ab95-4194-b3b2-9b09ff8cce04.jpg
2,5,esophagitis,normal-z-line,False,1.3442191630019806e-05,0.0002818201028276235,0.046858225017786026,8.681547114974819e-06,0.0006198594346642494,0.9473350048065186,0.00011453081970103085,0.0047684283927083015,esophagitis/08fe1ae5-193b-4df3-bd6e-bc99d920537b.jpg
3,7,normal-cecum,ulcerative-colitis,False,0.006700147408992052,0.0008475877111777663,7.160608220146969e-05,0.466115266084671,0.00017127783212345093,6.244589258130873e-06,0.028686705976724625,0.4974011182785034,normal-cecum/94e15c18-91c1-47d7-b96a-eab2bc76a995.jpg
0,0,dyed-lifted-polyps,dyed-lifted-polyps,True,0.9731229543685913,0.02687079645693302,7.757464004498615e-09,7.494952001252386e-07,6.300394927993835e-11,3.748510835066554e-09,4.523186817095848e-06,9.855452844931278e-07,dyed-lifted-polyps/1f171e07-ed73-4e39-b17e-9e6fc95459c9.jpg
6,6,polyps,polyps,True,0.009420255199074745,0.0018935708794742823,0.0014220273587852716,0.0004116354393772781,0.00035777201992459595,0.0005702967755496502,0.9828650951385498,0.003059297800064087,polyps/3e598537-e139-4845-94ba-1d7243aeaa14.jpg
2,5,esophagitis,normal-z-line,False,0.003079913789406419,0.0016411705873906612,0.33361247181892395,0.0006289629964157939,0.024866536259651184,0.6209368705749512,0.01522192545235157,1.2168179637228604e-05,esophagitis/5edc1245-3a76-445d-9852-10a45d44ecb9.jpg
4,4,normal-pylorus,normal-pylorus,True,1.0185123073824798e-06,1.3376478591453633e-06,0.001084004994481802,0.00011928813910344616,0.9928041100502014,0.005798186641186476,8.742651698412374e-05,0.00010460949124535546,normal-pylorus/d04d902f-79c4-4bc6-bd39-c3873fc20e3e.jpg
3,3,normal-cecum,normal-cecum,True,0.00448070652782917,0.0014110937481746078,2.9238346542115323e-05,0.9564202427864075,0.00015595369040966034,4.51489286206197e-05,0.029378781095147133,0.008078881539404392,normal-cecum/791da276-ec04-4592-a20b-7f8431572676.jpg
4,4,normal-pylorus,normal-pylorus,True,6.79573091133534e-08,5.718138140764495e-08,2.9350434488151222e-05,9.181335371977184e-07,0.9997337460517883,0.00021612129057757556,1.18455582196475e-05,7.771789569233079e-06,normal-pylorus/e6e5bb7a-0549-42ac-b9de-bab63f5d5165.jpg
7,7,ulcerative-colitis,ulcerative-colitis,True,0.0161680169403553,0.03303909674286842,0.1764618456363678,0.0006704456172883511,1.1562164218048565e-05,0.0068181362003088,0.08988939225673676,0.676941454410553,ulcerative-colitis/34f52c7a-3978-4a4b-ae7f-d431f6e2b17d.jpg
3,3,normal-cecum,normal-cecum,True,0.0007808946538716555,0.001181058119982481,4.928679481963627e-05,0.9517418742179871,0.00030703149968758225,0.00037557780160568655,0.04518619179725647,0.0003782048588618636,normal-cecum/5fc76e4d-eb8c-424b-9f37-b429c88c0d2a.jpg
7,7,ulcerative-colitis,ulcerative-colitis,True,0.00044277895358391106,4.9677284550853074e-05,5.083240830572322e-05,0.00060131965437904,9.245173714589328e-06,3.601008575060405e-05,0.011366082355380058,0.9874441027641296,ulcerative-colitis/17b81d93-dcec-44ce-a23d-d9cf1b467230.jpg
6,3,polyps,normal-cecum,False,0.0002086614113068208,0.000214489278732799,8.044986316235736e-06,0.9931320548057556,6.811968341935426e-05,1.3900316844228655e-05,0.005803404841572046,0.0005514009390026331,polyps/3c37c058-de5c-4d50-a3da-3a70ed53bbb8.jpg
4,4,normal-pylorus,normal-pylorus,True,1.1123105991828197e-07,1.60878386168406e-08,1.0261119314236566e-05,7.53694351374179e-08,0.999972939491272,2.2156609702506103e-06,3.871170974889537e-06,1.0426605513202958e-05,normal-pylorus/656dae35-cefb-4362-8a31-e0160b8c0b17.jpg
5,5,normal-z-line,normal-z-line,True,1.565267848491203e-05,8.617479579697829e-06,0.06331594288349152,7.647244638064876e-05,0.09953434765338898,0.8368952870368958,0.00014610709331464022,7.660524715902284e-06,normal-z-line/52855f3b-add5-4c60-af4e-ecf7b12a2134.jpg
5,5,normal-z-line,normal-z-line,True,1.981627610803116e-05,7.979918336786795e-06,0.13588294386863708,1.6870519630174385e-06,0.0001626128942007199,0.8638473153114319,6.684511754428968e-05,1.0879277397179976e-05,normal-z-line/6a199b51-6590-47a2-8790-9b23187e4084.jpg
5,5,normal-z-line,normal-z-line,True,5.220870298217051e-05,0.0003969868994317949,0.35238003730773926,2.9689605071325786e-05,0.0060119424015283585,0.6374103426933289,0.0002074316726066172,0.0035112740006297827,normal-z-line/266da747-0ead-4a9c-9af8-c64a845450b0.jpg
4,4,normal-pylorus,normal-pylorus,True,2.158948746000533e-06,8.708279892744031e-07,3.0359409720404074e-05,1.2176251402706839e-05,0.9977706670761108,0.00010483005462447181,0.0018980007153004408,0.000181050636456348,normal-pylorus/3e710c44-5105-4f4b-ac25-39f823eb6cb4.jpg
3,3,normal-cecum,normal-cecum,True,0.00020268211665097624,4.150317545281723e-05,5.980222539392344e-08,0.9912704229354858,3.1571212844028196e-07,2.286971501064272e-08,0.0006350416224449873,0.007850071415305138,normal-cecum/4e5f0e54-da66-4d41-bcf9-1b3d71197ab2.jpg
3,3,normal-cecum,normal-cecum,True,0.00038182869320735335,5.254715506453067e-05,3.323130215449055e-07,0.9976369142532349,5.624206460197456e-05,1.4059208979233517e-06,0.0005301396595314145,0.001340555725619197,normal-cecum/2909cac3-254e-4d0c-9e25-5bbe2a3f1608.jpg
0,0,dyed-lifted-polyps,dyed-lifted-polyps,True,0.9881332516670227,0.010367597453296185,1.5486931488339906e-06,8.528119906259235e-06,2.7694884465745417e-06,3.8856671835674206e-07,0.0014259417075663805,6.0008685977663845e-05,dyed-lifted-polyps/6198ac62-d11b-47fd-9488-13bab02fa5a8.jpg
6,6,polyps,polyps,True,0.009962042793631554,0.0024094099644571543,0.00015740796516183764,0.01652451604604721,0.00016668140597175807,0.001127138501033187,0.969588577747345,6.423371814889833e-05,polyps/315a29dc-1d9e-4b1f-b754-407a376b994a.jpg
2,5,esophagitis,normal-z-line,False,3.0014074582140893e-05,7.871029811212793e-05,0.07694936543703079,5.368781330616912e-06,0.00014624129107687622,0.9221071600914001,3.126000956399366e-05,0.000651904265396297,esophagitis/1f3349a1-216d-43b7-89f8-2e5cf547bbbc.jpg
4,4,normal-pylorus,normal-pylorus,True,1.6179285466932924e-07,4.0390236932807966e-08,1.1157431799801998e-05,4.813085752175539e-07,0.9999232292175293,3.366378223290667e-05,2.527991819079034e-05,6.022813067829702e-06,normal-pylorus/c74012e7-45c7-4cf4-9462-9124c7acfcdb.jpg
1,1,dyed-resection-margins,dyed-resection-margins,True,0.03749217838048935,0.9621949195861816,4.487604383029975e-05,1.4217482657841174e-06,1.5122924423849327e-07,2.1199195543886162e-05,2.654237141541671e-05,0.00021864174050278962,dyed-resection-margins/186375d6-f31d-405d-8326-f4005d9eea39.jpg
2,2,esophagitis,esophagitis,True,0.0008627421921119094,0.0003051287785638124,0.8886650800704956,0.00021394400391727686,0.06952696293592453,0.025085140019655228,0.0018546937499195337,0.013486397452652454,esophagitis/3ea0322d-cc11-4863-b4c1-1bab466d3547.jpg
4,4,normal-pylorus,normal-pylorus,True,0.00020865317492280155,3.946574361179955e-05,0.010010071098804474,0.00011853140313178301,0.9511740207672119,0.033673711121082306,0.004767238162457943,8.362059816136025e-06,normal-pylorus/3676032c-2c8c-4161-b91a-174f86dea256.jpg
7,7,ulcerative-colitis,ulcerative-colitis,True,0.006015059072524309,0.0010371925309300423,1.4884041775076184e-05,0.009754721075296402,0.0002313016157131642,7.163268492149655e-06,0.05959777906537056,0.9233418703079224,ulcerative-colitis/ae68bef5-8ca4-42fd-a275-d34ee4ea8c14_00001172.jpg
0,0,dyed-lifted-polyps,dyed-lifted-polyps,True,0.9866516590118408,0.013301219791173935,1.1366636272214237e-06,5.250348749541445e-06,6.646645545060892e-08,4.251991413184442e-06,3.6195462598698214e-05,1.9092138359155797e-07,dyed-lifted-polyps/ce738b8c-c389-4db5-82f0-eacced58b152.jpg
3,3,normal-cecum,normal-cecum,True,0.001939301728270948,0.000667448271997273,5.261555543256691e-06,0.9723650813102722,9.953892003977671e-06,3.652171699286555e-06,0.0021474692039191723,0.022861773148179054,normal-cecum/4b929428-a943-4be6-8ac0-eaf759d74434.jpg
7,7,ulcerative-colitis,ulcerative-colitis,True,0.002118856180459261,0.00013738924462813884,3.1957621104083955e-05,0.005098768975585699,0.00045497436076402664,1.500393295827962e-06,0.015616733580827713,0.9765398502349854,ulcerative-colitis/8085db7c-43c6-44d4-a9ce-01c725288a30.jpg
5,5,normal-z-line,normal-z-line,True,8.224230896303197e-07,9.88499668892473e-05,0.01843222603201866,2.1177504095248878e-05,9.527745714876801e-05,0.9812927842140198,7.225685749290278e-06,5.15618194185663e-05,normal-z-line/c8045041-9930-4d96-8699-77f5682eecc0.jpg
3,3,normal-cecum,normal-cecum,True,0.001351062674075365,0.00045655391295440495,9.032795787788928e-06,0.9883375763893127,0.0001449453120585531,6.748439773218706e-06,0.00805416889488697,0.0016399123705923557,normal-cecum/9755aaad-a2ea-488b-b061-eca74459d38d.jpg
6,6,polyps,polyps,True,0.024821462109684944,0.017262807115912437,0.01062692143023014,0.0047714547254145145,0.0007012737914919853,0.005839734338223934,0.7130401730537415,0.2229362428188324,polyps/a5095f5e-753b-4e31-b737-e424db22e9ad.jpg
5,5,normal-z-line,normal-z-line,True,1.8753423773887334e-06,2.9107221052981913e-05,0.13167153298854828,1.3873822126697632e-06,4.741079465020448e-05,0.8682390451431274,5.52619121663156e-06,4.097577402717434e-06,normal-z-line/6516bf8c-e407-411b-b37e-19e237e85d20.jpg
0,1,dyed-lifted-polyps,dyed-resection-margins,False,0.08675763756036758,0.9128962159156799,1.6721678548492491e-06,1.4930386896594428e-05,5.599541097467409e-08,5.134878300339096e-09,0.00029989369795657694,2.9605813324451447e-05,dyed-lifted-polyps/15e3cb6d-c5ed-4cae-82cf-742bfa8de45b.jpg
4,4,normal-pylorus,normal-pylorus,True,5.485503152158344e-06,2.230648306067451e-06,0.0015596343437209725,3.9806109271012247e-05,0.9761492609977722,0.022048138082027435,0.0001551543828099966,4.028013427159749e-05,normal-pylorus/b9559ef9-163d-4d98-a8d4-5f058bfa8003.jpg
0,0,dyed-lifted-polyps,dyed-lifted-polyps,True,0.9996248483657837,0.0002847945725079626,8.478042268222907e-09,7.675440656385035e-07,5.380362266826921e-10,1.1429311941313358e-09,8.951191557571292e-05,2.0641968134782473e-08,dyed-lifted-polyps/775cf098-e2c9-4006-8335-e744321223d1.jpg
5,5,normal-z-line,normal-z-line,True,1.081848495232407e-06,2.1301419110386632e-05,0.10105594992637634,1.4670985137854586e-07,1.2693290955212433e-05,0.8989075422286987,6.670417178611387e-07,6.047076794857276e-07,normal-z-line/6c263f6e-5915-4a70-b184-f818fa54a18f.jpg
5,5,normal-z-line,normal-z-line,True,0.00020006121485494077,0.0008050737669691443,0.2264823168516159,2.754402521532029e-05,0.0020867660641670227,0.7700464725494385,0.00024656340247020125,0.00010531300358707085,normal-z-line/3bfe3c3d-2b9c-4c7c-a0f3-7ad73e6ab203.jpg
5,5,normal-z-line,normal-z-line,True,1.9399523807805963e-05,6.0626382037298754e-05,0.39906996488571167,7.078782073222101e-05,0.003271557157859206,0.5971413254737854,0.0002248885721201077,0.0001414795988239348,normal-z-line/2529ce9a-93f1-4dc7-8ee6-53f021604bc1.jpg
7,7,ulcerative-colitis,ulcerative-colitis,True,0.004735559690743685,0.0016039551701396704,1.892169711936731e-05,0.00025465755607001483,9.083644840757188e-07,1.5452390016434947e-06,0.01207326352596283,0.9813112616539001,ulcerative-colitis/ae68bef5-8ca4-42fd-a275-d34ee4ea8c14_00000252.jpg
3,3,normal-cecum,normal-cecum,True,0.003028970444574952,0.0006203005323186517,0.00010373847908340394,0.9343986511230469,0.00020360539201647043,2.4036735339905135e-05,0.060853827744722366,0.0007668343023397028,normal-cecum/7bf95fdd-0f8b-44f7-976d-fa91185ae8bc.jpg
5,5,normal-z-line,normal-z-line,True,5.630112354992889e-06,1.5576833902741782e-05,0.009923107922077179,2.819599558279151e-07,0.00048735973541624844,0.9895268678665161,3.746811853488907e-05,3.718495690918644e-06,normal-z-line/1921043a-db5a-49e5-a5be-2b74ca7d35a4.jpg
5,5,normal-z-line,normal-z-line,True,6.900065727677429e-06,1.5897235243755858e-06,0.21774864196777344,3.2486434065504e-05,0.003295372473075986,0.778719961643219,4.4032218283973634e-05,0.00015106060891412199,normal-z-line/ef2402f5-0439-4e5c-8715-225e031e1ed0.jpg
7,7,ulcerative-colitis,ulcerative-colitis,True,0.10400991886854172,0.1230379045009613,0.0006429132772609591,0.04098040610551834,8.38016057969071e-05,0.00022859223827254027,0.18486787378787994,0.5461485981941223,ulcerative-colitis/bc7439ed-e848-459c-83b8-9643d99a2762.jpg
3,3,normal-cecum,normal-cecum,True,0.0006050492520444095,0.00016643972776364535,1.962752094186726e-06,0.914345920085907,1.1888973858731333e-05,1.482384845985507e-07,0.012625748291611671,0.07224290072917938,normal-cecum/84feb5ea-2dff-49fc-8290-3d82f9e5ec95.jpg
0,0,dyed-lifted-polyps,dyed-lifted-polyps,True,0.9040045142173767,0.09356789290904999,1.427721872460097e-05,0.0002896828227676451,2.352753881496028e-06,1.784606502042152e-05,0.0011783763766288757,0.0009250324801541865,dyed-lifted-polyps/a438893e-5870-4d11-9476-e47f63ef24b9.jpg
7,7,ulcerative-colitis,ulcerative-colitis,True,0.0003255259362049401,0.0001323044707532972,3.510758324409835e-05,0.003953511361032724,1.5428158803842962e-05,9.51618767430773e-06,0.07847549766302109,0.9170531630516052,ulcerative-colitis/c0f57402-ad88-44e2-a0dc-3f6cbef7a87b.jpg
7,7,ulcerative-colitis,ulcerative-colitis,True,0.011798316612839699,0.0049132369458675385,0.0038745240308344364,0.010320212692022324,0.00014403677778318524,0.00016874054563231766,0.009909161366522312,0.9588717222213745,ulcerative-colitis/b5efb2cc-2e53-4ec7-87f7-fb08b47f34e3.jpg
2,2,esophagitis,esophagitis,True,2.1596937585854903e-05,1.5923262253636494e-05,0.8752627372741699,2.3420761863235384e-06,0.00017620966536924243,0.12422367930412292,9.31921476876596e-06,0.00028824189212173223,esophagitis/d55f27b0-d121-45b8-b1f9-219b32efdce2.jpg
4,4,normal-pylorus,normal-pylorus,True,0.00013071225839667022,1.1803205097749014e-06,0.000369381217751652,0.00022820507001597434,0.8921933770179749,0.0015821375418454409,0.0008074985817074776,0.10468753427267075,normal-pylorus/ae37c066-efe4-4589-9dda-7990ed79bbe6.jpg
0,1,dyed-lifted-polyps,dyed-resection-margins,False,0.43287762999534607,0.5667153000831604,3.235380427213386e-05,5.7816883781924844e-05,3.0421367114286113e-07,1.426262861059513e-05,0.00020089471945539117,0.00010148670116905123,dyed-lifted-polyps/c3018dd0-26ad-4904-88fd-b14b2a8df0aa.jpg
1,1,dyed-resection-margins,dyed-resection-margins,True,0.03627466410398483,0.9635370969772339,7.42998508940218e-06,2.4123091861838475e-05,4.947461889059923e-07,1.7327330397165497e-06,2.2291262212092988e-05,0.00013221206609159708,dyed-resection-margins/87067da4-8aac-4f04-8641-9a67365510aa.jpg
0,6,dyed-lifted-polyps,polyps,False,0.11115643382072449,0.028578590601682663,0.0017952163470909,0.0011738790199160576,0.0007964013493619859,0.001662495662458241,0.825228750705719,0.02960820496082306,dyed-lifted-polyps/716d75fc-6dfe-400c-9149-4d20fa1b02e8.jpg
4,4,normal-pylorus,normal-pylorus,True,4.1190963884218945e-07,2.9791774380782954e-08,3.55995653080754e-05,4.696638279710896e-05,0.9993606209754944,0.000545953749679029,9.741628673509695e-06,6.767216973457835e-07,normal-pylorus/c9788cb8-912e-4136-af46-90211ae2ff13.jpg
5,5,normal-z-line,normal-z-line,True,0.00010598066000966355,4.8924754082690924e-05,0.05874784290790558,0.0001427324314136058,0.014837395399808884,0.925685465335846,0.0003009592473972589,0.0001307653437834233,normal-z-line/3a7485d3-4f59-4890-b253-81367345e134.jpg
4,4,normal-pylorus,normal-pylorus,True,1.0674377790564904e-06,1.7757314481059439e-06,7.467091927537695e-05,1.034732940752292e-05,0.9977371692657471,0.0015721371164545417,0.0005983565934002399,4.474034085433232e-06,normal-pylorus/a47588f1-e876-4991-9304-b9cedfa292ab.jpg
6,6,polyps,polyps,True,0.01004886720329523,0.00032873256714083254,1.4633609453085228e-06,0.00641039339825511,2.662997644620191e-08,1.7232321170013165e-07,0.9832021594047546,8.277161214209627e-06,polyps/561e992a-cb46-4e20-b959-be6fb0f8c481.jpg
0,0,dyed-lifted-polyps,dyed-lifted-polyps,True,0.6542798280715942,0.345590740442276,1.3384544672589982e-07,6.186636536398282e-09,3.5069542755894467e-12,3.1801343780557545e-09,0.00012937701831106097,2.56704835166488e-09,dyed-lifted-polyps/31604d8a-e8ac-4d98-969d-8627321ad8c7.jpg
1,1,dyed-resection-margins,dyed-resection-margins,True,0.02725435048341751,0.9727379679679871,4.46705143986037e-06,3.0796121563980705e-07,3.7706632260992023e-10,2.7697614868316123e-08,4.0861036154637986e-07,2.508811121515464e-06,dyed-resection-margins/256ae4b0-4bb0-4617-8f48-20164cc6b681.jpg
1,0,dyed-resection-margins,dyed-lifted-polyps,False,0.6820512413978577,0.31439125537872314,6.255824246181874e-06,0.0026562304701656103,1.4726958852406824e-07,5.416908607003279e-06,0.0008269951795227826,6.247028068173677e-05,dyed-resection-margins/2871b311-54de-4069-ba9b-c8eb3e3e1875.jpg
3,3,normal-cecum,normal-cecum,True,0.00014155507960822433,4.45832556579262e-05,2.127899506376707e-06,0.9980525970458984,4.360113905477192e-07,1.1124675438622944e-06,0.0017330466071143746,2.4525199478375725e-05,normal-cecum/84ab55b6-97d6-4bcc-af54-102f2438d045.jpg
1,1,dyed-resection-margins,dyed-resection-margins,True,0.2756875455379486,0.7238781452178955,0.00015403120778501034,1.876962762992207e-08,5.198567976094637e-08,0.00015355981304310262,0.00012487825006246567,1.7848822153609945e-06,dyed-resection-margins/de582410-cd28-4236-9b46-37a10aa6064b.jpg
6,6,polyps,polyps,True,0.04228480905294418,0.0056111072190105915,0.003630505409091711,0.0045580449514091015,0.011931064538657665,0.002147715538740158,0.9183878898620605,0.011448895558714867,polyps/fe1145d1-4612-42bf-ba0b-717d7d46c793.jpg
7,7,ulcerative-colitis,ulcerative-colitis,True,0.0014723995700478554,0.0019495077431201935,2.4649127226439305e-05,0.005382578354328871,5.582157882599859e-07,1.8933209275928675e-06,0.004520287271589041,0.9866481423377991,ulcerative-colitis/5ec1cf46-a0eb-49f8-ad35-c933fcfcb126.jpg
1,1,dyed-resection-margins,dyed-resection-margins,True,0.44343605637550354,0.5554215312004089,4.0524741052649915e-05,3.081063914578408e-05,6.703243116135127e-08,2.1265577743179165e-05,0.00103433383628726,1.5418643670273013e-05,dyed-resection-margins/c1a3e4e9-d9bd-4992-a54d-6e299ab61865.jpg
3,3,normal-cecum,normal-cecum,True,0.002193904248997569,0.0031894994899630547,3.713399564730935e-05,0.9781920313835144,7.80599148129113e-05,1.5900403013802134e-05,0.012068315409123898,0.004225247539579868,normal-cecum/80145f3c-94ed-4b02-93ff-f884977e0b55.jpg
4,4,normal-pylorus,normal-pylorus,True,8.904258720576763e-06,2.0811805825360352e-06,0.0008021980174817145,3.058068614336662e-05,0.9779476523399353,0.001579797943122685,0.0009212669683620334,0.018707582727074623,normal-pylorus/342a1c85-c028-4509-9f1c-b1ce76751f5c.jpg
0,0,dyed-lifted-polyps,dyed-lifted-polyps,True,0.9994476437568665,0.0005142983281984925,4.691214030572155e-07,2.098843287967611e-05,1.0248366066889503e-07,1.6441865113847598e-07,1.5682475350331515e-05,5.936882416790468e-07,dyed-lifted-polyps/0de004f5-2c4e-4f45-9439-a0f7fd5fb3a0.jpg
2,2,esophagitis,esophagitis,True,0.00014433899195864797,0.00030396360671147704,0.9126774072647095,2.1987321474625787e-07,2.6488683943171054e-05,0.08436761796474457,4.65255907329265e-05,0.0024333547335118055,esophagitis/cfc0198f-a0e4-41e7-89a7-1760e2511a4b.jpg
7,3,ulcerative-colitis,normal-cecum,False,0.005697757471352816,0.002648778725415468,7.79369474912528e-06,0.753751277923584,0.0006057569407857955,7.480669410142582e-06,0.06956374645233154,0.16771738231182098,ulcerative-colitis/06428c8f-5d5c-4069-bc93-b89c0a0156ee.jpg
0,0,dyed-lifted-polyps,dyed-lifted-polyps,True,0.9644516706466675,0.031196609139442444,8.220439667638857e-06,0.001515728305093944,1.1113611719792971e-07,9.994308811656083e-07,0.0022749663330614567,0.0005515732918865979,dyed-lifted-polyps/1d443d7c-f332-4da4-bc96-56fff7e51fd4.jpg
1,1,dyed-resection-margins,dyed-resection-margins,True,0.02142348699271679,0.9779731631278992,4.630591502063908e-05,0.00042547014891169965,1.587553697390831e-06,1.3791307537758257e-05,1.5330975656979717e-05,0.00010085111716762185,dyed-resection-margins/380fb71f-1f30-4de6-9ed4-33951e35e9ba.jpg
6,6,polyps,polyps,True,0.018165867775678635,0.0018293324392288923,0.00017794690211303532,0.04319903627038002,0.01018390990793705,0.0013760149013251066,0.843755841255188,0.08131207525730133,polyps/a61eb3af-9bb4-4ca3-8741-a1423284ae3c.jpg
2,5,esophagitis,normal-z-line,False,9.739151209942065e-07,3.276186907896772e-05,0.007538055069744587,7.924407441350922e-07,2.0961457266821526e-05,0.9924006462097168,5.543020051845815e-06,2.3199207532798027e-07,esophagitis/398368d8-b3b5-40c8-b106-02aea843ddb4.jpg
4,4,normal-pylorus,normal-pylorus,True,0.0001368997327517718,3.4724284887488466e-06,0.0007000785553827882,3.665071926661767e-05,0.8722183704376221,0.03414221480488777,0.0927562266588211,6.0389688769646455e-06,normal-pylorus/e7d4b6b8-38fe-4932-afc1-a6109e52078b.jpg
6,6,polyps,polyps,True,0.005666005425155163,0.00010521301010157913,4.023386281915009e-05,0.00016863572818692774,1.6688370578776812e-06,0.00012321662507019937,0.9937248826026917,0.00017010138253681362,polyps/561d488e-a314-4c27-bade-d26b52d1a2b0.jpg
4,4,normal-pylorus,normal-pylorus,True,1.194165633933153e-06,5.562789056057227e-07,0.0004559603694360703,1.2764848179358523e-05,0.9976268410682678,0.001833541551604867,4.447545506991446e-05,2.471266452630516e-05,normal-pylorus/67e53744-100e-476a-ba56-91bc5b0341fe.jpg
7,7,ulcerative-colitis,ulcerative-colitis,True,1.0838775779120624e-05,3.611356078181416e-06,2.7668691018334357e-06,3.601756588977878e-06,1.6633804307275568e-06,4.595200664425647e-07,0.00020387591212056577,0.9997732043266296,ulcerative-colitis/42bdc7fc-bba3-4149-a72f-10345a4ac6f0.jpg
0,0,dyed-lifted-polyps,dyed-lifted-polyps,True,0.9038748741149902,0.0740346685051918,2.208358154121015e-07,0.016451101750135422,8.846385753713548e-06,6.703338613078813e-07,0.0041624559089541435,0.0014671006938442588,dyed-lifted-polyps/927bb7b7-7d03-475e-abde-3d1f4b691f7e.jpg
5,5,normal-z-line,normal-z-line,True,0.00015654225717298687,0.0001489935239078477,0.07808711379766464,0.0001066672703018412,0.004765188321471214,0.9129602909088135,0.0026885250117629766,0.001086715143173933,normal-z-line/d87678ae-47c4-4e2e-9288-caebb9471490.jpg
2,5,esophagitis,normal-z-line,False,5.6343756114074495e-06,2.2648660888080485e-05,0.18363797664642334,1.0198148459039658e-07,3.9039070543367416e-05,0.81626957654953,2.436701652186457e-05,7.071043910400476e-07,esophagitis/8de2192c-f0e8-46ad-8162-18f5b27d206f.jpg
2,2,esophagitis,esophagitis,True,0.00015908671775832772,0.00043805045424960554,0.9911948442459106,1.3419966307992581e-05,5.84474801144097e-05,0.007544216234236956,0.00017055569333024323,0.0004214299551676959,esophagitis/2727547e-69ba-43f6-ba24-cf4e95150045.jpg
1,1,dyed-resection-margins,dyed-resection-margins,True,0.013928443193435669,0.9849172234535217,0.0007962976233102381,6.374874374159845e-06,3.196027194007911e-07,0.00019194898777641356,2.3711885660304688e-05,0.00013574291369877756,dyed-resection-margins/75f0d19e-778c-4016-bea4-22f46546e0b1.jpg
6,3,polyps,normal-cecum,False,0.015482248738408089,0.004008939024060965,0.0006206315592862666,0.5239259600639343,0.008675811812281609,0.002144820988178253,0.3988419771194458,0.04629959911108017,polyps/1b1f0087-190d-4073-bbc1-b69aef862199.jpg
1,1,dyed-resection-margins,dyed-resection-margins,True,0.01974925957620144,0.9797602295875549,4.725290182250319e-06,8.976698882179335e-05,2.195057469123185e-08,1.1122487819648086e-07,0.00016733106167521328,0.0002286494564032182,dyed-resection-margins/6b203ae8-b43e-4b4b-90dc-a52804a85fa6.jpg
2,2,esophagitis,esophagitis,True,1.3630013199872337e-05,1.2953217265021522e-05,0.9350380897521973,9.292707403574241e-08,6.859900736344571e-07,0.06490258872509003,6.782539003324928e-06,2.5288061806350015e-05,esophagitis/7a0140e4-5a86-4691-a1a9-ec5a5d55a5d7.jpg
6,6,polyps,polyps,True,0.005855335853993893,0.003560444340109825,4.499548231251538e-05,0.07451695203781128,3.600689160521142e-05,3.141568595310673e-05,0.8988475203514099,0.017107270658016205,polyps/6dc8180d-a942-4c50-b421-143e63492189.jpg
0,0,dyed-lifted-polyps,dyed-lifted-polyps,True,0.8960146307945251,0.1037890762090683,2.056794437521603e-05,5.746755778091028e-05,1.125858943851199e-06,2.0757946913363412e-05,9.041726298164576e-05,5.962777777313022e-06,dyed-lifted-polyps/cd64102b-51f3-4f60-90f2-53792e4cf3c3.jpg
3,3,normal-cecum,normal-cecum,True,0.011787740513682365,0.009000408463180065,0.00015663320664316416,0.9064846634864807,0.047793351113796234,0.00418512336909771,0.011793903075158596,0.008798154070973396,normal-cecum/8c0fde21-cb42-4b90-907d-a29381698635.jpg
7,7,ulcerative-colitis,ulcerative-colitis,True,0.0007256540120579302,0.0005659133312292397,9.31091999518685e-05,0.0045217531733214855,0.0005024713464081287,4.003022411325219e-07,0.0036555344704538584,0.9899351000785828,ulcerative-colitis/da185292-8d49-4291-a673-1053632d2fdc.jpg
2,2,esophagitis,esophagitis,True,3.646578988991678e-05,5.620287265628576e-05,0.842106282711029,5.372216401156038e-05,0.0004292380763217807,0.15706366300582886,0.00011548193288035691,0.00013899430632591248,esophagitis/4ba88d9a-45ca-4488-9074-02207c23fe71.jpg
0,6,dyed-lifted-polyps,polyps,False,0.13489572703838348,0.004899870604276657,0.0001818971213651821,0.017106175422668457,3.766741065192036e-05,6.550987745868042e-05,0.8397737741470337,0.003039369825273752,dyed-lifted-polyps/d010f922-c1d0-42ad-8c52-ccf3d2d54691.jpg
0,0,dyed-lifted-polyps,dyed-lifted-polyps,True,0.9929115176200867,0.00584721565246582,8.65671779592958e-07,0.00011538554826984182,1.933199378356676e-08,1.4088099078435334e-06,0.0011217138962820172,1.9091232843493344e-06,dyed-lifted-polyps/6953a4c5-9be7-48e8-a396-77c55e274ff1.jpg
2,2,esophagitis,esophagitis,True,0.00018672751320991665,8.309541590278968e-05,0.9775378108024597,7.4087633947783615e-06,0.00014141087012831122,0.01801643706858158,0.00013213325291872025,0.0038948694709688425,esophagitis/a7ab94d8-529f-484f-b130-d9ebf6c8cb24.jpg
7,7,ulcerative-colitis,ulcerative-colitis,True,0.0013698063557967544,0.00023251789389178157,4.044601155328564e-06,0.003334353445097804,5.32612659753795e-07,2.8492788715084316e-06,0.11616267263889313,0.878893256187439,ulcerative-colitis/fe0d4ab0-001f-4bf8-be46-cd9463a100b8.jpg
4,4,normal-pylorus,normal-pylorus,True,8.117972174659371e-05,1.0116569683304988e-05,0.0040602716617286205,6.426378240576014e-05,0.9443976879119873,0.049719616770744324,0.0007291822112165391,0.0009376556263305247,normal-pylorus/0301983f-0196-45ff-b376-0faa61d551e6.jpg
5,5,normal-z-line,normal-z-line,True,1.6196914884858415e-06,3.684899638756178e-05,0.07726634293794632,1.3276726349431556e-05,0.0011377227492630482,0.9215049743652344,2.788267556752544e-05,1.1461714166216552e-05,normal-z-line/d071cc90-4f5b-4134-bba9-ffc613d5a001.jpg
0,0,dyed-lifted-polyps,dyed-lifted-polyps,True,0.9036698341369629,0.029329001903533936,7.300236120499903e-06,0.0011894952040165663,8.410569535044488e-06,8.866793905326631e-06,0.05937020853161812,0.006416891701519489,dyed-lifted-polyps/0714e5ee-8308-43b2-8092-cc2c7b3378fd.jpg
0,0,dyed-lifted-polyps,dyed-lifted-polyps,True,0.9555888175964355,0.03573126345872879,0.0008092194912023842,0.00022049469407647848,2.5363598979311064e-05,4.248393452144228e-05,0.001482567167840898,0.00609977263957262,dyed-lifted-polyps/c13d815d-4193-4580-91ae-1ba23fedefcc.jpg
7,7,ulcerative-colitis,ulcerative-colitis,True,0.06007009744644165,0.17054378986358643,0.00044974684715270996,0.24503248929977417,0.019138075411319733,0.0009028876083903015,0.1225840151309967,0.3812788426876068,ulcerative-colitis/a22de489-2d84-4c35-93fe-4af32b0a1331.jpg
1,1,dyed-resection-margins,dyed-resection-margins,True,0.34241053462028503,0.6528852581977844,0.0003934231644961983,0.00026713742408901453,6.521231625811197e-06,0.001306439284235239,0.002708048326894641,2.255108302051667e-05,dyed-resection-margins/5ee4d0af-22d1-42cf-a599-6d5a64606e0d.jpg
6,0,polyps,dyed-lifted-polyps,False,0.9733460545539856,0.005232891533523798,2.5109852686000522e-06,3.8677611883031204e-05,4.878072104474995e-06,4.528057161223842e-06,0.021111048758029938,0.00025945992092601955,polyps/1ed1df93-8140-40f1-a690-7048fdf4c269.jpg
1,1,dyed-resection-margins,dyed-resection-margins,True,0.007853356190025806,0.9920896291732788,2.613472315715626e-05,5.732154590987193e-07,6.2241771736637475e-09,8.812107807898428e-06,3.4592303563840687e-06,1.793893716239836e-05,dyed-resection-margins/cf5d9149-c61a-4250-8104-5cdbb6e457da.jpg
3,3,normal-cecum,normal-cecum,True,0.0002793952589854598,3.073656989727169e-05,2.2491602067020722e-05,0.990502119064331,4.768579310621135e-05,2.1288509742589667e-05,0.006308560725301504,0.0027876594103872776,normal-cecum/82ad99f3-0982-4c4b-99bb-e46dbc747acb.jpg
6,6,polyps,polyps,True,0.0203375406563282,0.14166486263275146,0.0006431504734791815,0.04999055713415146,0.0015200587222352624,0.0006387680186890066,0.6827064752578735,0.10249844938516617,polyps/38653258-f2dc-4b45-b411-ce8f263df122.jpg
1,1,dyed-resection-margins,dyed-resection-margins,True,0.0007905305828899145,0.999182403087616,1.5694380635977723e-05,5.773061317881911e-08,1.6478168163303053e-07,3.017493554580142e-06,2.125668970620609e-06,5.989910278003663e-06,dyed-resection-margins/58fe221b-73e5-4c17-b1bf-98198efd9d97.jpg
5,5,normal-z-line,normal-z-line,True,2.2019951302354457e-06,0.00010457686585141346,0.009591810405254364,2.2085285309003666e-05,0.0018212457653135061,0.9882904291152954,0.00015759463713038713,1.0026150448538829e-05,normal-z-line/20714e70-30f8-4419-bb58-66bfa7f48761.jpg
1,1,dyed-resection-margins,dyed-resection-margins,True,0.11795638501644135,0.8812671899795532,0.00029203170561231673,0.0002628396905492991,8.830252795632987e-07,3.0457951652351767e-05,0.00011757038009818643,7.26401194697246e-05,dyed-resection-margins/94aaec39-2b33-4c51-b4f0-11c70f4cd7b5.jpg
1,1,dyed-resection-margins,dyed-resection-margins,True,0.01349653396755457,0.9865032434463501,1.6992656171055387e-08,5.1633879394330506e-08,1.2823390960203795e-10,8.992496525195293e-09,3.902796308352663e-08,2.366150120280963e-08,dyed-resection-margins/27953276-75db-45ca-b29a-e2b82bf682bd.jpg
4,4,normal-pylorus,normal-pylorus,True,1.597116897755768e-05,2.7873040835402207e-06,0.0007729383069090545,0.00038954298361204565,0.9894616007804871,0.0005638859583996236,0.0007040019845589995,0.008089346811175346,normal-pylorus/5a0c239c-d2f2-4056-9819-ab93148773f0.jpg
4,4,normal-pylorus,normal-pylorus,True,1.3553474673244637e-05,3.607274265959859e-06,0.007558735553175211,0.0001015474772430025,0.7685174942016602,0.22059759497642517,0.003168171737343073,3.926146018784493e-05,normal-pylorus/c45a475e-60fb-4552-8862-19b9f7d5ec2f.jpg
0,0,dyed-lifted-polyps,dyed-lifted-polyps,True,0.9848464727401733,0.015113843604922295,8.59889098592248e-07,5.8777047229341406e-08,1.863495668885662e-08,1.846172068553642e-07,6.2950687151897e-07,3.797293902607635e-05,dyed-lifted-polyps/301718e9-bbdf-4cdd-a665-908c36ae31ea.jpg
7,7,ulcerative-colitis,ulcerative-colitis,True,4.248237382853404e-05,1.4205203115125187e-05,0.0014107985189184546,1.132895158661995e-05,4.415437797433697e-05,8.982049621408805e-05,0.0001040932911564596,0.9982831478118896,ulcerative-colitis/584f1fa0-9bb9-49d3-b412-c42819d0a200_00000601.jpg
7,7,ulcerative-colitis,ulcerative-colitis,True,6.242429662961513e-05,7.995268242666498e-05,1.8349828678765334e-06,4.968203484168043e-06,5.2835260611061585e-09,5.510017331289419e-07,0.0032169639598578215,0.9966332316398621,ulcerative-colitis/a9ff108d-0bd1-4dde-a268-9055fdd2b1cf.jpg
3,3,normal-cecum,normal-cecum,True,0.0006579267792403698,0.0002788628335110843,1.273245857191796e-06,0.9906569719314575,0.00022568617714568973,1.5601294762745965e-06,0.008081124164164066,9.65381768764928e-05,normal-cecum/5578ca30-6b02-4627-bcc6-fc7f9d73d7e0.jpg
0,1,dyed-lifted-polyps,dyed-resection-margins,False,0.003026441903784871,0.9969293475151062,4.0901213651522994e-05,3.596242663661542e-07,2.393597320349272e-09,1.1409222224756377e-06,4.391081915855466e-07,1.2662167137023062e-06,dyed-lifted-polyps/22fe9ac9-68c0-4344-91dd-12495657d17a.jpg
7,7,ulcerative-colitis,ulcerative-colitis,True,1.7749491235008463e-05,1.0395244316896424e-05,2.2639416386027733e-07,0.001180847524665296,2.1054535181974643e-07,2.613560923236946e-07,0.0004892651923000813,0.9983009696006775,ulcerative-colitis/fa08a6ce-516e-442f-9a88-b57ce593de31.jpg
6,6,polyps,polyps,True,0.00938345491886139,0.00025142793310806155,0.00024431012570858,0.274150550365448,0.0032899717334657907,4.050112693221308e-05,0.6692259907722473,0.04341380298137665,polyps/e59a6182-3075-4f7b-93ea-c6963c9b5649.jpg
5,5,normal-z-line,normal-z-line,True,1.2504489177445066e-06,1.236581738339737e-05,0.04311686381697655,4.241029500917648e-07,0.0004968408029526472,0.9563701152801514,1.985139988391893e-06,3.0372177661774913e-07,normal-z-line/73433e34-3924-4b86-8ffb-693aaea48a76.jpg
3,3,normal-cecum,normal-cecum,True,0.0038426965475082397,0.0017889091977849603,4.6527413360308856e-05,0.9378454089164734,0.0012531422544270754,0.00016052363207563758,0.053071457892656326,0.001991322496905923,normal-cecum/111c85ee-0d80-45cf-ad41-53f4126d7ba4.jpg
2,5,esophagitis,normal-z-line,False,6.16508477833122e-05,2.752131513261702e-05,0.330719918012619,0.0008560491260141134,0.007807446643710136,0.6541566848754883,0.005093906540423632,0.0012767934240400791,esophagitis/2d4c51c5-d311-4fa8-bf07-6b63edc5c43f.jpg
4,4,normal-pylorus,normal-pylorus,True,2.21979303205444e-06,3.6281426218920387e-07,1.1764260307245422e-05,3.500826278468594e-05,0.999671459197998,5.891831824555993e-05,0.00014786476094741374,7.235468365252018e-05,normal-pylorus/abc7edf2-1c65-48ff-84d9-42b0c11bf0ad.jpg
2,2,esophagitis,esophagitis,True,0.030087366700172424,0.03223878890275955,0.8679249882698059,0.0009858866687864065,0.0010564675321802497,0.023021476343274117,0.005206002853810787,0.03947901353240013,esophagitis/0d5a10c4-1d99-449b-a866-2a78d291d391.jpg
4,4,normal-pylorus,normal-pylorus,True,4.9493199185235426e-05,2.6108979000127874e-05,0.00017497199587523937,8.047164737945423e-05,0.9952666759490967,0.0005232471157796681,0.001109844888560474,0.0027692129369825125,normal-pylorus/b69e0ef6-4c59-48f5-b83e-a8d1c5b761ae.jpg
4,4,normal-pylorus,normal-pylorus,True,9.052727705238794e-07,8.398947102250531e-07,0.0004996136412955821,2.6159299522987567e-05,0.9904594421386719,0.008975292555987835,3.114155333605595e-05,6.634923465753673e-06,normal-pylorus/b27a98ee-d1df-4a18-afad-a22597273235.jpg
0,0,dyed-lifted-polyps,dyed-lifted-polyps,True,0.9921671748161316,0.0022419181186705828,3.997443855041638e-05,0.0007201763219200075,1.131708540924592e-05,2.8924638172611594e-05,0.0027158441953361034,0.002074645832180977,dyed-lifted-polyps/d34c3e47-1765-4e93-8fd8-208b0b2f3437.jpg
3,3,normal-cecum,normal-cecum,True,0.00038345999200828373,9.169363329419866e-05,1.6581227555434452e-06,0.9734764099121094,0.0001345987693639472,2.2373678802978247e-06,0.01660691574215889,0.009303098544478416,normal-cecum/ecd32bd0-b4d7-49d2-9264-298b381ba1be.jpg
7,7,ulcerative-colitis,ulcerative-colitis,True,0.0004224250733386725,0.00022378412541002035,0.0005355319008231163,0.0009426134638488293,0.0001649885525694117,4.170026386418613e-06,0.0048615820705890656,0.9928448796272278,ulcerative-colitis/1fef5c9f-4e19-4dee-92af-0a693f3ab435.jpg
1,1,dyed-resection-margins,dyed-resection-margins,True,0.029665585607290268,0.9702972769737244,1.8360949979978614e-05,3.5858016644851887e-07,3.787634028640241e-08,2.930767095676856e-08,7.141839432733832e-06,1.1178765817021485e-05,dyed-resection-margins/9802a7cf-7707-4091-81fb-6cbea1877043.jpg
6,6,polyps,polyps,True,0.0008645557099953294,0.0001613876229384914,1.4032132639840711e-05,0.002243130700662732,0.0004045796813443303,6.266339187277481e-05,0.9962432384490967,6.465362275775988e-06,polyps/1c97e7d0-2ad6-430c-92dd-bf37f5b80538.jpg
4,4,normal-pylorus,normal-pylorus,True,5.0257811381015927e-05,8.243336924351752e-05,0.02115495130419731,0.00022719314438290894,0.9686375856399536,0.006411966402083635,0.0010547854471951723,0.002380892401561141,normal-pylorus/d4b1830c-6c66-460b-94e6-c29afca389ad.jpg
1,0,dyed-resection-margins,dyed-lifted-polyps,False,0.5905066728591919,0.40787509083747864,0.001031031715683639,1.1699688002408948e-05,1.3759016326275741e-07,0.00027990274247713387,0.00019605581474024802,9.937226423062384e-05,dyed-resection-margins/8a32fa44-6ed6-476c-b9e8-9ef2c3dbdd0d.jpg
3,3,normal-cecum,normal-cecum,True,0.000761342525947839,0.0003469925723038614,3.100275307588163e-06,0.995208203792572,7.615021786477882e-06,1.4007979416419403e-06,0.002269504824653268,0.0014017889043316245,normal-cecum/01c6ae3a-6ee5-4a98-a792-c7f59a1c2fc4.jpg
6,6,polyps,polyps,True,0.00600903807207942,0.00793030858039856,0.00019802592578344047,0.0015183646464720368,0.00022636137146037072,6.122844206402078e-05,0.9518521428108215,0.03220456466078758,polyps/2ca1039b-7ba8-4df2-8421-45730a0127d0.jpg
6,3,polyps,normal-cecum,False,0.03832679241895676,0.009121980518102646,7.556961645605043e-05,0.5741878151893616,0.0002831250021699816,0.0018718988867476583,0.3622819483280182,0.013850887306034565,polyps/7f2130f8-cf67-4644-a4a6-133d9accbf63.jpg
4,4,normal-pylorus,normal-pylorus,True,1.3716161220145295e-06,6.663070735157817e-07,0.000701150216627866,6.245521035452839e-06,0.9731199145317078,0.02582741715013981,0.000342823623213917,3.799121941483463e-07,normal-pylorus/e779bfdd-2e69-4e11-82f7-9b8dc54e6376.jpg
4,4,normal-pylorus,normal-pylorus,True,6.481249874923378e-05,3.2439194910693914e-05,0.015415020287036896,0.003557634074240923,0.9269136190414429,0.05137347802519798,0.0015122063923627138,0.001130729098804295,normal-pylorus/e55c00fa-c254-4550-a2f3-5a7836f05c92.jpg
6,6,polyps,polyps,True,0.01793096587061882,7.318739517359063e-05,2.5147385258605937e-06,3.1120693165576085e-05,1.7338072666461812e-06,1.6178988516912796e-05,0.9815136790275574,0.0004305878246668726,polyps/9131f0b4-8824-413e-b135-fa27957cbf8f.jpg
5,5,normal-z-line,normal-z-line,True,2.5177271254506195e-06,5.601954399025999e-06,0.019285058602690697,2.735437476530933e-07,0.0001964405382750556,0.9804850220680237,2.4738581487326883e-05,2.707242856558878e-07,normal-z-line/693de672-7931-484f-a634-ce74d30c9c0a.jpg
6,6,polyps,polyps,True,0.038480840623378754,4.217724927002564e-05,8.033031917875633e-05,0.07216675579547882,0.006318692117929459,0.00010909170669037849,0.8813461661338806,0.0014558176044374704,polyps/25e2f3ad-3518-4b97-96cf-abdd666112e6.jpg
5,5,normal-z-line,normal-z-line,True,4.017075116280466e-05,0.00013495064922608435,0.12385904043912888,0.00019798739231191576,0.07850415259599686,0.7935678958892822,0.0006245675613172352,0.0030710820574313402,normal-z-line/e32e40ad-dd84-45d0-a1d5-137fcea39093.jpg
1,1,dyed-resection-margins,dyed-resection-margins,True,0.39887213706970215,0.5909526348114014,0.005234391428530216,0.0007496249745599926,1.7311669580521993e-05,0.002827973570674658,0.0009944565827026963,0.00035145445144735277,dyed-resection-margins/9f68ecd9-b57c-4d44-b171-d076fb049291.jpg
6,6,polyps,polyps,True,0.0005610721418634057,0.00017208600183948874,2.3465790945920162e-05,0.00012838630937039852,6.0798218328272924e-05,1.0102516171173193e-05,0.9988939166069031,0.00015027268091216683,polyps/59a337b3-7eef-4e79-a634-a01e2c4a2bad.jpg
1,1,dyed-resection-margins,dyed-resection-margins,True,0.4409531056880951,0.5406273007392883,0.013128143735229969,0.0001727204507915303,5.474672889249632e-06,0.0023075067438185215,0.00048075051745399833,0.002324976259842515,dyed-resection-margins/39ff68c5-a654-44f8-bef4-116b31258ddb.jpg
2,2,esophagitis,esophagitis,True,0.00017613427189644426,5.5110082030296326e-05,0.9912374019622803,3.412425212445669e-05,7.572254253318533e-05,0.004261982161551714,0.0016950391000136733,0.002464556833729148,esophagitis/59ed5461-f108-4889-9b19-b9eb0bb49597.jpg
3,3,normal-cecum,normal-cecum,True,3.082623879890889e-05,2.578662815722055e-06,1.3856812586254819e-07,0.9819242358207703,1.5824451111257076e-05,3.0122373573249206e-07,0.0004595109785441309,0.017566660419106483,normal-cecum/9e0ec683-382b-4bed-a9a9-0891847bb5db.jpg
4,4,normal-pylorus,normal-pylorus,True,5.61665729037486e-05,3.4667235013330355e-05,0.0038728518411517143,1.256038376595825e-05,0.9804139733314514,0.0017899400554597378,0.0015124023193493485,0.012307493947446346,normal-pylorus/6a3003e2-3ab1-4ef6-aedd-62162a06f13c.jpg
5,5,normal-z-line,normal-z-line,True,2.1988140360917896e-05,1.1113756045233458e-05,0.3286202847957611,3.207074314559577e-06,0.00016881973715499043,0.6710992455482483,6.169144035084173e-05,1.3659246178576723e-05,normal-z-line/ec60235f-7093-4d1b-b957-89e60597ebb2.jpg
0,0,dyed-lifted-polyps,dyed-lifted-polyps,True,0.7936096787452698,0.19344289600849152,7.895207090768963e-06,0.0028952988795936108,4.4027859757989063e-07,3.495256706287364e-08,0.009947930462658405,9.583555220160633e-05,dyed-lifted-polyps/a1c517e2-c120-4337-941b-2da693b198ae.jpg
3,3,normal-cecum,normal-cecum,True,3.601886419346556e-06,8.04946694188402e-07,3.111195676086531e-11,0.9997530579566956,5.124971114156551e-09,2.1694058008336903e-11,4.6803525037830696e-05,0.0001957432396011427,normal-cecum/62443cd8-14f2-4b8f-bea0-03212c270ba0.jpg
5,5,normal-z-line,normal-z-line,True,2.8791857403120957e-05,8.461178367724642e-05,0.4264059364795685,0.00011287377128610387,0.0024462707806378603,0.570801854133606,8.559144771425053e-05,3.409089185879566e-05,normal-z-line/79233d65-18fa-432e-984d-9a5d1b7400cc.jpg
1,1,dyed-resection-margins,dyed-resection-margins,True,0.20897288620471954,0.7274026274681091,0.035662006586790085,2.4168408344849013e-05,0.0005448463489301503,0.002646711189299822,0.01548581849783659,0.009260873310267925,dyed-resection-margins/4d103175-0836-4ca2-a589-b0e0ee4321ac.jpg
3,3,normal-cecum,normal-cecum,True,0.0006180940545164049,0.0007357794092968106,3.7775743066958967e-07,0.9781842827796936,3.4447532470949227e-07,4.923754914898382e-08,0.01644499972462654,0.004016091115772724,normal-cecum/c4f2d60d-a3b6-4557-8b98-7e65d12d5dc4.jpg
4,4,normal-pylorus,normal-pylorus,True,1.3353268514038064e-05,3.6451358482736396e-06,0.0006068892544135451,2.439170202706009e-05,0.9981589913368225,0.0008839293732307851,0.0002852591569535434,2.3516358851338737e-05,normal-pylorus/3b2df768-a38c-4c91-a7c3-f86bc327c70b.jpg
3,3,normal-cecum,normal-cecum,True,0.00016151016461662948,3.052551983273588e-05,9.629668085153753e-08,0.9573497772216797,1.0928949905064655e-06,3.8046991335249913e-08,0.007546943612396717,0.03491000086069107,normal-cecum/a25ece32-f0d1-4408-95ae-d003f71358f7.jpg
2,2,esophagitis,esophagitis,True,6.138522439869121e-05,0.00011010094749508426,0.8107086420059204,1.648927718633786e-05,0.0001907729747472331,0.18846583366394043,0.0001529740693513304,0.00029382549109868705,esophagitis/49cf77e8-4793-4c5a-b398-8e8128e1a03e.jpg
5,5,normal-z-line,normal-z-line,True,8.132541552186012e-06,8.181476005120203e-05,0.09897787123918533,5.500654424395179e-06,0.00011121512943645939,0.9000827074050903,9.492978279013187e-05,0.000637830002233386,normal-z-line/963b2eae-3480-4e59-9151-57379d44cdfc.jpg
4,4,normal-pylorus,normal-pylorus,True,1.7200218280777335e-05,2.139865955541609e-06,0.00040169735439121723,9.508180482953321e-06,0.9985612034797668,7.734177052043378e-05,0.00037063186755403876,0.0005603469326160848,normal-pylorus/9287bda1-6e4f-4cde-84c5-f9fd9ccc1316.jpg
5,5,normal-z-line,normal-z-line,True,9.795759069675114e-06,1.838045136537403e-05,0.057513732463121414,1.3207404663262423e-05,0.0004429934488143772,0.9417548775672913,0.0001396833686158061,0.0001073428284144029,normal-z-line/4fa6d3e5-dfb9-466f-b682-aab7527d4687.jpg
0,0,dyed-lifted-polyps,dyed-lifted-polyps,True,0.8818655014038086,0.027715090662240982,2.627642788866069e-05,7.596363866468892e-05,4.38202823715983e-06,6.847448275948409e-06,0.08818227797746658,0.0021236930042505264,dyed-lifted-polyps/fd3f0c13-3262-473a-914c-82562d7c0e3f.jpg
2,2,esophagitis,esophagitis,True,0.0007654684013687074,0.001323810894973576,0.8471779823303223,7.43023008453747e-07,0.12246256321668625,0.024647630751132965,0.0008235712302848697,0.0027983065228909254,esophagitis/d7c9e4e6-89bd-4ca6-9c67-f11e0a8249bd.jpg
4,4,normal-pylorus,normal-pylorus,True,4.637948904928635e-07,1.4450384888675671e-08,4.188399907434359e-05,4.094924224773422e-05,0.999632716178894,0.0002653973060660064,6.540734375448665e-06,1.1991684914391953e-05,normal-pylorus/fbbc74d2-5144-4450-8ba3-855a83dd6df4.jpg
2,2,esophagitis,esophagitis,True,3.612619548221119e-05,1.9678484022733755e-05,0.9038439393043518,0.00019432064436841756,0.01338809635490179,0.07247601449489594,0.009715162217617035,0.00032667568302713335,esophagitis/a7078721-b8a8-4b7b-8f52-c3dbf92332ff.jpg
2,2,esophagitis,esophagitis,True,4.814384737983346e-05,6.131807458586991e-05,0.9537829756736755,2.0329405288066482e-06,6.4381906668131705e-06,0.04599408805370331,3.265927443862893e-05,7.234970689751208e-05,esophagitis/b416631b-a5ab-40b7-ab0a-ce3d1031130d.jpg
2,5,esophagitis,normal-z-line,False,0.0005970514030195773,0.00018749514129012823,0.12758290767669678,0.00023464670812245458,0.04427872225642204,0.8115324378013611,0.012961413711309433,0.0026253797113895416,esophagitis/4b4e5497-8172-4dcc-a671-ac8087cf1b3c.jpg
5,5,normal-z-line,normal-z-line,True,4.354599695943762e-06,2.180078809033148e-06,0.07289523631334305,5.9369972404965665e-06,0.04628193378448486,0.880773663520813,2.7795897040050477e-05,8.907662049750797e-06,normal-z-line/3ee89ee1-78c0-43e1-9d47-45eda44b40ef.jpg
6,6,polyps,polyps,True,0.0032330842223018408,0.00013184787530917674,0.016071906313300133,0.018193690106272697,0.004329083487391472,0.0021359743550419807,0.9334003329277039,0.022504013031721115,polyps/fe6bccc1-c6ff-4ecd-9d7a-caf4d9fc1165.jpg
1,1,dyed-resection-margins,dyed-resection-margins,True,0.02446681819856167,0.9751283526420593,5.164775575394742e-05,1.3418924709185376e-06,3.255251002087789e-08,5.183758548810147e-05,0.00014470942551270127,0.00015528388030361384,dyed-resection-margins/8c3646ed-1744-4092-8a56-69dce680a593.jpg
0,0,dyed-lifted-polyps,dyed-lifted-polyps,True,0.9863564968109131,0.008922221139073372,1.3881652876079897e-06,0.001045140204951167,4.3764788415501243e-07,4.4868424993183e-06,0.002676538657397032,0.000993272289633751,dyed-lifted-polyps/5915160a-17e8-4fe9-af28-d53de0ef94fc.jpg
2,2,esophagitis,esophagitis,True,0.0008892660262063146,0.00572290550917387,0.8425687551498413,0.00022792200616095215,0.006197796203196049,0.13736401498317719,0.0010923590743914247,0.005936861969530582,esophagitis/0e726fff-6a8b-46d8-a757-9b8758cb2ff5.jpg
3,3,normal-cecum,normal-cecum,True,0.00011535362136783078,0.0002401007222943008,3.6122444726061076e-05,0.9902682900428772,0.002752701286226511,0.00011470430763438344,0.00639996025711298,7.277239637915045e-05,normal-cecum/efe01b9a-a131-4a2c-adcd-c5cc27efd1d4.jpg
0,0,dyed-lifted-polyps,dyed-lifted-polyps,True,0.5161391496658325,0.3007279634475708,0.026660090312361717,0.0025299913249909878,0.0008317655301652849,0.02833636850118637,0.012658821418881416,0.11211591958999634,dyed-lifted-polyps/131bed9f-da09-4ffb-b7c5-e3a59d59e33d.jpg
7,7,ulcerative-colitis,ulcerative-colitis,True,6.329170446406351e-06,1.83751526492415e-05,1.5350817193393596e-05,2.2039578198018717e-06,1.276609680189722e-07,4.983289159099513e-07,0.0008367534610442817,0.9991204142570496,ulcerative-colitis/918c95d7-9a2d-4bd5-ab73-195ada6cb2a6.jpg
7,7,ulcerative-colitis,ulcerative-colitis,True,0.004033135715872049,0.0014873679028823972,0.0032549139577895403,0.05073736980557442,0.0016614440828561783,0.00011035946954507381,0.018631884828209877,0.9200834631919861,ulcerative-colitis/fb3836d2-d0a4-4626-945a-e24170d0f921.jpg
3,3,normal-cecum,normal-cecum,True,0.20156323909759521,0.15073969960212708,0.0003487343492452055,0.5407578945159912,0.00015029548376332968,5.4486183216795325e-05,0.10371594876050949,0.002669687382876873,normal-cecum/9cc49e68-02dc-4bec-814f-d347d011d433.jpg
1,1,dyed-resection-margins,dyed-resection-margins,True,0.29650595784187317,0.698117196559906,0.00041430111741647124,1.8359024807068636e-06,4.894383778264455e-07,0.00015102025645319372,2.664849853317719e-05,0.004782625008374453,dyed-resection-margins/a2c2c932-09bd-4e45-868c-690f92543881.jpg
5,5,normal-z-line,normal-z-line,True,1.771921574800217e-06,1.7921016478794627e-05,0.006503807380795479,8.611477255726641e-07,0.00010848473903024569,0.9933620691299438,4.651379640563391e-06,4.747262778437289e-07,normal-z-line/8adfd836-2320-4258-acf1-730d3da295f4.jpg
0,0,dyed-lifted-polyps,dyed-lifted-polyps,True,0.9294711351394653,0.07047591358423233,3.875679226439388e-07,5.213285092509068e-08,4.491640739900937e-11,3.418512406483387e-08,5.2418694394873455e-05,8.2053368544166e-09,dyed-lifted-polyps/dd4dcad0-b45a-4343-ac3d-fdd72c5cc34a.jpg
6,6,polyps,polyps,True,0.0021407795138657093,0.001595286768861115,9.85025690170005e-05,0.021295644342899323,0.0002695720177143812,0.0005380410002544522,0.9653161764144897,0.008746066130697727,polyps/761d8c84-df68-4a34-aa87-8462058de155.jpg
4,4,normal-pylorus,normal-pylorus,True,3.7246970805426827e-06,1.9811470792774344e-06,0.0005301483324728906,0.00038152100751176476,0.9925439357757568,0.005183663219213486,0.0013164157280698419,3.873380410368554e-05,normal-pylorus/ea510ea5-8697-4a6f-a86e-f8720c761e53.jpg
7,7,ulcerative-colitis,ulcerative-colitis,True,3.400753257665201e-06,4.284259557607584e-05,0.00030340327066369355,2.7212693112232955e-06,6.200027655722806e-07,1.5776107602505363e-06,0.0003270397719461471,0.9993183612823486,ulcerative-colitis/2496651d-e8b9-4567-ade8-0c84498dd5ae.jpg
6,6,polyps,polyps,True,0.005273878574371338,0.0012908810749650002,0.0002573086239863187,0.0694449320435524,0.00014511730114463717,0.00033983823959715664,0.9162040948867798,0.007043976336717606,polyps/b5328507-f591-4b02-96f7-29d3b83d828f.jpg
0,1,dyed-lifted-polyps,dyed-resection-margins,False,0.4597128927707672,0.50638747215271,0.0006882308516651392,0.0011106948368251324,2.3878179490566254e-05,0.0016234908252954483,0.003332969732582569,0.02712043561041355,dyed-lifted-polyps/70e590a6-cc4f-4b78-b7ef-14f5f8036225.jpg
5,5,normal-z-line,normal-z-line,True,2.9957507649669424e-05,0.00014345771342050284,0.10084108263254166,1.3598094483313616e-05,0.0018541918834671378,0.8967129588127136,0.0003053818363696337,9.935518028214574e-05,normal-z-line/07fb76fd-2986-416a-974d-02e78d750cde.jpg
6,6,polyps,polyps,True,0.004218085668981075,0.00031063560163602233,0.00022754824021831155,0.044709205627441406,0.0003979669127147645,0.0011551715433597565,0.9411410093307495,0.007840466685593128,polyps/ccd07ae5-4037-4f6c-a6ad-d9372d8580bf.jpg
4,4,normal-pylorus,normal-pylorus,True,1.358062149847683e-06,2.0755482665890668e-08,3.151453711325303e-05,3.098992965533398e-05,0.9993832111358643,0.00023269194934982806,3.5258672141935676e-05,0.00028501966153271496,normal-pylorus/e1c6f789-06c0-4580-99de-a76d9cdadc03.jpg
1,1,dyed-resection-margins,dyed-resection-margins,True,0.0032760165631771088,0.9965597987174988,0.00011915331560885534,1.6748833786550676e-06,6.312834699429004e-08,1.628791869734414e-05,2.012655750149861e-05,6.860828762000892e-06,dyed-resection-margins/b632c863-30af-4fd1-9ab6-6f9de205cfe6.jpg
0,1,dyed-lifted-polyps,dyed-resection-margins,False,0.4522251784801483,0.5406567454338074,0.003946331795305014,1.7048994777724147e-05,5.120487003296148e-06,0.0008032715413719416,0.002304634777829051,4.171978071099147e-05,dyed-lifted-polyps/273e99cc-b078-4568-a393-55e0ab869fb0.jpg
3,3,normal-cecum,normal-cecum,True,0.00048023893032222986,0.000132418965222314,3.204199674655683e-05,0.9895483255386353,7.875174196669832e-05,4.3268515582894906e-05,0.008855435997247696,0.0008295446750707924,normal-cecum/096174d5-24ca-40e3-8fff-7feb3f74f0ac.jpg
3,3,normal-cecum,normal-cecum,True,0.00023468807921744883,1.464686920371605e-05,4.0585567262496625e-07,0.9240119457244873,1.489178771407751e-07,1.6149289194800076e-07,0.0746222659945488,0.001115881372243166,normal-cecum/fc31861e-2a50-4920-90ef-02c8132493b5.jpg
1,1,dyed-resection-margins,dyed-resection-margins,True,0.08708378672599792,0.9127783179283142,7.064322562655434e-05,1.927137645907351e-06,1.0632393099285764e-07,4.718202035292052e-05,1.0358605322835501e-05,7.6029132287658285e-06,dyed-resection-margins/1d423f77-a9ec-4964-bf35-c1f06ba68e4d.jpg
2,5,esophagitis,normal-z-line,False,9.074743866221979e-05,0.00031310212216340005,0.23668795824050903,0.003826599335297942,0.2105291783809662,0.4767055809497833,0.00013700977433472872,0.07170984894037247,esophagitis/67475ab5-8be7-45e7-a03a-0e80263e81ed.jpg
6,6,polyps,polyps,True,0.057025160640478134,0.0026262823957949877,0.000399996672058478,0.03404640778899193,5.6098782806657255e-05,8.649742812849581e-05,0.8981915712356567,0.007567997090518475,polyps/804a8813-5b56-49c8-b5e7-950ccce8d30c.jpg
5,5,normal-z-line,normal-z-line,True,8.352217264473438e-05,0.00021959167497698218,0.055788300931453705,6.858595588710159e-05,0.028548037633299828,0.9144502878189087,0.0004249766643624753,0.0004166799772065133,normal-z-line/ba1016c4-c9fd-41b3-9df8-3b9a14ba6944.jpg
7,7,ulcerative-colitis,ulcerative-colitis,True,0.00012689040158875287,8.172214438673109e-05,7.2618763624632265e-06,0.0020590401254594326,1.3275233868625946e-05,1.003078295980231e-06,0.0027411056216806173,0.9949697852134705,ulcerative-colitis/e8e08030-9ae5-49d0-9134-0309c31e3a93.jpg
0,0,dyed-lifted-polyps,dyed-lifted-polyps,True,0.8905534148216248,0.10923636704683304,6.679786565655377e-06,4.874529167864239e-06,3.599279239097086e-07,1.0661011629053974e-07,0.0001836990559240803,1.4610002835979685e-05,dyed-lifted-polyps/0a542bb0-0172-4bc4-890d-327fa45b85b3.jpg
3,3,normal-cecum,normal-cecum,True,0.0009320150129497051,0.00019713274377863854,1.2721584425889887e-06,0.9753457903862,7.406308577628806e-05,6.095983167142549e-07,0.02283170446753502,0.0006174411391839385,normal-cecum/ed73c679-7ead-4590-9ef6-66d1ab89de94.jpg
2,2,esophagitis,esophagitis,True,1.6990570657071657e-05,9.579220204614103e-05,0.9360049962997437,7.351439421654504e-07,1.7636961274547502e-05,0.06350532919168472,6.493132241303101e-05,0.00029356250888668,esophagitis/d60e2332-abfd-43bd-8072-df0de26ed52c.jpg
3,3,normal-cecum,normal-cecum,True,8.049621828831732e-05,9.137514280155301e-05,2.291713599333889e-06,0.9902536273002625,0.00018754255142994225,3.5254131944384426e-05,0.008764483965933323,0.000584981928113848,normal-cecum/a6a5bfbc-694b-4699-bc89-157df82d6a5e.jpg
2,2,esophagitis,esophagitis,True,0.0026954920031130314,0.0006012766971252859,0.9513189792633057,2.8340351491351612e-05,0.00012637903273571283,0.04359035566449165,0.001125720445998013,0.0005135037936270237,esophagitis/254ae3cd-e51b-4fc9-a25a-a0e60bd0a654.jpg
4,4,normal-pylorus,normal-pylorus,True,2.6968073143507354e-06,1.2072484878444811e-07,0.0003161570930387825,7.103633379301755e-07,0.9995237588882446,5.2728941227542236e-05,5.9616900216497015e-06,9.791184857022017e-05,normal-pylorus/94e47d85-ea52-4438-9817-f70f17cc9837.jpg
1,1,dyed-resection-margins,dyed-resection-margins,True,0.012911433354020119,0.9870824813842773,3.611852150697814e-07,2.4337618924619164e-06,1.0135395855925822e-09,4.312952484042398e-08,4.327700651174382e-07,2.8467918582464335e-06,dyed-resection-margins/2dc61ada-994b-4b10-8009-130f5bfa4753.jpg
0,0,dyed-lifted-polyps,dyed-lifted-polyps,True,0.9264855980873108,0.07341377437114716,5.510371465788921e-07,3.469906732789241e-05,3.6374296996655175e-07,4.953296297571796e-07,5.543969746213406e-05,9.087055332201999e-06,dyed-lifted-polyps/e6c793fe-0e40-4597-87b5-d9733cbaf3de.jpg
7,3,ulcerative-colitis,normal-cecum,False,0.003736307378858328,0.0018755031051114202,1.00787683550152e-05,0.5670576691627502,8.772522414801642e-05,1.8986216900884756e-06,0.1610802263021469,0.2661505937576294,ulcerative-colitis/ae68bef5-8ca4-42fd-a275-d34ee4ea8c14_00001064.jpg
7,7,ulcerative-colitis,ulcerative-colitis,True,0.0004791948013007641,0.0018612552667036653,2.3634833269170485e-05,0.0002581764420028776,1.9055671145906672e-05,1.5591315332130762e-06,0.005823008716106415,0.9915341734886169,ulcerative-colitis/f96c26c7-a79f-45e2-b6f8-e3b69780e974.jpg
4,4,normal-pylorus,normal-pylorus,True,1.1663214536383748e-06,3.3150186595776177e-07,7.140460365917534e-05,1.770886939311822e-07,0.9997945427894592,7.4248932833143044e-06,1.2157254786870908e-05,0.00011282296327408403,normal-pylorus/93a1a84f-f101-45a0-8a63-a4dd56a065f4.jpg
3,3,normal-cecum,normal-cecum,True,0.00022390222875401378,0.0002026298170676455,5.21003187259339e-07,0.9662979245185852,9.684362885309383e-05,3.4948322991112946e-07,0.0018322916002944112,0.03134557232260704,normal-cecum/b788c952-e510-4c41-99e6-c0eeb84c8f14.jpg
6,6,polyps,polyps,True,0.0036293186713010073,0.000596757628954947,0.005405983421951532,0.03151819482445717,0.04032185301184654,0.0024725315161049366,0.8338407278060913,0.0822145938873291,polyps/2bb8698d-c65e-46e1-91b9-910a526768b1.jpg
7,7,ulcerative-colitis,ulcerative-colitis,True,0.002760724863037467,0.0012622143840417266,0.00017656804993748665,0.00015532757970504463,4.485247700358741e-06,3.14959464731146e-07,0.013614279218018055,0.9820260405540466,ulcerative-colitis/9bf37da2-4bd1-4a8a-aff9-66bdcc918ea9.jpg
3,3,normal-cecum,normal-cecum,True,0.004775082226842642,0.0022573936730623245,0.0004309428622946143,0.7314649820327759,0.005156412720680237,0.00213285512290895,0.21764172613620758,0.03614066541194916,normal-cecum/2b9dad7c-1697-4608-b1c0-370f88a230f6.jpg
0,0,dyed-lifted-polyps,dyed-lifted-polyps,True,0.9859601259231567,0.012835360132157803,3.36594894179143e-05,1.6703592336853035e-05,9.804199180507567e-06,8.608557982370257e-05,0.0010463363723829389,1.1911204637726769e-05,dyed-lifted-polyps/6ae07709-2df1-4ce0-8a10-d7f40261efd6.jpg
1,1,dyed-resection-margins,dyed-resection-margins,True,0.0179965328425169,0.9819774031639099,1.7805788957048208e-05,3.728750641585066e-09,1.1369205576983177e-09,4.550467735953134e-07,1.9331291696289554e-06,5.901609256397933e-06,dyed-resection-margins/ecc596e7-a3bb-4d09-8ed5-c45055205460.jpg
5,5,normal-z-line,normal-z-line,True,1.1910085959243588e-05,2.1552667021751404e-05,0.09280947595834732,2.018965460592881e-06,0.00020362254872452468,0.9069228172302246,2.0550325643853284e-05,8.08245749794878e-06,normal-z-line/032d6b45-f706-444d-b4d9-c11a4df4d364.jpg
6,6,polyps,polyps,True,0.005534399300813675,0.002940463600680232,0.005418399814516306,0.15995801985263824,0.008435092866420746,0.026308584958314896,0.7806042432785034,0.010800801217556,polyps/88a3bc25-37e3-4aef-81fb-e2b3710157eb.jpg
0,0,dyed-lifted-polyps,dyed-lifted-polyps,True,0.8838378190994263,0.11475284397602081,5.160143246030202e-08,6.959281745366752e-05,2.4079469085336314e-08,2.4160311795640155e-07,0.000564250978641212,0.000775206892285496,dyed-lifted-polyps/fe8e6330-7424-4934-b002-916b9b7b1454.jpg
0,0,dyed-lifted-polyps,dyed-lifted-polyps,True,0.9440546631813049,0.055775515735149384,1.668383447395172e-06,0.00010287840996170416,1.1067228342653834e-06,5.265598701953422e-06,3.098866363870911e-05,2.7920521461055614e-05,dyed-lifted-polyps/3b77b2f5-5a77-47b9-9475-477c26ec78d7.jpg
5,5,normal-z-line,normal-z-line,True,1.1046948202420026e-05,0.0003328438033349812,0.32326558232307434,4.825815267395228e-06,0.0014292250853031874,0.6747628450393677,0.00013513588055502623,5.8494671975495294e-05,normal-z-line/2c18b67b-4362-4cb7-95df-2245a881f9bf.jpg
0,0,dyed-lifted-polyps,dyed-lifted-polyps,True,0.990828275680542,0.007121937815099955,3.9950068639882375e-06,0.0002320940839126706,7.598630986649368e-07,6.5076187638624106e-06,0.0018050966318696737,1.3682689541383297e-06,dyed-lifted-polyps/68384b44-8987-44a3-ac81-d98b24a5237f.jpg
1,1,dyed-resection-margins,dyed-resection-margins,True,0.0031892936676740646,0.9968012571334839,6.997474429226713e-06,7.2615495838590505e-09,4.686012911037096e-09,7.149856742216798e-07,1.015134500903514e-07,1.6580214605710353e-06,dyed-resection-margins/e06c5574-3d71-463b-99f8-f9ee9d57d42d.jpg
5,5,normal-z-line,normal-z-line,True,4.466549580683932e-05,0.00012926891213282943,0.16629266738891602,1.3506854884326458e-05,0.004586914554238319,0.8287836313247681,0.00013270573981571943,1.666516254772432e-05,normal-z-line/bb362c4d-c3c6-4563-a9c2-3adb987103f5.jpg
6,6,polyps,polyps,True,0.0069412668235599995,0.011417015455663204,0.0015766205033287406,0.060248591005802155,0.00024080985167529434,0.0013735367683693767,0.8318073153495789,0.086394764482975,polyps/e3e4c9ce-18f3-4a65-a24f-f8f6553d547b.jpg
3,3,normal-cecum,normal-cecum,True,0.00012108173541491851,2.0458594008232467e-05,3.552636940185039e-07,0.997053861618042,4.526304564933525e-06,6.887688641654677e-07,0.002719254232943058,7.978902431204915e-05,normal-cecum/a6fbe86a-22e6-4864-be48-20572c5ecaf9.jpg
1,1,dyed-resection-margins,dyed-resection-margins,True,0.015319451689720154,0.9846785068511963,1.8107266441802494e-07,1.3817774515700876e-06,3.1382532128532148e-09,2.1841303521341615e-07,1.6748847997405392e-07,1.2249570602307358e-07,dyed-resection-margins/47882781-a8ab-4ffd-ab30-6bb295b1d925.jpg
1,1,dyed-resection-margins,dyed-resection-margins,True,0.24539002776145935,0.5771233439445496,0.0027000978589057922,0.10040294378995895,8.116984099615365e-05,0.0019878216553479433,0.058865662664175034,0.013448936864733696,dyed-resection-margins/6e56918a-d07d-4d09-bb5a-d833642965b1.jpg
5,5,normal-z-line,normal-z-line,True,5.073685770184966e-06,1.1111400453955866e-05,0.15075871348381042,7.110444357749657e-07,0.001750898314639926,0.8474454283714294,1.8265938706463203e-05,9.749436685524415e-06,normal-z-line/ce74ee89-5f1f-410c-a848-7379c2520184.jpg
0,0,dyed-lifted-polyps,dyed-lifted-polyps,True,0.9044154286384583,0.06961280852556229,6.01511710556224e-05,0.007564589846879244,6.461811153712915e-06,5.044112913310528e-05,0.005363811273127794,0.012926261872053146,dyed-lifted-polyps/b063c0e5-ae07-480c-bad4-efb70d47de0c.jpg
7,7,ulcerative-colitis,ulcerative-colitis,True,0.0002844443079084158,0.00038871163269504905,2.4840512196533382e-05,0.0004454782174434513,1.327799452610634e-07,3.7265972423483618e-06,0.0011956478701904416,0.9976569414138794,ulcerative-colitis/09ba9acf-521a-4a81-9459-0598994cc543.jpg
0,0,dyed-lifted-polyps,dyed-lifted-polyps,True,0.9064657688140869,0.093460813164711,1.742487484079902e-06,3.629026105045341e-05,2.4757495609151192e-08,2.3030190732242772e-07,3.434805330471136e-05,8.712681278666423e-07,dyed-lifted-polyps/ce0203f0-f6f4-4aed-aa9b-657b640fc162.jpg
3,3,normal-cecum,normal-cecum,True,4.892859942629002e-05,3.3608880585234147e-06,5.093543364864672e-08,0.9972557425498962,9.962855074263643e-06,2.3754218148042128e-07,0.0026191663928329945,6.264900730457157e-05,normal-cecum/1ce802d6-ae50-40db-bf54-55612e195525.jpg
2,2,esophagitis,esophagitis,True,0.0009068858344107866,0.0034024911001324654,0.6584400534629822,4.456557871890254e-05,0.14440937340259552,0.17381702363491058,0.01890322007238865,7.642066339030862e-05,esophagitis/c873acd1-dcbb-491a-a2f9-d54cac60bae9.jpg
7,7,ulcerative-colitis,ulcerative-colitis,True,0.0005641326424665749,0.00017516610387247056,2.11615606531268e-05,0.0042412420734763145,0.009187905117869377,6.004805072734598e-06,0.08073283731937408,0.905071496963501,ulcerative-colitis/9e387b65-f56d-405e-9261-f5dfe22862f7.jpg
7,7,ulcerative-colitis,ulcerative-colitis,True,0.0002479304384905845,0.003488853806629777,0.005410049110651016,0.00012327525473665446,1.4282400115916971e-05,0.00010669377661542967,0.0003646109253168106,0.9902442693710327,ulcerative-colitis/46a1688e-14b2-41f9-9990-ce999bc34aa1.jpg
2,5,esophagitis,normal-z-line,False,0.0014055116334930062,0.002211779123172164,0.3502475917339325,0.00011012508912244812,0.003970036748796701,0.6383412480354309,0.0021944381296634674,0.0015193255385383964,esophagitis/4b480f49-cae9-4a30-83b1-981c24f1f3e9.jpg
7,7,ulcerative-colitis,ulcerative-colitis,True,0.07393424212932587,0.25467702746391296,0.012151203118264675,0.08554329723119736,0.0013678409159183502,0.03101290948688984,0.03639821335673332,0.5049152970314026,ulcerative-colitis/04df0028-f9ef-4cfe-aad8-4c3a8f6c43ce.jpg
2,2,esophagitis,esophagitis,True,1.3327708984434139e-05,1.414999132975936e-05,0.6769899725914001,1.380613412038656e-05,0.0022011492401361465,0.320625364780426,5.6490338465664536e-05,8.572836668463424e-05,esophagitis/e6ed3ffe-2151-4101-ada6-9d8eed640580.jpg
2,2,esophagitis,esophagitis,True,2.9142869607312605e-05,0.00010336450213799253,0.970983624458313,1.3252412145448034e-07,0.00011331785208312795,0.02854413539171219,9.582518032402731e-07,0.00022537494078278542,esophagitis/adcf33d3-c19a-45f2-8138-aaee4b19fc1b.jpg
5,5,normal-z-line,normal-z-line,True,7.335600457736291e-06,4.4326752686174586e-05,0.20973141491413116,1.2464872270356864e-05,5.768251867266372e-05,0.7899898886680603,0.000141241675009951,1.5558833183604293e-05,normal-z-line/e581d6cc-5c8f-463e-9974-729e59b974db.jpg
1,1,dyed-resection-margins,dyed-resection-margins,True,0.07366084307432175,0.9263300895690918,2.941216905583133e-07,5.2979203246650286e-08,1.1859321857876637e-10,5.417291859544093e-08,8.717526725376956e-06,8.047805977184908e-08,dyed-resection-margins/4cccd59e-ec5e-45d5-8265-fe72c0b4cf30.jpg
3,3,normal-cecum,normal-cecum,True,1.1404161341488361e-05,4.486060333874775e-06,6.738096747227473e-09,0.9999451637268066,6.085415549250683e-08,4.5239662016527404e-10,1.3241883607406635e-05,2.5676450604805723e-05,normal-cecum/03550347-3223-4e52-8f48-976f430e18b0.jpg
7,7,ulcerative-colitis,ulcerative-colitis,True,0.030438385903835297,0.02249101735651493,0.00025992211885750294,0.21825790405273438,0.0001413671998307109,3.7311174310161732e-06,0.013031085953116417,0.7153764963150024,ulcerative-colitis/698f130b-41ff-414d-908c-8d8c0f82d4a8_00001997.jpg
5,5,normal-z-line,normal-z-line,True,2.559733047746704e-07,1.4482526466963463e-06,0.010029377415776253,2.397859191205498e-07,0.00011199803702766076,0.9898527264595032,3.5186785680707544e-06,4.2098832864212454e-07,normal-z-line/50109847-a84d-4682-a10e-4e7d8c4ad4bf.jpg
1,1,dyed-resection-margins,dyed-resection-margins,True,0.002929615555331111,0.9968680739402771,2.6114677893929183e-05,0.00012368560419417918,1.614748867950766e-07,1.9542676454875618e-05,2.886730362661183e-05,3.885618752974551e-06,dyed-resection-margins/8f5a0e4a-0a33-491f-abac-18a053ea95c4.jpg
1,1,dyed-resection-margins,dyed-resection-margins,True,0.002154937479645014,0.997654914855957,3.9549388020532206e-05,0.00012304527626838535,3.0059851496844203e-07,1.5377205272670835e-05,4.29107012678287e-06,7.521452062064782e-06,dyed-resection-margins/d47c78a2-4dc9-4831-9797-3140ec34ea47.jpg
5,5,normal-z-line,normal-z-line,True,8.660388266434893e-05,2.5379697035532445e-05,0.27489134669303894,3.2996569643728435e-05,0.0005821925587952137,0.7198253273963928,0.0015768370358273387,0.0029793833382427692,normal-z-line/c8f12307-308a-44e1-b55e-7d2373eb340f.jpg
3,3,normal-cecum,normal-cecum,True,2.804907489917241e-05,9.393843356519938e-07,4.023882027581749e-08,0.999940037727356,8.234824804276286e-07,9.82714976061061e-09,2.6546658773440868e-05,3.533493554641609e-06,normal-cecum/5fcaa233-af5f-41c5-86ec-9f2864fc2c27.jpg
3,3,normal-cecum,normal-cecum,True,0.0006793788052164018,0.0007395709399133921,7.00802502251463e-07,0.9203789234161377,2.8549960916279815e-05,4.775934485223843e-06,0.07597639411687851,0.0021916672121733427,normal-cecum/49692354-184b-418e-a8ee-111ddfee7af2.jpg
2,5,esophagitis,normal-z-line,False,4.602816716214875e-06,0.0002739820920396596,0.2363254874944687,1.033902935887454e-05,0.001017682603560388,0.7622392773628235,0.00011040335812140256,1.830239489208907e-05,esophagitis/6c1420b4-ffb3-4e13-a9be-ce87417be3e4.jpg
6,6,polyps,polyps,True,0.0037869191728532314,9.224341920344159e-05,7.885778177296743e-05,0.0009188165422528982,2.919959297287278e-05,0.00025302081485278904,0.994814932346344,2.5984230887843296e-05,polyps/e711f21c-9095-4f4c-b2af-83fb029dede5.jpg
1,1,dyed-resection-margins,dyed-resection-margins,True,0.00016710672935005277,0.9998327493667603,5.856899676359717e-08,9.408904766416981e-10,6.158299998421102e-12,2.8263591467236893e-10,1.5858082846875732e-08,1.7177772093646126e-08,dyed-resection-margins/dd57ac54-066a-44af-90f2-1108f13824db.jpg
6,6,polyps,polyps,True,0.013860785402357578,0.005315782036632299,0.00516763050109148,0.0827336460351944,0.008771960623562336,0.06681972742080688,0.7974639534950256,0.019866498187184334,polyps/756cf101-9215-450e-8bd3-31c4b25af51e.jpg
2,2,esophagitis,esophagitis,True,2.8680691684712656e-05,0.00038716220296919346,0.6147500276565552,3.3513796893203107e-07,0.00017914360796567053,0.3845090866088867,0.00011087333405157551,3.4756136301439255e-05,esophagitis/aea30cff-1b64-49c0-8fe7-cdead4cf48bb.jpg
7,7,ulcerative-colitis,ulcerative-colitis,True,0.0005568765918724239,0.0003159504849463701,0.002273587742820382,0.0011512739583849907,0.0021285340189933777,0.0009271832532249391,0.04165942594408989,0.9509871006011963,ulcerative-colitis/a2a5092f-e025-43ea-a738-f3df4be222b7.jpg
1,1,dyed-resection-margins,dyed-resection-margins,True,0.15104442834854126,0.8361653089523315,0.0018438015831634402,0.0016086157411336899,8.05295985628618e-06,0.0014175570104271173,0.007722106762230396,0.00019004361820407212,dyed-resection-margins/88a8055d-cce7-4868-8647-b389f8d0b316.jpg
0,0,dyed-lifted-polyps,dyed-lifted-polyps,True,0.9596520066261292,0.03897187113761902,2.474267830621102e-06,4.027445902465843e-05,4.1580396015206134e-08,2.816956623519218e-07,0.0012795657385140657,5.345690078684129e-05,dyed-lifted-polyps/8f7e100e-a53d-4b6c-ab54-cb315aa6cae5.jpg
1,1,dyed-resection-margins,dyed-resection-margins,True,0.01780492439866066,0.8629671931266785,0.0008254338754341006,0.0001635290536796674,4.7021643695188686e-05,4.176985748927109e-05,0.0023552037309855223,0.11579485237598419,dyed-resection-margins/e3eb1b61-c4b0-4c4b-905d-f39124161570.jpg
7,7,ulcerative-colitis,ulcerative-colitis,True,2.4587978259660304e-05,7.1004342316882685e-06,3.073861876146111e-08,0.0005901351105421782,2.2482763597508892e-06,1.510273683891228e-08,0.01505716610699892,0.9843186736106873,ulcerative-colitis/5c6fab43-d52c-4ced-ad4f-14548e59bba9.jpg
3,3,normal-cecum,normal-cecum,True,0.27364590764045715,0.023266879841685295,0.0006398741388693452,0.42518338561058044,0.00017745140939950943,0.00039068455225788057,0.2063169628381729,0.07037883251905441,normal-cecum/95c48d5c-1bba-4f39-9b97-6518700e46d4.jpg
7,7,ulcerative-colitis,ulcerative-colitis,True,0.015126562677323818,0.038304973393678665,0.002681903075426817,0.0015671915607526898,1.7746568119036965e-05,2.686413381525199e-06,0.0008129532798193395,0.9414860010147095,ulcerative-colitis/6e35335c-f5d8-44c4-b153-995431701d7f.jpg
2,5,esophagitis,normal-z-line,False,0.0002852679172065109,0.0008945323643274605,0.11231609433889389,0.00014459287922363728,0.09133607149124146,0.7921842932701111,0.0027890843339264393,5.011160101275891e-05,esophagitis/d58618e1-a51f-4590-97d1-858ff448dfad.jpg
6,6,polyps,polyps,True,0.004343220964074135,0.0006655205506831408,7.458019354089629e-06,0.0340753011405468,9.703950490802526e-05,1.4306819139164872e-05,0.9591519832611084,0.0016451978590339422,polyps/0bef2e62-ebbb-4a07-b7fc-763b585fe039.jpg
6,6,polyps,polyps,True,0.002779325470328331,9.505418711341918e-05,1.4909819583408535e-06,0.05168551579117775,1.3163625226297881e-05,5.076508386991918e-07,0.940410852432251,0.005014173220843077,polyps/7155fd18-a11b-4fad-a1f7-d6d82b43baf8.jpg
6,6,polyps,polyps,True,0.017168937250971794,0.04484045132994652,0.007166245486587286,0.0006013918318785727,2.7457703254185617e-05,0.00017936255608219653,0.8232141137123108,0.10680199414491653,polyps/b2028b2f-0826-4242-b7bb-d26bca700d67.jpg
6,6,polyps,polyps,True,0.03543233126401901,0.02779124490916729,4.441491910256445e-06,0.025736665353178978,2.660970039869426e-06,3.767326290926576e-07,0.9088956713676453,0.002136560855433345,polyps/1f81e8f8-c4e3-4d4b-af76-e5b29addbc4d.jpg
1,1,dyed-resection-margins,dyed-resection-margins,True,0.0470254048705101,0.9519544243812561,0.00013414700515568256,0.0006580459885299206,1.3415657349469257e-06,2.6697440262068994e-05,5.901468466618098e-05,0.00014095293590798974,dyed-resection-margins/7e486c2a-1820-4321-bf84-f7b2c3a2183b.jpg
2,2,esophagitis,esophagitis,True,0.00016018481983337551,0.00019590220472309738,0.74237060546875,1.7342512364848517e-05,0.002765245735645294,0.25290459394454956,0.0005130102508701384,0.0010731397196650505,esophagitis/32fbe887-9509-4d35-91a2-2fdfa8a8831b.jpg
3,3,normal-cecum,normal-cecum,True,0.001398417865857482,0.00021882519649807364,1.3102442608214915e-05,0.9460166692733765,0.00018658689805306494,9.503297769697383e-05,0.051296163350343704,0.0007752291276119649,normal-cecum/8c24abe1-240c-4633-89a2-eec6ea2f55f5.jpg
4,4,normal-pylorus,normal-pylorus,True,6.706552824198297e-08,6.930797713522452e-09,2.2593125322600827e-05,7.36969880676952e-08,0.9998985528945923,7.644915967830457e-06,2.3616489670530427e-06,6.87245701556094e-05,normal-pylorus/95040a61-e19a-48a4-8e02-624f4e75018f.jpg
1,1,dyed-resection-margins,dyed-resection-margins,True,0.06393050402402878,0.936063289642334,2.4767757622612407e-08,2.573485289758537e-06,7.36474936591236e-10,4.593159186327966e-09,3.329454330014414e-06,2.748613496805774e-07,dyed-resection-margins/4de79970-c67f-4f85-aa3e-21b3c59debec.jpg
1,1,dyed-resection-margins,dyed-resection-margins,True,0.06031588464975357,0.9394413232803345,4.696278665505815e-06,1.2905766197945923e-06,2.0823021529281505e-08,7.310788419090386e-07,1.263885587832192e-05,0.00022340631403494626,dyed-resection-margins/6a1bc4ac-e3d7-4ede-8b60-9e22af4067bb.jpg
4,4,normal-pylorus,normal-pylorus,True,5.948991656623548e-06,2.457783921272494e-06,0.0025828159414231777,0.0004134015180170536,0.9961504936218262,0.0003924640768673271,0.0003789347829297185,7.353240653173998e-05,normal-pylorus/07b2ab85-9b8d-4082-af8f-0a9223c95d05.jpg
0,0,dyed-lifted-polyps,dyed-lifted-polyps,True,0.6827874779701233,0.31493374705314636,2.3862083253334276e-05,0.0002724074001889676,5.228251893640845e-07,4.211849784496735e-07,0.0008167193154804409,0.0011648538056761026,dyed-lifted-polyps/3751f149-a96f-4c78-865c-1db82f9b5499.jpg
1,1,dyed-resection-margins,dyed-resection-margins,True,0.00023350327683147043,0.9997137188911438,4.252532380633056e-05,1.5725264290722407e-07,3.3013740630138955e-09,6.671373739663977e-06,2.1456501144712092e-06,1.2558473372337176e-06,dyed-resection-margins/622b5c30-78c5-4330-beaf-d4cfcb7c8ce0.jpg
5,5,normal-z-line,normal-z-line,True,0.00026483472902327776,0.03445516154170036,0.07769336551427841,0.0002395989140495658,0.00035751546965911984,0.881739616394043,0.00027133029652759433,0.004978508688509464,normal-z-line/c3c0d1d5-9a7f-4011-82e5-406a68503baa.jpg
1,0,dyed-resection-margins,dyed-lifted-polyps,False,0.645180881023407,0.3057844638824463,0.0004328233771957457,0.0055312300100922585,0.008754498325288296,0.0004030557756777853,0.0056194947101175785,0.02829352393746376,dyed-resection-margins/ca43d12c-2d66-4121-ba8a-ff9029981ef9.jpg
2,5,esophagitis,normal-z-line,False,2.7076495825895108e-05,2.808682074828539e-05,0.18895934522151947,8.114311640383676e-05,0.002288079122081399,0.8069361448287964,0.001550210639834404,0.00012989876267965883,esophagitis/36b38ffd-15bd-4bb5-801f-21a97932025f.jpg
5,5,normal-z-line,normal-z-line,True,5.717801741411677e-06,3.697671490954235e-05,0.07879874110221863,1.1979038845311152e-06,0.0014711247058585286,0.9196771383285522,5.555196821660502e-06,3.4618956306076143e-06,normal-z-line/b16b4c03-a573-4977-b983-32c0091d9ef2.jpg
4,4,normal-pylorus,normal-pylorus,True,0.00013937614858150482,2.1617828679154627e-05,0.0003023924946319312,2.9282135074026883e-05,0.9956197142601013,0.00025412425748072565,0.0035000736825168133,0.0001333745603915304,normal-pylorus/9ba54c25-74ee-45f6-ac00-fb93fcf1a079.jpg
1,0,dyed-resection-margins,dyed-lifted-polyps,False,0.6778315901756287,0.3215175271034241,3.64801635441836e-05,0.00011070092295994982,1.589645819422003e-07,2.9738471312157344e-06,0.0003533710550982505,0.0001471803116146475,dyed-resection-margins/e22f3cd4-b014-42a2-b83a-50e94d69e5bc.jpg
3,3,normal-cecum,normal-cecum,True,0.00012912278180010617,2.1854004444321617e-05,2.736228488231518e-08,0.9851824641227722,1.2206423889438156e-06,2.646049779286841e-07,0.014345424249768257,0.00031967737595550716,normal-cecum/2038e263-3a8c-4288-b752-c07a84a36b4d.jpg
1,1,dyed-resection-margins,dyed-resection-margins,True,0.02128731831908226,0.978619396686554,2.9765460567432456e-06,2.2102142338553676e-06,5.522639767718829e-08,1.4232858802643022e-07,7.493400744351675e-07,8.715848525753245e-05,dyed-resection-margins/8166fbdd-b7dc-4b97-8aa4-b2968633228c.jpg
4,4,normal-pylorus,normal-pylorus,True,6.193310127855511e-06,2.6730640456662513e-06,0.000900678860489279,0.0009013718226924539,0.9928272366523743,0.003540047910064459,0.0017388660926371813,8.29967757454142e-05,normal-pylorus/df58d6ca-842d-48f4-8f57-a15a2e104bdd.jpg
1,1,dyed-resection-margins,dyed-resection-margins,True,0.019402561709284782,0.9805958271026611,8.389935146624339e-07,2.0237027342773217e-07,7.668337076438547e-10,5.6986625196486784e-08,3.4070629340021696e-07,2.743632023793907e-07,dyed-resection-margins/0be67e5f-f416-404c-8488-ca77de133eb7.jpg
4,4,normal-pylorus,normal-pylorus,True,9.136108928942122e-06,8.580644248468161e-07,3.2800329790916294e-05,3.4081435842381325e-06,0.9996789693832397,0.0001933750172611326,3.216125332983211e-05,4.928394628223032e-05,normal-pylorus/05b22295-3cdd-4eb0-b4d8-09a501a41c8c.jpg
1,1,dyed-resection-margins,dyed-resection-margins,True,0.15101002156734467,0.8489750623703003,6.546201234414184e-07,6.600309632176504e-08,1.8039406080028186e-10,3.79426055019394e-08,1.40513639053097e-05,1.8060796946883784e-07,dyed-resection-margins/247fc9a1-0148-48b8-bf0c-01144c3aca8e.jpg
3,3,normal-cecum,normal-cecum,True,4.866115341428667e-05,5.012788460589945e-05,3.052680767723359e-06,0.9990774393081665,2.5396744604222476e-05,7.949894893499732e-07,0.0005121369613334537,0.00028231419855728745,normal-cecum/8cf24fd9-23c4-4cc5-8d94-fc220d058383.jpg
5,5,normal-z-line,normal-z-line,True,7.668025318707805e-06,5.2322149713290855e-05,0.3987424075603485,1.305866135226097e-07,5.865326602361165e-05,0.6011123061180115,1.9847640942316502e-05,6.689077054033987e-06,normal-z-line/097f09c8-c8b5-4f9d-b4d7-2adf2d2ec381.jpg
6,6,polyps,polyps,True,0.0034954387228935957,0.005249504465609789,0.0012271413579583168,0.014618166722357273,0.0006848019547760487,0.0008317781030200422,0.9516555666923523,0.022237593308091164,polyps/1faa7a49-7b21-43d9-951a-0727bc236d8a.jpg
5,5,normal-z-line,normal-z-line,True,0.00021272960293572396,0.0002159739233320579,0.0395561046898365,5.3531421144725755e-05,0.013345112092792988,0.9432225227355957,0.002221575938165188,0.0011724462965503335,normal-z-line/d08203a8-8b74-4477-92b7-9724a0332f46.jpg
4,4,normal-pylorus,normal-pylorus,True,0.0021942572202533484,0.00021652743453159928,0.009113919921219349,0.001975378952920437,0.9004360437393188,0.0014137686230242252,0.08327942341566086,0.0013707263860851526,normal-pylorus/b163a3aa-43e6-4190-ba87-1ec88494a12a.jpg
7,7,ulcerative-colitis,ulcerative-colitis,True,0.002095258329063654,0.0021169825922697783,2.4510092771379277e-05,0.00045953644439578056,0.00015317770885303617,2.383433275099378e-05,0.24644482135772705,0.7486818432807922,ulcerative-colitis/e875083b-c1da-40cf-a1c8-e9a99ee7eda6.jpg
2,2,esophagitis,esophagitis,True,9.92522564047249e-06,2.738457260420546e-05,0.9546095132827759,1.003813736133452e-06,4.522793915384682e-06,0.04533620551228523,1.0091394869959913e-05,1.3226303963165265e-06,esophagitis/97867a53-bb29-425d-a288-56f703bfda58.jpg
7,7,ulcerative-colitis,ulcerative-colitis,True,0.008495430462062359,0.04227188229560852,0.0033814827911555767,4.358610021881759e-05,1.7882505289890105e-06,0.0004123602411709726,0.01120580080896616,0.9341877698898315,ulcerative-colitis/4c0eac86-5559-4834-a718-4d55f1af1378.jpg
6,4,polyps,normal-pylorus,False,0.008392436429858208,0.00037760991835966706,0.002610238967463374,0.01783602312207222,0.7120565176010132,0.007561470381915569,0.25112682580947876,3.885753540089354e-05,polyps/e23cd4e9-f77c-4163-a1d8-dfc9a9a01ebf.jpg
7,7,ulcerative-colitis,ulcerative-colitis,True,0.0012506905477494001,0.0014374987222254276,5.817396231577732e-05,0.0026377313770353794,0.00020799704361706972,2.6122656890947837e-06,0.03261690214276314,0.9617884159088135,ulcerative-colitis/38c3932a-1dc3-420e-81f6-1c4b026f7f56.jpg
7,7,ulcerative-colitis,ulcerative-colitis,True,2.81351494777482e-05,1.3748378478339873e-05,0.002150372602045536,6.9581092247972265e-06,3.083144474658184e-05,0.000382949598133564,8.413264731643721e-05,0.997302770614624,ulcerative-colitis/584f1fa0-9bb9-49d3-b412-c42819d0a200_00000653.jpg
0,0,dyed-lifted-polyps,dyed-lifted-polyps,True,0.9792357087135315,0.02066529542207718,2.643849074956961e-05,7.57779901050526e-07,5.330679186954512e-08,5.703183887817431e-06,6.495639536296949e-05,1.174734052256099e-06,dyed-lifted-polyps/726a2ff4-bc9c-402c-9b35-29052da7ee6b.jpg
1,1,dyed-resection-margins,dyed-resection-margins,True,0.06104319542646408,0.8970072269439697,6.791815394535661e-05,0.03258483111858368,3.8548168959096074e-05,0.00014791276771575212,0.0005880452808924019,0.008522347547113895,dyed-resection-margins/b087df42-ccf1-4aae-8b49-94d27781b21c.jpg
3,3,normal-cecum,normal-cecum,True,2.5250628823414445e-05,2.1201976778684184e-06,4.756244820214306e-08,0.9970659613609314,8.224302291637287e-06,1.719371880426479e-07,0.001195348217152059,0.0017029049340635538,normal-cecum/9c0f2998-4464-40ee-b2bb-a82dd34af7a3.jpg
4,4,normal-pylorus,normal-pylorus,True,3.5597761183225884e-08,1.2590562370462521e-08,1.0646965165506117e-05,2.366114131291397e-07,0.9999301433563232,3.698301952681504e-05,1.5398794630527846e-06,2.0513718482106924e-05,normal-pylorus/0b59508a-be33-4c29-841b-42cd1712e01e.jpg
3,3,normal-cecum,normal-cecum,True,0.002124791732057929,0.0005525203887373209,5.611495907942299e-06,0.9719279408454895,0.00011779319902416319,3.778745303861797e-05,0.012059084139764309,0.013174422085285187,normal-cecum/a50ad7c4-9138-4ae5-9805-bf173bcd1d9f.jpg
7,7,ulcerative-colitis,ulcerative-colitis,True,0.00024656945606693625,0.0001319646544288844,0.0001635786466067657,9.598682663636282e-05,6.661341467406601e-05,0.0002210831007687375,0.0025230790488421917,0.9965510368347168,ulcerative-colitis/bcef5805-6373-43d6-af4e-b1279cd84c61.jpg
3,3,normal-cecum,normal-cecum,True,0.0010362851899117231,5.3435214795172215e-05,3.087762524955906e-05,0.9901745319366455,0.00018232288130093366,2.4893586669350043e-05,0.008016910403966904,0.000480803195387125,normal-cecum/2e313668-d14b-448a-a19f-8afd55a6ceca.jpg
2,5,esophagitis,normal-z-line,False,1.4571579413313884e-05,3.448397183092311e-05,0.1623387634754181,1.0340895642002579e-06,0.009141453541815281,0.8283565044403076,0.00011033197370124981,2.912151558120968e-06,esophagitis/3e9b1095-1b88-435e-a4da-d37a700ca9ce.jpg
6,6,polyps,polyps,True,0.009635296650230885,0.0006253256578929722,0.0003748575982172042,0.02171197347342968,0.0031255551148205996,0.00119000393897295,0.9547039270401001,0.008633038029074669,polyps/62399a1c-3f4e-4655-bc47-cacf54cab091.jpg
7,7,ulcerative-colitis,ulcerative-colitis,True,0.0007242062711156905,0.00045072476495988667,4.4696244003716856e-05,0.0037085069343447685,1.3954873793409206e-05,5.465005415317137e-06,0.0011809581192210317,0.9938715696334839,ulcerative-colitis/810106a4-84fe-4de5-8f7f-596f4a0312e3.jpg
6,6,polyps,polyps,True,0.14492632448673248,0.29380252957344055,0.00023430652800016105,0.016320887953042984,1.0385996574768797e-05,0.0007031774148344994,0.39454859495162964,0.1494537889957428,polyps/08afaf00-7cae-4c91-a88e-70aaa0034de9.jpg
3,3,normal-cecum,normal-cecum,True,0.020648077130317688,0.010503205470740795,2.422732359264046e-05,0.8135335445404053,0.0007596001378260553,2.1219779227976687e-05,0.13489292562007904,0.019617145881056786,normal-cecum/5708e661-fd83-4124-85d1-4ce7450eae2e.jpg
0,0,dyed-lifted-polyps,dyed-lifted-polyps,True,0.9989888072013855,0.0008328809053637087,4.821560537493497e-07,6.844364634162048e-06,8.675295504190217e-08,4.7414161485903605e-07,0.00016831612447276711,2.171452479160507e-06,dyed-lifted-polyps/1484493f-b6a9-43d1-82dc-a7a78ddd2490.jpg
6,6,polyps,polyps,True,0.01885773241519928,0.003786859568208456,0.00038090022280812263,0.3293498456478119,0.0009429956553503871,0.0013001809129491448,0.6085126399993896,0.036868806928396225,polyps/b48b4ed9-e44a-47e9-9241-35b844ef4604.jpg
7,7,ulcerative-colitis,ulcerative-colitis,True,0.00030728502315469086,0.0005017249495722353,3.102036498603411e-05,5.6621058320160955e-05,8.691279917982797e-10,1.26159795854619e-06,0.0004950091242790222,0.9986070990562439,ulcerative-colitis/78606314-b5d0-457d-9f9d-db7271e67150.jpg
3,3,normal-cecum,normal-cecum,True,0.009619436226785183,0.003002380719408393,1.8732658872977481e-06,0.9816396832466125,1.806241584745294e-06,8.942878793050113e-08,0.004723970778286457,0.001010680804029107,normal-cecum/09c54f81-dbc0-4e30-abbc-a617102f6fc8.jpg
5,5,normal-z-line,normal-z-line,True,0.000353960640495643,3.63725412171334e-05,0.04563651606440544,3.2369080145144835e-05,0.15867845714092255,0.7937860488891602,0.0014684272464364767,7.800449566275347e-06,normal-z-line/760837bc-70f4-4375-9a2a-386127029858.jpg
5,5,normal-z-line,normal-z-line,True,5.058337137597846e-06,2.8862670660600998e-05,0.03142515942454338,9.99136545942747e-07,0.00024924532044678926,0.9682645201683044,2.5229530365322717e-05,9.996284688895685e-07,normal-z-line/44d08bdd-1ec6-40b5-a58b-ec10b356290f.jpg
0,1,dyed-lifted-polyps,dyed-resection-margins,False,0.35698825120925903,0.6430014967918396,1.9284054815216223e-06,6.737259194977696e-09,1.011090655644864e-09,1.2447075370403127e-08,3.0826822694507428e-06,5.239660367806209e-06,dyed-lifted-polyps/8ba3968c-e27d-4536-ad92-8591883e1571.jpg
1,1,dyed-resection-margins,dyed-resection-margins,True,0.05345287173986435,0.9429076313972473,0.000756327121052891,3.3965818147407845e-05,0.00029075745260342956,0.0021539865992963314,0.00021828291937708855,0.00018613800057210028,dyed-resection-margins/c5413dd6-9410-4bcf-8f24-89022f0a516a.jpg
6,6,polyps,polyps,True,0.0010482093784958124,0.0009773960337042809,5.1153501772205345e-06,0.0002236072177765891,1.1403798453102354e-05,1.780256297934102e-06,0.9976900815963745,4.242661452735774e-05,polyps/6420161a-b4e1-4940-a6e1-acd23c28fe99.jpg
2,2,esophagitis,esophagitis,True,2.6849993446376175e-05,8.642958709970117e-05,0.9736140370368958,1.7389804270351306e-05,0.00021338534133974463,0.025631632655858994,0.0001330450177192688,0.0002772028965409845,esophagitis/e776865d-dc19-4f83-9e5a-00d8ba3f0508.jpg
1,1,dyed-resection-margins,dyed-resection-margins,True,0.022504480555653572,0.9774615168571472,1.2185126934127766e-06,7.4194977059960365e-06,5.855018248013266e-09,2.2909895847078587e-07,3.7023958157078596e-06,2.1421050405479036e-05,dyed-resection-margins/4550d269-401e-4ef3-b26b-84ea334d01ed.jpg
6,6,polyps,polyps,True,0.020439045503735542,0.0006137991440482438,2.0846830466325628e-06,0.001999574014917016,8.111340321192984e-06,2.560294205977698e-06,0.8391044735908508,0.13783039152622223,polyps/c1ccc033-0e98-4ce7-8171-0af81b863778.jpg
5,5,normal-z-line,normal-z-line,True,1.5258524399541784e-06,7.787100003042724e-06,0.02006048522889614,5.002426064493193e-07,0.00035137811210006475,0.9795743823051453,3.7971060464769835e-06,8.61129265672389e-08,normal-z-line/b774b33c-0d05-4b31-b776-14eeb9d3586b.jpg
7,7,ulcerative-colitis,ulcerative-colitis,True,0.001880711643025279,0.0003700015367940068,1.638093999645207e-05,0.0005760745843872428,2.4018963813432492e-06,1.543422149552498e-05,0.13201814889907837,0.8651208281517029,ulcerative-colitis/28db4e2a-2b48-43b7-88b2-5eaba2eb41f4.jpg
6,6,polyps,polyps,True,9.191202843794599e-05,9.685091754363384e-06,2.7317288186168298e-05,0.007290114648640156,0.002283625304698944,0.00023150333436205983,0.9885976314544678,0.0014682095497846603,polyps/9a9fbcdf-04e1-4713-bccb-c39cf9996d5d.jpg
6,6,polyps,polyps,True,0.04924545809626579,0.09489176422357559,0.0035585800651460886,0.02660689689218998,3.417759944568388e-05,0.00021748994186054915,0.7775549292564392,0.04789062216877937,polyps/b5af7a66-7f29-4942-89d2-d6a02126c123.jpg
6,6,polyps,polyps,True,0.0027497601695358753,0.005308200605213642,2.887029950215947e-05,0.008775943890213966,0.00012901068839710206,0.0001475344761274755,0.9538142085075378,0.02904651314020157,polyps/e3d87692-d69b-4be7-abac-15b2cffc4624.jpg
6,6,polyps,polyps,True,0.0029607785400003195,0.00010628224845277146,2.5687127163109835e-06,0.0014413729077205062,2.381120248173829e-05,6.815823212491523e-07,0.9870185852050781,0.00844589527696371,polyps/2f2e2195-558b-47c2-93d9-c92b76271906.jpg
0,0,dyed-lifted-polyps,dyed-lifted-polyps,True,0.9917293190956116,0.007673724554479122,4.324158098256703e-08,4.123723192606121e-05,2.961093370501544e-09,1.2468809096333189e-08,0.0004486803081817925,0.00010687008762033656,dyed-lifted-polyps/1042e62d-2f9b-4a7d-84e1-a3cd491d6a43.jpg
5,5,normal-z-line,normal-z-line,True,7.453624857589602e-05,4.296439510653727e-05,0.3031485676765442,5.488146143761696e-06,0.008221526630222797,0.6882237792015076,0.0002547840413171798,2.834972838172689e-05,normal-z-line/a7bd2163-31a9-4f10-9799-22c992dabff4.jpg
4,4,normal-pylorus,normal-pylorus,True,6.768041771465505e-08,9.429578895492341e-09,2.075821794278454e-05,2.1953020734599704e-07,0.9999557733535767,1.4914457096892875e-05,2.274832695547957e-06,5.9601438806566875e-06,normal-pylorus/b725d9ef-aec5-4088-9060-fa6788e3a508.jpg
3,3,normal-cecum,normal-cecum,True,0.002646777546033263,0.00021372146147768945,8.347435027644678e-07,0.925682783126831,5.386413249652833e-06,9.725720246933633e-07,0.04347696155309677,0.027972478419542313,normal-cecum/19611980-f69f-4508-b358-6a828515ac90.jpg
2,2,esophagitis,esophagitis,True,0.00025358382845297456,0.0011738598113879561,0.5476706027984619,0.0018858611583709717,0.014655082486569881,0.4313717782497406,0.0013601937098428607,0.0016290911007672548,esophagitis/e9741710-cc9c-4a8b-9b57-12ddd83b03df.jpg
2,2,esophagitis,esophagitis,True,0.001183452201075852,0.0012211960274726152,0.9182822108268738,1.2922532732773107e-05,0.007623960729688406,0.05303225293755531,0.0005324425874277949,0.018111569806933403,esophagitis/3c765504-c30e-4c45-ba70-59c4cb4a126c.jpg
2,2,esophagitis,esophagitis,True,0.0002656563010532409,0.0003485996858216822,0.5482583045959473,8.755173439567443e-06,0.0004028799303341657,0.4504193365573883,0.0001887253747554496,0.00010763426689663902,esophagitis/ee48c182-c168-4bd2-896b-baa7785348c9.jpg
1,1,dyed-resection-margins,dyed-resection-margins,True,0.037171270698308945,0.9561227560043335,4.042233740619849e-06,3.815606760326773e-05,7.41384056368588e-08,1.368513693478235e-07,0.0008030881290324032,0.005860431119799614,dyed-resection-margins/921ab5ee-41cf-4cfc-a300-46b4a2770e68.jpg
3,3,normal-cecum,normal-cecum,True,9.693961328594014e-05,7.644196011824533e-05,3.549901066435268e-07,0.9938442707061768,9.387159479956608e-06,9.009017531980135e-08,0.0005291113047860563,0.0054434542544186115,normal-cecum/e8a4ffdc-4d9d-4aef-80c0-a599615ac53d.jpg
5,5,normal-z-line,normal-z-line,True,6.067120921215974e-06,4.5596807467518374e-05,0.05037549510598183,4.737478320748778e-06,0.0004996945499442518,0.9489362835884094,2.552687692514155e-05,0.00010653324716258794,normal-z-line/65c2d5a7-53d4-4b06-bd01-da971d073f18.jpg
7,7,ulcerative-colitis,ulcerative-colitis,True,0.0028016893193125725,0.008123921230435371,0.00045477680396288633,0.0013841360341757536,3.8026628317311406e-05,3.509818634483963e-05,0.0576791912317276,0.92948317527771,ulcerative-colitis/b090985b-6d12-4087-b9c6-7ba0d33de35e.jpg
7,7,ulcerative-colitis,ulcerative-colitis,True,4.6650926378788427e-05,7.104989344952628e-05,0.0025644961278885603,0.004304797388613224,0.00022573344176635146,0.0025110789574682713,0.00048459420213475823,0.9897915124893188,ulcerative-colitis/de363345-17a0-4645-9c5d-05227548f3aa.jpg
2,2,esophagitis,esophagitis,True,0.005571495275944471,0.011291088536381721,0.5762482285499573,0.00013051593850832433,1.3521635992219672e-05,0.0006636077887378633,0.0014297134475782514,0.40465182065963745,esophagitis/a1cb7a98-420e-4bfc-a33d-2f6210710d87.jpg
1,1,dyed-resection-margins,dyed-resection-margins,True,0.003046101424843073,0.9968427419662476,5.009292635804741e-06,8.491812332067639e-05,2.152496136886839e-08,2.0101420261653402e-07,7.646975973329972e-06,1.3320051948539913e-05,dyed-resection-margins/87f2a46a-976e-4406-a976-b0259b48629a.jpg
3,3,normal-cecum,normal-cecum,True,0.00014908456068951637,0.00019082575454376638,1.1893330338352825e-05,0.9900742173194885,0.00011873288895003498,2.614992445160169e-05,0.009266812354326248,0.0001623113639652729,normal-cecum/73bb2cb9-0bed-4dc6-9609-402ac77e5197.jpg
0,0,dyed-lifted-polyps,dyed-lifted-polyps,True,0.8462849855422974,0.1504514366388321,0.00020286746439523995,0.000379936711397022,2.1615041987388395e-05,0.0003499697195366025,0.0011548891197890043,0.0011543380096554756,dyed-lifted-polyps/551ee3c0-f8d3-48d5-98ef-6a884ca63af0.jpg
3,3,normal-cecum,normal-cecum,True,0.0005777564365416765,2.6268176952726208e-05,7.780695341352839e-07,0.9225348830223083,9.899132237478625e-06,5.395902462623781e-07,0.07549123466014862,0.001358670648187399,normal-cecum/1a52b990-5326-4be3-be18-7e832d476343.jpg
6,6,polyps,polyps,True,0.16579461097717285,0.0026593361981213093,8.893446647562087e-05,0.005296509712934494,0.0003879785072058439,0.00012661020446103066,0.8245357275009155,0.0011102341813966632,polyps/c9cb5bb0-5e95-49c9-8c12-979c75c04b6a.jpg
2,5,esophagitis,normal-z-line,False,1.3704738194064703e-05,8.737486496102065e-06,0.4769110083580017,3.2901282338571036e-06,0.00028504119836725295,0.522599995136261,3.531790935085155e-05,0.00014283905329648405,esophagitis/99092657-db96-49e2-8190-5a79beb997ce.jpg
2,2,esophagitis,esophagitis,True,2.1049389033578336e-05,6.255607786442852e-06,0.9193312525749207,0.00013862898049410433,0.002859462983906269,0.07590418308973312,0.0006113402196206152,0.0011278773890808225,esophagitis/93afc191-1fe1-4f0b-a5a7-8ec2e10d0e80.jpg
2,5,esophagitis,normal-z-line,False,4.4371550757205114e-05,8.346534741576761e-05,0.37515074014663696,1.2226847502461169e-05,0.0002681196201592684,0.6241104006767273,2.9267896024975926e-05,0.00030144205084070563,esophagitis/354b009d-d5fa-4362-a0e4-d311bd007399.jpg
3,3,normal-cecum,normal-cecum,True,0.04999939724802971,0.03217551112174988,2.7398139081924455e-06,0.8790936470031738,1.867272089839389e-06,2.276885652463534e-06,0.01880413293838501,0.019920505583286285,normal-cecum/7bec02fe-3223-451b-b3f3-9bef853d0ebe.jpg
3,3,normal-cecum,normal-cecum,True,0.0004015461017843336,0.00015447473560925573,3.4979175325133838e-06,0.997736930847168,1.179368382508983e-06,3.501326659716142e-07,0.0007732308586128056,0.0009287765133194625,normal-cecum/4a274621-8973-477c-926a-f04736f07d0a.jpg
2,5,esophagitis,normal-z-line,False,0.0007767437491565943,0.008082027547061443,0.478544145822525,0.0003410421486478299,0.001231964211910963,0.5096901655197144,0.0012810657499358058,5.28413183928933e-05,esophagitis/a674e2f8-1f44-4133-be82-37f688d13a1a.jpg
4,4,normal-pylorus,normal-pylorus,True,0.00013445971126202494,1.639984839130193e-05,0.0002663353516254574,0.00018419502885080874,0.9898754954338074,0.0011974117951467633,0.007489961106330156,0.000835760380141437,normal-pylorus/2ebef6f4-e2e5-4778-a669-5e509d8af503.jpg
6,6,polyps,polyps,True,0.03886852040886879,0.005620894022285938,0.005467131268233061,0.0019401535391807556,0.0031751813367009163,0.000761643925216049,0.9165114164352417,0.02765512652695179,polyps/cb689d4e-e046-47e6-831c-b142c34e5cf8.jpg
6,6,polyps,polyps,True,0.005455566104501486,0.002311892108991742,0.012155009433627129,0.18173307180404663,0.13676710426807404,0.051562219858169556,0.38940122723579407,0.22061389684677124,polyps/e2d8c9fd-6345-425c-b2eb-d176a3c3931b.jpg
6,3,polyps,normal-cecum,False,0.005252752918750048,0.0020440814550966024,1.7890159142552875e-05,0.6598300337791443,0.0002433728805044666,0.00023375832824967802,0.33067619800567627,0.0017019299557432532,polyps/b1c1b0ea-e720-4ce6-aca6-2bef7ccea234.jpg
5,5,normal-z-line,normal-z-line,True,1.7817350453697145e-05,3.3993386750807986e-05,0.12042813748121262,8.330684067914262e-06,0.000743033888284117,0.8785386085510254,0.0001608849415788427,6.916137499501929e-05,normal-z-line/fa375814-efcb-451c-b192-b0265ea5378b.jpg
3,3,normal-cecum,normal-cecum,True,0.0002356996265007183,0.00017995134112425148,2.025057710852707e-06,0.9960411787033081,5.8811725466512144e-05,1.1113001363582953e-07,0.0005696649313904345,0.0029125718865543604,normal-cecum/d68aa2ce-0929-4cad-9845-1e4046cee3ff.jpg
2,2,esophagitis,esophagitis,True,0.0008592995000071824,0.001928294776007533,0.8486059308052063,2.9090303996781586e-06,0.00034199171932414174,0.1461763083934784,0.0008307962561957538,0.001254406408406794,esophagitis/b138e72a-1687-4288-974d-297a57660508.jpg
3,3,normal-cecum,normal-cecum,True,0.0017938677920028567,0.0014343032380566,0.0011269910028204322,0.9696762561798096,0.0019402606412768364,0.0018574739806354046,0.02025471068918705,0.001916180714033544,normal-cecum/a51ac5e3-db34-42d3-a134-d7093d5cd440.jpg
1,1,dyed-resection-margins,dyed-resection-margins,True,0.007238044403493404,0.9926855564117432,3.0848597816657275e-05,1.4728857422596775e-07,2.611567850863139e-09,1.9477818568702787e-05,2.538863009249326e-05,4.509167013111437e-07,dyed-resection-margins/41ae11e5-c7e4-46db-a5b1-859281a76cce.jpg
3,3,normal-cecum,normal-cecum,True,0.0004662179562728852,0.0001514185860287398,1.5583882486680523e-06,0.9881028532981873,2.4736668819969054e-06,5.837564458488487e-06,0.011185305193066597,8.437604992650449e-05,normal-cecum/1bbf25b7-be2c-4d54-9166-59feeff9c234.jpg
2,2,esophagitis,esophagitis,True,7.031435234239325e-05,0.00019636521756183356,0.6689623594284058,0.0014449171721935272,0.010857786051928997,0.3181970417499542,0.00016501171921845526,0.0001062996598193422,esophagitis/0dbd8e31-6676-42f2-b71a-6cb8b728adf6.jpg
6,6,polyps,polyps,True,0.0026045471895486116,0.0010485718958079815,2.71441040240461e-05,0.010345984250307083,0.00011812718003056943,8.647101640235633e-05,0.9857649207115173,4.278566393622896e-06,polyps/b3ac7cdb-c121-4537-80cc-60b1af4eda26.jpg
4,4,normal-pylorus,normal-pylorus,True,1.0260776434733998e-05,9.872775081021246e-06,0.0011475743958726525,1.7351534552290104e-05,0.9966644644737244,0.0015531990211457014,0.00010729461791925132,0.0004899895284324884,normal-pylorus/b64e16f9-6465-49e0-9927-e8b7a5d01338.jpg
3,3,normal-cecum,normal-cecum,True,0.00059951824368909,0.0011481114197522402,0.0001869360130513087,0.996454119682312,5.695193976862356e-05,2.932551797130145e-05,0.0015123928897082806,1.265820083062863e-05,normal-cecum/1ab067f8-bd10-4937-9a85-6617541144bf.jpg
4,4,normal-pylorus,normal-pylorus,True,3.652463783510029e-05,9.045294063980691e-06,0.00011888369044754654,2.238291926914826e-05,0.9956626296043396,0.001215424737893045,0.0028555728495121002,7.951736188260838e-05,normal-pylorus/6959a8bd-0159-4f1f-94f1-ecabc0d807e7.jpg
4,4,normal-pylorus,normal-pylorus,True,3.1395151722790615e-07,8.959700181776498e-08,8.860393791110255e-06,2.1342511900002137e-06,0.9999421834945679,1.7456246496294625e-05,1.4302876479632687e-05,1.464112301619025e-05,normal-pylorus/6af184b7-861d-46aa-95ec-c94fbf70461b.jpg
3,7,normal-cecum,ulcerative-colitis,False,0.006324180401861668,0.001760433311574161,9.145946023636498e-06,0.15251922607421875,4.98737745147082e-06,6.284151368163293e-07,0.015663383528590202,0.8237179517745972,normal-cecum/27c3b2c6-5a19-4c5f-ac94-ae90d2e2d8aa.jpg
4,4,normal-pylorus,normal-pylorus,True,4.572416401060764e-07,8.768036252604361e-08,0.00020035365014337003,1.8438255722230679e-07,0.9992002844810486,0.0005160304135642946,4.0536149754188955e-05,4.2099462007172406e-05,normal-pylorus/d7def39b-0efe-42cf-9d0e-625a1c24938e.jpg
2,2,esophagitis,esophagitis,True,0.0004323492757976055,5.760650310548954e-05,0.6009337306022644,0.0013248315081000328,0.008039737120270729,0.28687483072280884,0.08722148090600967,0.015115451999008656,esophagitis/9946a997-9246-4892-a485-2878e315ccfd.jpg
4,4,normal-pylorus,normal-pylorus,True,2.10902243225064e-07,1.3222530981238378e-07,6.557452434208244e-05,7.180971692832827e-07,0.9996232986450195,0.0002003381378017366,0.00010849410318769515,1.1390106919861864e-06,normal-pylorus/19a37731-d52f-4cfe-92f7-d620f876f532.jpg
5,5,normal-z-line,normal-z-line,True,3.549925531842746e-05,9.493336983723566e-05,0.06850780546665192,3.188049595337361e-05,0.007616879418492317,0.9236724972724915,3.358854883117601e-05,6.915832273080014e-06,normal-z-line/3b2fa55c-a6a7-4d10-95de-1cbf98f119c2.jpg
7,7,ulcerative-colitis,ulcerative-colitis,True,1.5264763533195946e-06,2.1767948055639863e-05,7.690890129197214e-07,3.175189340254292e-05,3.6598976294044405e-07,1.6691797100065742e-07,6.0857248172396794e-05,0.9998828172683716,ulcerative-colitis/fc79c489-b358-4368-b965-330615af73d4_00000002.jpg
6,6,polyps,polyps,True,0.3398609161376953,0.0019333225209265947,2.599601612018887e-05,0.01701062172651291,1.0631712029862683e-05,6.689751444355352e-06,0.6265951991081238,0.014556622132658958,polyps/898aeeed-3ee0-410c-b773-595313b2e807.jpg
3,7,normal-cecum,ulcerative-colitis,False,0.002006704453378916,0.00016725009481888264,2.468312004566542e-06,0.06479188799858093,0.0001338940201094374,2.0279164800740546e-06,0.0041785161010921,0.9287172555923462,normal-cecum/02b728cd-f151-44ba-8014-b7772949eb15.jpg
5,5,normal-z-line,normal-z-line,True,0.00031230718013830483,0.00037821693695150316,0.198684424161911,3.5378830034460407e-06,0.0004130224697291851,0.7988265752792358,0.001012816559523344,0.00036907909088768065,normal-z-line/ddcbc2b7-f0ff-4423-89b8-9eb58c1492c7.jpg
7,7,ulcerative-colitis,ulcerative-colitis,True,0.002234278479591012,0.00019879540195688605,1.9750163119169883e-05,0.40627574920654297,0.0014237582217901945,7.969364378368482e-05,0.006660543382167816,0.5831074118614197,ulcerative-colitis/93dbad0b-d4b9-411a-bc97-a750a6e5937b.jpg
1,1,dyed-resection-margins,dyed-resection-margins,True,0.0016097055049613118,0.9983548521995544,3.30205075442791e-05,7.757713582634551e-09,6.791277940010332e-08,1.439149173165788e-06,8.074065931396035e-07,8.031929610297084e-08,dyed-resection-margins/d77d059e-a1a0-4e5b-83c0-6f157de53ab3.jpg
6,6,polyps,polyps,True,0.00405014818534255,6.635564932366833e-05,1.6122470697155222e-05,4.499211627262412e-06,5.869600499863736e-06,2.0239724108250812e-05,0.9938666224479675,0.0019701682031154633,polyps/40487a26-1975-4d8d-bf8e-728e82bf7416.jpg
0,0,dyed-lifted-polyps,dyed-lifted-polyps,True,0.9473020434379578,0.052694205194711685,1.0465858935049255e-07,1.725053699885848e-08,2.8164835047528314e-11,9.997946470718944e-09,3.552665020833956e-06,7.545021674104646e-08,dyed-lifted-polyps/81a28ce5-df24-41ca-8341-2c300ce9404d.jpg
2,2,esophagitis,esophagitis,True,0.0038064962718635798,0.0015981335891410708,0.9372356534004211,3.3183832783834077e-06,0.0009413404623046517,0.05477072298526764,0.0014124107547104359,0.0002318238402949646,esophagitis/170708d1-58c7-4b37-b20b-bc78203f4593.jpg
2,2,esophagitis,esophagitis,True,0.0006109818932600319,0.010542360134422779,0.5263385772705078,5.617715032713022e-06,0.0040628910064697266,0.4544581174850464,0.0004743515746667981,0.0035071070306003094,esophagitis/a0fbae96-ba9d-4668-a423-d5b211a52fb6.jpg
7,7,ulcerative-colitis,ulcerative-colitis,True,5.930780389462598e-05,4.000139597337693e-05,7.507189002353698e-05,0.00016455893637612462,4.4190693415657734e-07,3.476084748399444e-05,0.007554371375590563,0.9920715689659119,ulcerative-colitis/6c8b8c2e-731c-469b-b690-0bbc846efd53.jpg
0,0,dyed-lifted-polyps,dyed-lifted-polyps,True,0.9657019972801208,0.01792168989777565,4.604119112627814e-06,0.0026457495987415314,2.142130324500613e-05,8.755110911806696e-07,0.012759263627231121,0.0009444210445508361,dyed-lifted-polyps/c4c6a103-88c2-406e-be13-95e6a8c2643d.jpg
2,2,esophagitis,esophagitis,True,2.3211887310026214e-05,6.673891766695306e-05,0.6613473892211914,6.30350477877073e-05,0.004696892108768225,0.3336290717124939,0.0001532722671981901,2.050591865554452e-05,esophagitis/26b22522-6a0f-4c30-9417-e7b2c5335d5a.jpg
4,4,normal-pylorus,normal-pylorus,True,3.6493887023425486e-08,2.015810629529824e-08,2.8811848096665926e-05,1.1898831644430174e-06,0.9998307228088379,0.0001179720857180655,2.0906365534756333e-05,4.2384246512483514e-07,normal-pylorus/a1848bec-c39f-4f33-bb2c-6b8fe472bcb9.jpg
4,4,normal-pylorus,normal-pylorus,True,0.0005216383724473417,6.747023144271225e-05,0.0025625291746109724,0.004099299665540457,0.9839375615119934,0.0024299665819853544,0.005926669109612703,0.000454875233117491,normal-pylorus/7ef433e7-5005-404e-be61-ea83e534f4e7.jpg
3,3,normal-cecum,normal-cecum,True,0.010574237443506718,0.002694657538086176,8.260759386757854e-06,0.9735063910484314,1.281737695535412e-05,2.010337993851863e-06,0.006065521854907274,0.007136102300137281,normal-cecum/7e26c11d-ecfb-4a0b-a6e4-15c1c993e70b.jpg
2,2,esophagitis,esophagitis,True,0.0004723658203147352,0.0021703767124563456,0.9965593218803406,2.2048944003927318e-08,1.3727513987760176e-06,0.0004159293894190341,0.00036129297222942114,1.934524880198296e-05,esophagitis/34dd24b5-e521-4c90-bf72-dc2adf970c77.jpg
1,1,dyed-resection-margins,dyed-resection-margins,True,0.026928527280688286,0.9730470180511475,4.961206741427304e-06,3.845545109015802e-07,1.3382724262100965e-08,7.369222743136561e-08,1.3014357136853505e-05,6.007137926644646e-06,dyed-resection-margins/c862fa6c-6c8c-4e6f-bdbe-f7c71d382746.jpg
4,4,normal-pylorus,normal-pylorus,True,7.977111522450286e-07,2.1776141068130528e-07,0.00025871957768686116,1.483675418967323e-06,0.9961031675338745,0.0036060847342014313,2.480537114024628e-05,4.63993410448893e-06,normal-pylorus/b433a9c0-8b22-41f0-8f5c-29212d090338.jpg
0,0,dyed-lifted-polyps,dyed-lifted-polyps,True,0.9573560953140259,0.042637038975954056,6.383711479429621e-07,3.903611741407076e-06,1.0727808863464361e-08,6.0707630034073645e-09,1.4821526974628796e-06,7.637752901246131e-07,dyed-lifted-polyps/1b996aa4-c81b-4157-93e0-55a0aaa78089.jpg
0,0,dyed-lifted-polyps,dyed-lifted-polyps,True,0.8375892639160156,0.16186225414276123,4.628834631148493e-06,6.737057265127078e-05,1.0500136227165058e-07,8.658800965122282e-08,9.597856660548132e-06,0.0004667842877097428,dyed-lifted-polyps/a6ec9dbf-4e31-4535-b625-f96df8db6125.jpg
1,1,dyed-resection-margins,dyed-resection-margins,True,0.009083693847060204,0.9902550578117371,6.239970389287919e-05,4.5028136241853645e-07,8.391889991798962e-07,1.8597716916701756e-05,3.156923412461765e-05,0.0005472894408740103,dyed-resection-margins/c093b987-02d8-499d-8c1f-eb53dd4aec5f.jpg
2,2,esophagitis,esophagitis,True,0.0010978510836139321,0.0003766223671846092,0.516366720199585,0.000322014675475657,0.13320638239383698,0.345158189535141,0.0033203414641320705,0.00015188733232207596,esophagitis/b28b9699-359b-4cc7-b164-de1156b5f566.jpg
3,3,normal-cecum,normal-cecum,True,0.0003278866643086076,0.00011423557589296252,3.161642609939008e-07,0.9984208345413208,4.3523942849788e-07,2.8346063274398148e-08,0.0010559090878814459,8.035208156798035e-05,normal-cecum/61324eab-b29f-4299-ba41-024ec5e21fc5.jpg
7,7,ulcerative-colitis,ulcerative-colitis,True,0.00027518285787664354,0.0005788864218629897,1.06180750663043e-05,0.017582276836037636,3.008936573678511e-06,2.4232806026702747e-05,0.031412068754434586,0.9501137137413025,ulcerative-colitis/7de1d9ce-3704-4d48-8830-150edbe90492.jpg
0,0,dyed-lifted-polyps,dyed-lifted-polyps,True,0.9419573545455933,0.050625063478946686,1.3551273696066346e-05,2.2894810172147118e-06,1.7829042064931855e-07,1.2990068171347957e-05,0.005395323503762484,0.0019931215792894363,dyed-lifted-polyps/3a9ee4cd-7a55-4cf1-8d82-006cc0d05b87.jpg
2,5,esophagitis,normal-z-line,False,0.0011619646102190018,0.004278234206140041,0.34170594811439514,1.8724205801845528e-05,0.000112801295472309,0.6512097716331482,0.00024825340369716287,0.001264385529793799,esophagitis/31a8e88e-8705-4e99-9202-5ab74f76fd4a.jpg
0,0,dyed-lifted-polyps,dyed-lifted-polyps,True,0.9856643676757812,0.003308016574010253,1.1761947462218814e-05,0.00020946723816450685,2.989909080497455e-05,5.312474968377501e-05,0.010722983628511429,4.752380959871516e-07,dyed-lifted-polyps/366b8309-68e4-4762-9309-87d5e2ae8a08.jpg
1,1,dyed-resection-margins,dyed-resection-margins,True,0.0030369909945875406,0.9968980550765991,3.530801404849626e-05,3.298465287571162e-07,5.467273922477034e-08,6.662501164100831e-06,1.6955404134932905e-05,5.62534705750295e-06,dyed-resection-margins/0c1f49d8-c21d-45c8-85a4-087f4a4c5895.jpg
4,4,normal-pylorus,normal-pylorus,True,2.5245299184462056e-06,7.088640927577217e-07,0.0003052529355045408,0.00017703774210531265,0.9973894953727722,0.00027398575912229717,0.0016965032555162907,0.00015454528329428285,normal-pylorus/bc8550b7-9f26-4668-8ccf-0aaa106abb8a.jpg
5,5,normal-z-line,normal-z-line,True,3.626395482569933e-05,9.132559353020042e-05,0.03580842539668083,7.256347089423798e-06,0.00037398081622086465,0.9631089568138123,0.0004308848292566836,0.00014294932771008462,normal-z-line/7974ec23-9b7e-432b-ac1e-cc8cef163116.jpg
4,4,normal-pylorus,normal-pylorus,True,8.36265280668158e-06,1.6744039612603956e-06,0.000384918152121827,4.2049732655868866e-06,0.9990861415863037,0.00019055974553339183,0.00019204187265131623,0.0001321931486018002,normal-pylorus/d9c67c63-5c4a-487a-9b3e-abaa476f4c6a.jpg
5,5,normal-z-line,normal-z-line,True,4.7132711188169196e-05,2.2326938051264733e-05,0.15298528969287872,5.322008655639365e-05,0.005026693921536207,0.8416189551353455,0.0002161834272556007,3.016729351656977e-05,normal-z-line/0d6e8654-1216-4974-a9ca-9cd339d78c69.jpg
4,4,normal-pylorus,normal-pylorus,True,1.552388425807294e-06,1.566333025948552e-06,0.0001029141349135898,7.538547492913494e-07,0.9973031282424927,0.00015938072465360165,0.00012733822222799063,0.0023033390752971172,normal-pylorus/7ac3a14e-fe8e-4bc3-b01e-a33cf9fc96c2.jpg
7,7,ulcerative-colitis,ulcerative-colitis,True,0.00011389386054361239,0.00013313497765921056,0.002190542174503207,0.0031979938503354788,0.0012502181343734264,0.0012969909003004432,0.01123524084687233,0.980582058429718,ulcerative-colitis/9b917fd1-13d7-46a4-9558-4272af599b59.jpg
1,1,dyed-resection-margins,dyed-resection-margins,True,0.43053558468818665,0.5688599348068237,2.271346966153942e-05,1.315220060860156e-06,1.0465877267051837e-06,8.470608918287326e-06,0.0005633077234961092,7.611986347910715e-06,dyed-resection-margins/6c1f1b20-6f67-4491-b153-adc8e3936bce.jpg
3,3,normal-cecum,normal-cecum,True,0.0002063961437670514,0.00013380084419623017,2.244692495878553e-06,0.9973663687705994,3.246825372116291e-06,2.105317662426387e-06,0.002252554288133979,3.323813507449813e-05,normal-cecum/daccebe8-465f-4c94-ba86-79ea44801164.jpg
0,0,dyed-lifted-polyps,dyed-lifted-polyps,True,0.990655243396759,0.009215736761689186,2.079018668155186e-05,3.0573164622182958e-06,2.4425139599770773e-07,1.3991056221129838e-05,8.668701775604859e-05,4.294550763006555e-06,dyed-lifted-polyps/5bc3f392-f00f-4978-8f0d-02bb1f54f4c0.jpg
6,6,polyps,polyps,True,0.13093480467796326,0.03281840309500694,1.568066727486439e-05,0.005386525299400091,0.0002732448629103601,3.3852935303002596e-05,0.8287380337715149,0.0017994357040151954,polyps/45dd52c5-2ab3-489b-9508-e4ccc8705a3d.jpg
2,5,esophagitis,normal-z-line,False,0.0032712025567889214,0.00034761297865770757,0.14480306208133698,0.000115397953777574,0.030426759272813797,0.794126033782959,0.010452371090650558,0.016457591205835342,esophagitis/b0768234-5fd3-42a5-ad88-940fc8159ca2.jpg
2,5,esophagitis,normal-z-line,False,2.4407130695180967e-05,1.4486281543213408e-05,0.03642904758453369,8.54700047057122e-05,0.005991632584482431,0.956543505191803,0.0006607212708331645,0.00025081055355258286,esophagitis/e5d89fd0-30d1-425a-8dd7-2e7fa8d48734.jpg
1,1,dyed-resection-margins,dyed-resection-margins,True,0.15301725268363953,0.8163751363754272,0.00017153365479316562,0.006329555530101061,5.114074610901298e-06,0.0001369047095067799,0.023860467597842216,0.00010401562030892819,dyed-resection-margins/9a7965e1-8106-47ae-888d-690b3e33adc2.jpg
5,5,normal-z-line,normal-z-line,True,2.169844719901448e-06,2.7608891741692787e-06,0.17658330500125885,6.527964160341071e-06,0.00029786370578221977,0.8230307102203369,4.905105015495792e-05,2.757172660494689e-05,normal-z-line/fde68ca4-2c9f-4f81-9c7b-b3d161704013.jpg
5,5,normal-z-line,normal-z-line,True,3.683528120745905e-05,0.0006005821633152664,0.08969596028327942,0.0004032659635413438,0.014606058597564697,0.8925687074661255,0.0017707182560116053,0.00031791641958989203,normal-z-line/da417a53-d2ff-4628-8045-b4eb9f9df16c.jpg
2,2,esophagitis,esophagitis,True,2.9310012905625626e-05,1.3965160178486258e-05,0.9903429746627808,1.295627407671418e-05,5.603361569228582e-05,0.008783454075455666,2.0295405192882754e-05,0.0007409633253701031,esophagitis/23c13ff7-738c-43a3-936d-8b2d1214f5ba.jpg
1,1,dyed-resection-margins,dyed-resection-margins,True,0.007410236168652773,0.9817900061607361,0.007992495782673359,5.275511739455396e-06,0.00022510738926939666,0.002028243849053979,4.332766911829822e-05,0.0005053023342043161,dyed-resection-margins/94205883-6ad0-4a23-bd51-cb941abc1d53.jpg
3,3,normal-cecum,normal-cecum,True,0.0008714270079508424,0.0003702210378833115,2.172908807551721e-06,0.9818028807640076,1.6550178543184302e-06,9.661673630034784e-07,0.013130219653248787,0.0038205543532967567,normal-cecum/6c435879-0cce-44e0-ab49-1051782a5250.jpg
5,5,normal-z-line,normal-z-line,True,3.385100353625603e-05,0.00010466155799804255,0.07721936702728271,5.343937664292753e-05,0.014129702001810074,0.9061608910560608,0.00010455441224621609,0.0021935650147497654,normal-z-line/2732933f-972a-410b-97cc-c6634f01b6c9.jpg
0,0,dyed-lifted-polyps,dyed-lifted-polyps,True,0.6869142651557922,0.3130475878715515,3.6120876956147185e-08,9.195333205980205e-08,2.2396531296209332e-09,1.1658216614307548e-09,8.18686416437231e-08,3.802384890150279e-05,dyed-lifted-polyps/81997271-6b0d-4903-9c7b-af829e31a03a.jpg
1,1,dyed-resection-margins,dyed-resection-margins,True,0.08238153904676437,0.9172502756118774,0.00021747793653048575,1.6394511703765602e-07,5.870492358894808e-08,2.2888832518219715e-06,1.1874259143951349e-05,0.00013626668078359216,dyed-resection-margins/ac48aa4f-c157-4133-8052-91a498abb8a5.jpg
1,1,dyed-resection-margins,dyed-resection-margins,True,0.031242238357663155,0.9120597839355469,0.0010566511191427708,1.112669451686088e-05,3.4613801744853845e-06,0.00033754162723198533,0.0008175642578862607,0.054471563547849655,dyed-resection-margins/91c7512c-b400-4049-b35b-10ef5d16d193.jpg
1,1,dyed-resection-margins,dyed-resection-margins,True,0.21333374083042145,0.7794204354286194,0.0020860705990344286,0.000970191671513021,9.078544098883867e-05,0.0010850393446162343,0.00034859811421483755,0.0026651876978576183,dyed-resection-margins/dd5e6c27-c680-44ef-a29f-2421d567bd17.jpg
1,1,dyed-resection-margins,dyed-resection-margins,True,0.4745919704437256,0.5250081419944763,4.026570240966976e-05,4.314422312745592e-06,2.059012302879637e-07,6.561865575349657e-06,0.00029080972308292985,5.7687590015120804e-05,dyed-resection-margins/9725d9e1-e677-4dbc-b919-840af1e5e36f.jpg
3,3,normal-cecum,normal-cecum,True,5.653333573718555e-05,8.777424227446318e-05,4.140635155636119e-06,0.9994333386421204,2.807310920616146e-06,5.865633738721954e-07,0.00034761003917083144,6.718207441736013e-05,normal-cecum/fcb5a6b7-9a2f-45cc-a400-930e32d070c1.jpg
1,1,dyed-resection-margins,dyed-resection-margins,True,0.04033452644944191,0.9595974683761597,3.298984302091412e-05,5.429449743132864e-07,1.2923731418368334e-08,5.310021151672117e-06,2.2241612896323204e-05,6.988656423345674e-06,dyed-resection-margins/6dd01c33-66b5-42ca-90a3-68812fdf7d8d.jpg
4,4,normal-pylorus,normal-pylorus,True,1.470565962335968e-06,6.46476337351487e-07,2.164766010537278e-05,1.5315103155444376e-05,0.9982531666755676,0.0002735950401984155,0.0014327105600386858,1.5149203136388678e-06,normal-pylorus/1a5809f8-a660-4b09-8faf-c994e0c5fdd2.jpg
5,5,normal-z-line,normal-z-line,True,1.6848502127686515e-05,9.653234883444384e-06,0.3062688112258911,5.46401679457631e-06,0.0013286295579746366,0.6923101544380188,2.6610488930600695e-05,3.380065754754469e-05,normal-z-line/dd6df2cc-4085-4e5d-ae33-f4bf260910b0.jpg
5,5,normal-z-line,normal-z-line,True,2.0747738744830713e-06,3.4430238883942366e-05,0.06501666456460953,1.489064402449003e-06,0.00011696510773617774,0.9348111152648926,1.5102213183126878e-05,2.152583647330175e-06,normal-z-line/27f3ea80-e85d-42ea-8db0-d64d050c61c1.jpg
4,4,normal-pylorus,normal-pylorus,True,0.0002527387114241719,0.0001643322902964428,0.018429024145007133,0.001578612602315843,0.8817020654678345,0.09415052086114883,0.0016005951911211014,0.00212200079113245,normal-pylorus/d0380ca5-8e5d-4014-a497-aa4361c2a148.jpg
5,5,normal-z-line,normal-z-line,True,4.338015969551634e-06,3.441628359723836e-05,0.05772056430578232,3.0477281143248547e-06,0.00024914409732446074,0.9418984651565552,6.709466833854094e-05,2.287665120093152e-05,normal-z-line/68156912-cfbc-4fde-b96d-06b10e8bf18e.jpg
6,7,polyps,ulcerative-colitis,False,0.007842878811061382,0.0031772200018167496,0.004513570573180914,0.027985040098428726,0.007828586734831333,0.01368962787091732,0.4205712378025055,0.5143917202949524,polyps/1ec57a41-f50e-4be1-a202-0de24c9d084b.jpg
1,1,dyed-resection-margins,dyed-resection-margins,True,0.04044724628329277,0.9532016515731812,2.9791981432936154e-05,1.0768711945274845e-05,1.7159671017452638e-08,7.930667038635875e-07,0.00017570356430951506,0.006134075578302145,dyed-resection-margins/883e2ae7-b1c6-4702-b30d-5585a106ccf6.jpg
4,7,normal-pylorus,ulcerative-colitis,False,0.0003502523759379983,9.576293814461678e-05,0.0067474814131855965,0.0152864595875144,0.3819768726825714,0.0008357930928468704,0.0037659849040210247,0.5909413695335388,normal-pylorus/6fe5ab5b-38e4-4037-8f36-b3ba6b16663c.jpg
4,4,normal-pylorus,normal-pylorus,True,1.3103921219226322e-06,1.817826600358785e-08,4.182497286819853e-05,8.905059075914323e-06,0.9994631409645081,5.939047332503833e-05,4.7076948249014094e-05,0.0003783464489970356,normal-pylorus/e18181c6-fb1e-4732-87cc-28197a8ac341.jpg
0,0,dyed-lifted-polyps,dyed-lifted-polyps,True,0.9964673519134521,0.0022789654321968555,1.5238293826769223e-06,1.4315803582576336e-06,2.527869128243765e-06,1.1806551810877863e-05,0.0012026351178064942,3.377738903509453e-05,dyed-lifted-polyps/803b682d-7517-4224-bb19-f86b8f8bd6e9.jpg
3,3,normal-cecum,normal-cecum,True,0.00013326629414223135,0.00014150615606922656,1.4945463533422298e-07,0.992427408695221,4.623069855824724e-07,3.213477484109717e-08,0.006005050614476204,0.0012921665329486132,normal-cecum/979d3b74-7be8-4c53-996e-ee7742c283f4.jpg
5,5,normal-z-line,normal-z-line,True,1.0230088264506776e-05,4.150862150709145e-05,0.4114230275154114,5.33717502548825e-06,0.000637610093690455,0.5878033638000488,6.648004637099802e-05,1.2410203453327995e-05,normal-z-line/64299f5e-c264-44dc-8d9a-ab9c96e7911b.jpg
0,0,dyed-lifted-polyps,dyed-lifted-polyps,True,0.9998149275779724,0.00011965805606450886,3.114521618385879e-08,9.924704045261024e-07,4.58695925686925e-09,1.8428803372216862e-08,6.386170571204275e-05,5.061555157226394e-07,dyed-lifted-polyps/69fec0d7-0807-49fc-a86a-b1aa0268867b.jpg
6,6,polyps,polyps,True,0.02110935188829899,0.00037020540912635624,4.776894002134213e-06,0.0008281783666461706,3.3487032169432496e-07,7.880583325459156e-06,0.9764126539230347,0.001266553532332182,polyps/394a1183-22b9-4353-8117-1c6a636d28e0.jpg
6,6,polyps,polyps,True,0.004454795271158218,0.0014718633610755205,0.00030402641277760267,0.007491305936127901,3.760052641155198e-05,0.00015151496336329728,0.9805294871330261,0.00555943138897419,polyps/a569ce25-f216-48c7-8226-124db06a45b7.jpg
5,5,normal-z-line,normal-z-line,True,5.905158104724251e-06,7.916140020824969e-06,0.060102131217718124,3.663064376269176e-07,0.0028682611882686615,0.93698650598526,1.7267057046410628e-05,1.1621322300925385e-05,normal-z-line/c9628aca-3183-471a-b0dc-f43c1f12f482.jpg
6,6,polyps,polyps,True,0.02919384092092514,0.004906687885522842,0.0006372638745233417,0.01236193347722292,0.013363129459321499,0.0023741915356367826,0.8382442593574524,0.09891864657402039,polyps/99bae3ba-bbe5-415d-8f7d-9492fa3bc28e.jpg
6,3,polyps,normal-cecum,False,0.03771243616938591,0.002599639119580388,0.0032052909955382347,0.6798387765884399,0.010666629299521446,0.0010520193027332425,0.189496248960495,0.0754290297627449,polyps/1caca1a6-78cb-44c0-9a5b-644566067523.jpg
6,3,polyps,normal-cecum,False,0.014185723848640919,0.0038385428488254547,0.000149025785503909,0.5949369668960571,0.0008581393049098551,4.568287113215774e-05,0.22916699945926666,0.15681886672973633,polyps/946ff5c8-74bf-4c4b-93f5-b32145d5d10f.jpg
0,0,dyed-lifted-polyps,dyed-lifted-polyps,True,0.9801820516586304,0.009217740967869759,4.5428259909385815e-06,4.5920596676296555e-06,4.262721020609206e-08,2.0180095816613175e-06,0.010577685199677944,1.1288319910818245e-05,dyed-lifted-polyps/ea7466bf-616c-4098-9913-cf85fa58cfaf.jpg
2,2,esophagitis,esophagitis,True,0.0011786179384216666,0.0015666289255023003,0.7382175922393799,8.767050894675776e-05,0.00036956631811335683,0.25765398144721985,0.0006593681173399091,0.00026650764630176127,esophagitis/8a9f6a2f-94a7-4764-93dd-a07afd3e310d.jpg
4,4,normal-pylorus,normal-pylorus,True,4.643651482183486e-05,2.6040775992441922e-05,0.0007840408361516893,1.1704142707458232e-05,0.9979442954063416,0.0008173622190952301,0.00023922708351165056,0.00013097953342366964,normal-pylorus/fa1b84f6-c1de-4efb-b5e1-91e3d154262d.jpg
4,4,normal-pylorus,normal-pylorus,True,3.857220747249812e-07,6.244075478889499e-08,8.946984598878771e-05,6.999404376983875e-06,0.9993981122970581,0.0004893171135336161,8.666882422403432e-06,6.954611762921559e-06,normal-pylorus/e23c3114-5975-4036-a62c-76706420aa8d.jpg
7,7,ulcerative-colitis,ulcerative-colitis,True,2.9480243028956465e-05,1.0246015335724223e-05,1.7573885997990146e-05,2.40904523707286e-06,5.525319011212559e-06,1.1186102710780688e-06,6.423112790798768e-05,0.9998694658279419,ulcerative-colitis/6dd5186a-a6a1-4a2e-bc43-979b21966ee2.jpg
5,5,normal-z-line,normal-z-line,True,1.6034517784646596e-06,5.899504230910679e-06,0.02667173184454441,8.578056309715976e-08,0.002523753559216857,0.9707590937614441,3.637021654867567e-05,1.468386358283169e-06,normal-z-line/20bae89d-177a-442e-96f3-1d21932e70a6.jpg
3,7,normal-cecum,ulcerative-colitis,False,0.009226532652974129,0.007948004640638828,5.509868515218841e-06,0.39836546778678894,0.000226416508667171,9.757848602021113e-06,0.006284625735133886,0.577933669090271,normal-cecum/1aae61d3-5603-4866-97b7-78bc68cbdc3d.jpg
1,1,dyed-resection-margins,dyed-resection-margins,True,0.0031759378034621477,0.9968209266662598,3.0020821668585995e-06,1.4218558275214122e-10,7.523553828547858e-12,5.35087352204755e-09,1.029236926797239e-07,7.759012987662572e-09,dyed-resection-margins/c6f589db-1f28-4efe-9bd9-f539900856cc.jpg
5,5,normal-z-line,normal-z-line,True,3.974598712375155e-06,1.6272480934276246e-05,0.07795488089323044,2.545217466831673e-05,0.007260226644575596,0.9135948419570923,0.00010110007133334875,0.0010432297131046653,normal-z-line/0e2a225c-b1f1-44cc-aa18-824ef1852ea3.jpg
1,1,dyed-resection-margins,dyed-resection-margins,True,0.009961465373635292,0.9893285632133484,0.00011633570829872042,3.5158678656443954e-05,9.835977834882215e-06,2.643345396791119e-05,0.0004708607157226652,5.135437459102832e-05,dyed-resection-margins/dcd399c9-b08b-4ee7-8411-5ea1b1b73541.jpg
4,4,normal-pylorus,normal-pylorus,True,2.346077235415578e-05,2.7641872293315828e-06,0.004556977190077305,0.00013566062261816114,0.9277713298797607,0.010350968688726425,0.0023417030461132526,0.05481705069541931,normal-pylorus/3c94b36e-b9c7-474c-9167-52442e392875.jpg
6,6,polyps,polyps,True,0.0036247284151613712,0.00039695343002676964,4.5919281888018304e-07,0.0034481254406273365,4.251461177773308e-06,5.434067588794278e-06,0.9923420548439026,0.00017795315943658352,polyps/96b241e4-c180-4e17-90b9-a4eaee89ea8b.jpg
6,6,polyps,polyps,True,0.0029908150900155306,0.00030288283596746624,3.6301319141784916e-06,9.777993545867503e-05,6.556203402396932e-08,5.067021788818238e-07,0.9965904951095581,1.3779892469756305e-05,polyps/ca0af930-ae62-46bb-a19f-6a97bab5569d.jpg
6,6,polyps,polyps,True,0.006799374707043171,0.0006895214901305735,4.631076444638893e-05,0.018127037212252617,0.00010096879123011604,7.97923348727636e-05,0.9735546112060547,0.0006023780442774296,polyps/b7359f3a-a69f-41e1-abbe-1a2e834eebd4.jpg
5,5,normal-z-line,normal-z-line,True,2.020282408921048e-05,2.2209991584531963e-05,0.10463094711303711,5.261601836537011e-05,0.004100307822227478,0.8903344869613647,0.0006813039653934538,0.00015793742204550654,normal-z-line/50e400f1-96b5-4911-a88f-68cde34977a5.jpg
2,2,esophagitis,esophagitis,True,0.0003594740992411971,0.0007561777019873261,0.9744216799736023,3.791648168771644e-06,6.43627208773978e-05,0.022761037573218346,6.811673665652052e-05,0.0015654094750061631,esophagitis/3ac8affa-19d4-4f2c-a71b-49b96cb4588b.jpg
6,6,polyps,polyps,True,0.10769228637218475,0.0343577116727829,0.003299557603895664,0.036542318761348724,0.007935521192848682,0.0037289983592927456,0.7666234970092773,0.039820101112127304,polyps/fd4870a5-7b01-4241-91cf-3f7dc3d655fe.jpg
1,1,dyed-resection-margins,dyed-resection-margins,True,0.025876136496663094,0.9741200804710388,3.5031948186770023e-07,2.7949660363901785e-08,2.8386526462753636e-10,2.533144138894272e-09,3.01460204354953e-07,3.1220181426760973e-06,dyed-resection-margins/a23145ee-93cc-44b8-b3f9-d4adfca011b4.jpg
5,5,normal-z-line,normal-z-line,True,6.040794687578455e-06,4.2243453208357096e-05,0.13251087069511414,3.850009306916036e-05,0.0008627445786260068,0.8664654493331909,1.6931571735767648e-05,5.728521500714123e-05,normal-z-line/ac848959-22b3-4e8d-8806-36aa9a7e5b20.jpg
7,7,ulcerative-colitis,ulcerative-colitis,True,3.040111914742738e-05,3.9116321204346605e-06,0.00010951612784992903,4.997576979803853e-05,2.0602967651939252e-06,5.349502680473961e-05,0.0004442244244273752,0.999306321144104,ulcerative-colitis/584f1fa0-9bb9-49d3-b412-c42819d0a200_00001002.jpg
0,0,dyed-lifted-polyps,dyed-lifted-polyps,True,0.9575439691543579,0.04224066063761711,5.1010956667596474e-06,3.197110132191483e-08,5.213975029505491e-09,4.704422735812841e-07,0.00020756038429681212,2.2422539132094244e-06,dyed-lifted-polyps/d05e2037-9c4c-4dc6-8203-edd176ef1a7b.jpg
3,3,normal-cecum,normal-cecum,True,0.0004842855269089341,0.0005432841717265546,7.38478556741029e-05,0.9832658767700195,2.3197713744593784e-05,1.3270455383462831e-05,0.011506366543471813,0.004089793190360069,normal-cecum/3f1a68b4-9a63-40d5-8375-f9bc7fc2fb5b.jpg
1,7,dyed-resection-margins,ulcerative-colitis,False,0.23021113872528076,0.3041960299015045,0.002801286755129695,0.0003772609052248299,0.00023598750703968108,0.0001554052287247032,0.0007832377450540662,0.46123966574668884,dyed-resection-margins/bf649a47-f5cc-4492-8227-475476821fbf.jpg
0,1,dyed-lifted-polyps,dyed-resection-margins,False,0.20229052007198334,0.7972441911697388,0.00022910549887456,7.876354175095912e-06,9.789479236133047e-07,0.00011990877101197839,2.9132803319953382e-05,7.823535270290449e-05,dyed-lifted-polyps/20fc8fba-6440-4808-be5c-695556d7a59d.jpg
1,1,dyed-resection-margins,dyed-resection-margins,True,0.2843050956726074,0.7155593633651733,5.660998431267217e-05,7.531150458817137e-08,1.6207518882538352e-08,2.7753660560847493e-06,5.850704837939702e-05,1.755029006744735e-05,dyed-resection-margins/6e720482-b66c-43d4-a0bb-7ea235f9b54b.jpg
1,1,dyed-resection-margins,dyed-resection-margins,True,0.0067319744266569614,0.9923330545425415,0.0003713476180564612,2.6513425837038085e-05,3.8198982110770885e-06,0.00017975358059629798,0.00011791282304329798,0.00023559018154628575,dyed-resection-margins/583038eb-5984-4784-a30d-8e69785eb221.jpg
1,0,dyed-resection-margins,dyed-lifted-polyps,False,0.6791682839393616,0.3197893500328064,1.964324837899767e-05,1.002805402094964e-05,7.662171697120357e-07,4.703603917732835e-05,0.0009643656085245311,5.531284728022001e-07,dyed-resection-margins/eed9a32d-8fc8-4a1e-9961-fd8ccfe0c160.jpg
6,6,polyps,polyps,True,0.002824819413945079,0.0003729374730028212,7.93306899140589e-05,0.0005568133783526719,7.022437330306275e-06,2.7901709472644143e-05,0.9655222296714783,0.03060898557305336,polyps/8294989f-111d-426b-9edc-e02bb1f9a0c4.jpg
6,4,polyps,normal-pylorus,False,0.007265692576766014,9.247952402802184e-05,0.0004323968314565718,0.0012221736833453178,0.7510213255882263,0.005646667443215847,0.22948192059993744,0.004837332293391228,polyps/51070da5-1986-45f3-8037-9ddfebee285b.jpg
2,2,esophagitis,esophagitis,True,5.298991163726896e-05,0.00012443898594938219,0.5461509227752686,2.1560501409112476e-05,0.001213707379065454,0.452186644077301,9.582274651620537e-05,0.00015388660540338606,esophagitis/6fe39322-4a5c-494a-a2d4-bdc2bbea8200.jpg
3,3,normal-cecum,normal-cecum,True,3.463361508693197e-06,1.4283506288848002e-06,9.042695836569692e-08,0.9999274015426636,1.1798251620120936e-07,6.580507805331592e-10,2.640115053509362e-05,4.116204581805505e-05,normal-cecum/aaf64694-4396-4af5-866a-43c787756f72.jpg
6,6,polyps,polyps,True,0.005122143775224686,7.210447802208364e-05,2.594936745481391e-07,0.00026930568856187165,1.864511567362115e-08,1.786509216117338e-07,0.9944745898246765,6.133835267974064e-05,polyps/1858f55c-b3a5-4554-891e-a63143121bf5.jpg
2,5,esophagitis,normal-z-line,False,1.170048221865727e-06,9.165583833237179e-06,0.03325949236750603,4.62737176576411e-07,0.0008409922593273222,0.9658806920051575,7.048962288536131e-06,8.94532092843292e-07,esophagitis/aa83ea57-1f1b-4033-9cdd-df40f2173989.jpg
0,0,dyed-lifted-polyps,dyed-lifted-polyps,True,0.9628078937530518,0.030995002016425133,0.00026272909599356353,4.2029238102259114e-05,4.984090992365964e-06,0.0007926346734166145,0.004981584846973419,0.00011324445222271606,dyed-lifted-polyps/0f25cccc-84cc-4965-9179-ad0749a53bbd.jpg
5,5,normal-z-line,normal-z-line,True,8.394819701607048e-07,6.277298234635964e-05,0.017412222921848297,2.5822375846473733e-06,5.897735172766261e-05,0.9824550747871399,1.5389981626867666e-06,5.955478627583943e-06,normal-z-line/b488e18b-eb1e-4fd7-a9be-05fb8e22d24e.jpg
6,6,polyps,polyps,True,0.0013106936821714044,0.0011590085923671722,7.135226496757241e-06,0.022244680672883987,2.9485968298104126e-06,2.9135164822946535e-06,0.9750937819480896,0.00017893493350129575,polyps/4758ac1e-7b98-48dd-8f5b-76a650221792.jpg
6,6,polyps,polyps,True,0.0021311526652425528,1.880845047708135e-05,1.3325059626367874e-05,0.00018426580936647952,6.090161332394928e-05,2.0787631001439877e-05,0.9943590760231018,0.0032117024529725313,polyps/0e5ef0b5-934c-4da6-bca9-2a607f5664f5.jpg
6,7,polyps,ulcerative-colitis,False,0.0015162213239818811,0.0011284510837867856,7.946764526423067e-05,0.18360447883605957,6.461268640123308e-06,6.183616278576665e-06,0.24851858615875244,0.5651402473449707,polyps/42b9fa83-2871-431d-bb0a-7c14979ac9d4.jpg
0,0,dyed-lifted-polyps,dyed-lifted-polyps,True,0.8773914575576782,0.11457400768995285,3.397088948986493e-05,0.0003732641926035285,1.5648167391191237e-05,6.0712554841302335e-05,0.007483914028853178,6.706183194182813e-05,dyed-lifted-polyps/6e713570-afd6-47dd-9a11-a56fa147f045.jpg
1,1,dyed-resection-margins,dyed-resection-margins,True,0.12044771015644073,0.8744056224822998,4.169962267042138e-05,0.002353943418711424,2.363779640290886e-05,2.5794249722821405e-06,0.0006391570786945522,0.002085596788674593,dyed-resection-margins/414962c9-e87b-487f-8fc1-1e93e12235ce.jpg
5,5,normal-z-line,normal-z-line,True,2.5865980205708183e-05,6.161844066809863e-05,0.034260816872119904,4.947782144881785e-05,0.000423894525738433,0.9644331932067871,0.0003104934876319021,0.00043469970114529133,normal-z-line/0a6bdc13-99b5-4287-8380-b469e7a397cf.jpg
3,3,normal-cecum,normal-cecum,True,0.0009988496312871575,0.0002022190165007487,6.081221926024227e-08,0.9913039207458496,1.2549706980280462e-06,5.1862887318065987e-08,0.0016758735291659832,0.0058178068138659,normal-cecum/a3d63aab-1c94-4abc-b4eb-5e52a5f3dbfd.jpg
1,1,dyed-resection-margins,dyed-resection-margins,True,0.12148522585630417,0.878257155418396,7.346781058004126e-05,0.00011198402353329584,7.250327627161823e-08,1.8534536138758995e-05,3.55745833076071e-05,1.8064945834339596e-05,dyed-resection-margins/859de4f3-6247-4278-85c4-5dc28f20dffa.jpg
3,3,normal-cecum,normal-cecum,True,0.003533362876623869,0.0007148686563596129,8.181000157492235e-05,0.9737942218780518,0.0007708169869147241,7.934130553621799e-05,0.017787862569093704,0.0032376903109252453,normal-cecum/ae372464-ab73-4649-b60d-5f84704c9e46.jpg
6,7,polyps,ulcerative-colitis,False,0.0069166310131549835,0.002456190064549446,0.00035871253930963576,0.00582877965644002,0.0007866747910156846,1.1417425412219018e-05,0.40899190306663513,0.5746496319770813,polyps/7ceb79e3-a709-4439-b4e7-858b56924e41.jpg
0,0,dyed-lifted-polyps,dyed-lifted-polyps,True,0.6239835023880005,0.375438928604126,1.444075451217941e-06,5.592985417024465e-06,2.9758573383276143e-09,1.470161237193679e-07,0.0005703548085875809,4.6020204536034726e-08,dyed-lifted-polyps/8376af61-5329-49b4-9bac-539237222251.jpg
0,0,dyed-lifted-polyps,dyed-lifted-polyps,True,0.7704164385795593,0.22896452248096466,9.908099309541285e-05,7.111853483365849e-05,2.355410742893582e-06,4.129664375795983e-05,0.00012934273399878293,0.00027581461472436786,dyed-lifted-polyps/a2d26215-1dbb-4841-a16b-efe500629471.jpg
2,5,esophagitis,normal-z-line,False,0.001134697231464088,0.002558191539719701,0.4244242012500763,0.0004941508523188531,0.0040577794425189495,0.5588990449905396,0.007043137215077877,0.001388858538120985,esophagitis/ada7de2d-de8b-4616-a33d-e0a03c6af9e5.jpg
0,0,dyed-lifted-polyps,dyed-lifted-polyps,True,0.915648341178894,0.08277177065610886,0.00047903318773023784,9.272397437598556e-05,3.3466326385678258e-06,0.0002072505303658545,0.0004559944209177047,0.0003415354585740715,dyed-lifted-polyps/96b9cb2d-0b8e-4439-881b-ecfce8dddfe5.jpg
6,4,polyps,normal-pylorus,False,0.002490801038220525,0.00033032341161742806,0.17463521659374237,0.0007433120044879615,0.45281270146369934,0.13921038806438446,0.22614970803260803,0.0036276141181588173,polyps/007e4d46-c617-418f-8a04-d34716adcb65.jpg
6,6,polyps,polyps,True,0.0004049545677844435,0.00020145175221841782,2.3735490685794502e-05,0.008770449087023735,5.214967586653074e-07,8.690270078659523e-06,0.982961118221283,0.007628998253494501,polyps/e8263143-69e2-4ad9-b075-95b3367441ca.jpg
0,0,dyed-lifted-polyps,dyed-lifted-polyps,True,0.7335320115089417,0.26637449860572815,2.702311689972703e-07,4.64028835267527e-06,3.0734041978064397e-09,1.0551003271075388e-07,1.8115360944648273e-06,8.666154462844133e-05,dyed-lifted-polyps/fe36c92b-51e4-4d18-84a4-8b35d48bd866.jpg
2,5,esophagitis,normal-z-line,False,0.0002560433931648731,0.004581890534609556,0.3290586471557617,6.099290476413444e-05,0.004681727383285761,0.6569383144378662,0.00047722997260279953,0.003945224918425083,esophagitis/502b7045-d48e-472b-87fc-c7fda0e0f763.jpg
6,6,polyps,polyps,True,0.04221177101135254,0.001271722954697907,0.0017286353977397084,0.007678596768528223,0.0004747461061924696,0.000509831472299993,0.9456133842468262,0.0005113534280098975,polyps/37fce2a5-dd3c-4312-8e80-475475f9b160.jpg
4,4,normal-pylorus,normal-pylorus,True,1.8906745253843837e-06,1.8891884678851056e-07,0.00015243097732309252,8.219223559535749e-07,0.9995667338371277,0.0001500665966887027,3.1791540095582604e-05,9.60075412876904e-05,normal-pylorus/8a1bc319-0eb3-46d6-84d4-ef9eb5259b28.jpg
3,3,normal-cecum,normal-cecum,True,0.000843853980768472,0.00020360459166113287,1.7669727867541951e-06,0.9591651558876038,0.0005346849793568254,3.0311225600598846e-06,0.01666679047048092,0.022581126540899277,normal-cecum/968d0fc0-9e59-409c-b44e-6d9d491ed50b.jpg
6,6,polyps,polyps,True,0.02912096120417118,0.00010823749471455812,3.43168210292788e-07,0.19493481516838074,3.3204592909896746e-05,3.0326727937790565e-06,0.7756727933883667,0.0001266173057956621,polyps/03c0f024-7226-424f-830b-2f273afa4a45.jpg
7,7,ulcerative-colitis,ulcerative-colitis,True,0.0008640054729767144,0.0020862435922026634,3.59967234544456e-05,0.024917203933000565,0.00016701800632290542,2.6374322260380723e-05,0.14466620981693268,0.8272369503974915,ulcerative-colitis/55d1491a-0daf-48af-ba23-09fdb81e6dbd.jpg
3,3,normal-cecum,normal-cecum,True,0.0003876016417052597,9.61801633820869e-05,7.497204478568165e-06,0.9775910377502441,1.2712203897535801e-05,5.721149864257313e-05,0.021803108975291252,4.46511730842758e-05,normal-cecum/9b5b4ae6-ad01-41da-bd5c-539bd868a192.jpg
7,7,ulcerative-colitis,ulcerative-colitis,True,0.001480085658840835,0.0008428907603956759,0.00026225735200569034,0.04818229004740715,0.008170823566615582,0.0016843456542119384,0.024542683735489845,0.9148346185684204,ulcerative-colitis/e86f63eb-e498-428e-9e52-884efca82817.jpg
0,0,dyed-lifted-polyps,dyed-lifted-polyps,True,0.8395476937294006,0.1602310985326767,2.8230535917828092e-06,0.0001598299277247861,1.2704056189249968e-06,3.6627199051508796e-07,5.5020344007061794e-05,1.8266454162585433e-06,dyed-lifted-polyps/3a5ef56b-2d9a-45d1-8bcf-94da028b2c99.jpg
5,5,normal-z-line,normal-z-line,True,0.00019693416834343225,0.0017596496036276221,0.07679741829633713,1.1511275261000264e-05,0.007031872868537903,0.9102007150650024,0.003910396248102188,9.152771235676482e-05,normal-z-line/5ce4bb3b-54a0-42fb-98b1-49265f28551c.jpg
1,1,dyed-resection-margins,dyed-resection-margins,True,0.00640553142875433,0.9935880899429321,3.5703183698387875e-07,2.2096370955182465e-08,3.4560350137269324e-09,1.159032514408409e-08,4.617359536496224e-06,1.4506917977996636e-06,dyed-resection-margins/24e245a1-6bb5-4775-bba9-e38b50eef28c.jpg
0,0,dyed-lifted-polyps,dyed-lifted-polyps,True,0.998725950717926,0.0011538576800376177,2.0714551851597207e-08,3.8300518099276815e-06,2.8163785192880653e-10,3.0567837150385913e-09,5.140269422554411e-05,6.486460915766656e-05,dyed-lifted-polyps/2f90b37f-c482-471c-8a4a-10f1ffa3a7eb.jpg
1,1,dyed-resection-margins,dyed-resection-margins,True,0.045250166207551956,0.9544033408164978,7.92997616372304e-06,1.97323447537201e-06,4.239721018706177e-09,9.199542319038301e-07,1.9540275388862938e-05,0.00031610994483344257,dyed-resection-margins/7089e84a-f213-4983-b9da-4b7016bbca27.jpg
0,0,dyed-lifted-polyps,dyed-lifted-polyps,True,0.9817277193069458,0.01812669448554516,2.375836402279674e-06,0.00011019054363714531,1.7325248791166814e-07,1.0135992170035024e-06,2.932752249762416e-05,2.5449216991546564e-06,dyed-lifted-polyps/10d78f91-9f3c-42c4-bca3-a8f8c91fccd7.jpg
7,7,ulcerative-colitis,ulcerative-colitis,True,0.0011895117349922657,0.01445826981216669,0.001836291397921741,0.005685452837496996,1.2955556485394482e-05,0.0009497671271674335,0.003435201244428754,0.9724326133728027,ulcerative-colitis/bfc6efd7-8e62-421f-bd20-d691c10b8782.jpg
2,2,esophagitis,esophagitis,True,0.000405272061470896,0.004364491906017065,0.7695525884628296,0.0011089358013123274,0.008312875404953957,0.2035362422466278,0.004711107816547155,0.008008496835827827,esophagitis/8583d96d-f435-4dbe-8d53-707c21408252.jpg
7,7,ulcerative-colitis,ulcerative-colitis,True,8.614543389739993e-07,6.287138631932976e-08,1.045710096292396e-08,4.9824637244455516e-05,7.81955833417669e-09,4.783247131712187e-09,5.248762681731023e-05,0.9998966455459595,ulcerative-colitis/d35c9226-f489-40b7-852e-20fafa1a5e98.jpg
4,4,normal-pylorus,normal-pylorus,True,2.9035376428510062e-05,1.309343679167796e-05,0.0014311743434518576,0.0014379627536982298,0.9900110363960266,0.00362791889347136,0.0029354309663176537,0.0005143488524481654,normal-pylorus/daeda9f9-6938-4f5e-85df-ae1d8724ab50.jpg
2,2,esophagitis,esophagitis,True,0.0010281656868755817,0.0009330528555437922,0.6889937520027161,0.00046573849976994097,0.00011202952009625733,0.30649831891059875,0.0008504305733367801,0.0011184682371094823,esophagitis/fdcc6c6c-02e9-4b69-b73d-701f295fd210.jpg
0,0,dyed-lifted-polyps,dyed-lifted-polyps,True,0.9823786616325378,0.0173793975263834,3.714464824611241e-08,3.554664544935804e-06,5.5818183852807124e-08,1.2123403791974852e-07,0.00023631077783647925,1.9028725546377245e-06,dyed-lifted-polyps/3ed4035a-f294-4e16-aba5-b13747c0208f.jpg
5,5,normal-z-line,normal-z-line,True,5.5163985962281004e-05,7.360148447332904e-05,0.33712244033813477,0.0003476344863884151,0.005565783474594355,0.6561728119850159,0.0005388249410316348,0.00012373899517115206,normal-z-line/851d921c-2db7-48d8-92b4-8ba29ae8fc50.jpg
4,4,normal-pylorus,normal-pylorus,True,0.00019714653899427503,0.00036939606070518494,0.0034786653704941273,0.0104982303455472,0.6637811064720154,0.004081718157976866,0.10880357772111893,0.20879024267196655,normal-pylorus/0d78332f-fd97-4fd7-8931-edc6494133d6.jpg
7,7,ulcerative-colitis,ulcerative-colitis,True,0.023345768451690674,0.010508567094802856,0.0012424973538145423,0.00032656913390383124,0.00028795230900868773,0.00018632865976542234,0.17597860097885132,0.7881237864494324,ulcerative-colitis/a5c6110d-67f4-4a56-826f-6cc1b9df981a.jpg
5,5,normal-z-line,normal-z-line,True,1.213646669384616e-06,1.8660270143300295e-05,0.02801651507616043,5.272534508549143e-06,0.0010501985670998693,0.9708582162857056,1.5459965652553365e-05,3.4552889701444656e-05,normal-z-line/b7d186c5-440c-4a28-a76f-f56c8a2e53f2.jpg
5,5,normal-z-line,normal-z-line,True,2.8641830795095302e-05,6.314976053545251e-05,0.008791804313659668,4.068982889293693e-06,0.0015979206655174494,0.98786860704422,0.001610133913345635,3.575810114853084e-05,normal-z-line/e1a1a80c-3998-414a-98fb-996b86c12908.jpg
0,1,dyed-lifted-polyps,dyed-resection-margins,False,0.3752812147140503,0.6197105646133423,0.001124743022955954,0.0005632697721011937,8.858675573719665e-05,0.00019065957167185843,0.00250160600990057,0.0005393982864916325,dyed-lifted-polyps/7b44f463-00dc-4910-8d02-142ef4b2c845.jpg
0,0,dyed-lifted-polyps,dyed-lifted-polyps,True,0.6132057905197144,0.09801051765680313,4.1923409298760816e-05,0.0005536709213629365,2.452487137816206e-07,1.8364058632869273e-05,0.2874602973461151,0.0007092370069585741,dyed-lifted-polyps/68e53c3d-1c18-4027-93be-ec6446f68e90.jpg
2,2,esophagitis,esophagitis,True,0.0005165836773812771,0.0006863023736514151,0.8105299472808838,0.0001248791377292946,0.00024058966664597392,0.1855701506137848,0.00017592082440387458,0.0021556150168180466,esophagitis/9a9f6975-fa2d-4f9c-a0a7-b9071bed912d.jpg
2,5,esophagitis,normal-z-line,False,0.00015793692728038877,0.0006140719051472843,0.4424313008785248,7.267270120792091e-05,0.00663789315149188,0.5471621751785278,0.0002303172805113718,0.0026937362272292376,esophagitis/dc4c18e2-3dd4-462b-9974-07318d2a8516.jpg
0,0,dyed-lifted-polyps,dyed-lifted-polyps,True,0.9209082126617432,0.07191918045282364,1.4034700370757491e-06,5.028117084293626e-05,6.402544983075131e-08,1.573070107951935e-06,0.006642795167863369,0.00047651154454797506,dyed-lifted-polyps/bd692b79-20ac-48cd-ae96-7b5220738ae1.jpg
6,6,polyps,polyps,True,0.0045147123746573925,0.00025115531752817333,0.0008804462268017232,0.005616472568362951,1.7967353414860554e-05,2.2575368348043412e-05,0.9531509280204773,0.035545650869607925,polyps/e3d4325f-48ae-4342-a5c5-cf5a6d71ac88.jpg
7,7,ulcerative-colitis,ulcerative-colitis,True,0.0005959361442364752,3.0825332942185923e-05,2.7372113891033223e-06,0.00915567483752966,2.108545004375628e-06,9.471970088270609e-07,0.00635736808180809,0.983854353427887,ulcerative-colitis/d5ff2b83-ed55-4539-bfaf-1ea9c791e484.jpg
4,4,normal-pylorus,normal-pylorus,True,1.398311837874644e-06,2.563368752817041e-07,0.0004045814275741577,6.762542170690722e-07,0.9984636306762695,0.00018512719543650746,6.912666140124202e-05,0.0008751598070375621,normal-pylorus/8fbdb889-ddf7-4b84-ab0a-2b01f867a4f6.jpg
2,2,esophagitis,esophagitis,True,1.8241076759295538e-05,1.0080771971843205e-05,0.914874792098999,0.00013300307909958065,0.003989845048636198,0.08015359193086624,0.0004587075090967119,0.0003616934991441667,esophagitis/9a0d45e1-cbf9-4878-b34f-833c57d8cf09.jpg
3,3,normal-cecum,normal-cecum,True,2.6412017177790403e-05,2.0963641873095185e-05,2.3128701798214024e-07,0.9992577433586121,8.300910121761262e-05,3.9156088860181626e-07,0.00033579085720703006,0.00027547794161364436,normal-cecum/3a8cc8a8-2ca6-45dd-97aa-375c72a1e190.jpg
5,5,normal-z-line,normal-z-line,True,1.6576228517806157e-05,4.025686939712614e-05,0.22176013886928558,0.00013254529039841145,0.004685400985181332,0.7729942798614502,0.00010774191468954086,0.00026307429652661085,normal-z-line/a65c165d-016d-49f5-ab61-5f4637e8e91e.jpg
6,6,polyps,polyps,True,0.00044025678653270006,9.125146789301652e-06,8.226879089079375e-08,8.194896508939564e-05,8.017934760573553e-07,3.561255113027073e-08,0.996839165687561,0.002628505928441882,polyps/1840de85-d6d3-4bff-9bd2-707b0d74ad2e.jpg
1,1,dyed-resection-margins,dyed-resection-margins,True,0.027133505791425705,0.9723114371299744,6.323457637336105e-05,3.049742736038752e-05,3.1972108445188496e-06,4.811307371710427e-05,0.000398545729694888,1.1453453225840349e-05,dyed-resection-margins/159383c5-6b19-4019-a827-29d8e2c567e1.jpg
3,3,normal-cecum,normal-cecum,True,0.00039596742135472596,0.0004933711024932563,2.069170295726508e-05,0.998035728931427,0.00033201894257217646,3.4881884403148433e-07,0.0006123704952187836,0.00010942361404886469,normal-cecum/03db5a24-7c4f-4275-8f5c-eea7b92c80df.jpg
2,2,esophagitis,esophagitis,True,0.0003659032518044114,0.0009270210866816342,0.6839452385902405,0.003147898940369487,0.010453015565872192,0.28179219365119934,0.0159793458878994,0.0033894344232976437,esophagitis/18318e38-9d98-4536-8632-491401c0769c.jpg
1,1,dyed-resection-margins,dyed-resection-margins,True,0.4658581614494324,0.514266848564148,0.0010607435833662748,0.007949715480208397,0.0011613627430051565,0.002118166768923402,0.005766764748841524,0.0018182100029662251,dyed-resection-margins/414ad138-2ac8-4f15-96d2-33a6c69c3f6d.jpg
7,7,ulcerative-colitis,ulcerative-colitis,True,0.0004933922900818288,0.0012595242587849498,0.00010426239168737084,0.004190943669527769,2.2965130483498797e-05,2.124168531736359e-05,0.025907469913363457,0.9680002927780151,ulcerative-colitis/55cc5ece-3ce9-4245-850d-c5e0074ee299.jpg
7,7,ulcerative-colitis,ulcerative-colitis,True,7.501283107558265e-05,0.00011499131505843252,0.0007919893250800669,2.3319041702052345e-06,1.9240621895733057e-06,8.314978185808286e-05,0.0001057710251188837,0.9988247752189636,ulcerative-colitis/584f1fa0-9bb9-49d3-b412-c42819d0a200_00000052.jpg
7,7,ulcerative-colitis,ulcerative-colitis,True,0.0021861745044589043,0.002204866847023368,0.0002072895149467513,0.009673270396888256,0.0010266038589179516,0.0002660622412804514,0.011037163436412811,0.9733986258506775,ulcerative-colitis/131f7bc8-e111-44e0-9c3a-ab34a6e64f7e.jpg
3,3,normal-cecum,normal-cecum,True,0.013755081221461296,0.005906104110181332,1.3194949133321643e-05,0.8957946300506592,0.0009612814174033701,3.6392004403751343e-05,0.07913204282522202,0.0044012246653437614,normal-cecum/ad63a023-c4ee-4b71-8f23-5a864e1c2d02.jpg
4,4,normal-pylorus,normal-pylorus,True,0.00011538910621311516,9.965169738279656e-06,0.001951454090885818,0.0001483664382249117,0.9721733927726746,0.020961754024028778,0.004624775145202875,1.4928934433555696e-05,normal-pylorus/bc59a619-bee6-454c-976e-620fe40254e7.jpg
0,0,dyed-lifted-polyps,dyed-lifted-polyps,True,0.9953610301017761,0.0033825573045760393,3.017532606008899e-07,0.0007409585523419082,5.983863360370378e-08,1.0266205663356232e-07,0.0005115602980367839,3.3229739528906066e-06,dyed-lifted-polyps/5e573dd1-acbb-4f2d-aa5c-27721afa81cc.jpg
1,1,dyed-resection-margins,dyed-resection-margins,True,0.00037964899092912674,0.9996168613433838,2.4949995349743403e-06,1.930740367583894e-08,2.617642103075468e-09,8.343089916706958e-07,1.1345827743980408e-07,2.3064387733029434e-08,dyed-resection-margins/eea5092a-0117-4383-80a1-dae6ddeb0b74.jpg
1,1,dyed-resection-margins,dyed-resection-margins,True,0.004162780474871397,0.9958128333091736,1.2263975804671645e-05,9.765742561285151e-07,2.2334241123189713e-07,5.598325060418574e-06,1.5808481634849159e-07,5.2365635383466724e-06,dyed-resection-margins/45fc69bc-6372-4c27-933e-ff0c9f31b268.jpg
4,4,normal-pylorus,normal-pylorus,True,5.932886324444553e-07,1.2912275337839674e-07,3.124406066490337e-05,1.133118757934426e-06,0.9996126294136047,0.00023751133994664997,0.00010742937593022361,9.314973794971593e-06,normal-pylorus/03a686f8-f603-41e0-94c1-caeb3d821394.jpg
3,3,normal-cecum,normal-cecum,True,0.0003669116413220763,0.00024917625705711544,8.78881382959662e-06,0.9794188737869263,5.6273302107001655e-06,3.4462750591046643e-06,0.01980733685195446,0.0001398142776452005,normal-cecum/d84a2ea9-27b8-495d-92a8-7e7fd2f513f5.jpg
1,1,dyed-resection-margins,dyed-resection-margins,True,0.014166869223117828,0.9858278036117554,1.099815222005418e-06,2.402399559287005e-07,1.0238107250870598e-08,1.6054057994097093e-07,5.785116172773996e-07,3.2888040095713222e-06,dyed-resection-margins/2a38ed92-ab6d-4843-ac20-f9002ed39395.jpg
4,4,normal-pylorus,normal-pylorus,True,5.557242275244789e-07,1.1027906765548323e-07,3.3540760341566056e-05,1.8237760741612874e-05,0.9995352029800415,0.00038535016938112676,1.1659060874080751e-05,1.5406245438498445e-05,normal-pylorus/a3591c76-0762-4671-9d02-7c52c83cfb36.jpg
0,0,dyed-lifted-polyps,dyed-lifted-polyps,True,0.9941410422325134,0.0058122240006923676,1.4306442608358338e-06,5.572204372583656e-06,5.240549660889826e-10,2.3735285026305064e-07,3.780169572564773e-05,1.6819147958813119e-06,dyed-lifted-polyps/a6d1bb4f-e9fb-46b7-bdbf-babaf0b06581.jpg
7,3,ulcerative-colitis,normal-cecum,False,0.004221012815833092,0.00048627008800394833,1.1164720490342006e-05,0.6734017729759216,1.4110246411291882e-05,1.4124792642178363e-06,0.14464527368545532,0.17721903324127197,ulcerative-colitis/34a043b2-c1fb-42d0-90a4-39369b9ef619.jpg
0,0,dyed-lifted-polyps,dyed-lifted-polyps,True,0.8616518378257751,0.13535012304782867,0.00017330909031443298,0.0004684297018684447,1.4372808436746709e-05,0.000639751146081835,0.0010421463521197438,0.0006600332562811673,dyed-lifted-polyps/e8c38517-0943-439b-aff2-1070c4b31b6d.jpg
7,7,ulcerative-colitis,ulcerative-colitis,True,3.968611781601794e-05,3.099636887782253e-05,0.0003993877617176622,9.996270091505721e-05,4.379824531497434e-06,5.6056353059830144e-05,0.007349435705691576,0.9920201897621155,ulcerative-colitis/698f130b-41ff-414d-908c-8d8c0f82d4a8_00000859.jpg
2,2,esophagitis,esophagitis,True,1.3571023373515345e-05,2.7152103939442895e-05,0.9919958114624023,1.2770706234732643e-06,0.0028614753391593695,0.005066966637969017,4.233812433085404e-06,2.9520844691433012e-05,esophagitis/6745903f-52e3-45fb-9c26-7e3d7a7b31bd.jpg
1,1,dyed-resection-margins,dyed-resection-margins,True,0.15578600764274597,0.8441995978355408,5.25077712154598e-06,2.435678254641971e-07,7.796407075488787e-09,1.9058485349887633e-06,1.544055407975975e-06,5.3681901590607595e-06,dyed-resection-margins/da355995-b77b-4d5c-a07f-a72fe6ff20bb.jpg
7,7,ulcerative-colitis,ulcerative-colitis,True,0.0026975369546562433,0.000770301790907979,2.2952570361667313e-05,0.0007565678679384291,4.4815561750510824e-07,5.534925094252685e-06,0.04008592292666435,0.9556607007980347,ulcerative-colitis/a4b755f8-8f6a-4456-a914-4d36d2728eef.jpg
7,7,ulcerative-colitis,ulcerative-colitis,True,0.010800665244460106,0.013240648433566093,0.00856676883995533,4.874626029049978e-06,3.037841997866053e-05,7.645267032785341e-05,0.008043337613344193,0.9592368602752686,ulcerative-colitis/797e3c48-c31f-47a6-b4c5-c1d7e02183c6.jpg
2,2,esophagitis,esophagitis,True,0.00013444811338558793,0.001382189686410129,0.9241145253181458,2.479325530657661e-06,0.005334587302058935,0.0677228793501854,0.0005419752560555935,0.0007668710313737392,esophagitis/cfc39f0a-8aad-4d91-9cf6-899abc19fb43.jpg
7,7,ulcerative-colitis,ulcerative-colitis,True,0.00044344912748783827,0.0003463105240371078,2.1066674889880233e-05,0.0006072921678423882,0.00020889549341518432,6.302547262748703e-06,0.03724151477217674,0.9611251354217529,ulcerative-colitis/2053bb5e-29cd-4e3e-a5ab-2787fe8a7db2.jpg
4,4,normal-pylorus,normal-pylorus,True,1.3890647210246243e-07,6.999549384545389e-09,0.000100740282505285,8.92321713763522e-06,0.9995651841163635,0.0002620045852381736,5.176314061827725e-06,5.7777717302087694e-05,normal-pylorus/5d39a365-3511-42f3-8fa1-e5bced973643.jpg
1,1,dyed-resection-margins,dyed-resection-margins,True,0.06015338748693466,0.8029716610908508,0.0015938658034428954,0.0007217177771963179,4.211406849208288e-05,0.0002514442603569478,0.0034505354706197977,0.13081525266170502,dyed-resection-margins/a51eb0c8-4591-408f-8777-e2a079662242.jpg
4,4,normal-pylorus,normal-pylorus,True,3.622687572146788e-08,2.0029049530023713e-09,2.3186637463368243e-06,3.625041244958993e-06,0.9999659061431885,8.800038813205902e-06,1.1665541933325585e-05,7.761630513414275e-06,normal-pylorus/e42ec491-62e6-4da6-ad99-a040fd7d8b15.jpg
1,1,dyed-resection-margins,dyed-resection-margins,True,0.09413236379623413,0.8555408716201782,0.00038494932232424617,0.030228933319449425,0.0001244770101038739,0.0001673944789217785,0.00031623028917238116,0.01910477690398693,dyed-resection-margins/a0a5fdf9-7ba5-4a5b-95c2-189892631b07.jpg
6,6,polyps,polyps,True,0.009854358620941639,0.005851133726537228,0.00010999748337781057,0.00881295558065176,5.7147801271639764e-05,7.327167986659333e-05,0.9742562174797058,0.0009848566260188818,polyps/1fd7cca6-1b0d-48f3-a2b2-359aed922873.jpg
7,7,ulcerative-colitis,ulcerative-colitis,True,0.051617711782455444,0.04173607751727104,8.690106187714264e-05,0.015608842484652996,1.2400590094330255e-05,1.2353085594440927e-06,0.05887705460190773,0.8320596814155579,ulcerative-colitis/ae68bef5-8ca4-42fd-a275-d34ee4ea8c14_00000352.jpg
2,5,esophagitis,normal-z-line,False,0.0010955819161608815,0.0008637242717668414,0.3492257297039032,2.788102847262053e-06,0.0004930819268338382,0.6454727649688721,0.0025191043969243765,0.00032721698516979814,esophagitis/3662a9bc-b209-432b-9ab4-ca8ccd540b7c.jpg
0,0,dyed-lifted-polyps,dyed-lifted-polyps,True,0.9749626517295837,0.024939585477113724,2.420613895992574e-07,2.518902647352661e-06,7.418170078210551e-09,8.74508074844016e-08,3.2417727197753266e-05,6.24865060672164e-05,dyed-lifted-polyps/769dcf76-059c-4b1a-b3f3-61c2c1f2dafb.jpg
2,5,esophagitis,normal-z-line,False,1.6056823369581252e-05,2.00752019736683e-05,0.11768409609794617,3.636158726294525e-05,0.01630733348429203,0.8654118180274963,0.0003539659082889557,0.00017022881365846843,esophagitis/11f4cc55-0412-40b7-9dc9-2dab87de0c35.jpg
4,4,normal-pylorus,normal-pylorus,True,7.018639962552697e-07,4.8231893146066795e-08,8.958235412137583e-06,2.3126517589844298e-06,0.9998577833175659,2.2932446881895885e-05,7.757738785585389e-05,2.9662840461242013e-05,normal-pylorus/5d5a9983-89d6-4736-8016-bac267afb656.jpg
7,3,ulcerative-colitis,normal-cecum,False,0.004102270118892193,0.004233842715620995,0.0001378215238219127,0.8866060376167297,0.001203237916342914,0.00016842177137732506,0.019906997680664062,0.08364129066467285,ulcerative-colitis/b3844c5b-2f79-42aa-b841-c5bec427d925.jpg
0,1,dyed-lifted-polyps,dyed-resection-margins,False,0.16732048988342285,0.8273649215698242,0.00022557534975931048,0.0030204697977751493,3.196884890144247e-08,1.1431367056502495e-05,0.001103749847970903,0.0009533483535051346,dyed-lifted-polyps/2d49d0a3-549b-4fd0-bf3a-33f8456ee98f.jpg
0,0,dyed-lifted-polyps,dyed-lifted-polyps,True,0.7662045359611511,0.008051646873354912,3.896287125826348e-06,0.0016437823651358485,3.7376253203547094e-06,3.2639595701766666e-06,0.22393348813056946,0.00015564005298074335,dyed-lifted-polyps/28b91fe1-d987-45cf-8204-6b1ddf8a56f7.jpg
3,3,normal-cecum,normal-cecum,True,0.0004592288751155138,0.0003382190770935267,1.955690277100075e-05,0.9514178037643433,0.00023051915923133492,0.00021601663320325315,0.04438688978552818,0.0029317273292690516,normal-cecum/8c54899b-27ba-42d3-8b03-17785fb84a59.jpg
0,0,dyed-lifted-polyps,dyed-lifted-polyps,True,0.9920978546142578,0.007254197262227535,1.5474683095817454e-05,5.050256731919944e-06,2.1036003090557642e-06,0.00014356257452163845,0.0004655832308344543,1.612213600310497e-05,dyed-lifted-polyps/9cc0c58a-3e37-4369-8ea7-0c8009ab8d0c.jpg
6,6,polyps,polyps,True,0.0012093521654605865,0.0002631251118145883,0.00030975227127783,0.0031089731492102146,9.057555871549994e-05,0.00036512254155240953,0.99396812915802,0.0006849052151665092,polyps/0f776c8b-039b-4748-8229-8ed9f78e6200.jpg
4,4,normal-pylorus,normal-pylorus,True,5.937177434134355e-07,3.65831937187977e-07,3.586983075365424e-05,4.419040124048479e-06,0.9991809725761414,0.0007312474772334099,3.0796061764704064e-05,1.5693818568252027e-05,normal-pylorus/2a88818c-62cb-49a2-b9cd-a9f6d56b0641.jpg
6,6,polyps,polyps,True,0.007063702214509249,0.00120878079906106,4.820010872208513e-05,0.015345445834100246,1.669071389187593e-05,4.5931847125757486e-05,0.9756535887718201,0.0006177355535328388,polyps/9feba352-f0b3-47c5-8a34-4b0c0fac1e15.jpg
5,5,normal-z-line,normal-z-line,True,0.0006473491084761918,0.0006045353366062045,0.02522035501897335,0.00012216677714604884,0.04353747516870499,0.9141078591346741,0.011685285717248917,0.00407493207603693,normal-z-line/d1d77c9b-2614-4755-a51d-6601034df455.jpg
2,5,esophagitis,normal-z-line,False,0.0003861392324324697,0.00017052257317118347,0.2110513150691986,1.6224372302531265e-05,0.007938102819025517,0.778705358505249,0.0016964124515652657,3.592229768401012e-05,esophagitis/24fcbe39-f60c-442e-8b18-166482fd5819.jpg
3,3,normal-cecum,normal-cecum,True,0.0003026218619197607,0.0003580660268198699,1.2766567124344874e-05,0.9906831979751587,0.000532467442099005,4.159846139373258e-05,0.0037143640220165253,0.004354850854724646,normal-cecum/a672d9ad-7172-432a-a767-c3d3f4e895ee.jpg
2,2,esophagitis,esophagitis,True,2.1914867829764262e-05,8.415180491283536e-05,0.8148343563079834,7.187924779827881e-07,1.407091895089252e-05,0.184982568025589,1.8281105440109968e-05,4.398317832965404e-05,esophagitis/e4216c39-46ff-47f3-8395-d2c5fdc5d0a4.jpg
0,0,dyed-lifted-polyps,dyed-lifted-polyps,True,0.6295361518859863,0.3695349395275116,1.0772558198368642e-05,0.0007565597188659012,1.1038106322303065e-06,9.93928097159369e-06,0.00013713166117668152,1.3359466720430646e-05,dyed-lifted-polyps/0a7bdce4-ac0d-44ef-93ee-92dfc8fe0b81.jpg
1,1,dyed-resection-margins,dyed-resection-margins,True,0.0036149274092167616,0.9963845014572144,1.330821532974369e-07,1.6165441207860454e-09,1.577473568437071e-10,4.4899209683535446e-07,2.0778623266437535e-09,1.4807903347957563e-08,dyed-resection-margins/4d97b0f5-b0fd-45d6-b870-daf7dded1ba9.jpg
1,1,dyed-resection-margins,dyed-resection-margins,True,0.10060733556747437,0.8992931842803955,1.6790474546724e-05,3.073297989431012e-07,2.98542417453973e-08,3.6631470834436186e-07,5.844923362019472e-05,2.3576312742079608e-05,dyed-resection-margins/609ab64c-7c47-410e-ae2a-17a3d58acc2a.jpg
1,1,dyed-resection-margins,dyed-resection-margins,True,0.10551664978265762,0.8944618105888367,5.301448709360557e-06,5.274644365726999e-08,8.205379486980746e-09,5.3813196245755535e-06,1.08561025626841e-05,2.626202366684538e-08,dyed-resection-margins/fd320991-c3e7-49fa-b058-e47cc6f26f44.jpg
5,5,normal-z-line,normal-z-line,True,6.49021239951253e-05,0.003111820435151458,0.041223932057619095,2.9572300263680518e-05,0.0010143187828361988,0.9542825222015381,0.00023345330555457622,3.959003879572265e-05,normal-z-line/e261f887-a2c0-4539-991b-10f36069c711.jpg
3,3,normal-cecum,normal-cecum,True,2.2496560632134788e-05,7.86715554568218e-06,1.7868690349587268e-07,0.9934329986572266,7.077408668010321e-07,2.2093047391535947e-08,0.0005841232487000525,0.00595152098685503,normal-cecum/128c324f-5c44-4534-b32b-45b2bd4a672e.jpg
0,0,dyed-lifted-polyps,dyed-lifted-polyps,True,0.7317516207695007,0.26710745692253113,3.6663966511696344e-06,0.00028193541220389307,1.0543438833110486e-07,2.2270832289450482e-07,3.1338662665802985e-05,0.0008237051079049706,dyed-lifted-polyps/bdf72151-94c3-4e7f-953f-93b400f5967b.jpg
2,2,esophagitis,esophagitis,True,0.007812815718352795,0.0006787939928472042,0.7013823390007019,0.005933640990406275,0.010928665287792683,0.1192539781332016,0.02506580762565136,0.12894393503665924,esophagitis/2f6b8639-58e4-4f3c-b651-42646de546f7.jpg
7,7,ulcerative-colitis,ulcerative-colitis,True,0.00094342086231336,4.3321604607626796e-05,4.713993817517803e-08,0.1130395382642746,2.5651279429439455e-06,1.3679938071220477e-08,0.0002106536558130756,0.885760486125946,ulcerative-colitis/41da6f0b-31a4-40f3-833c-061762702265.jpg
2,2,esophagitis,esophagitis,True,0.0001017138856695965,6.14958698861301e-05,0.6127453446388245,4.040138446725905e-05,0.018528146669268608,0.3665865361690521,0.0016963579691946507,0.00024003576254472136,esophagitis/bca40f5f-7e06-42a9-bd97-5ebf969884e9.jpg
2,2,esophagitis,esophagitis,True,0.00020309558021835983,0.00023334752768278122,0.6634371280670166,9.0084658950218e-06,0.004405571613460779,0.3287057876586914,0.0017169585917145014,0.001289065578021109,esophagitis/05e390bf-b7bf-4bc9-919a-ca9abc61803f.jpg
3,3,normal-cecum,normal-cecum,True,0.00035838663461618125,0.00020388925622683018,2.691842269086919e-07,0.9950729012489319,2.3074511545928544e-07,2.359986694955296e-07,0.0038182237185537815,0.0005457811639644206,normal-cecum/63e1fa66-06d4-461f-bd10-f917472539ae.jpg
7,7,ulcerative-colitis,ulcerative-colitis,True,2.2944002921576612e-05,2.511931143089896e-06,2.753130274868454e-07,3.4371198125882074e-05,8.536067070963327e-06,1.0490923330053192e-07,0.00072713743429631,0.9992040991783142,ulcerative-colitis/0229c3b4-2414-4bcf-a729-ce15007f63b5.jpg
7,7,ulcerative-colitis,ulcerative-colitis,True,0.0005569860804826021,0.00016859984316397458,3.8658847188344225e-05,0.03001977875828743,7.243841082527069e-07,1.0374393468737253e-06,0.00047061339137144387,0.968743622303009,ulcerative-colitis/31bce929-ab0f-475f-985d-c1843cab8f58.jpg
7,7,ulcerative-colitis,ulcerative-colitis,True,4.927866757498123e-05,6.430129724321887e-05,3.702495234847447e-07,0.0026106357108801603,3.5852376640832517e-06,1.4772796319562076e-08,0.0004738701682072133,0.9967979788780212,ulcerative-colitis/b12a8fc9-fa77-46ca-b2bf-a39b48bd6416.jpg
4,4,normal-pylorus,normal-pylorus,True,0.00023978295212145895,0.00017475135973654687,0.005154735408723354,0.00035669340286403894,0.9727603793144226,0.007732914760708809,0.0001387005759170279,0.013442020863294601,normal-pylorus/fd71fe32-c46b-4924-8c6c-cb3d35467a3c.jpg
4,4,normal-pylorus,normal-pylorus,True,6.108783509262139e-06,3.6386531974130776e-06,0.0035606438759714365,0.0009882579324766994,0.9748176336288452,0.01875372789800167,0.0007724900497123599,0.0010974083561450243,normal-pylorus/3f6d770a-3004-44df-88bc-fe9ded65876a.jpg
5,5,normal-z-line,normal-z-line,True,1.4282162510426133e-06,1.147538932855241e-05,0.08518426865339279,1.4367064977705013e-06,8.143624290823936e-05,0.9147081971168518,3.4446891277184477e-06,8.277916094812099e-06,normal-z-line/2fa3a452-1ad5-49cd-a5e9-0fdbf96e0b6e.jpg
2,2,esophagitis,esophagitis,True,3.473976539680734e-05,3.564630969776772e-05,0.6720730662345886,9.387839781993534e-06,0.002369420137256384,0.3252106308937073,0.00023441773373633623,3.258575816289522e-05,esophagitis/9cf73cf0-82ff-4d70-83d4-e46b3649192b.jpg
5,5,normal-z-line,normal-z-line,True,2.1580608517979272e-05,1.7844995454652235e-05,0.10055176913738251,1.1672085520331166e-06,0.0001380823814542964,0.8991724252700806,9.355335350846872e-05,3.667693817988038e-06,normal-z-line/ca362559-797c-482a-a097-0ffb3ecbcec1.jpg
2,2,esophagitis,esophagitis,True,0.00041678568231873214,0.00010385560017311946,0.8301653265953064,3.8393077375076246e-06,0.00036647319211624563,0.15914638340473175,0.0004739027062896639,0.009323425590991974,esophagitis/a80c23d9-b0d6-4c2a-8776-21006dbf22aa.jpg
3,3,normal-cecum,normal-cecum,True,0.00021129009837750345,5.57621315238066e-05,9.221956815963495e-07,0.9567123651504517,1.312247241003206e-05,8.037829388740647e-07,0.0028274955693632364,0.04017818346619606,normal-cecum/b90dc70a-2775-457e-9620-cca840f8c49b.jpg
1,1,dyed-resection-margins,dyed-resection-margins,True,0.02815287746489048,0.9718450903892517,7.296393391698075e-07,4.45397716930529e-07,4.737495729045804e-09,7.243095723197257e-08,7.42907047879271e-07,4.576910939135814e-08,dyed-resection-margins/b18e7b6b-8a3c-4d3f-aede-42cef78ec091.jpg
7,6,ulcerative-colitis,polyps,False,0.01276057492941618,0.020458444952964783,0.00039374976768158376,0.2214074432849884,0.0045274100266397,0.0003290741879027337,0.5616424679756165,0.17848078906536102,ulcerative-colitis/ce143cf5-4cdf-4645-9bba-ef8a026c9409.jpg
4,4,normal-pylorus,normal-pylorus,True,1.0374095182896781e-07,3.721499330922029e-09,3.380051566637121e-06,1.4111830068941345e-06,0.9998478889465332,3.4712880733422935e-05,0.00010500962525838986,7.525192813773174e-06,normal-pylorus/76cf6249-7425-4454-bc1d-4d2cb8f6647a.jpg
3,3,normal-cecum,normal-cecum,True,0.000705439830198884,0.0003270112501922995,1.568785955896601e-05,0.9872273206710815,5.711363428417826e-06,4.2428335291333497e-05,0.010680857114493847,0.0009954712586477399,normal-cecum/9af88d49-0168-4fe7-a884-ed3eeb49d185.jpg
4,4,normal-pylorus,normal-pylorus,True,0.0005591037916019559,6.760219548596069e-05,0.004196023102849722,0.0001480333594372496,0.9088476300239563,0.08335047215223312,0.0025259635876864195,0.0003052259562537074,normal-pylorus/3c5e4f93-4779-44fe-8c68-0e4f30439597.jpg
4,4,normal-pylorus,normal-pylorus,True,8.326908940148314e-09,2.7175370842513757e-09,1.4813094821874984e-06,6.393181593011832e-07,0.9999823570251465,3.302033292129636e-06,2.767323849184322e-06,9.458973181608599e-06,normal-pylorus/0dfd69cb-16d7-4e0b-8dc0-2c6b29f37b98.jpg
4,4,normal-pylorus,normal-pylorus,True,4.757840699198823e-08,9.879656204248022e-09,9.391426829097327e-06,1.0984947039105464e-05,0.9999358654022217,2.2849748347653076e-05,1.1644295227597468e-05,9.341973964183126e-06,normal-pylorus/06d2ed44-a965-4b57-82b9-e3c3624a221a.jpg
0,0,dyed-lifted-polyps,dyed-lifted-polyps,True,0.9044964909553528,0.09144251048564911,0.0002482860872987658,0.0014112627832219005,3.430181459407322e-05,0.00015829807671252638,0.0008598153945058584,0.0013490369310602546,dyed-lifted-polyps/2b4f4b47-38af-456d-a718-5aa60c8eb86d.jpg
7,7,ulcerative-colitis,ulcerative-colitis,True,9.253189637092873e-05,1.1535164048837032e-05,9.65164531407936e-07,3.488783477223478e-05,6.52875860396307e-06,6.576870958951986e-08,0.0004893397563137114,0.9993641972541809,ulcerative-colitis/e2641bec-5209-4b96-a5d8-d4b8c81e095c.jpg
2,5,esophagitis,normal-z-line,False,1.5702169548603706e-05,0.0001230246853083372,0.2561626434326172,1.1013246137281385e-07,6.914359983056784e-05,0.7436080574989319,1.4743650353921112e-05,6.607302111660829e-06,esophagitis/fe5a3239-dbd4-41e1-81cb-b7fe25e8b930.jpg
4,4,normal-pylorus,normal-pylorus,True,0.0007085252436809242,0.0001256068208022043,0.04936272278428078,8.755591989029199e-05,0.7288538217544556,0.21226148307323456,0.008460436947643757,0.0001398059248458594,normal-pylorus/c4593b17-defc-4346-8070-0a5a5bea1dae.jpg
4,4,normal-pylorus,normal-pylorus,True,3.968658347730525e-06,1.3491448953573126e-05,0.005816809833049774,0.00035468890564516187,0.9786372184753418,0.014879001304507256,5.210683957557194e-05,0.00024271401343867183,normal-pylorus/e7b6a704-2e98-4755-88d1-a26dcc29d57f.jpg
7,7,ulcerative-colitis,ulcerative-colitis,True,0.000423200661316514,9.885921463137493e-05,1.5610405625920976e-06,0.00011508273746585473,4.883924248133553e-06,3.345462573633995e-07,0.010622484609484673,0.9887336492538452,ulcerative-colitis/c7203d20-f57a-406d-ae02-8a1331a703c1.jpg
4,4,normal-pylorus,normal-pylorus,True,4.419140111622255e-07,3.219220729988592e-07,0.00017239803855773062,3.223773887839343e-07,0.9958469271659851,0.00392294954508543,5.634911576635204e-05,2.7836529170599533e-07,normal-pylorus/c445633a-d1dc-4726-b2b5-5ff717143ba7.jpg
1,1,dyed-resection-margins,dyed-resection-margins,True,0.0016781027661636472,0.9981977343559265,6.277306965785101e-06,0.00010459186160005629,1.9359895020443219e-07,7.923288649180904e-06,3.146769529394078e-07,4.90813044962124e-06,dyed-resection-margins/1b615739-8d24-4d34-b009-548c2d7dd9ab.jpg
7,7,ulcerative-colitis,ulcerative-colitis,True,3.811356691585388e-06,6.550364105351036e-06,3.367945100762881e-05,2.3021675588097423e-06,1.0986875622620573e-06,1.5266245156908553e-07,0.00016850970860105008,0.9997839331626892,ulcerative-colitis/bce05b8c-b330-435c-bfd2-decbbf5819fb.jpg
3,3,normal-cecum,normal-cecum,True,0.0663682147860527,0.015870366245508194,8.031997276702896e-05,0.8403634428977966,0.011424391530454159,4.5672248234041035e-05,0.06327638030052185,0.0025712186470627785,normal-cecum/17b277d1-ffa1-4b77-abc1-75503bea4330.jpg
5,5,normal-z-line,normal-z-line,True,4.994318715034751e-06,2.7019614208256826e-05,0.041459377855062485,5.7989177548734006e-06,0.00014061140245757997,0.9583389163017273,1.6223839338636026e-05,7.008357897575479e-06,normal-z-line/cc33f8fe-483c-4f76-8a00-1e28d52b81f2.jpg
3,3,normal-cecum,normal-cecum,True,1.3534321396946325e-06,1.835011630646477e-06,3.942806614531946e-08,0.9999028444290161,2.3113700819976657e-07,2.5070752585065748e-08,7.014131551841274e-05,2.3455220798496157e-05,normal-cecum/e667ee83-4435-42c6-b69c-c9618dda2aa5.jpg
5,5,normal-z-line,normal-z-line,True,7.965822987898719e-06,5.180235530133359e-05,0.013787751086056232,2.258567747048801e-06,0.00039883871795609593,0.9856476783752441,0.00010126258712261915,2.4399269022978842e-06,normal-z-line/c478c477-5f90-4156-972d-d5851cb3050e.jpg
6,6,polyps,polyps,True,0.0029352561105042696,0.0004668528854381293,2.9853801606805064e-05,0.011611676774919033,0.0002907782909460366,4.0583709051134065e-05,0.9707602262496948,0.013864725828170776,polyps/3c36e788-4795-4078-bb14-f2aa1605855d.jpg
5,5,normal-z-line,normal-z-line,True,9.944832709152251e-05,8.60469663166441e-05,0.05348048359155655,0.0001693713420536369,0.0021439180709421635,0.9389897584915161,0.0016471100971102715,0.0033838655799627304,normal-z-line/a96e3f08-9f1f-43b7-934f-4b6bf34ec046.jpg
0,0,dyed-lifted-polyps,dyed-lifted-polyps,True,0.9265925288200378,0.07201667875051498,3.232507879147306e-05,0.00012023931049043313,4.430892488471727e-07,6.231591214600485e-06,0.0009030650835484266,0.00032854595337994397,dyed-lifted-polyps/fda47e17-cfb3-4fc1-8d67-c423b8c2d192.jpg
1,1,dyed-resection-margins,dyed-resection-margins,True,0.2146657556295395,0.7853202819824219,8.838323850568486e-08,1.6863814380485564e-06,8.349172020416518e-09,2.4985521207554484e-08,1.0806482350744773e-05,1.4353809092426673e-06,dyed-resection-margins/387b2c72-8ec0-4c48-b2f6-0334b80cb7c2.jpg
7,7,ulcerative-colitis,ulcerative-colitis,True,2.3091202820069157e-05,2.2513559088110924e-06,1.5997905222775444e-07,1.774896554707084e-05,2.003565384711692e-07,7.858581341224635e-08,0.001074586994946003,0.9988818764686584,ulcerative-colitis/02039406-18b3-4f10-95ab-f2f7280ef351.jpg
3,3,normal-cecum,normal-cecum,True,0.0007645299774594605,0.0001891319698188454,2.26792944886256e-05,0.9202045798301697,0.00392949627712369,1.987832183658611e-05,0.04489206522703171,0.029977653175592422,normal-cecum/1252b352-50d0-4b13-a827-9df06cd43607.jpg
4,4,normal-pylorus,normal-pylorus,True,0.00015376615920104086,4.613121200236492e-05,0.002798507921397686,0.0003386787138879299,0.9685452580451965,0.018620584160089493,0.009219673462212086,0.00027736835181713104,normal-pylorus/5b5116aa-3b84-43a6-bf3e-4b851d0d124c.jpg
7,7,ulcerative-colitis,ulcerative-colitis,True,0.011520682834088802,0.001546208863146603,2.8807091439375654e-05,0.0010979999788105488,6.247617420740426e-06,1.0552279263720266e-06,0.1914844959974289,0.7943145036697388,ulcerative-colitis/c5571b03-4d92-4866-a823-528634d4a9cf.jpg
4,4,normal-pylorus,normal-pylorus,True,1.0360763802452766e-08,1.1388990861505022e-09,2.1484245280589676e-06,8.574402698968697e-08,0.9999892711639404,6.0066499827371445e-06,1.6959654658421641e-06,8.714411023902358e-07,normal-pylorus/ebaa74f4-a586-4efb-b035-4dbfc84b67a5.jpg
7,7,ulcerative-colitis,ulcerative-colitis,True,0.00011355107562849298,2.0144037989666685e-05,5.0845985242631286e-05,2.0704208509414457e-05,0.00016042157949414104,2.8202723569847876e-06,0.001072607235983014,0.9985589385032654,ulcerative-colitis/34dd46e6-b875-4823-ad18-5ed1ad93c822.jpg
7,7,ulcerative-colitis,ulcerative-colitis,True,0.00015071730013005435,1.3884033251088113e-05,4.033980530948611e-06,0.00034742403659038246,0.0014509878819808364,5.343122211343143e-06,0.03280559182167053,0.9652220606803894,ulcerative-colitis/d8526b7b-8f97-4c40-a5cf-40d9fa9603db.jpg
5,5,normal-z-line,normal-z-line,True,7.298660784726962e-05,0.0003820554120466113,0.056425049901008606,1.5039855725262896e-06,0.00013883115025237203,0.9425607919692993,0.0004099313518963754,8.946663911046926e-06,normal-z-line/65fb8539-f1c1-4088-9811-c9b4238079f1.jpg
5,5,normal-z-line,normal-z-line,True,6.063839919079328e-07,5.635180059471168e-06,0.015794724225997925,4.216228148834489e-07,0.0012198741314932704,0.9829659461975098,1.2105343557777815e-05,5.998741130497365e-07,normal-z-line/a81ec55f-7560-40b0-953c-cb09f2baa169.jpg
2,2,esophagitis,esophagitis,True,8.686097135068849e-05,0.00037302562850527465,0.9982422590255737,6.21792040078617e-08,3.566232408047654e-05,0.0006300889072008431,1.361328122584382e-05,0.0006184628582559526,esophagitis/10b9522f-f3d7-40c0-bfff-c82f2228850a.jpg
2,5,esophagitis,normal-z-line,False,1.7172542357002385e-05,6.421536090783775e-05,0.07978501170873642,2.996774583152728e-06,0.0001437933970009908,0.9197750687599182,0.00020974197832401842,1.9080491711065406e-06,esophagitis/5db4f1db-0aac-4207-aefb-a56f3b90f410.jpg
5,5,normal-z-line,normal-z-line,True,8.010611963982228e-06,6.576178748218808e-06,0.02935538999736309,5.577065621764632e-06,0.006041151005774736,0.9638847708702087,0.0006898983847349882,8.67962899064878e-06,normal-z-line/4c780ff4-b373-4a81-a09f-a8f2fe5a56e0.jpg
5,5,normal-z-line,normal-z-line,True,1.819807948777452e-05,8.23084428702714e-06,0.050322938710451126,2.2209253074834123e-05,0.030255073681473732,0.9190893173217773,0.000252018915489316,3.201871004421264e-05,normal-z-line/d56e2d07-6c3e-4de8-b8f2-a07054e4558e.jpg
0,0,dyed-lifted-polyps,dyed-lifted-polyps,True,0.6834709644317627,0.25019749999046326,3.788506001001224e-05,0.031047815456986427,3.406254108995199e-05,3.36075754603371e-05,0.03311528265476227,0.002062886953353882,dyed-lifted-polyps/b8ba70d6-bfa4-4ac1-9042-7b7cdfccc55b.jpg
3,3,normal-cecum,normal-cecum,True,0.0006857085390947759,0.0001278982963413,5.575041996053187e-06,0.9942612648010254,0.00011356637696735561,1.4166773780743824e-06,0.0031943623907864094,0.0016103199450299144,normal-cecum/8b7e4f1e-5266-4fff-9563-9309e104dcd4.jpg
5,5,normal-z-line,normal-z-line,True,0.0002916299272328615,0.0006162796635180712,0.319455623626709,1.5016777069831733e-05,0.0005503245629370213,0.6785017848014832,0.00022365576296579093,0.00034570388379506767,normal-z-line/67c7029d-3b5f-4312-8233-4ea7cda8c6ad.jpg
5,5,normal-z-line,normal-z-line,True,7.0500714173249435e-06,0.00016977940686047077,0.1025342270731926,9.492242725173128e-07,8.615373371867463e-05,0.8971174359321594,4.392713162815198e-05,4.039693158119917e-05,normal-z-line/e506fd95-eb45-4443-ac85-3c9d74bbc212.jpg
1,1,dyed-resection-margins,dyed-resection-margins,True,0.07314318418502808,0.9267647862434387,6.201266842253972e-06,2.2709491531713866e-06,7.271532922459301e-07,6.383202617143979e-06,3.144017682643607e-05,4.500797876971774e-05,dyed-resection-margins/9a6f4254-3cf2-4922-87f8-0e70293780df.jpg
0,0,dyed-lifted-polyps,dyed-lifted-polyps,True,0.9998279809951782,0.00016267236787825823,2.3339545407452533e-08,6.0353220199260704e-09,5.315146586748476e-11,1.0643268488763624e-09,9.128848432737868e-06,7.822814040991943e-08,dyed-lifted-polyps/a409312b-8b26-41a3-b1e1-2acd84041696.jpg
4,4,normal-pylorus,normal-pylorus,True,0.00011780034401454031,5.76217207708396e-05,0.002315287012606859,0.0006040147272869945,0.9615796208381653,0.004521999973803759,0.02924419939517975,0.0015594473807141185,normal-pylorus/026715f1-d01e-47c7-ae95-93b46695a7e8.jpg
4,4,normal-pylorus,normal-pylorus,True,6.582178713188114e-08,2.2086133810717e-08,1.818341297621373e-05,2.575286998762749e-06,0.9999171495437622,7.648449354746845e-06,3.187243055435829e-05,2.243515154987108e-05,normal-pylorus/0668ef5b-b6d7-4ea0-a753-19fb8fb35403.jpg
6,6,polyps,polyps,True,0.006702625658363104,0.008223434910178185,0.0019555985927581787,0.27056506276130676,0.00017836970800999552,0.0008467261213809252,0.5608548521995544,0.15067332983016968,polyps/7bc879b1-41a0-46cb-9c2b-72302353821b.jpg
4,4,normal-pylorus,normal-pylorus,True,0.00010741832375060767,2.387035965512041e-05,0.002112744841724634,8.783135854173452e-05,0.8190087676048279,0.17341341078281403,0.005146919284015894,9.91078995866701e-05,normal-pylorus/e11e8c02-40ee-479b-8a92-89a08eb96ca1.jpg
7,7,ulcerative-colitis,ulcerative-colitis,True,0.0015357844531536102,0.0006200206116773188,0.0004987255670130253,0.007630341220647097,4.0484799683326855e-05,7.421042391797528e-05,0.4496549665927887,0.5399454236030579,ulcerative-colitis/4691b176-a499-435f-96c2-ea18221be30a.jpg
3,3,normal-cecum,normal-cecum,True,5.7444489357294515e-05,2.0509476598817855e-05,1.3043610636032099e-08,0.9998787641525269,3.2005894468056795e-07,1.8963965953133766e-09,1.430956763215363e-05,2.8572188966791146e-05,normal-cecum/5e898ee3-2d11-4f7f-9a10-528eef1197c3.jpg
5,5,normal-z-line,normal-z-line,True,1.7194548490806483e-05,2.9215401809778996e-05,0.04145261272788048,0.00010090330761158839,0.001637373468838632,0.9558383226394653,0.0003974406863562763,0.0005270076217129827,normal-z-line/da446ca4-65a4-4f78-95d2-bc83705791a3.jpg
0,0,dyed-lifted-polyps,dyed-lifted-polyps,True,0.6952735781669617,0.3042307496070862,8.7967356421359e-07,0.00042640205356292427,1.164833136613197e-07,1.0748444765340537e-06,1.633116880839225e-05,5.0849637773353606e-05,dyed-lifted-polyps/6f1ee301-8bb8-4cda-b04f-5f11593b528b.jpg
1,1,dyed-resection-margins,dyed-resection-margins,True,0.013373827561736107,0.961829423904419,2.389627115917392e-05,0.0005359703209251165,0.00030000993865542114,8.264913049060851e-05,0.023172682151198387,0.0006814870866946876,dyed-resection-margins/4e0741ee-d57b-4d2b-b532-0535e4cb00d4.jpg
4,4,normal-pylorus,normal-pylorus,True,1.2321119129410363e-06,1.7910213045979617e-07,0.0006495022098533809,6.233644671738148e-05,0.9818477630615234,0.01664651744067669,0.0007918025366961956,5.504551836565952e-07,normal-pylorus/a4271b8a-90d7-436e-aa81-ceaeb25d081e.jpg
3,3,normal-cecum,normal-cecum,True,0.0013932990841567516,0.0038058527279645205,0.0003126976080238819,0.9790504574775696,8.387836714973673e-06,6.367649621097371e-05,0.012588988058269024,0.002776535227894783,normal-cecum/2029d77f-86c4-49ee-bfe8-352d7deb171e.jpg
7,7,ulcerative-colitis,ulcerative-colitis,True,0.0005515571683645248,2.2510430426336825e-05,2.8254200401534035e-07,0.00240444322116673,1.4672030374640599e-05,4.0030829495663056e-07,0.07157625257968903,0.9254298806190491,ulcerative-colitis/24e3b8b5-5a1f-43f8-b4df-39adcd372360.jpg
4,4,normal-pylorus,normal-pylorus,True,4.0218132198788226e-05,2.792387931549456e-05,0.0037136643659323454,0.0003139436012133956,0.9769247770309448,0.00826758611947298,0.008461681194603443,0.0022502075880765915,normal-pylorus/2cb59460-3851-4a63-ac53-2575fc705d91.jpg
6,6,polyps,polyps,True,0.0011885393178090453,2.2918293325346895e-05,2.489201051503187e-06,6.52835879009217e-05,3.152982026222162e-05,2.2096961401985027e-05,0.9986423850059509,2.4746786948526278e-05,polyps/585ed425-f88e-4866-92c9-847ea9dd279f.jpg
3,3,normal-cecum,normal-cecum,True,0.00410659983754158,0.0016615675995126367,5.405216597864637e-06,0.9384130239486694,1.4149376511340961e-05,7.687165179959266e-07,0.05516240373253822,0.0006360701518133283,normal-cecum/7dedfd42-79ba-446d-86d1-bb78350e14bf.jpg
7,7,ulcerative-colitis,ulcerative-colitis,True,0.000807198928669095,0.00034022610634565353,5.500617135112407e-06,3.776430821744725e-05,4.785531473316951e-06,3.4623619171725295e-07,0.10485093295574188,0.893953263759613,ulcerative-colitis/60d47817-2a44-49e4-ad6a-a85413b5089f.jpg
7,7,ulcerative-colitis,ulcerative-colitis,True,0.00025999819627031684,0.00042676375596784055,0.0019463737262412906,0.007350832223892212,0.0004930194700136781,0.00021498193382285535,0.021819215267896652,0.9674889445304871,ulcerative-colitis/698f130b-41ff-414d-908c-8d8c0f82d4a8_00001725.jpg
7,7,ulcerative-colitis,ulcerative-colitis,True,0.00011749359691748396,0.00024660793133080006,0.002724149962887168,1.7893631593324244e-05,0.00024038006085902452,0.0008406571578234434,0.0009078768198378384,0.9949049949645996,ulcerative-colitis/475ccd47-8da2-4d36-b960-9b5f98a6e9bd.jpg
1,1,dyed-resection-margins,dyed-resection-margins,True,0.0008203890756703913,0.9991493225097656,1.6026998537199688e-06,5.1638385230035055e-06,1.3387891613092506e-06,1.3277172001835424e-06,1.2577708048411296e-06,1.959483233804349e-05,dyed-resection-margins/90aab213-c306-4571-872f-ca64de8663cc.jpg
6,6,polyps,polyps,True,0.04160580039024353,0.0018525306368246675,0.00014512916095554829,0.09097819775342941,0.004135061055421829,0.00046136623132042587,0.8484238386154175,0.01239805668592453,polyps/1ca07a42-56c0-45fd-b00d-0a012ea0aa25.jpg
2,5,esophagitis,normal-z-line,False,0.00028856893186457455,0.0005399984656833112,0.24121500551700592,2.2350604922394268e-05,0.048631101846694946,0.6706100106239319,0.03632334619760513,0.002369616413488984,esophagitis/448fe4c5-3828-4b16-b19c-96c36fafe375.jpg
7,7,ulcerative-colitis,ulcerative-colitis,True,0.0001326141646131873,6.298574589891359e-05,2.0691788449767046e-05,0.0027896736282855272,5.4233350965660065e-05,7.017162715783343e-06,0.0017243042821064591,0.9952084422111511,ulcerative-colitis/5414d2a8-be45-4d37-9443-fcd95b23f694.jpg
7,7,ulcerative-colitis,ulcerative-colitis,True,0.000262745248619467,5.286682426230982e-05,2.5719998575368663e-06,0.014147552661597729,0.0013937343610450625,2.9503737550840015e-06,0.030216680839657784,0.9539209008216858,ulcerative-colitis/29fa25de-290b-475d-a1c5-423a0f2d8ce0.jpg
2,5,esophagitis,normal-z-line,False,1.4465543245023582e-05,0.00011581217404454947,0.28048449754714966,1.5091147815837758e-06,9.097130532609299e-05,0.7192766666412354,1.265831360797165e-05,3.374653715582099e-06,esophagitis/967e3bf2-ede9-4af8-b601-17389642ed1d.jpg
2,2,esophagitis,esophagitis,True,0.0002690220717340708,0.00345108681358397,0.9630988240242004,5.143886482983362e-06,0.0015127630904316902,0.029590899124741554,4.111478847335093e-05,0.002031162614002824,esophagitis/1f6f6180-0dca-4140-bbac-d52b948ccc72.jpg
0,0,dyed-lifted-polyps,dyed-lifted-polyps,True,0.8057526350021362,0.19401922821998596,6.333003511826973e-06,9.289734589401633e-05,4.398596047394676e-07,1.393612194533489e-07,5.3681193094234914e-05,7.45416764402762e-05,dyed-lifted-polyps/6f2c5da1-0274-4423-89a3-fee48dad9a70.jpg
5,5,normal-z-line,normal-z-line,True,4.046234153065598e-06,0.0007525474647991359,0.031679943203926086,4.922456042777412e-08,7.366393401753157e-05,0.9674884080886841,7.817769187568047e-07,5.423702305051847e-07,normal-z-line/27620e07-5a2f-4e4f-924a-d0593dc28083.jpg
2,2,esophagitis,esophagitis,True,0.00016341528680641204,3.502022445900366e-05,0.9516744017601013,1.5365784520326997e-06,0.00010859032772714272,0.047352153807878494,0.0001884530793176964,0.00047642356366850436,esophagitis/a8509083-57f3-4269-baca-7aedb26178e5.jpg
7,7,ulcerative-colitis,ulcerative-colitis,True,0.0010805189376696944,0.0023835354950278997,9.219573985319585e-05,0.002019668696448207,5.049342348684149e-07,4.312546025175834e-06,0.01540682464838028,0.9790124893188477,ulcerative-colitis/e143d501-fa31-4cc9-a052-81f717a9639f.jpg
3,3,normal-cecum,normal-cecum,True,0.0034692564513534307,0.00045577273704111576,6.237962224986404e-05,0.9666411876678467,0.0003478545695543289,2.563890302553773e-05,0.0218049306422472,0.007192954421043396,normal-cecum/249777ea-7b95-4286-9337-c710d010e787.jpg
6,6,polyps,polyps,True,0.006518994458019733,0.0009334933711215854,3.695267514558509e-05,0.0036631629336625338,0.00021642165665980428,0.00010529599239816889,0.9862387776374817,0.0022868746891617775,polyps/b3c0d01f-c298-4f5a-823b-9f301df6482d.jpg
5,5,normal-z-line,normal-z-line,True,6.39664960999653e-07,4.429914952197578e-06,0.06929134577512741,8.652773431094829e-06,0.00036694202572107315,0.9302493333816528,1.2547434380394407e-05,6.612225843127817e-05,normal-z-line/b0c2b334-bc9f-4d3c-a554-a7300ee41d4a.jpg
7,7,ulcerative-colitis,ulcerative-colitis,True,0.00011280172475380823,4.9393052904633805e-05,9.113699888985138e-06,5.7641759667603765e-06,5.047954800829757e-06,4.465299934963696e-05,0.00030136824352666736,0.9994719624519348,ulcerative-colitis/a41907b6-55dc-4f8a-8b17-a6de4958413a.jpg
4,4,normal-pylorus,normal-pylorus,True,0.00012917070125695318,8.866535063134506e-05,0.00013576728815678507,0.00036319909850135446,0.9937762022018433,0.00012874542153440416,0.0015390415210276842,0.003839292796328664,normal-pylorus/6c9be005-9c6e-4ae7-bf9f-8d0e4742ca0a.jpg
7,7,ulcerative-colitis,ulcerative-colitis,True,0.0014962446875870228,0.0025996617041528225,6.34910466033034e-05,0.0019118653144687414,6.234378815861419e-06,3.6385119983606273e-07,0.00826064869761467,0.9856614470481873,ulcerative-colitis/9a659d5d-d3c9-4724-986c-a52a8832ea8e.jpg
7,7,ulcerative-colitis,ulcerative-colitis,True,0.00018950668163597584,8.207427163142711e-05,0.0009902045130729675,3.106868825852871e-05,0.010587560012936592,0.0015138637972995639,0.002386555541306734,0.9842191338539124,ulcerative-colitis/fbe9d724-770a-4aca-9c35-4ceb6ec980be.jpg
2,5,esophagitis,normal-z-line,False,3.6310727864474757e-06,1.760190207278356e-05,0.01804790459573269,1.1447491488070227e-06,0.0014899065718054771,0.980414628982544,1.7446360288886353e-05,7.703200026298873e-06,esophagitis/3d9254af-0f00-4eab-9933-28ae1a8fa07e.jpg
1,1,dyed-resection-margins,dyed-resection-margins,True,0.05528062954545021,0.943225085735321,0.0001227459724759683,1.205575517815305e-05,1.0389653652964626e-06,3.726418435689993e-05,5.975232852506451e-05,0.0012614417355507612,dyed-resection-margins/8b2cd3ae-0b47-4c83-a093-4e8de0586d96.jpg
6,6,polyps,polyps,True,0.0005556559190154076,2.2842606995254755e-05,3.380393536644988e-05,0.0008818358764983714,6.556148036906961e-06,2.570860851847101e-05,0.9899258613586426,0.008547821082174778,polyps/e6d1a3ac-871f-4f01-8a00-fbba205bedbf.jpg
0,0,dyed-lifted-polyps,dyed-lifted-polyps,True,0.796729326248169,0.20203810930252075,3.083713454543613e-05,1.5497406593567575e-06,3.478025689673814e-08,2.360070084250765e-06,0.0009685542900115252,0.00022924880613572896,dyed-lifted-polyps/2153159c-1c3c-4cb3-9880-e376d2a13456.jpg
3,3,normal-cecum,normal-cecum,True,7.502933294745162e-05,0.00018958603322971612,2.9148057478778355e-07,0.9993723034858704,1.0041775340141612e-06,1.2602772869740875e-07,0.00014907369040884078,0.00021271298464853317,normal-cecum/494bf464-b95e-4ba8-a7d5-3bda5ebe7099.jpg
2,5,esophagitis,normal-z-line,False,0.0003820089914370328,0.00039452899363823235,0.35520949959754944,0.0004080585786141455,0.012017326429486275,0.624666154384613,0.0019151412416249514,0.005007249303162098,esophagitis/3b7a4e13-6ad5-49e4-ad17-60705dd5fb43.jpg
6,6,polyps,polyps,True,0.025893613696098328,0.001139482599683106,4.329023340687854e-06,0.06917460262775421,0.00027240964118391275,3.3858691494970117e-06,0.8936437368392944,0.009868375025689602,polyps/8e2e4a61-cd16-4d20-a872-72bdc0bc855d.jpg
0,0,dyed-lifted-polyps,dyed-lifted-polyps,True,0.9994908571243286,0.00047970659215934575,1.5777608552980382e-08,4.918086826677381e-09,4.091285990548421e-11,2.0730705330151977e-07,2.920446786447428e-05,2.11829387364304e-10,dyed-lifted-polyps/d3c71b77-a9fd-4099-a297-76bbc3960a22.jpg
2,5,esophagitis,normal-z-line,False,6.01942119828891e-05,0.0011398630449548364,0.42242327332496643,2.33878881772398e-06,8.411158341914415e-05,0.5762069821357727,7.468321564374492e-05,8.5920719357091e-06,esophagitis/56990aa3-2a8d-4493-ba6e-b73cb17d24d2.jpg
5,5,normal-z-line,normal-z-line,True,6.093633783166297e-05,0.000603220600169152,0.10734426230192184,5.426806183095323e-06,0.0006316289654932916,0.8911802172660828,6.570918048964813e-05,0.00010861078044399619,normal-z-line/3ff0fdbb-ff96-42b6-823e-6fc57a66a426.jpg
7,6,ulcerative-colitis,polyps,False,0.0024026737082749605,0.029423052445054054,0.01512508001178503,0.15995454788208008,0.07339280843734741,0.0029015792533755302,0.4031310975551605,0.31366926431655884,ulcerative-colitis/ae68bef5-8ca4-42fd-a275-d34ee4ea8c14_00003005.jpg
4,4,normal-pylorus,normal-pylorus,True,1.1837925740110222e-05,3.167913064316963e-06,0.0007895285962149501,0.00028335663955658674,0.992339015007019,0.0055351839400827885,0.0007381891482509673,0.00029974986682645977,normal-pylorus/faaf601c-5fa9-4b0f-9562-7c1ce2eff572.jpg
6,6,polyps,polyps,True,0.001543670310638845,0.013243821449577808,0.0004568830772768706,0.0012291207676753402,0.00011246264330111444,4.6401637519011274e-05,0.9833304286003113,3.716771607287228e-05,polyps/1f05bae6-ff57-4c42-8648-715e3f60b387.jpg
1,1,dyed-resection-margins,dyed-resection-margins,True,0.034897368401288986,0.9325389862060547,0.001128891482949257,0.021940352395176888,0.0008686566725373268,0.0030848640017211437,0.005478940904140472,6.185327947605401e-05,dyed-resection-margins/3899a73d-f7cd-4ea8-b643-e189bf94f6fb.jpg
4,4,normal-pylorus,normal-pylorus,True,1.4511195331579074e-05,3.2895427466428373e-06,0.0008391886949539185,0.0001672685466473922,0.997096061706543,0.0013451421400532126,0.0004133789916522801,0.00012114208220737055,normal-pylorus/dee117e6-b8c9-48e0-ab14-86fd7174b10a.jpg
7,3,ulcerative-colitis,normal-cecum,False,0.29326143860816956,0.13912464678287506,0.0006700493977405131,0.41620349884033203,2.5172495952574536e-05,0.0011028472799807787,0.11738839000463486,0.032223936170339584,ulcerative-colitis/45f2bb33-9a0c-4ab1-bfd2-01326ed4578d.jpg
2,5,esophagitis,normal-z-line,False,9.045197657542303e-06,3.3581578463781625e-05,0.15489916503429413,9.663629498390947e-06,0.0014706384390592575,0.8435214161872864,5.319859701558016e-05,3.3264600460825022e-06,esophagitis/17e2a780-7946-4cd5-8400-492d08b3ccea.jpg
6,6,polyps,polyps,True,0.02315901592373848,0.006487192120403051,0.051631491631269455,0.0029188329353928566,0.00031815250986255705,0.041029300540685654,0.813897430896759,0.06055863946676254,polyps/a8057fb6-2c32-4c72-ac7f-9c0501ff845a.jpg
5,5,normal-z-line,normal-z-line,True,7.610132797708502e-06,3.877322160406038e-05,0.2489262968301773,9.772629709914327e-06,0.001709668547846377,0.7492010593414307,7.528006244683638e-05,3.153377110720612e-05,normal-z-line/1b5968d2-ab34-4ac1-8cfb-e477081da1ef.jpg
2,2,esophagitis,esophagitis,True,0.0011394041357561946,0.0016602487303316593,0.7021363377571106,0.0004120554949622601,0.0008756333845667541,0.2877115309238434,0.0013913791626691818,0.004673494957387447,esophagitis/172131a5-6777-4c63-b16d-cf3963ce7c5d.jpg
6,6,polyps,polyps,True,0.018641378730535507,0.0021059412974864244,0.00012017833796562627,0.00530870258808136,0.020513644441962242,0.0009019605349749327,0.8921379446983337,0.060270290821790695,polyps/ae94e672-677c-449c-a035-815f36b932ee.jpg
3,3,normal-cecum,normal-cecum,True,0.0003931663231924176,0.00010216351074632257,7.094187139955466e-07,0.9504287838935852,8.693223935551941e-05,8.492654615110951e-07,0.04371011257171631,0.005277249962091446,normal-cecum/e01c9722-f201-417c-85fe-ec7f217a203d.jpg
6,6,polyps,polyps,True,0.0926993116736412,0.06225297227501869,0.0001739203871693462,0.005986892618238926,6.365101580740884e-05,0.00018796043877955526,0.8280429244041443,0.01059234980493784,polyps/0e45e027-bdcf-4ca4-9b12-d9e2bc00245a.jpg
7,7,ulcerative-colitis,ulcerative-colitis,True,0.22076545655727386,0.0037377895787358284,2.0397112166392617e-05,0.05158112943172455,0.00010771883535198867,2.604950623208424e-06,0.21093444526195526,0.5128504037857056,ulcerative-colitis/007dcc7c-1f16-49ee-a8a1-5e752596abd5.jpg
0,1,dyed-lifted-polyps,dyed-resection-margins,False,0.26227307319641113,0.7374922037124634,9.859609417617321e-05,1.1020456440746784e-05,8.358545642295212e-07,1.7606407709536143e-05,3.944079071516171e-05,6.718670192640275e-05,dyed-lifted-polyps/8435d203-4e3e-49e8-a3ab-484edfef3d07.jpg
3,3,normal-cecum,normal-cecum,True,5.94891571381595e-05,3.3091098885051906e-05,3.647714663657098e-07,0.9966133236885071,3.4157301342929713e-06,6.054000323274522e-07,0.0011279755271971226,0.002161687007173896,normal-cecum/77e77c38-2678-4855-a485-61b68d421218.jpg
4,4,normal-pylorus,normal-pylorus,True,2.653902583915624e-06,4.377897369067796e-07,9.422923176316544e-05,0.00037150681600905955,0.9986448884010315,0.0005163737223483622,0.00011020275269402191,0.00025977485347539186,normal-pylorus/5f89687c-f488-40cb-96d6-78f5e52f40b8.jpg
0,0,dyed-lifted-polyps,dyed-lifted-polyps,True,0.9579599499702454,0.019276732578873634,5.8557652664603665e-06,2.687460437300615e-05,2.708021611397271e-07,1.1313400136714336e-06,0.02272156998515129,7.722668669885024e-06,dyed-lifted-polyps/84a2005e-b11b-41ee-b212-ec0b7600ea62.jpg
1,1,dyed-resection-margins,dyed-resection-margins,True,0.0024890340864658356,0.997503936290741,1.7941819123734604e-06,1.9661251826619264e-06,8.706761178700617e-08,9.023141274155932e-07,7.218988002932747e-07,1.513018446530623e-06,dyed-resection-margins/d4217886-9b0f-4abf-9e62-31b1d55ac1e0.jpg
1,1,dyed-resection-margins,dyed-resection-margins,True,0.16509802639484406,0.8307494521141052,0.0009548329981043935,3.5284530895296484e-05,4.779180380865e-05,0.00024920946452766657,0.0028022141195833683,6.324928108369932e-05,dyed-resection-margins/6ee47ae4-8ece-4bfa-bdc7-daf03faa4238.jpg
1,1,dyed-resection-margins,dyed-resection-margins,True,0.03411908820271492,0.9189358353614807,0.008446826599538326,0.0028359454590827227,0.00021045403263997287,0.001713661360554397,0.0004535643383860588,0.03328462690114975,dyed-resection-margins/74db78a1-30d0-48a5-aa32-da804fc77c1e.jpg
3,3,normal-cecum,normal-cecum,True,0.0023778602480888367,0.0011365045793354511,6.019449301675195e-06,0.9704667925834656,2.6578134566079825e-05,7.209223895188188e-06,0.025252606719732285,0.0007265538442879915,normal-cecum/770fa1a7-b493-4bba-add5-446689911724.jpg
1,1,dyed-resection-margins,dyed-resection-margins,True,0.01197839342057705,0.9880021810531616,1.3087857951177284e-05,4.417339383167018e-08,5.841370942505364e-09,2.661275857462897e-06,1.8876420426749974e-06,1.6743623518777895e-06,dyed-resection-margins/e72c9ae6-a57d-48ac-ade7-6e92dd552a6d.jpg
2,5,esophagitis,normal-z-line,False,1.3756120097241364e-05,1.3398431292444002e-05,0.23715531826019287,7.645011237400468e-07,0.00011587002518353984,0.7624487280845642,1.0142574865312781e-05,0.00024213820870500058,esophagitis/dbf45d72-58cb-4743-a02d-61bc601c7f1e.jpg
3,3,normal-cecum,normal-cecum,True,0.0015379661926999688,0.0007089482969604433,5.823418405270786e-07,0.9855124354362488,1.4426533425648813e-06,1.6320680629178241e-07,0.01183033362030983,0.0004080941143911332,normal-cecum/54e7440d-9726-435f-a27f-245244a02c4f.jpg
0,1,dyed-lifted-polyps,dyed-resection-margins,False,0.35101574659347534,0.6489622592926025,3.648219433216582e-07,1.4756061318621505e-05,1.587776687905773e-09,3.037212650269794e-07,4.691517460742034e-06,1.897045535770303e-06,dyed-lifted-polyps/b22efb41-24cb-4daf-9057-0b19742ac42c.jpg
2,5,esophagitis,normal-z-line,False,3.974515857407823e-05,6.003681119182147e-05,0.1086622029542923,1.941966729646083e-05,0.049753524363040924,0.8391021490097046,0.0023572281934320927,5.767946731793927e-06,esophagitis/5a623300-3aa2-4b64-a96c-eb9b4bc7f3bf.jpg
4,4,normal-pylorus,normal-pylorus,True,2.3716729913303425e-07,4.276623055687878e-09,6.329460575216217e-06,6.434379429265391e-08,0.9999440908432007,2.816415326378774e-05,8.051976692513563e-06,1.2954269550391473e-05,normal-pylorus/e5881299-214f-40d0-b9ef-aac22d8fe805.jpg
5,2,normal-z-line,esophagitis,False,0.00015819567488506436,0.0005456317448988557,0.557581901550293,1.0469295830262126e-06,0.006158304866403341,0.4319007694721222,0.0036358037032186985,1.8366836229688488e-05,normal-z-line/eade4a2c-fe15-4385-9592-134c9ed2954d.jpg
6,6,polyps,polyps,True,0.006529792677611113,0.0005927737220190465,4.443757916305913e-06,0.0005477499798871577,4.883660494670039e-06,1.4702924318044097e-06,0.7889680862426758,0.20335076749324799,polyps/006338df-e61e-4725-bb6c-dd0620f11cdc.jpg
5,5,normal-z-line,normal-z-line,True,5.526831955648959e-06,1.2848505321017e-05,0.09217868745326996,2.1519103654554783e-07,1.7671976593192085e-06,0.907751739025116,4.872663339483552e-05,4.5238428469929204e-07,normal-z-line/a06940e3-5cf4-404d-a900-a6b2ba8b00fc.jpg
5,5,normal-z-line,normal-z-line,True,8.196976523322519e-06,2.742939841482439e-06,0.038126684725284576,7.980168447829783e-06,0.00338833243586123,0.9576345086097717,0.0008305991650559008,1.0819570661624311e-06,normal-z-line/64b4309b-a916-4b22-8edb-14c6e030c926.jpg
0,0,dyed-lifted-polyps,dyed-lifted-polyps,True,0.5835540890693665,0.4024995267391205,0.00048045514267869294,0.0007072788430377841,5.996704203425907e-06,0.00038355193100869656,0.001812388887628913,0.010556736029684544,dyed-lifted-polyps/9b26369a-22bd-4118-add3-16223837b40d.jpg
0,0,dyed-lifted-polyps,dyed-lifted-polyps,True,0.5582743287086487,0.44150814414024353,2.7026722818845883e-05,6.417820986825973e-05,1.4981303309014038e-07,3.848444248433225e-05,6.827378092566505e-05,1.938909917953424e-05,dyed-lifted-polyps/11b7ca25-7985-4755-ae8e-9f66c2c97545.jpg
0,1,dyed-lifted-polyps,dyed-resection-margins,False,0.2085249274969101,0.7493335008621216,0.0006100173923186958,0.00038593923090957105,2.484867309249239e-06,0.00011545605229912326,0.016397519037127495,0.02463013119995594,dyed-lifted-polyps/0bf20651-4369-41e5-b62d-7689a682e994.jpg
2,5,esophagitis,normal-z-line,False,0.00032796902814880013,0.00010479876073077321,0.08740097284317017,0.0009955137502402067,0.058946896344423294,0.8480051755905151,0.0028667720034718513,0.0013519070344045758,esophagitis/949a67c8-2a8d-463f-8b60-a9741cd9975f.jpg
4,4,normal-pylorus,normal-pylorus,True,4.02237628804869e-06,5.162759464383271e-08,1.9199238522560336e-05,4.259632532921387e-06,0.9983968138694763,0.0013264863518998027,0.0002464266144670546,2.7186508759768913e-06,normal-pylorus/1becd2d2-27d4-467d-b534-a0513ec61fa8.jpg
2,2,esophagitis,esophagitis,True,1.6587389836786315e-05,5.6501583458157256e-05,0.7727537751197815,6.969887778041084e-08,0.0002757881593424827,0.22686485946178436,1.902865551528521e-05,1.3341999874683097e-05,esophagitis/4c5f4e85-adea-4fc5-9270-32d94f6cd10c.jpg
1,1,dyed-resection-margins,dyed-resection-margins,True,0.007654995191842318,0.9923254251480103,1.7631110722504673e-06,8.603102287452202e-06,5.2648845283442824e-09,3.7252161746437196e-06,4.23217898060102e-06,1.2948570429216488e-06,dyed-resection-margins/3263b1a2-7e01-4055-bda4-166f4c413f20.jpg
5,5,normal-z-line,normal-z-line,True,2.333192605874501e-05,0.00011967730824835598,0.0363541878759861,1.3271810530568473e-05,0.0008733283611945808,0.9620260000228882,0.0003064223856199533,0.00028378059505485,normal-z-line/8e8e200c-545d-4cd8-96ba-c003b46f56f3.jpg
2,2,esophagitis,esophagitis,True,0.005812850780785084,0.015015177428722382,0.956071674823761,3.4523920930951135e-06,5.062151831225492e-05,0.012306098826229572,0.0009089624509215355,0.009831265546381474,esophagitis/eeac41bd-363d-4a6e-bf4a-b5fd34ba992b.jpg
3,3,normal-cecum,normal-cecum,True,0.0003548991517163813,3.165466114296578e-05,1.2681181033258326e-05,0.9965394735336304,5.022379809815902e-06,5.971796213088965e-07,0.002920306520536542,0.00013548553397413343,normal-cecum/3f3eacce-e63b-45f4-a890-ade671eb1135.jpg
5,5,normal-z-line,normal-z-line,True,3.076917346334085e-05,7.661131530767307e-05,0.48056459426879883,3.8569643947994336e-05,0.034457724541425705,0.4837782382965088,0.001000489224679768,5.312691428116523e-05,normal-z-line/763600b9-ac84-452e-9d56-c070c17477bf.jpg
4,4,normal-pylorus,normal-pylorus,True,0.000206360753509216,0.0002916431985795498,0.0010789415100589395,3.213370655430481e-05,0.9940468072891235,0.0001206623564939946,0.001553409150801599,0.002670085057616234,normal-pylorus/d7a787d4-abb9-48f5-a144-e8819362a551.jpg
7,3,ulcerative-colitis,normal-cecum,False,0.0015100430464372039,0.0002711410925257951,5.022668119636364e-06,0.8435330390930176,0.00015898054698482156,3.106885924353264e-05,0.0934518575668335,0.06103893369436264,ulcerative-colitis/17f2d1a8-48e5-4cb5-a76b-57897b6161fd.jpg
4,4,normal-pylorus,normal-pylorus,True,1.7813823660617345e-06,3.3860501957860833e-07,0.000299865729175508,1.7714946807245724e-05,0.9956817626953125,0.0038806230295449495,9.60438628681004e-05,2.1794348867842928e-05,normal-pylorus/cd5bfd00-a60f-48b9-b892-222f509e7388.jpg
3,3,normal-cecum,normal-cecum,True,0.014005121774971485,0.01111262384802103,7.064148121571634e-06,0.9588098526000977,2.8964052489754977e-07,2.750715111687896e-06,0.011689798906445503,0.004372566007077694,normal-cecum/806b485d-f403-4eab-b405-14d19bd9665e.jpg
6,6,polyps,polyps,True,0.01751330867409706,0.013436137698590755,0.0012345882132649422,0.11668556928634644,0.00018847244791686535,0.0015151937259361148,0.8355475068092346,0.013879174366593361,polyps/88614fc5-d141-42e4-bfb1-5bb43476f8ca.jpg
6,6,polyps,polyps,True,0.00028606399428099394,3.470859519438818e-05,0.00018440920393913984,0.12962812185287476,0.0011574560776352882,0.000208747893339023,0.8360645771026611,0.03243597224354744,polyps/445dd4f8-9fc7-4144-a8c7-be8cdb1a3113.jpg
0,0,dyed-lifted-polyps,dyed-lifted-polyps,True,0.8119228482246399,0.08536643534898758,5.901457916479558e-05,0.001461185747757554,2.5814948457991704e-05,6.559937173733488e-05,0.05220706760883331,0.0488920584321022,dyed-lifted-polyps/19092f6c-bb96-44ed-819c-8ff7eab7b238.jpg
4,5,normal-pylorus,normal-z-line,False,0.0005370421567931771,0.0005912894266657531,0.17602258920669556,0.007531617768108845,0.2559928297996521,0.516227126121521,0.01902160234749317,0.024075940251350403,normal-pylorus/eb5a4cc2-ba85-4a93-a43d-6a32db465e15.jpg
6,6,polyps,polyps,True,0.003447333350777626,0.0005921119591221213,0.00010356355051044375,0.00155270763207227,0.0009099770686589181,0.00018075159459840506,0.584698498249054,0.4085150361061096,polyps/746c187e-9943-41e4-a6e7-1667881b2735.jpg
4,4,normal-pylorus,normal-pylorus,True,5.053397558185679e-07,6.011144932926982e-07,3.5689419746631756e-05,4.2535330635473656e-07,0.9998394250869751,1.2546279322123155e-05,1.5671799701522104e-05,9.508850052952766e-05,normal-pylorus/b99a41fe-1c10-4020-a67b-eefc32529e95.jpg
6,6,polyps,polyps,True,0.0074584875255823135,0.00046481992467306554,1.6040332411648706e-05,0.0002615874109324068,9.072300599655136e-06,6.175877388159279e-06,0.9910444021224976,0.0007393168634735048,polyps/36afa3ba-ad19-467a-af3a-549250e5b473.jpg
7,7,ulcerative-colitis,ulcerative-colitis,True,0.0003245251427870244,0.00022368469217326492,3.997468866145937e-06,0.01208446454256773,4.94284977321513e-05,2.249963927170029e-06,0.04446974769234657,0.9428419470787048,ulcerative-colitis/88035563-df5b-4f9b-8289-b2a8e4e8ef4a.jpg
3,3,normal-cecum,normal-cecum,True,0.0004296839179005474,0.0005268195527605712,0.00011665448255371302,0.9340007305145264,8.717524178791791e-05,0.00020233816758263856,0.06447761505842209,0.00015895493561401963,normal-cecum/3238cd25-1518-4165-9d90-e2be06312a76.jpg
5,5,normal-z-line,normal-z-line,True,0.00015378431999124587,0.00029308561352081597,0.05764712020754814,0.00014752768038306385,0.00511452741920948,0.9340221285820007,0.0017854501493275166,0.0008364495006389916,normal-z-line/2c79764a-6ea8-4cd8-8d84-a8d87b7b53b1.jpg
5,5,normal-z-line,normal-z-line,True,8.182466262951493e-05,0.00019825538038276136,0.0652647539973259,0.00035882863448932767,0.03739580512046814,0.8948966264724731,0.0014712660340592265,0.00033266929676756263,normal-z-line/391aa9af-07ae-4ae3-8a6c-ddf967145603.jpg
0,0,dyed-lifted-polyps,dyed-lifted-polyps,True,0.9969182014465332,0.002874754136428237,2.9656916922249366e-07,1.0959794281006907e-06,1.2082297384807816e-09,3.0676677198471225e-08,0.00020493818738032132,6.677351507278217e-07,dyed-lifted-polyps/73932b1b-fd8d-48bd-a788-efd3b7f7409b.jpg
7,1,ulcerative-colitis,dyed-resection-margins,False,0.12206485122442245,0.39318549633026123,0.0007353511173278093,0.03710070624947548,0.00011799461935879663,6.620694421144435e-06,0.06697096675634384,0.3798179030418396,ulcerative-colitis/ae68bef5-8ca4-42fd-a275-d34ee4ea8c14_00000636.jpg
2,2,esophagitis,esophagitis,True,0.0007271828944794834,0.0017618306446820498,0.8336299657821655,0.00012872378283645958,0.018565798178315163,0.14313392341136932,0.0019276563543826342,0.00012496043927967548,esophagitis/ec2bd839-2704-4101-9704-8fb0e9c6524a.jpg
7,7,ulcerative-colitis,ulcerative-colitis,True,0.010864333249628544,0.0019407389918342233,0.000119310941954609,0.04136902093887329,0.027012506499886513,0.00040165038080886006,0.039377305656671524,0.8789152503013611,ulcerative-colitis/7a1032e2-84e3-44cb-b570-16c697a80ae4.jpg
3,3,normal-cecum,normal-cecum,True,7.755141268717125e-05,9.247645357390866e-05,3.905925950675737e-06,0.9775158762931824,8.661647734697908e-05,3.2222676509263692e-06,0.02190975844860077,0.0003106384538114071,normal-cecum/21fb4d5e-ca0d-45a7-9c6c-780e2591b57e.jpg
7,7,ulcerative-colitis,ulcerative-colitis,True,0.0008940318366512656,0.00010737722186604515,2.7986695272375073e-07,0.00290001486428082,9.673171007307246e-06,1.6353820342374092e-07,0.01132757868617773,0.9847608208656311,ulcerative-colitis/2dcadd3f-12d3-4cbf-b5d0-2f4b1bfe51b9.jpg
1,1,dyed-resection-margins,dyed-resection-margins,True,0.2942338287830353,0.705040454864502,1.9176382920704782e-05,9.111435247177724e-06,1.0926904536745496e-07,8.163975735442364e-07,9.215282625518739e-05,0.0006043259054422379,dyed-resection-margins/6bc45c69-8764-4380-bae9-9181692739b9.jpg
2,4,esophagitis,normal-pylorus,False,0.00022653139603789896,2.7015072191716172e-05,0.04262521117925644,0.00028746604220941663,0.7848040461540222,0.1635749638080597,0.00842602364718914,2.8781976652680896e-05,esophagitis/cf6f6ddd-7133-4daf-89c6-2c967bd08969.jpg
7,7,ulcerative-colitis,ulcerative-colitis,True,2.5647530492278747e-05,2.574549171185936e-06,1.9655061578305322e-07,4.596967755787773e-06,3.565610029454547e-08,5.911495293275948e-08,0.003037027083337307,0.9969298243522644,ulcerative-colitis/c8546c4f-3fe5-4274-b5c8-5f40993d50a8.jpg
3,3,normal-cecum,normal-cecum,True,0.00010135072807315737,0.0003189980052411556,2.2083581825427245e-06,0.9986140727996826,2.674342738373525e-07,4.943176463712007e-07,0.0008361906511709094,0.00012638659973163158,normal-cecum/34a3ba05-50ed-4e0d-b02c-3b32a720279b.jpg
2,2,esophagitis,esophagitis,True,7.755535625619814e-05,6.632086297031492e-05,0.8156082034111023,6.418690463760868e-05,0.0016402702312916517,0.18178245425224304,0.000432492553954944,0.0003285388520453125,esophagitis/c7ea0395-7b19-4451-939a-e5f99c41a680.jpg
3,3,normal-cecum,normal-cecum,True,0.00031621509697288275,0.0003952918923459947,8.41264318296453e-06,0.9916843175888062,8.906701987143606e-05,3.6577999708242714e-05,0.007388222962617874,8.193329267669469e-05,normal-cecum/dc7130b5-34c7-4169-9b9c-57b962625b22.jpg
4,4,normal-pylorus,normal-pylorus,True,9.587663043930661e-06,3.451644488450256e-06,0.004697601776570082,0.0004708965716417879,0.9201889634132385,0.07287438958883286,0.001742837717756629,1.2411571333359461e-05,normal-pylorus/fce1f69b-f46a-41c7-9424-487aed1b69c2.jpg
2,5,esophagitis,normal-z-line,False,4.198500755592249e-05,0.00011472903133835644,0.32315385341644287,5.423128095571883e-05,0.0020363000221550465,0.674431562423706,8.252541738329455e-05,8.478909148834646e-05,esophagitis/936144be-2bd4-4cc5-9fe5-1d79b4edea25.jpg
6,6,polyps,polyps,True,0.015449215658009052,0.023623377084732056,2.1529080186155625e-05,0.15341702103614807,7.264353916980326e-05,5.089660407975316e-05,0.7886863946914673,0.018678974360227585,polyps/fe59cfff-f9ea-42d6-bf6a-f7138bd7ae97.jpg
0,6,dyed-lifted-polyps,polyps,False,0.1867748349905014,0.09189318865537643,0.01692088693380356,0.028677931055426598,0.008484313264489174,0.021724015474319458,0.5987899899482727,0.04673494026064873,dyed-lifted-polyps/8cd0e7d2-661f-4de6-8755-ac4b086e7d86.jpg
5,5,normal-z-line,normal-z-line,True,0.00010655940423021093,0.00013851655239704996,0.07200075685977936,7.828010240018557e-08,8.552585495635867e-05,0.9276222586631775,4.166635699220933e-05,4.549147433863254e-06,normal-z-line/d58e4d2d-0bff-4529-ac26-d4af1c0869d2.jpg
3,3,normal-cecum,normal-cecum,True,8.482760313199833e-05,4.335099583840929e-05,4.87103477553319e-07,0.99435955286026,2.5294791612395784e-06,8.792986960770577e-08,0.004431175533682108,0.0010781519813463092,normal-cecum/5da558c7-0e7e-40ab-8363-e263e22b64f9.jpg
1,1,dyed-resection-margins,dyed-resection-margins,True,0.053322698920965195,0.9382960796356201,1.6726255125831813e-05,0.008305852301418781,7.453658099620952e-07,3.5115383525408106e-06,1.8380922483629547e-05,3.606592144933529e-05,dyed-resection-margins/16ce4c26-8983-46cc-be67-43f809211334.jpg
1,0,dyed-resection-margins,dyed-lifted-polyps,False,0.5619851350784302,0.43798407912254333,2.2918460018672704e-08,2.752343334577745e-06,2.679325650234432e-09,1.7528876128380944e-08,2.7931375370826572e-05,7.302681837018099e-08,dyed-resection-margins/6bdfadc1-6ccb-4040-a1b1-825c1a1292b5.jpg
0,0,dyed-lifted-polyps,dyed-lifted-polyps,True,0.9632830619812012,0.021353784948587418,4.001994511781959e-06,8.059352012423915e-07,1.8508853116827595e-08,1.6153181832123664e-06,0.015355682000517845,9.735758794704452e-07,dyed-lifted-polyps/48c4bde0-ad74-4007-bcda-1582fe870b06.jpg
5,5,normal-z-line,normal-z-line,True,7.589082088088617e-06,7.590425229864195e-05,0.043175287544727325,7.458406616933644e-05,0.00028100848430767655,0.9555437564849854,6.617317558266222e-05,0.0007757198764011264,normal-z-line/c38ae957-4556-4993-b0e0-7e2cde4f62c1.jpg
5,5,normal-z-line,normal-z-line,True,1.2133169548178557e-05,9.996981134463567e-06,0.04850096255540848,8.483696547045838e-06,0.0013428907841444016,0.949857771396637,3.13131240545772e-05,0.00023645686451345682,normal-z-line/e9db23b7-b19c-4bd4-9b2d-2166b036d095.jpg
2,2,esophagitis,esophagitis,True,5.452171535580419e-05,5.9168429288547486e-05,0.9989136457443237,5.734759156439395e-08,4.097589965113002e-07,0.0005426111747510731,1.465762125008041e-05,0.0004150082531850785,esophagitis/942c3b8a-7b96-4722-8b49-cdb582d6fdf7.jpg
4,4,normal-pylorus,normal-pylorus,True,7.86784221418202e-06,1.2141482557126437e-06,0.0004143133119214326,0.006332213990390301,0.9922698736190796,1.273285124625545e-05,0.0008919694810174406,6.982568447710946e-05,normal-pylorus/8a26ecf7-2a97-4c74-8ecb-b1806b362131.jpg
7,7,ulcerative-colitis,ulcerative-colitis,True,0.02060759998857975,0.08569233119487762,0.000110059161670506,0.011174305342137814,1.9466710000415333e-05,3.0519581741828006e-06,0.02345791831612587,0.8589354157447815,ulcerative-colitis/ae68bef5-8ca4-42fd-a275-d34ee4ea8c14_00000224.jpg
1,0,dyed-resection-margins,dyed-lifted-polyps,False,0.8004580736160278,0.1981714814901352,3.505393033265136e-05,4.896371137874667e-06,3.906587608071277e-06,0.0009046443738043308,0.0004167547740507871,5.09093479195144e-06,dyed-resection-margins/2431034c-f6e2-48af-9f81-c16681ab7654.jpg
1,1,dyed-resection-margins,dyed-resection-margins,True,0.005558828357607126,0.994439959526062,2.202522182415123e-07,6.42563291464171e-09,8.798747321014933e-12,1.1268569721778476e-07,2.9392905886993503e-08,8.236289659180329e-07,dyed-resection-margins/36d2ba41-d489-4bee-a164-97cded7319b6.jpg
1,1,dyed-resection-margins,dyed-resection-margins,True,0.008016671054065228,0.9907172322273254,0.0008091551135294139,6.953385309316218e-06,9.767662049853243e-06,0.0004344811604823917,2.0489367216214305e-06,3.711277940965374e-06,dyed-resection-margins/1d396354-b660-47ab-9d7c-330c1260e6f6.jpg
6,6,polyps,polyps,True,0.00239503663033247,0.00041299924487248063,0.0001844914077082649,0.052659668028354645,8.671808245708235e-06,3.0904026061762124e-05,0.8967108726501465,0.04759743809700012,polyps/b7c6d24e-d670-4012-9def-23d4429d9a19.jpg
7,7,ulcerative-colitis,ulcerative-colitis,True,0.00011959279800066724,0.00027301645604893565,5.729998883907683e-05,0.012902278453111649,4.098890349268913e-05,6.167427636682987e-05,0.0014966075541451573,0.9850485920906067,ulcerative-colitis/0046dd24-a4c0-4923-a07a-15be898182e2.jpg
1,1,dyed-resection-margins,dyed-resection-margins,True,0.36893993616104126,0.6301234364509583,7.654415094293654e-05,0.0006129798130132258,9.385238081449643e-05,3.3057676773751155e-05,2.0870242224191315e-05,9.931248496286571e-05,dyed-resection-margins/3a01ac6e-a859-44fd-9858-4281ed868f74.jpg
7,7,ulcerative-colitis,ulcerative-colitis,True,0.001372635830193758,0.000594806915614754,3.140168701065704e-05,0.002210424980148673,4.010224472494883e-07,4.480974894249812e-05,0.43942931294441223,0.5563161373138428,ulcerative-colitis/13c874a6-6508-4870-a569-0949f4ff1ab7.jpg
3,3,normal-cecum,normal-cecum,True,0.00026026120758615434,3.1923573260428384e-05,4.0202488094109867e-07,0.8904015421867371,1.2022127521049697e-05,2.894743431625102e-07,0.030770249664783478,0.07852344214916229,normal-cecum/ae4a6a20-cc3f-4e91-884f-0b5dc21001d3.jpg
4,5,normal-pylorus,normal-z-line,False,5.686461372533813e-05,2.8920827389811166e-05,0.028269656002521515,0.0002915438381023705,0.24337255954742432,0.727008581161499,0.0008481178083457053,0.0001237342512467876,normal-pylorus/7da4b6f7-6a5d-4ae2-8d2f-08542725080f.jpg
7,7,ulcerative-colitis,ulcerative-colitis,True,9.516176214674488e-05,1.6854817658895627e-05,3.6012002055940684e-06,9.48589058680227e-06,2.5575475319783436e-06,1.63324386903696e-06,0.007606297731399536,0.9922645092010498,ulcerative-colitis/4289c63c-6ca8-42e9-aa54-dbdf7fdad3a8.jpg
3,3,normal-cecum,normal-cecum,True,5.178318315302022e-05,1.5937350326566957e-05,1.0550055051794516e-08,0.9989737272262573,4.204375514405001e-08,6.004705066509075e-10,0.0005396503256633878,0.00041886200779117644,normal-cecum/c47b27b9-e9ca-40c7-8888-e28407130720.jpg
2,5,esophagitis,normal-z-line,False,0.00023533332569058985,0.000772224273532629,0.380790114402771,7.53334243199788e-05,0.011776813305914402,0.6057669520378113,0.00040738380630500615,0.00017579957784619182,esophagitis/06bf814c-3ade-4a4c-812e-a4bd2ff569d9.jpg
0,1,dyed-lifted-polyps,dyed-resection-margins,False,0.31037893891334534,0.6865409016609192,5.955266169621609e-05,0.0014256815193220973,2.5187077312693873e-07,9.756618965184316e-06,0.001453476957976818,0.0001314096007263288,dyed-lifted-polyps/4b5b559b-2603-4181-b0e6-433b9365f68e.jpg
1,1,dyed-resection-margins,dyed-resection-margins,True,0.0018863043515011668,0.9978512525558472,6.244422547752038e-05,2.0464599401748274e-06,2.347792178625241e-05,2.3400867576128803e-05,0.00013388197112362832,1.7230397133971564e-05,dyed-resection-margins/14110694-9cf3-4dc6-a63c-b2e10c19633b.jpg
1,1,dyed-resection-margins,dyed-resection-margins,True,0.040310367941856384,0.9592635035514832,0.00019023216736968607,3.932943945983425e-05,2.832279903941526e-07,5.109040284878574e-05,8.166263432940468e-05,6.350855983328074e-05,dyed-resection-margins/9faf1303-c0e4-482b-a25a-11f39c8e0f33.jpg
2,2,esophagitis,esophagitis,True,6.330211908789352e-05,0.000645291933324188,0.9526466131210327,1.0455183883095742e-06,8.783968951320276e-05,0.045471809804439545,0.0006939973682165146,0.0003901221207343042,esophagitis/5bc98f3f-7bde-4163-b936-5c80c847d5c3.jpg
2,2,esophagitis,esophagitis,True,0.002041212050244212,0.001282561686821282,0.9862702488899231,6.215939356479794e-05,0.00011154661478940398,0.003343253629282117,0.004760752432048321,0.0021282813977450132,esophagitis/a3d9f1de-d7bb-4e24-8676-5c7c6f1ef0cf.jpg
0,0,dyed-lifted-polyps,dyed-lifted-polyps,True,0.7075046300888062,0.29183828830718994,2.2416394131141715e-05,2.545763209127472e-07,1.59362811835706e-09,1.366541823699663e-06,0.0006061539170332253,2.685092476895079e-05,dyed-lifted-polyps/df7bdf5b-167f-4ab4-b418-496a6538d475.jpg
1,1,dyed-resection-margins,dyed-resection-margins,True,0.0036088665947318077,0.9960229396820068,2.5814460968831554e-05,1.04709961590288e-07,8.446253900729062e-07,1.4714304597873706e-05,3.93847658415325e-05,0.00028733821818605065,dyed-resection-margins/0a3e9cb8-fb1b-4849-97e0-dbf433bad813.jpg
3,3,normal-cecum,normal-cecum,True,0.00031184442923404276,5.986293763271533e-05,3.722806241057697e-07,0.9987653493881226,2.946864697150886e-05,1.4976427564761252e-07,0.0004982558893971145,0.00033471023198217154,normal-cecum/0ee6110f-c4dc-4fd6-9bad-bd2240f84849.jpg
7,7,ulcerative-colitis,ulcerative-colitis,True,5.818653880851343e-05,2.8828088034060784e-05,3.111275418632431e-06,0.00010348674550186843,7.520746976297232e-07,6.088134796300437e-07,0.0007046160753816366,0.9991004467010498,ulcerative-colitis/16f78b82-2015-4006-966d-c95ccee181ae.jpg
6,6,polyps,polyps,True,0.05042406916618347,0.02945072017610073,0.0004190164618194103,0.21341344714164734,0.00011276787699898705,0.0018751160241663456,0.702410876750946,0.001893933629617095,polyps/2647375e-0e9a-4b90-9f05-dc537c572448.jpg
5,5,normal-z-line,normal-z-line,True,3.767173257074319e-05,3.126705269096419e-05,0.12253712117671967,1.6908772977330955e-06,8.76412887009792e-05,0.8772249817848206,3.0102972232270986e-05,4.9404548917664215e-05,normal-z-line/7b43791a-6a4f-4699-8d80-3a673b62637e.jpg
5,5,normal-z-line,normal-z-line,True,0.00010780260345200077,5.830846930621192e-05,0.02352292463183403,5.654685810441151e-05,0.052763260900974274,0.919938862323761,0.0035106593277305365,4.163861012784764e-05,normal-z-line/5fbceba3-f8d3-48bc-966a-eec03b425fb2.jpg
2,2,esophagitis,esophagitis,True,4.4174219510750845e-05,0.00012051920930389315,0.9505956172943115,0.000183603071491234,0.00521811144426465,0.04240567609667778,0.0009130904800258577,0.0005192137323319912,esophagitis/ee9948d8-36f7-47b8-9424-999071cc0c7a.jpg
3,3,normal-cecum,normal-cecum,True,1.6696276361471973e-05,2.5191926397383213e-05,1.5936158206386608e-06,0.9996180534362793,1.593912202224601e-06,4.2687528178930734e-08,1.6652847989462316e-05,0.0003201319486834109,normal-cecum/2522f32b-d8e1-4821-83d4-40b66d4dfc79.jpg
4,4,normal-pylorus,normal-pylorus,True,9.603083981346572e-07,4.750844198042614e-07,0.0007314178510569036,9.232361480826512e-05,0.9972525238990784,0.0017501214751973748,9.860938007477671e-05,7.360160816460848e-05,normal-pylorus/5f01c7bb-cb96-47ec-bb6f-95bbaaf6592b.jpg
6,6,polyps,polyps,True,0.017113501206040382,0.01884114369750023,2.9905466362833977e-05,0.1802043467760086,1.751012314343825e-05,1.4172788723954e-05,0.7812598943710327,0.0025195276830345392,polyps/4ef71fd3-2d23-4d6a-92b7-a41b2a42c506.jpg
6,6,polyps,polyps,True,0.028765292838215828,0.002149076433852315,1.308839455305133e-05,0.04563114047050476,8.239873750426341e-06,9.991350452764891e-06,0.8517062067985535,0.07171691954135895,polyps/55cbb2b1-779a-42cf-bec8-5b9647740fab.jpg
4,4,normal-pylorus,normal-pylorus,True,4.155190254095942e-05,2.0505793145275675e-05,0.0008873727056197822,0.0005346932448446751,0.9876434803009033,0.007127496879547834,0.003743068315088749,1.8207790617452702e-06,normal-pylorus/7b90f671-e163-4c78-93c4-604ef72b8d3d.jpg
6,6,polyps,polyps,True,0.0016348096542060375,0.000190937498700805,3.9744405512465164e-05,0.00295064365491271,0.00844389759004116,0.00015925074694678187,0.9751836657524109,0.011397034861147404,polyps/c6b88fab-1a32-4e2c-a192-83bc8a4c9e96.jpg
3,3,normal-cecum,normal-cecum,True,0.0003390639030840248,0.00010225157893728465,2.8211987228132784e-05,0.9894301891326904,2.505515112716239e-05,1.2239189345564228e-05,0.0016494512092322111,0.00841347686946392,normal-cecum/e8437829-a5d6-4dd5-a2bb-be094b311ee8.jpg
3,6,normal-cecum,polyps,False,0.0030493740923702717,5.815113763674162e-05,6.888374315394685e-08,0.17658631503582,4.2313754988754226e-07,3.4913842483774715e-08,0.8191730380058289,0.0011325213126838207,normal-cecum/9f0d036c-d792-4876-ab8a-cf86bb4f804d.jpg
2,2,esophagitis,esophagitis,True,0.013429186306893826,0.020416665822267532,0.887466549873352,5.264251376502216e-05,1.9617638827185147e-05,0.005354846827685833,0.0029174303635954857,0.07034310698509216,esophagitis/cc4ea119-4407-483f-af61-96c18d5a525a.jpg
2,2,esophagitis,esophagitis,True,6.159703843877651e-06,0.0003875994880218059,0.6774799823760986,2.710786759507755e-07,0.00010137670324184,0.3220144808292389,6.779668638046132e-06,3.279033990111202e-06,esophagitis/ceb91887-a328-4d20-8792-d4626d726a9f.jpg
0,7,dyed-lifted-polyps,ulcerative-colitis,False,0.21196074783802032,0.1359924077987671,0.003036266192793846,0.21836872398853302,0.003656611079350114,0.001038523274473846,0.162583127617836,0.2633635401725769,dyed-lifted-polyps/ede60e54-62b9-415f-88d0-c7629204a535.jpg
6,6,polyps,polyps,True,0.0014213871909305453,0.00017115753144025803,0.00044594364590011537,0.0055509041994810104,0.0004014978476334363,0.00045586805208586156,0.9742410182952881,0.01731211692094803,polyps/5736b0a2-ff0f-4e02-8caa-5be2d0373f17.jpg
6,6,polyps,polyps,True,0.009988823905587196,0.001935926964506507,0.00014322677452582866,0.0009623093064874411,0.00018288817955181003,5.7624738474260084e-06,0.7607282996177673,0.22605280578136444,polyps/1c236874-556c-402d-9709-c5c1672ec14a.jpg
1,1,dyed-resection-margins,dyed-resection-margins,True,0.009723955765366554,0.9862101674079895,0.0012063418980687857,7.022656063782051e-05,2.2446336515713483e-05,0.0018506780033931136,0.0007089324062690139,0.0002071997878374532,dyed-resection-margins/026c7b7a-f09e-424a-a27f-3b6081ed8187.jpg
2,2,esophagitis,esophagitis,True,0.00020714015408884734,0.004364428110420704,0.9258547425270081,3.099352738900052e-07,0.00035156862577423453,0.06904581934213638,0.00016804391634650528,7.919386007415596e-06,esophagitis/71a4671e-3257-4b64-9a8b-2d0b154ed7d0.jpg
0,0,dyed-lifted-polyps,dyed-lifted-polyps,True,0.9972032308578491,0.002432264620438218,7.88502802606672e-07,6.842818947916385e-06,1.1020860256394371e-05,9.913586836773902e-06,0.0002831195597536862,5.284698272589594e-05,dyed-lifted-polyps/be11d2cd-bbcd-4386-9ca5-1a593e0abeb7.jpg
1,1,dyed-resection-margins,dyed-resection-margins,True,0.0029900476802140474,0.9969449639320374,5.3343173931352794e-05,9.598543471156518e-08,2.236259621923864e-09,8.51227650855435e-06,2.4675937311258167e-06,5.565490255321492e-07,dyed-resection-margins/7bf3b766-0faf-44cb-8a6b-a43dcfd747c6.jpg
7,7,ulcerative-colitis,ulcerative-colitis,True,0.0008124554879032075,0.004659787751734257,0.0025271265767514706,0.0020835171453654766,2.6006669031630736e-06,0.00042334827594459057,0.0031936033628880978,0.9862974882125854,ulcerative-colitis/4779a0e4-c0bf-4d57-b368-e302066453fc.jpg
3,7,normal-cecum,ulcerative-colitis,False,0.0027083884924650192,0.0040671490132808685,0.0001934610481839627,0.4264448583126068,2.2984486349741928e-05,0.00032452712184749544,0.04138381779193878,0.524854838848114,normal-cecum/ef369301-5dab-4ac2-b904-21b2b76c7af2.jpg
1,1,dyed-resection-margins,dyed-resection-margins,True,0.12586647272109985,0.8736843466758728,0.00018990537500940263,0.00012201337813166901,3.9027599996188655e-06,5.3945092076901346e-05,2.108026274072472e-05,5.8284342230763286e-05,dyed-resection-margins/98c057ef-0b40-4856-ba3f-4fffd9cf7523.jpg
1,1,dyed-resection-margins,dyed-resection-margins,True,0.000872130214702338,0.9990053772926331,3.898871364071965e-05,8.235982704718481e-07,1.4622783055528998e-06,7.6089367212262e-05,4.73422687718994e-06,3.241220269956102e-07,dyed-resection-margins/cc5b2860-feeb-44d5-a63b-6ecf53c284a1.jpg
6,6,polyps,polyps,True,0.00436313496902585,8.204344339901581e-05,2.48671597091743e-07,0.00014395338075701147,8.434414056068817e-09,8.951614205443548e-08,0.9953536987304688,5.681379479938187e-05,polyps/dda7130c-c4e6-4af6-bb36-e0f014cbd1b4.jpg
0,0,dyed-lifted-polyps,dyed-lifted-polyps,True,0.7548803687095642,0.24491266906261444,3.1331481295637786e-05,2.5728993477969198e-06,7.581035355030963e-09,8.870485999068478e-07,7.370742969214916e-05,9.847288310993463e-05,dyed-lifted-polyps/0d53b1bb-ed38-4458-8e88-729d5fe4939e.jpg
3,3,normal-cecum,normal-cecum,True,0.00023156327370088547,0.00012861179129686207,2.5491968536073273e-09,0.9991340041160583,1.176993347229427e-08,2.02975386498494e-10,0.00041077565401792526,9.508740913588554e-05,normal-cecum/4d9dce53-63cd-48ad-b17c-53aa9e618b1f.jpg
2,2,esophagitis,esophagitis,True,0.0005259745521470904,0.0019819126464426517,0.852634072303772,0.00035528704756870866,0.0025036789011210203,0.139857679605484,0.0004677690740209073,0.0016736699035391212,esophagitis/c193c807-efb9-4478-9bca-26d4834d19ef.jpg
2,5,esophagitis,normal-z-line,False,2.4529217625968158e-05,3.129627657472156e-05,0.4021107852458954,5.750189757236512e-06,0.0003782520070672035,0.597309947013855,0.00010629460302880034,3.306860526208766e-05,esophagitis/20fe3c22-9cac-4196-aa4a-aabf6d015bfa.jpg
2,2,esophagitis,esophagitis,True,7.117215864127502e-05,0.0009649150888435543,0.583675742149353,0.00020040618255734444,0.08604475855827332,0.3260151445865631,0.00028490362456068397,0.0027428821194916964,esophagitis/9a8c5e49-24d9-4d03-bc17-3f81fef07add.jpg
0,0,dyed-lifted-polyps,dyed-lifted-polyps,True,0.5905025005340576,0.0013326278422027826,6.265677257033531e-07,6.554539595526876e-06,3.5579751056502573e-07,2.5768086331368067e-08,0.40622949600219727,0.0019277959363535047,dyed-lifted-polyps/e79b8bda-a6df-42a0-8e72-ede05e1e8263.jpg
3,3,normal-cecum,normal-cecum,True,0.00021674337040167302,3.218191341147758e-05,2.651307227097277e-07,0.926945686340332,3.593744963836798e-07,3.450880114996835e-07,0.07249622046947479,0.0003083101473748684,normal-cecum/249eb342-8e7d-4dab-9813-cc6983538d6c.jpg
1,1,dyed-resection-margins,dyed-resection-margins,True,0.008929385803639889,0.9909214377403259,0.00012980970495846123,9.8364835139364e-06,1.490998045028391e-07,1.7733484014570422e-07,1.5139688684939756e-06,7.632680535607506e-06,dyed-resection-margins/b520d99c-7330-4c7a-a2d8-8dc031ea70de.jpg
7,7,ulcerative-colitis,ulcerative-colitis,True,0.0059522902593016624,0.004126866348087788,0.002478924347087741,0.032280173152685165,0.020165111869573593,0.0015996654983609915,0.027089616283774376,0.9063072800636292,ulcerative-colitis/cd67c8de-0523-4751-bffa-a62f485b6836.jpg
6,6,polyps,polyps,True,0.0024912748485803604,3.0970546504249796e-05,2.18858003790956e-05,0.0004644592117983848,4.394931238493882e-05,2.4636067337269196e-06,0.9934554696083069,0.003489553928375244,polyps/7c5031b5-5f93-479b-a2bd-61736f1ee140.jpg
3,3,normal-cecum,normal-cecum,True,0.001442760811187327,0.0006325799040496349,3.1205177037918475e-06,0.9752187132835388,3.908532380592078e-05,2.4350824787688907e-06,0.02184057980775833,0.0008207266801036894,normal-cecum/a98d59d6-8d81-4a17-89da-0974dcf69314.jpg
7,7,ulcerative-colitis,ulcerative-colitis,True,0.018784061074256897,0.013510687276721,7.549214933533221e-05,0.06542687863111496,2.2072286810725927e-05,5.509460834218771e-07,0.020115818828344345,0.8820642828941345,ulcerative-colitis/ae68bef5-8ca4-42fd-a275-d34ee4ea8c14_00001262.jpg
7,7,ulcerative-colitis,ulcerative-colitis,True,0.00012231779692228884,0.002086849417537451,3.838958582491614e-05,1.7792195876609185e-06,4.15817822840836e-07,0.00012629979755729437,0.0005300992634147406,0.997093915939331,ulcerative-colitis/399fdb43-e36d-41ec-8e1a-44b19a40fcd3.jpg
2,2,esophagitis,esophagitis,True,5.388927093008533e-05,7.635543443029746e-05,0.9631470441818237,3.5811110137728974e-05,0.00047774380072951317,0.03589262440800667,0.00016637657245155424,0.00015025566972326487,esophagitis/3bc675d6-d621-4ade-b2ec-547ac0190c55.jpg
7,3,ulcerative-colitis,normal-cecum,False,0.00412321463227272,0.003017232520505786,9.282780979447125e-07,0.9181891083717346,8.158935997926164e-07,2.951706505882612e-07,0.0036012770142406225,0.0710671916604042,ulcerative-colitis/149de8d0-1ba3-46d4-b73c-e0630f0089cc.jpg
4,4,normal-pylorus,normal-pylorus,True,3.18541793831173e-07,1.1939440014430147e-07,0.0001471253199269995,3.546852894942276e-05,0.9991788268089294,0.0005456493818201125,2.937075805675704e-05,6.299337837845087e-05,normal-pylorus/d502f96d-1c6b-4acd-9979-41368802afe2.jpg
5,5,normal-z-line,normal-z-line,True,0.00043586071114987135,0.0005943444557487965,0.10393476486206055,0.0018542513716965914,0.01041196845471859,0.8798782825469971,0.002093737246468663,0.0007968000136315823,normal-z-line/22ab6f07-f4c3-4afa-a42f-06d43bc901be.jpg
3,3,normal-cecum,normal-cecum,True,1.132964916905621e-05,5.978316494292812e-06,3.6525761970551684e-08,0.9991971850395203,7.705799589530216e-07,2.604563009711569e-09,0.0006382440915331244,0.00014653192192781717,normal-cecum/7ba25e62-95ef-4dcf-812d-b81c6edd2f96.jpg
0,0,dyed-lifted-polyps,dyed-lifted-polyps,True,0.7587313652038574,0.23798365890979767,0.00015014973178040236,0.00038357399171218276,2.1113728507771157e-06,0.00013537899940274656,0.0010874943109229207,0.0015263494569808245,dyed-lifted-polyps/4eadf508-81de-4705-9738-6ac33abc1cb0.jpg
6,6,polyps,polyps,True,0.00307817873544991,0.0012084045447409153,0.0008747557294555008,0.031502384692430496,0.003968481905758381,0.002882313448935747,0.9449710249900818,0.0115145118907094,polyps/74cfb908-fdb4-42d1-ad51-1c9ec68a8186.jpg
5,5,normal-z-line,normal-z-line,True,4.207479832984973e-06,2.373329834881588e-06,0.031038781628012657,6.766809406144603e-07,9.128117380896583e-05,0.9688452482223511,1.6127811250044033e-05,1.2937790643263725e-06,normal-z-line/cfcb08a4-7687-4cc1-a165-cf8489c84609.jpg
1,0,dyed-resection-margins,dyed-lifted-polyps,False,0.5971436500549316,0.4010752737522125,0.00016189207963179797,2.878591430999222e-06,1.3591106835519895e-05,2.4955874323495664e-05,0.0013893985887989402,0.0001884186058305204,dyed-resection-margins/1965c755-1ba7-4e4f-86cc-39623f740fc5.jpg
3,3,normal-cecum,normal-cecum,True,1.8797683196680737e-06,6.269261803026893e-07,2.2779460540078844e-09,0.999834418296814,7.836812443429153e-08,2.616075356343117e-09,6.760547694284469e-05,9.530382521916181e-05,normal-cecum/aeaa8d18-4313-49b0-b88c-273c9400707d.jpg
7,7,ulcerative-colitis,ulcerative-colitis,True,7.130584890546743e-06,5.0560433919599745e-06,5.8330413594376296e-05,4.011415057902923e-07,7.055944479361642e-06,1.6370827324863058e-06,3.406330870348029e-05,0.9998863935470581,ulcerative-colitis/15828fa5-ee5b-404e-8c4a-d710f1a0f54a.jpg
6,6,polyps,polyps,True,0.003539049532264471,0.0013172558974474669,0.004593747667968273,0.0005723194335587323,0.0005938371177762747,0.004102631472051144,0.9562959671020508,0.028985165059566498,polyps/cb91e19e-83b2-474b-b7ee-cf283ea21d7a.jpg
4,4,normal-pylorus,normal-pylorus,True,6.391127953975229e-06,7.308098247449379e-06,0.001820798497647047,6.015360213496024e-06,0.994761049747467,0.002684070961549878,0.00017160050629172474,0.0005428132135421038,normal-pylorus/6755bb82-8580-4d64-857f-d456facf8685.jpg
0,0,dyed-lifted-polyps,dyed-lifted-polyps,True,0.5263163447380066,0.4116082489490509,0.01751047745347023,0.000989562482573092,0.007034915499389172,0.02521633543074131,0.0039258417673408985,0.007398229092359543,dyed-lifted-polyps/23b2f181-4cd7-4a89-b157-16a6d275c0e1.jpg
1,1,dyed-resection-margins,dyed-resection-margins,True,0.136230006814003,0.8603845238685608,0.00033285838435404,4.283493763068691e-05,0.0020299991592764854,0.0005204129847697914,0.0003142748028039932,0.00014504656428471208,dyed-resection-margins/c078c82b-1fbd-47a5-b8c4-b77140b51e8f.jpg
5,5,normal-z-line,normal-z-line,True,1.795966090867296e-05,9.50918038142845e-05,0.14955143630504608,1.3588471574621508e-06,0.001050084363669157,0.8488630652427673,0.000379859353415668,4.1108662117039785e-05,normal-z-line/7f82012e-69ff-45ed-9a52-95e87cc4558b.jpg
3,3,normal-cecum,normal-cecum,True,0.00036480999551713467,1.4931427358533256e-05,8.019129381864332e-06,0.9744809865951538,9.634999150875956e-05,1.3750005564361345e-05,0.013512449339032173,0.011508634313941002,normal-cecum/e58c6c77-634b-4495-b602-fbc71501ebe1.jpg
2,5,esophagitis,normal-z-line,False,9.725579002406448e-05,0.0001489624410169199,0.13531026244163513,5.812314611830516e-06,0.008354322984814644,0.8557963967323303,0.00028409287915565073,2.8344145448500058e-06,esophagitis/b3f7e1e1-14c2-4e28-869d-4e53ff96cb7c.jpg
2,2,esophagitis,esophagitis,True,0.00025540555361658335,0.00025590535369701684,0.6242223381996155,1.6994816178339534e-05,0.0016854162095114589,0.3727647066116333,0.0003159056941512972,0.00048339541535824537,esophagitis/9f8809a0-b6cb-440c-a031-a52f260002b6.jpg
4,4,normal-pylorus,normal-pylorus,True,1.0916854080278426e-05,1.717834720693645e-06,0.0008619881118647754,9.513748227618635e-05,0.993606686592102,0.004410589579492807,0.0005442456458695233,0.00046877440763637424,normal-pylorus/9d648e67-48f2-4b9e-a376-b64bc51e2c66.jpg
5,5,normal-z-line,normal-z-line,True,5.715832958230749e-05,0.00030458185938186944,0.1651996523141861,6.60589212202467e-05,0.006670426577329636,0.8275821805000305,8.555257227271795e-05,3.4405835322104394e-05,normal-z-line/dc9b693e-e9f6-45a0-a593-3c1482f45f70.jpg
1,0,dyed-resection-margins,dyed-lifted-polyps,False,0.802268385887146,0.13494671881198883,0.0002713891153689474,0.002628814894706011,2.7554682674235664e-05,3.2472642487846315e-05,0.007400744594633579,0.05242392048239708,dyed-resection-margins/995ee031-9a2c-4568-87e3-269b8bb7db1e.jpg
4,4,normal-pylorus,normal-pylorus,True,0.00027224814402870834,0.0001005841841106303,0.00029376972815953195,0.00040498466114513576,0.9951983094215393,0.0005264919600449502,0.0008668546797707677,0.0023367239627987146,normal-pylorus/d7d8577a-a9da-488e-bde8-f1d5e6fbce05.jpg
3,3,normal-cecum,normal-cecum,True,2.8567108529387042e-05,4.797149813384749e-06,1.9530350670038388e-09,0.9998620748519897,3.203669223239558e-07,8.198760559352536e-10,0.00010209855099674314,2.1127002582943533e-06,normal-cecum/06847293-7b3b-4b4e-96f1-aa144a5c725d.jpg
3,3,normal-cecum,normal-cecum,True,0.004534312058240175,0.0015082652680575848,1.002506905933842e-05,0.9346625804901123,2.4641509298817255e-05,3.7820918805664405e-06,0.05828570947051048,0.0009705530828796327,normal-cecum/5b41e2b1-7211-476b-8503-d69e0a4ac65b.jpg
6,6,polyps,polyps,True,0.006213096901774406,0.0007106096018105745,0.00022989972785580903,0.32731765508651733,0.00022955596796236932,0.0002500464324839413,0.6642971038818359,0.0007520364597439766,polyps/3bae4b0c-3fa7-4b05-9375-a342758b0b7f.jpg
3,3,normal-cecum,normal-cecum,True,0.0015933425165712833,0.00040426754276268184,1.0022286915045697e-05,0.9631370902061462,1.7034522898029536e-05,2.4241435312433168e-05,0.03441343456506729,0.0004006038943771273,normal-cecum/626bff52-4732-4b19-b6f6-8d863b27f509.jpg
7,7,ulcerative-colitis,ulcerative-colitis,True,0.0005758660845458508,0.00021960669255349785,0.00041588745079934597,0.08064952492713928,0.0008244181517511606,0.0005559560959227383,0.1502343863248825,0.7665243148803711,ulcerative-colitis/7b484d6b-9018-4971-98c1-c7818abff639.jpg
5,5,normal-z-line,normal-z-line,True,2.241235506517114e-06,1.4404890862351749e-05,0.0700640082359314,8.500279363943264e-06,0.005849206354469061,0.924034833908081,7.74262662162073e-06,1.905195676954463e-05,normal-z-line/8d8a4b72-68e9-4ed5-9160-32fb74fcef23.jpg
7,7,ulcerative-colitis,ulcerative-colitis,True,0.00010517935152165592,0.0001321179879596457,4.8271795094478875e-06,3.3755400181689765e-06,5.386817747421446e-08,3.20263524145048e-07,0.01922968588769436,0.9805244207382202,ulcerative-colitis/698f130b-41ff-414d-908c-8d8c0f82d4a8_00001607.jpg
1,1,dyed-resection-margins,dyed-resection-margins,True,0.36118271946907043,0.6383002996444702,4.095465919817798e-05,1.8667051335796714e-05,1.2840790475365793e-07,1.2163070550741395e-06,0.00045414743362925947,1.7857120155895245e-06,dyed-resection-margins/5f1123af-e58f-46f4-96c4-83e16179cbd5.jpg
0,0,dyed-lifted-polyps,dyed-lifted-polyps,True,0.7709387540817261,0.22902636229991913,6.171730547066545e-06,3.4610366128617898e-06,1.4451184249253402e-08,3.219583504687762e-06,9.500480700808112e-06,1.2473101378418505e-05,dyed-lifted-polyps/db83bddf-4368-4572-8e66-d52832ba1133.jpg
1,1,dyed-resection-margins,dyed-resection-margins,True,0.0010680492268875241,0.9989299178123474,1.5592848967571626e-06,3.9634426229895325e-07,4.062640446278465e-09,4.895456129361264e-08,7.701046200736528e-08,1.8601408413587706e-08,dyed-resection-margins/a19ca4be-1887-4c78-b8e2-28c115fb1543.jpg
1,1,dyed-resection-margins,dyed-resection-margins,True,0.03848430514335632,0.9161260724067688,0.00014030160673428327,6.187726103235036e-05,3.77819815184921e-05,4.613789860741235e-05,0.0007052063592709601,0.044398412108421326,dyed-resection-margins/400af79d-4386-4d62-b755-94acc38f1d3b.jpg
1,1,dyed-resection-margins,dyed-resection-margins,True,0.0020343076903373003,0.9979356527328491,4.6597722302976763e-07,7.821669896657113e-06,2.412184016975516e-07,8.292157076539297e-07,1.765694105415605e-05,2.9958928280393593e-06,dyed-resection-margins/8513d335-0b58-43eb-8668-f6f836d1c8c1.jpg
4,4,normal-pylorus,normal-pylorus,True,2.8879596811748343e-06,4.6346681870090833e-07,0.0002154559624614194,9.043380941875512e-07,0.9995297193527222,5.9887846873607486e-05,8.117753168335184e-05,0.00010946343536488712,normal-pylorus/7f5c1bbf-91da-4f41-a93f-97aae48334d0.jpg
7,7,ulcerative-colitis,ulcerative-colitis,True,6.178711191751063e-05,1.7128395484178327e-05,0.00016681595297995955,0.00038603428401984274,6.184623634908348e-05,6.040889957148465e-07,0.004659092053771019,0.9946466088294983,ulcerative-colitis/209fd40a-5ded-4949-85d4-0f2b5e4e9b55.jpg
3,3,normal-cecum,normal-cecum,True,0.0011210435768589377,0.0002598843420855701,2.098834011121653e-05,0.9915595650672913,0.0006644615205004811,6.078183650970459e-05,0.003870665328577161,0.0024425555020570755,normal-cecum/7770186e-096c-4f6c-aa2b-6cb65eb01ebe.jpg
5,5,normal-z-line,normal-z-line,True,0.00027130916714668274,0.0002904458378907293,0.0914943590760231,8.028001730053802e-07,0.0013006331864744425,0.9052894115447998,0.0011880265083163977,0.0001650747435633093,normal-z-line/bcbf5d0a-b3fb-49e4-b552-52d27ba85d17.jpg
0,0,dyed-lifted-polyps,dyed-lifted-polyps,True,0.9786447286605835,0.020213404670357704,4.524285395746119e-05,8.232902473537251e-06,2.351883722440107e-06,6.014082464389503e-05,0.001024529105052352,1.3940816643298604e-06,dyed-lifted-polyps/a5302d7a-18f8-4c15-9daa-9b0777f855eb.jpg
6,6,polyps,polyps,True,0.0037015085108578205,0.00010099225619342178,4.275294122635387e-05,7.346908387262374e-05,0.00012595976295415312,5.592424258793471e-06,0.9950098991394043,0.0009399160626344383,polyps/ae4323eb-7c93-4b2f-9ac1-4f1a63a416a8.jpg
5,5,normal-z-line,normal-z-line,True,8.144023013301194e-05,0.00013461893831845373,0.10331851989030838,3.93346454075072e-06,7.2845934482757e-05,0.8956538438796997,8.681660983711481e-05,0.0006479974836111069,normal-z-line/f9482c46-c4d3-40f2-b8dd-c1b493ce2806.jpg
3,3,normal-cecum,normal-cecum,True,0.00024073629174381495,5.1851297030225396e-05,3.076796201639809e-05,0.9615160226821899,0.0015005674213171005,8.401956438319758e-05,0.027040541172027588,0.009535645134747028,normal-cecum/68b57fc7-e33b-46f0-9c41-a64845b99638.jpg
4,4,normal-pylorus,normal-pylorus,True,4.271949762824079e-07,1.1275054134785023e-07,4.749294021166861e-05,2.148075424202034e-07,0.999832034111023,5.411701204138808e-05,1.2295052329136524e-05,5.3194540669210255e-05,normal-pylorus/9cbebba1-1884-4778-a71c-7285fb4d0c7d.jpg
3,3,normal-cecum,normal-cecum,True,0.00025259924586862326,1.935197360580787e-05,1.1945064670726424e-07,0.9991766810417175,4.957947226102988e-07,5.462760555019486e-08,0.00018626335076987743,0.0003643054806161672,normal-cecum/3e41b720-3049-41d4-8d7c-f25c0c3c7bd9.jpg
0,0,dyed-lifted-polyps,dyed-lifted-polyps,True,0.9994832277297974,0.0005003372207283974,3.1223987662087893e-07,1.3774192098026106e-07,4.6165826006472344e-07,1.7652813255608635e-07,1.511752179794712e-05,7.194740447857839e-08,dyed-lifted-polyps/c73508ec-5bea-4f14-93d6-d881b19a5f59.jpg
1,1,dyed-resection-margins,dyed-resection-margins,True,0.0009631660650484264,0.998915433883667,3.764382563531399e-05,2.1296527563663403e-07,7.518243023696414e-07,7.719328277744353e-05,5.104434876557207e-06,5.399685392148967e-07,dyed-resection-margins/86fd3040-20c9-435f-9a2b-785742f1efb2.jpg
0,0,dyed-lifted-polyps,dyed-lifted-polyps,True,0.7237168550491333,0.05266018584370613,0.0004553995677269995,0.0012094533303752542,0.0009925265330821276,6.790628685848787e-05,0.16193386912345886,0.058963894844055176,dyed-lifted-polyps/53a6b3c5-94a8-4701-a783-f9e705389983.jpg
6,6,polyps,polyps,True,0.0018347931327298284,0.005335852038115263,2.8299089535721578e-05,0.0005394789041019976,1.5196042113529984e-05,1.1189395081601106e-05,0.9762484431266785,0.015986770391464233,polyps/524e6499-363b-411a-b6ff-669f6d7862bb.jpg
5,5,normal-z-line,normal-z-line,True,1.873828841780778e-05,1.4720522813149728e-05,0.06562229990959167,4.576170249492861e-05,0.00405548419803381,0.9301493763923645,4.667557368520647e-05,4.698722477769479e-05,normal-z-line/8a8b6d9e-c706-4bc1-a1fb-79cae9a16f07.jpg
5,5,normal-z-line,normal-z-line,True,2.254588480354869e-06,4.8196354327956215e-05,0.047000959515571594,1.161539216809615e-06,5.145915565663017e-05,0.9528829455375671,1.0969219147227705e-05,2.0183476863167016e-06,normal-z-line/bbeac024-2127-4d84-ac8b-2f25e49a2c82.jpg
7,7,ulcerative-colitis,ulcerative-colitis,True,4.257901673554443e-05,0.0006170254782773554,2.342397692700615e-06,0.0002163168101105839,1.9912677373667975e-07,3.1107165341381915e-06,0.0217643640935421,0.9773539900779724,ulcerative-colitis/5e8dcffd-2353-4422-b00c-ec45e09938e9.jpg
4,4,normal-pylorus,normal-pylorus,True,0.0005960217677056789,0.00016994266479741782,0.012634959071874619,0.004775489214807749,0.9383381605148315,0.01497570052742958,0.026223571971058846,0.0022861112374812365,normal-pylorus/163eef08-888d-4f3d-a0cd-004f56a9b827.jpg
6,6,polyps,polyps,True,0.0027249047998338938,0.001619424088858068,0.0004650878254324198,0.003906012512743473,0.0001454130106139928,0.001516704447567463,0.6825922131538391,0.30703017115592957,polyps/0a98bcca-3046-4d9f-adf7-301ef4897e7a.jpg
1,1,dyed-resection-margins,dyed-resection-margins,True,0.002113673137500882,0.9978798627853394,3.853732778225094e-06,8.574919441173279e-09,1.1329693627715187e-08,2.2157715307002945e-07,6.217616146386717e-07,1.8034130562227801e-06,dyed-resection-margins/75a89326-2dc6-4ac3-b4e3-d5c07cfa334d.jpg
0,0,dyed-lifted-polyps,dyed-lifted-polyps,True,0.9658262133598328,0.02248026244342327,3.96760924559203e-06,0.004059626720845699,1.528842403786257e-05,1.3374205082072876e-05,0.0057608624920248985,0.0018404588336125016,dyed-lifted-polyps/c1de6db9-ce15-458d-97d6-4c1084ad85ef.jpg
0,0,dyed-lifted-polyps,dyed-lifted-polyps,True,0.5870923399925232,0.41287434101104736,1.776958924892824e-05,2.0343674123068922e-07,7.722423589484606e-09,1.327297377429204e-05,1.7089978427975439e-06,3.572745583824144e-07,dyed-lifted-polyps/82315326-4999-4ecb-99f4-400d894fc6f8.jpg
4,4,normal-pylorus,normal-pylorus,True,2.1236023712845054e-06,2.787090807032655e-07,0.00024192333512473851,6.897089406265877e-07,0.9986355900764465,0.000922075763810426,5.0289974751649424e-05,0.0001470032730139792,normal-pylorus/cf00bbbd-b18a-42ae-b855-4a1844f612bf.jpg
4,4,normal-pylorus,normal-pylorus,True,1.203745455313765e-06,6.634498816993073e-08,0.00010939728235825896,4.510009603109211e-05,0.9994459748268127,0.0001877134054666385,2.2729456759407185e-05,0.00018779182573780417,normal-pylorus/6f323590-3cfd-4270-a44a-d635b394a3dc.jpg
2,5,esophagitis,normal-z-line,False,6.710257730446756e-05,4.72674764750991e-05,0.19276057183742523,0.00011614248796831816,0.009662817232310772,0.7969852685928345,0.0003151623241137713,4.552202153718099e-05,esophagitis/19d8c1dd-cb48-45f8-9280-ad57fa43ca0d.jpg
4,4,normal-pylorus,normal-pylorus,True,6.451301942433929e-06,8.487353397867992e-07,0.00028052093693986535,2.6519921448198147e-05,0.9982576966285706,0.000918734644073993,0.0002581216103862971,0.00025117071345448494,normal-pylorus/eb06c610-d965-41e7-8ab2-743eaef10259.jpg
1,1,dyed-resection-margins,dyed-resection-margins,True,0.0001980305532924831,0.9995126724243164,0.00017314389697276056,2.7094785082226736e-08,9.924650612447294e-08,0.00011227238428546116,1.87362854831008e-06,1.890437147267221e-06,dyed-resection-margins/d79b8ffc-6ab9-45f8-b226-6a40aafeb9b5.jpg
5,5,normal-z-line,normal-z-line,True,6.963015266592265e-07,1.322108232670871e-06,0.010412391275167465,3.787560274304269e-07,7.582041871501133e-05,0.98949134349823,1.736419835651759e-05,6.7958302452098e-07,normal-z-line/b50ca54a-203b-483e-92b6-d3a0b9d16ae1.jpg
5,2,normal-z-line,esophagitis,False,0.00014339509652927518,0.0002772684092633426,0.7793788909912109,6.317876568573411e-07,0.0002374257892370224,0.21503134071826935,0.004364343825727701,0.0005666938959620893,normal-z-line/87bdb51f-e12e-4b18-8abb-f14849133d46.jpg
0,0,dyed-lifted-polyps,dyed-lifted-polyps,True,0.9873728156089783,0.0017570258351042867,3.3232979035346943e-07,4.0450111555401236e-05,7.147668412699204e-08,7.843966898235522e-08,0.010821042582392693,8.121297469187994e-06,dyed-lifted-polyps/d2a77e71-6b7c-4178-b371-f93deabe13ff.jpg
2,2,esophagitis,esophagitis,True,9.904831131279934e-06,8.408735084231012e-06,0.599678635597229,9.606443427401246e-07,0.0004986647982150316,0.3997270464897156,7.427023228956386e-05,2.0651327758969273e-06,esophagitis/3f37b84e-d490-4020-b4df-07c952053b9b.jpg
3,3,normal-cecum,normal-cecum,True,1.714696736598853e-05,4.542349870462203e-06,2.8750756086992624e-07,0.997425377368927,3.419430925077904e-07,6.654966711039378e-08,0.002234319457784295,0.0003178580664098263,normal-cecum/9b420421-8662-4400-8202-6af21b2fad39.jpg
0,0,dyed-lifted-polyps,dyed-lifted-polyps,True,0.782929003238678,0.2169445902109146,2.3542193048342597e-06,1.4922977243259083e-05,4.132583342197904e-08,2.0118218202469507e-08,6.806675082771108e-05,4.098392673768103e-05,dyed-lifted-polyps/f004b232-558b-4da2-ac05-e680eb583913.jpg
0,0,dyed-lifted-polyps,dyed-lifted-polyps,True,0.8003444671630859,0.19914110004901886,2.572967787273228e-06,4.173296929366188e-06,2.567413503129501e-06,9.27678399875731e-07,0.00028536628815345466,0.00021880376152694225,dyed-lifted-polyps/b54a1b23-2c6c-48bf-bce7-7ebd2d152715.jpg
7,7,ulcerative-colitis,ulcerative-colitis,True,0.000974974303971976,0.0028534557204693556,3.271908553870162e-06,6.551641126861796e-05,5.108621508043143e-07,2.302148658372971e-07,0.002693630289286375,0.9934084415435791,ulcerative-colitis/c7387520-25ed-413e-bb3f-6314eda7c606.jpg
4,4,normal-pylorus,normal-pylorus,True,1.6149689940903045e-07,1.622885470453639e-08,1.4436604942602571e-05,1.0231902081159205e-07,0.9999339580535889,9.385086741531268e-06,1.8999427993549034e-05,2.2936073946766555e-05,normal-pylorus/858a4d01-01f7-4950-ba8a-db8fd9bffca4.jpg
7,7,ulcerative-colitis,ulcerative-colitis,True,0.002938317833468318,0.0008320732740685344,2.8835716875619255e-05,0.019907915964722633,4.5022654376225546e-05,1.5175854741755757e-06,0.01997189223766327,0.9562744498252869,ulcerative-colitis/e47cbe95-7d3a-407c-8f03-038fd05296dd.jpg
3,3,normal-cecum,normal-cecum,True,0.0036775267217308283,0.0002509435289539397,0.00012008500198135152,0.9754709005355835,0.0009155345032922924,4.5946246245875955e-05,0.019359974190592766,0.00015911227092146873,normal-cecum/0561eb4b-1def-4376-9d25-0c123eabd9b2.jpg
1,1,dyed-resection-margins,dyed-resection-margins,True,0.05747927725315094,0.9172653555870056,0.0040587191469967365,0.003340390045195818,0.00010368137009209022,0.0008649336523376405,0.0009443885646760464,0.01594330556690693,dyed-resection-margins/a27b8323-c7b5-484b-bfb1-1d95669e7175.jpg
6,6,polyps,polyps,True,0.04483131691813469,0.0022263075225055218,0.0011709047248587012,0.00776916928589344,6.1890723372926e-06,0.0004721991717815399,0.9115260243415833,0.031997937709093094,polyps/56d36c2a-a318-4aef-a454-2b58be054342.jpg
4,4,normal-pylorus,normal-pylorus,True,1.8331487581235706e-06,7.338866225836682e-07,7.56821027607657e-05,8.441253385171876e-08,0.9992831349372864,8.191537745005917e-06,1.9110302673652768e-05,0.0006113019771873951,normal-pylorus/c932679f-7c73-4f20-9770-e97c6ec65cb5.jpg
2,5,esophagitis,normal-z-line,False,9.628284169593826e-05,2.5563169401721098e-05,0.043779850006103516,3.4273637083970243e-06,0.007337950635701418,0.9423149228096008,0.006441665813326836,2.537190368911979e-07,esophagitis/4152c0a4-db41-49a1-97ab-dae35b6c7226.jpg
3,3,normal-cecum,normal-cecum,True,5.291482375469059e-05,5.204003173275851e-05,2.831714709827793e-06,0.9994341731071472,1.3214230420999229e-05,1.1150906402690453e-06,0.0001793531992007047,0.0002644071646500379,normal-cecum/5a7a835e-0a56-48f5-b44f-09aee583a73c.jpg
5,5,normal-z-line,normal-z-line,True,0.0001602784323040396,0.000288824929157272,0.29488787055015564,9.550984714223887e-07,0.0013619730016216636,0.7025558352470398,0.0006607139948755503,8.343501394847408e-05,normal-z-line/d40f6e50-7231-498e-9398-ecab96487df0.jpg
6,6,polyps,polyps,True,0.0036315876059234142,0.00012005079770460725,5.517811587196775e-05,0.005662714131176472,2.2146330138639314e-06,1.9327915651956573e-05,0.9880989193916321,0.0024100227747112513,polyps/1c121ac5-0545-4644-943c-7ead76f2ca53.jpg
6,6,polyps,polyps,True,0.0008990743081085384,3.3119395084213465e-05,1.5052482922328636e-05,0.00409546447917819,0.00021809118334203959,0.00010569137521088123,0.9943417310714722,0.00029177090618759394,polyps/20cb9bd3-af0e-44ea-98a2-186b148d2595.jpg
4,4,normal-pylorus,normal-pylorus,True,1.435746668221327e-07,6.362999727116403e-08,1.8139071471523494e-05,9.116384092067165e-08,0.9997959733009338,0.00017976650269702077,5.380108632380143e-06,5.793580157842371e-07,normal-pylorus/8a8f5fcd-ae50-4559-a645-62a87125209c.jpg
3,3,normal-cecum,normal-cecum,True,0.00043155252933502197,8.159312710631639e-05,1.2357514606264886e-05,0.9757330417633057,3.517151753840153e-06,5.373523777052469e-07,0.007090895436704159,0.016646457836031914,normal-cecum/87df4105-14f8-43ad-b371-aa64e5845be3.jpg
6,6,polyps,polyps,True,0.008561969734728336,0.005394289270043373,2.5610070224502124e-05,0.002805097494274378,2.2870424800203182e-05,2.9958027880638838e-05,0.980278730392456,0.0028814850375056267,polyps/655c8791-b9c7-40bb-8a13-8751b99b6b3b.jpg
0,1,dyed-lifted-polyps,dyed-resection-margins,False,0.3182601034641266,0.6816450357437134,4.212657586322166e-05,4.426000188573198e-08,3.609829093420558e-07,2.8541410301841097e-06,1.3537459153667442e-06,4.817029184778221e-05,dyed-lifted-polyps/a5cf92b3-ddaf-411b-ac9e-391a12469325.jpg
4,4,normal-pylorus,normal-pylorus,True,1.0642640972946538e-06,2.127373477378569e-07,0.0005495484219864011,6.932518317626091e-06,0.9989956021308899,0.00014746127999387681,2.681042496988084e-05,0.00027228175895288587,normal-pylorus/c78e176f-792f-4913-b554-ee08813ba1b9.jpg
1,1,dyed-resection-margins,dyed-resection-margins,True,0.04576736316084862,0.9541112184524536,3.089567690039985e-05,5.991219950374216e-05,3.451725888226065e-06,9.391214007337112e-06,1.7328260582871735e-05,3.916078412657953e-07,dyed-resection-margins/ec40e8a0-8277-4245-a5b1-a912dac236a0.jpg
3,3,normal-cecum,normal-cecum,True,0.002067136112600565,0.00044220947893336415,2.8034467050019884e-06,0.8476983904838562,0.002030000789090991,8.590872312197462e-05,0.14266328513622284,0.005010232795029879,normal-cecum/6591212c-eebc-4796-af9e-cf7b5ad4457d.jpg
2,2,esophagitis,esophagitis,True,0.00010973829193972051,0.00017963563732337207,0.49761196970939636,9.155910447589122e-06,0.006795314606279135,0.49396711587905884,0.0003681145317386836,0.0009589786059223115,esophagitis/33d9f2ca-b440-45ca-9b4d-8c3ef712aa89.jpg
1,1,dyed-resection-margins,dyed-resection-margins,True,0.221302792429924,0.7784908413887024,1.3861246088708867e-06,5.7687240769155324e-05,6.557024256892419e-09,5.116423835715977e-07,0.0001412021811120212,5.466290531330742e-06,dyed-resection-margins/0f380c75-78d0-45a1-a706-5783bcd2743e.jpg
1,1,dyed-resection-margins,dyed-resection-margins,True,0.19034762680530548,0.7990071177482605,0.00015312599134631455,0.002482558134943247,4.745952537632547e-05,0.00024699841742403805,0.001005000900477171,0.006710105575621128,dyed-resection-margins/8cbf3c72-7537-43c1-9c11-cac5750dbd37.jpg
6,6,polyps,polyps,True,0.0021290937438607216,0.0007851119735278189,0.000226489151827991,0.09952840209007263,4.864867150899954e-05,2.5142803679045755e-06,0.8938019275665283,0.0034777738619595766,polyps/1d0435f6-e6bb-41eb-8eba-47bac8d37296.jpg
7,7,ulcerative-colitis,ulcerative-colitis,True,0.0026008524000644684,0.00010791769454954192,9.000249519885983e-06,0.0006011638906784356,1.0546826842983137e-06,5.773603675152117e-07,0.04677801579236984,0.9499014019966125,ulcerative-colitis/328e808d-5a15-4bd1-b11a-74d04f89f19b.jpg
6,6,polyps,polyps,True,0.05113307386636734,0.01919158734381199,0.0006393911316990852,0.15661248564720154,0.0001252855290658772,5.6837150623323396e-05,0.7486794590950012,0.023561973124742508,polyps/0efad162-7fd8-472e-ab4f-c5ed8a7569b4.jpg
0,0,dyed-lifted-polyps,dyed-lifted-polyps,True,0.8683363199234009,0.13140735030174255,1.01426746823563e-06,0.00013188019511289895,1.8829173598078341e-07,1.6847974393385812e-06,6.620093336096033e-05,5.54507969354745e-05,dyed-lifted-polyps/09b7e0c1-feee-4f70-a351-5a122ce92a1e.jpg
4,4,normal-pylorus,normal-pylorus,True,0.0007510769064538181,0.0007992370519787073,0.032444264739751816,0.10956285148859024,0.45748162269592285,0.2969508469104767,0.02180088683962822,0.08020922541618347,normal-pylorus/8bb731fc-b025-420e-b43d-87c803ef4f37.jpg
1,1,dyed-resection-margins,dyed-resection-margins,True,0.2244388461112976,0.7729946374893188,6.163590296637267e-05,9.550817776471376e-05,7.894583973211411e-07,2.4948749342001975e-05,0.0008713123970665038,0.0015122784534469247,dyed-resection-margins/77ec103c-6441-400e-be56-8b93bc766160.jpg
7,7,ulcerative-colitis,ulcerative-colitis,True,0.09352068603038788,0.11679527163505554,0.0012349941534921527,0.05156902223825455,3.381484930287115e-05,0.0014632528182119131,0.2697533369064331,0.4656296670436859,ulcerative-colitis/4c327e7c-5045-43e2-99bb-5e64bc248b5a.jpg
6,6,polyps,polyps,True,0.009347258135676384,0.009128095582127571,0.00011226564674871042,0.05911058187484741,0.00015479825378861278,0.0002090975467581302,0.8692758679389954,0.05266200751066208,polyps/47bcdfff-ecb9-42fd-8091-d63ee2f7dada.jpg
0,1,dyed-lifted-polyps,dyed-resection-margins,False,0.37764212489128113,0.6216402649879456,0.00025820606970228255,1.4998739970906172e-05,1.8484295196685707e-06,9.161453635897487e-05,5.597216386377113e-06,0.00034532061545178294,dyed-lifted-polyps/a25c1093-0f6c-4265-a6c3-6989700b2315.jpg
5,5,normal-z-line,normal-z-line,True,1.844344660639763e-05,0.00014838218339718878,0.06259025633335114,2.3350083210971206e-05,0.0011329838307574391,0.9323721528053284,0.0014895747881382704,0.0022248446475714445,normal-z-line/c5811192-91a9-48ca-a752-68fbe0441f27.jpg
1,0,dyed-resection-margins,dyed-lifted-polyps,False,0.7819742560386658,0.21780365705490112,9.46330874285195e-06,7.552409442723729e-06,5.273241043823873e-08,4.051096766488627e-06,0.00020053295884281397,3.123751071143488e-07,dyed-resection-margins/727df716-a7d8-487e-9ce5-06c0b117c938.jpg
3,6,normal-cecum,polyps,False,0.035718172788619995,0.0032254320103675127,1.3126958037901204e-05,0.2829606533050537,1.5683897345297737e-06,2.2251638256420847e-06,0.6775845289230347,0.0004942771629430354,normal-cecum/3b53d45e-4019-474f-acde-07b4e54ff26a.jpg
0,0,dyed-lifted-polyps,dyed-lifted-polyps,True,0.8091941475868225,0.18581143021583557,3.7663117836927995e-05,6.719685188727453e-05,2.6910814995062537e-05,2.4231572751887143e-05,0.0014156801626086235,0.0034227704163640738,dyed-lifted-polyps/72c3e522-aa21-4e78-a7e3-eaa793ebca35.jpg
2,2,esophagitis,esophagitis,True,5.276985029922798e-05,8.218887523980811e-05,0.9910620450973511,2.851076352783366e-08,1.1126890058221761e-06,0.008782520890235901,1.1826391528302338e-05,7.476480732293567e-06,esophagitis/d9e397f7-29e4-4851-b7fa-bbb32e5f1169.jpg
3,3,normal-cecum,normal-cecum,True,0.00024338999355677515,0.0002792460727505386,2.4657365429447964e-06,0.9887146353721619,0.0012565390206873417,8.0178306234302e-06,0.007449627388268709,0.0020461101084947586,normal-cecum/67d81f62-08c3-44ce-9a85-dc2fbe6da942.jpg
6,6,polyps,polyps,True,0.0003959870955441147,0.00015784571587573737,0.001479170168749988,0.00018642490613274276,0.013228112831711769,0.0027944515459239483,0.9804641604423523,0.001294007757678628,polyps/b3a01269-1dc6-43a0-9d5e-1861db87d8be.jpg
3,3,normal-cecum,normal-cecum,True,4.272298247087747e-05,2.5703689971123822e-05,2.2771957901568385e-06,0.9997571110725403,1.3341302746994188e-06,4.829154249819112e-07,0.00015870515198912472,1.166087076853728e-05,normal-cecum/eb4c2e64-6dd6-4191-a670-e858733d58dd.jpg
5,2,normal-z-line,esophagitis,False,0.0007198437815532088,0.00020846808911301196,0.552055835723877,0.0004912425065413117,0.048140812665224075,0.37513577938079834,0.014160243794322014,0.009087749756872654,normal-z-line/b52546e0-266b-4347-9cd2-fbfdc10e5ac2.jpg
4,4,normal-pylorus,normal-pylorus,True,2.697516492844443e-06,2.8427616598492023e-06,0.0006333252531476319,4.805988851330767e-07,0.9974552989006042,0.0018459770362824202,1.4712744814460166e-05,4.467643520911224e-05,normal-pylorus/ae77941e-fab3-4b3c-b8b6-c0559d58870c.jpg
6,6,polyps,polyps,True,0.002184905344620347,4.443171201273799e-05,1.902648182294797e-05,0.0009195089223794639,0.00022953942243475467,4.927682311972603e-05,0.9906765222549438,0.0058768982999026775,polyps/59f50c86-bd93-466c-ae28-cc57687b9eca.jpg
4,5,normal-pylorus,normal-z-line,False,1.5860088751651347e-05,3.137561725452542e-05,0.13481687009334564,3.198735157639021e-06,0.31990835070610046,0.5448764562606812,4.3056763388449326e-05,0.00030489263008348644,normal-pylorus/0be09646-f39c-4f3a-932b-db971c569e45.jpg
3,3,normal-cecum,normal-cecum,True,5.414688348537311e-05,8.31383658805862e-06,1.655038950332255e-08,0.9981158971786499,8.307642360705358e-07,1.4595863184752034e-08,0.0002616761194076389,0.0015591775299981236,normal-cecum/e2d9d590-6837-4b87-bcc0-794217e1ebd5.jpg
6,6,polyps,polyps,True,0.0033497775439172983,0.0010369322262704372,0.0010630947072058916,0.05388467758893967,0.00032413401640951633,0.0017508488381281495,0.9366441965103149,0.001946318312548101,polyps/92ff857f-46eb-42d5-bbaa-b864de6b78bd.jpg
4,4,normal-pylorus,normal-pylorus,True,4.3597262333605613e-07,2.89360286842566e-08,6.635722820647061e-05,1.7822169695591583e-07,0.9997585415840149,3.900981027982198e-05,5.196771326154703e-06,0.00013024729560129344,normal-pylorus/dcfe9caf-07e3-44cf-a743-0082d788f4ac.jpg
7,7,ulcerative-colitis,ulcerative-colitis,True,0.0073162224143743515,0.00031927553936839104,7.1394701990357134e-06,0.004756613168865442,1.1008640967702377e-06,1.9161043951498868e-07,0.006136876065284014,0.9814624786376953,ulcerative-colitis/2a9ce8f3-c1b5-4e59-b2f6-abd15927932f.jpg
5,5,normal-z-line,normal-z-line,True,1.3048367009105277e-06,5.579341814154759e-05,0.028194570913910866,2.596144383915089e-07,6.754139758413658e-05,0.9716775417327881,1.9859282929246547e-06,9.136712151303072e-07,normal-z-line/fc544b57-94ac-40f6-82cc-49474a8dbced.jpg
3,3,normal-cecum,normal-cecum,True,0.0005776173202320933,0.0001462894433643669,2.788064875858254e-06,0.9931421279907227,0.0031645868439227343,5.9040252381237224e-05,0.0027899269480258226,0.00011765352246584371,normal-cecum/27ac6ea2-9a5a-407b-b67b-bac79acadfdf.jpg
7,7,ulcerative-colitis,ulcerative-colitis,True,7.11794345988892e-05,2.7879903427674435e-05,0.00016102669178508222,0.002452548360452056,2.9905066185165197e-05,3.5548434880183777e-06,0.006696488708257675,0.9905574321746826,ulcerative-colitis/373da343-d708-4169-9db0-9c30d7463bc3.jpg
4,4,normal-pylorus,normal-pylorus,True,8.262533697234176e-07,5.079842253508104e-07,7.027639367152005e-05,2.1152176486793905e-05,0.9995237588882446,6.726322317263111e-05,7.339919829973951e-05,0.00024283688981086016,normal-pylorus/b723b2c8-6aaa-4d0a-a0a1-945b48c84653.jpg
7,7,ulcerative-colitis,ulcerative-colitis,True,0.002875915262848139,0.002660619094967842,3.1198760552797467e-05,0.000472919549793005,8.063853442763502e-07,3.7417576095322147e-06,0.049464210867881775,0.9444906711578369,ulcerative-colitis/2f2ae3b5-08a1-4fae-b78c-6b6f425f9a80.jpg
4,4,normal-pylorus,normal-pylorus,True,7.868847973213633e-08,1.2224083434375643e-07,9.740040695760399e-05,4.265988081897376e-06,0.999809205532074,8.194220572477207e-05,5.941627932770643e-06,1.0716159977164352e-06,normal-pylorus/5cdf8cea-7a5b-4763-8a4e-a78e6c97d0ae.jpg
2,5,esophagitis,normal-z-line,False,6.291990757745225e-06,1.249857905349927e-05,0.03666279837489128,5.531810984393815e-06,0.0013610104797407985,0.9618799686431885,4.931234798277728e-05,2.258805943711195e-05,esophagitis/8b21be1f-8425-495b-b96c-0f29528fbc6f.jpg
2,2,esophagitis,esophagitis,True,0.0013408551458269358,0.0017065774882212281,0.9572024345397949,5.81463536946103e-05,0.011969583109021187,0.02102627605199814,0.005531785078346729,0.001164404209703207,esophagitis/43cce00a-65bc-4866-9c40-f6848980d27b.jpg
0,1,dyed-lifted-polyps,dyed-resection-margins,False,0.12921182811260223,0.8704301714897156,1.9330211216583848e-05,5.990427780488972e-07,6.684140174684217e-08,5.128570137458155e-06,1.1139994967379607e-05,0.0003217754710931331,dyed-lifted-polyps/b93089c3-0c65-4e3f-9dd0-791a5dee0394.jpg
5,5,normal-z-line,normal-z-line,True,5.297891402733512e-05,0.00010674146324163303,0.020724399015307426,1.2909006272820989e-06,0.0019863920751959085,0.977044403553009,8.246461220551282e-05,1.3771333442491596e-06,normal-z-line/e4eed805-8aa1-4035-b7e7-e6368d4089df.jpg
0,0,dyed-lifted-polyps,dyed-lifted-polyps,True,0.6705402731895447,0.32337144017219543,0.00021803233539685607,0.0020476949866861105,2.104795385093894e-05,0.002644361462444067,0.0009507584618404508,0.0002064141008304432,dyed-lifted-polyps/dff67e1f-94d5-422a-839b-b4ff429f9bcf.jpg
5,5,normal-z-line,normal-z-line,True,5.4220330639509484e-05,3.0367084036697634e-05,0.01785619743168354,0.00010606110299704596,0.021459335461258888,0.9550859928131104,0.0047350795939564705,0.0006726713036186993,normal-z-line/2665253a-eda9-493a-91e0-93ed5d63f659.jpg
5,5,normal-z-line,normal-z-line,True,3.5778971323452424e-06,0.00021126150386407971,0.020095430314540863,2.430130280117737e-06,0.001723172958008945,0.9779161810874939,4.550491212285124e-05,2.46692843575147e-06,normal-z-line/387ca6bf-3662-478d-9c5f-6f5a92a04488.jpg
3,3,normal-cecum,normal-cecum,True,8.368666749447584e-05,2.384706021985039e-05,6.990675274209934e-07,0.9981427192687988,1.4403035208943038e-07,2.122986444419439e-07,0.0015871877549216151,0.00016155876801349223,normal-cecum/c945c9e2-9c3f-488e-874b-dac55ebf64db.jpg
4,4,normal-pylorus,normal-pylorus,True,1.3823074596075458e-06,1.1284776064712787e-06,8.741194506001193e-06,9.031588888319675e-06,0.9998780488967896,2.3887925635790452e-05,2.6586281819618307e-05,5.1127000915585086e-05,normal-pylorus/e15c7bed-37ef-4720-a0c8-0f255cc8cf4b.jpg
4,4,normal-pylorus,normal-pylorus,True,4.559506123769097e-06,2.1211194507486653e-06,0.0026779056061059237,2.531874372380116e-07,0.9966863989830017,0.0003138556785415858,0.00010643315181368962,0.0002085657324641943,normal-pylorus/bd045f61-d72a-44d9-ae3f-16ce64a57f01.jpg
0,0,dyed-lifted-polyps,dyed-lifted-polyps,True,0.9975385665893555,0.0024384544230997562,2.519184079119441e-07,1.9497809944368782e-07,1.5145121823323393e-09,1.4240789880659577e-07,2.2376512788468972e-05,1.0422779439522856e-07,dyed-lifted-polyps/75fb60c5-75c4-4faa-9e55-673ae15edcf4.jpg
5,5,normal-z-line,normal-z-line,True,9.11625029402785e-05,0.00010478399781277403,0.16313140094280243,0.00011237544822506607,0.005131115205585957,0.8302468061447144,0.00036327686393633485,0.0008190624066628516,normal-z-line/e7e97269-ff2c-4f1d-883c-2f8b175beace.jpg
0,0,dyed-lifted-polyps,dyed-lifted-polyps,True,0.9828208684921265,0.0169965922832489,2.541636092701083e-07,9.762834088178352e-05,6.158084886465076e-08,7.108870647698495e-08,4.740343501907773e-05,3.704401751747355e-05,dyed-lifted-polyps/18cc7835-7f43-4953-9d17-809c2d3abaaf.jpg
4,4,normal-pylorus,normal-pylorus,True,0.00041749750380404294,1.3199889508541673e-05,0.00397521024569869,1.7041704268194735e-05,0.9741166234016418,0.013033566065132618,0.008381232619285583,4.562449612421915e-05,normal-pylorus/86fed752-3bff-4b80-afed-b78cbf892f52.jpg
7,7,ulcerative-colitis,ulcerative-colitis,True,0.0038605101872235537,0.0044051967561244965,8.878049993654713e-05,0.03124457225203514,3.975541767431423e-05,1.1223351066291798e-05,0.08079607784748077,0.8795539140701294,ulcerative-colitis/698f130b-41ff-414d-908c-8d8c0f82d4a8_00001587.jpg
3,3,normal-cecum,normal-cecum,True,0.0008478620438836515,0.0004644824075512588,1.005263925435429e-06,0.9948239326477051,1.9127848815969628e-07,3.450726282494543e-08,0.003622514195740223,0.00023997614334803075,normal-cecum/ead9c47b-cd35-4a1b-82d4-ab5602af8d02.jpg
2,5,esophagitis,normal-z-line,False,9.390632840222679e-06,5.230104761722032e-06,0.06703098863363266,2.221124759671511e-06,0.0024036066606640816,0.9304134845733643,9.267648420063779e-05,4.239749978296459e-05,esophagitis/472b299d-1eca-4ce0-8ba0-79f65c1b7366.jpg
1,1,dyed-resection-margins,dyed-resection-margins,True,0.46061959862709045,0.5247220993041992,0.0028572778683155775,0.0003386398311704397,9.629197302274406e-05,0.0019786180928349495,0.00582179194316268,0.003565737046301365,dyed-resection-margins/4c430475-576e-424d-a1f7-d26a6ca7b521.jpg
1,1,dyed-resection-margins,dyed-resection-margins,True,0.12722088396549225,0.7586263418197632,0.0004087128327228129,0.0030751230660825968,6.0966689488850534e-05,0.000823360460344702,0.011959659866988659,0.09782495349645615,dyed-resection-margins/80c6f79a-c028-4cfa-ab9f-2c6a93a9042c.jpg
7,7,ulcerative-colitis,ulcerative-colitis,True,0.0016212929040193558,0.0019797810819000006,5.037305527366698e-05,0.013114601373672485,5.091793809697265e-06,4.842294401896652e-06,0.009622640907764435,0.9736014008522034,ulcerative-colitis/45842efe-b78d-4e94-b6b2-b5899d4a29bc.jpg
4,4,normal-pylorus,normal-pylorus,True,0.0003852868394460529,0.0001031642168527469,0.010541361756622791,0.0012554192217066884,0.9463739991188049,0.03865302354097366,0.0021479246206581593,0.0005398028297349811,normal-pylorus/bb86fa1b-3ee0-419e-a048-fdbed5cbf1e1.jpg
4,4,normal-pylorus,normal-pylorus,True,0.0005710485856980085,0.00010949962597806007,0.010890939272940159,0.0015879784477874637,0.8946020007133484,0.08289389312267303,0.007921917364001274,0.0014226437779143453,normal-pylorus/8baeccb9-1f39-47cc-89aa-c860864ef7fc.jpg
7,7,ulcerative-colitis,ulcerative-colitis,True,0.0005582868470810354,0.0010961064836010337,0.003961099311709404,0.0009840514976531267,0.00126480998005718,0.00553977070376277,0.0027550426311790943,0.9838408827781677,ulcerative-colitis/d82eb7f9-9988-42a2-8140-11f335d893cd.jpg
3,3,normal-cecum,normal-cecum,True,0.00040858975262381136,8.6011721577961e-05,2.7089680543213035e-07,0.997005045413971,4.565028120850911e-06,6.661395559603989e-07,0.0018220121273770928,0.00067286123521626,normal-cecum/0e2033f0-fed2-47cc-9ee0-cf812c85660f.jpg
6,6,polyps,polyps,True,0.0032407778780907393,0.0014629608485847712,3.889159415848553e-05,0.0006230422295629978,5.129897431288555e-07,2.873159701266559e-06,0.9278819561004639,0.06674893945455551,polyps/c61fb6e8-ef58-4379-99df-107a312f1005.jpg
0,0,dyed-lifted-polyps,dyed-lifted-polyps,True,0.8445479273796082,0.13069182634353638,2.3771376618242357e-06,0.0005926513113081455,2.0730084315800923e-08,5.251523020888271e-07,0.023902878165245056,0.00026181229623034596,dyed-lifted-polyps/4f712873-051a-418e-8cbd-8bf1f5f4ae23.jpg
0,0,dyed-lifted-polyps,dyed-lifted-polyps,True,0.9328945279121399,0.06466753780841827,1.1381282092770562e-05,0.0017145975725725293,0.00014078697131481022,8.018664084374905e-05,0.0004826393851544708,8.430068191955797e-06,dyed-lifted-polyps/fbd6b571-df1d-42b1-bc12-20aca14fc754.jpg
2,2,esophagitis,esophagitis,True,2.461981239321176e-05,2.426971150271129e-05,0.5844275951385498,3.2969463063636795e-05,0.0018664655508473516,0.41247794032096863,7.843494677217677e-05,0.0010676505044102669,esophagitis/0dcf6352-8fb9-471d-86f2-18d2ed1fb7d1.jpg
6,6,polyps,polyps,True,0.0006221093935891986,0.00012133715063100681,5.55233855266124e-05,0.0357050783932209,0.00037560617784038186,0.00013560429215431213,0.9490860104560852,0.013898709788918495,polyps/ab521975-ebea-4f40-9a4b-5b55235bd140.jpg
0,0,dyed-lifted-polyps,dyed-lifted-polyps,True,0.7762923240661621,0.13224811851978302,0.00010579111403785646,4.183028431725688e-05,5.217883881414309e-06,2.1634108634316362e-05,0.005526821594685316,0.0857582613825798,dyed-lifted-polyps/6623b2ff-ffd8-4af9-a5ea-cc3f3cda5f55.jpg
4,4,normal-pylorus,normal-pylorus,True,5.503442821463977e-07,2.3005760851901869e-07,9.44058319873875e-06,1.6802931668280507e-06,0.9999245405197144,3.564194776117802e-05,2.3668479116167873e-05,4.206832727504661e-06,normal-pylorus/ad68d5b8-e53c-4ba0-b1ad-e0a7a372423d.jpg
7,7,ulcerative-colitis,ulcerative-colitis,True,9.992661944124848e-05,7.997912325663492e-05,0.0009408083860762417,1.9656199583550915e-05,1.5740210983494762e-06,3.067048965021968e-05,0.002418764168396592,0.9964086413383484,ulcerative-colitis/7dc49938-20cd-439b-8916-25018741d1ab.jpg
0,1,dyed-lifted-polyps,dyed-resection-margins,False,0.45660507678985596,0.5393968224525452,1.4018071851751301e-05,0.0022469819523394108,1.3415548494322138e-07,2.0042757569171954e-06,0.0013700424460694194,0.00036493982770480216,dyed-lifted-polyps/09e454a5-e76f-4547-9b7a-4be4c5bce9ef.jpg
6,6,polyps,polyps,True,0.003109388519078493,0.0014253905974328518,0.004295922815799713,0.004681223537772894,0.00017539167311042547,0.000446287973318249,0.8376815319061279,0.1481848955154419,polyps/13c11cef-2f39-4be7-97b1-6e6ed586811b.jpg
3,3,normal-cecum,normal-cecum,True,0.001042804098688066,0.0015477933920919895,3.6713019653689116e-05,0.9511343240737915,0.0021101864986121655,0.00017557782121002674,0.03724324330687523,0.006709418259561062,normal-cecum/bd057379-54e1-456f-ba39-60e533495fc5.jpg
0,0,dyed-lifted-polyps,dyed-lifted-polyps,True,0.9103095531463623,0.08937763422727585,4.512039231485687e-05,1.0610029676172417e-05,1.7617431069538725e-08,3.290321274107555e-06,0.0002491082705091685,4.7500975597358774e-06,dyed-lifted-polyps/24f0df1e-b1e8-49ed-b796-9ee0b1ccc504.jpg
6,6,polyps,polyps,True,0.001489747199229896,0.00047737464774399996,0.00013214013597462326,0.001294475281611085,9.442544069315773e-06,1.0255338565912098e-05,0.9909892678260803,0.005597276613116264,polyps/194d58c3-f703-4974-98d5-f1659fcb4aa0.jpg
0,0,dyed-lifted-polyps,dyed-lifted-polyps,True,0.9283453822135925,0.05801311880350113,6.51527216177783e-06,0.00023583121947012842,1.8348240473642363e-06,1.6121878161357017e-06,0.007898697629570961,0.005496923811733723,dyed-lifted-polyps/0e0f9300-e55e-4b25-bc4c-152499a6d1f2.jpg
2,5,esophagitis,normal-z-line,False,4.073711534147151e-05,0.0002983315789606422,0.20494267344474792,8.291826816275716e-06,0.0038047346752136946,0.7905046343803406,0.00013458289322443306,0.0002659861638676375,esophagitis/34eb68ec-8913-4377-a326-02aee54740a1.jpg
3,3,normal-cecum,normal-cecum,True,0.0002717791358008981,8.570370846427977e-05,9.93486892753026e-08,0.9913098812103271,8.917763238969201e-08,7.27520443888352e-08,0.0029785744845867157,0.005353695712983608,normal-cecum/70191519-63ec-43ac-a7e2-7c01f11e2b3d.jpg
6,6,polyps,polyps,True,0.007555351592600346,0.0013320721918717027,0.001138106221333146,0.03436031937599182,0.0045319595374166965,0.001661831745877862,0.6418519020080566,0.3075684607028961,polyps/56302cb8-619b-4eaf-a163-549328cac581.jpg
4,4,normal-pylorus,normal-pylorus,True,4.4574983348866226e-07,4.86336766414297e-08,2.1510288206627592e-05,2.1777329948236e-06,0.9996277093887329,0.00026311949477531016,1.157749011326814e-05,7.329029904212803e-05,normal-pylorus/2f22694b-a169-4039-a392-23f98e7e5da1.jpg
5,5,normal-z-line,normal-z-line,True,5.02485136166797e-06,0.0011909645982086658,0.06253064423799515,1.5620655176462606e-05,0.0026979779358953238,0.933508038520813,2.506256350898184e-05,2.662154656718485e-05,normal-z-line/2052a648-302c-4d11-9540-3e6050e76c38.jpg
6,6,polyps,polyps,True,0.00160794029943645,4.799976522917859e-05,3.068547084694728e-05,0.004418466240167618,9.510345262242481e-05,2.267614399897866e-05,0.9871265292167664,0.006650686264038086,polyps/1ab993e9-346b-4642-99af-6caec0f49f27.jpg
4,4,normal-pylorus,normal-pylorus,True,7.3718665589694865e-06,2.5153781280096155e-06,0.00033562470343895257,5.8473116951063275e-05,0.9970223307609558,0.00199374882504344,0.00023412969312630594,0.0003457553975749761,normal-pylorus/8a63543e-7214-459c-99dd-18d27bce8d9d.jpg
2,2,esophagitis,esophagitis,True,4.2629806557670236e-05,1.0447101885802113e-05,0.7509457468986511,1.7843734667621902e-07,1.5011115692686872e-06,0.24874559044837952,0.00015267003618646413,0.00010116938938153908,esophagitis/55d75d8a-c744-4db3-9776-f88ca27b6dfe.jpg
6,6,polyps,polyps,True,0.004141321871429682,0.00025651828036643565,5.5574404541403055e-05,0.0064636459574103355,0.0009916609851643443,6.85744671500288e-05,0.9640329480171204,0.023989709094166756,polyps/ec06080b-a2a0-40d3-97f7-313297ef8adb.jpg
7,7,ulcerative-colitis,ulcerative-colitis,True,0.000699938100297004,0.0010030812118202448,2.039381115537253e-06,0.0001659577537793666,7.955871114972979e-05,1.5324428659369005e-07,0.009663600474596024,0.9883855581283569,ulcerative-colitis/761fffc8-bc50-4dd9-a91f-90fc5a963e04.jpg
5,5,normal-z-line,normal-z-line,True,7.140818070183741e-06,1.0308110176993068e-05,0.13661140203475952,1.2427071851561777e-06,1.3186951036914252e-05,0.8633378148078918,1.542426980449818e-05,3.443832611083053e-06,normal-z-line/c38ecd58-850c-407a-8222-4316bbd10315.jpg
3,3,normal-cecum,normal-cecum,True,4.7498389903921634e-05,8.269146201200783e-05,2.1845684727850312e-07,0.9995825886726379,9.060974662133958e-06,1.2961383788478997e-07,0.0001826155639719218,9.525928908260539e-05,normal-cecum/33d0a287-ce2b-48f1-94b0-004a88b1bacc.jpg
7,7,ulcerative-colitis,ulcerative-colitis,True,0.0006463745958171785,0.00022012183035258204,8.161920959537383e-06,0.003982126247137785,3.217236553609837e-06,3.210583940926881e-07,0.001612068503163755,0.9935275912284851,ulcerative-colitis/9a4d671d-c3a0-4d52-89be-c518fffc696c.jpg
5,5,normal-z-line,normal-z-line,True,5.178987976250937e-07,1.5942438039928675e-05,0.025955958291888237,4.002250534540508e-06,0.0007817224832251668,0.9731844663619995,1.2236670954735018e-05,4.519434514804743e-05,normal-z-line/d4122150-9650-4d82-95de-3c9744bf4512.jpg
6,6,polyps,polyps,True,0.022554315626621246,0.0010068000992760062,0.00028126619872637093,0.002434925874695182,1.946620068338234e-05,0.00021833497157786041,0.9594384431838989,0.014046503230929375,polyps/528e6543-7621-46cc-a73d-1d16bd5de6b3.jpg
5,5,normal-z-line,normal-z-line,True,3.7526215237448923e-06,6.95448397891596e-06,0.04438892751932144,7.495879685848195e-07,3.7974990846123546e-05,0.9555484652519226,5.610951120615937e-06,7.559092409792356e-06,normal-z-line/17ab1cc2-34d8-46a7-b145-9c2b2a5dcf78.jpg
5,4,normal-z-line,normal-pylorus,False,0.009330793283879757,0.0008406724082306027,0.02410108596086502,0.0008725097868591547,0.5037621855735779,0.4274742901325226,0.033230140805244446,0.00038831966230645776,normal-z-line/cc537498-4056-4a73-97fd-6a12ef84fc8a.jpg
2,5,esophagitis,normal-z-line,False,4.3830208596773446e-05,0.00010187739098910242,0.21181797981262207,0.0001182750056614168,0.0008176376577466726,0.7853878140449524,0.00036801554961130023,0.0013445168733596802,esophagitis/1ed3011a-0fb0-4ff7-a5ea-5f953dc429fc.jpg
2,5,esophagitis,normal-z-line,False,9.336541552329436e-06,0.00016504497034475207,0.09296625107526779,4.400259058456868e-06,0.0002808634308166802,0.9063119888305664,0.00014705087232869118,0.00011496728984639049,esophagitis/435c9bfe-13e4-4450-9d91-f5fd10e75e75.jpg
5,5,normal-z-line,normal-z-line,True,9.344488717033528e-06,1.6113524907268584e-05,0.10813773423433304,0.00034853644319809973,0.006128981709480286,0.8850970268249512,0.000201901319087483,6.028404095559381e-05,normal-z-line/38ca5cf9-84ae-4c19-a896-7ce0f848a0c7.jpg
0,0,dyed-lifted-polyps,dyed-lifted-polyps,True,0.6219649314880371,0.3646901845932007,8.984344458440319e-05,0.0006224749376997352,2.7872295049746754e-06,1.095107199944323e-05,0.004524739924818277,0.008094031363725662,dyed-lifted-polyps/0f9d9718-f78b-493a-9859-ce5ec793fa83.jpg
4,4,normal-pylorus,normal-pylorus,True,3.726713941887283e-07,2.9478638197133478e-08,8.112627983791754e-05,1.9352441086084582e-05,0.9993475079536438,0.0001926632394315675,0.0003420299617573619,1.691843499429524e-05,normal-pylorus/5d660f74-bc04-4355-861c-47ed48de600b.jpg
2,2,esophagitis,esophagitis,True,0.0001114074038923718,2.9871587685192935e-05,0.9900346398353577,3.6137453207629733e-07,4.3328647734597325e-05,0.009134693071246147,3.3851298212539405e-05,0.0006118284072726965,esophagitis/139adf37-d948-44ef-986b-14e17d41b868.jpg
0,0,dyed-lifted-polyps,dyed-lifted-polyps,True,0.8756194114685059,0.12431413680315018,1.787461911817445e-07,1.1635918184538241e-07,1.0013884166326648e-10,1.0269920025507417e-08,5.7825527619570494e-05,8.326846909767482e-06,dyed-lifted-polyps/3ae8ec88-0187-4e1f-bacb-3e27de2b0ceb.jpg
7,7,ulcerative-colitis,ulcerative-colitis,True,0.0005494177457876503,0.0010235481895506382,0.0003067097277380526,0.00038873913581483066,0.0003267076099291444,0.000446520367404446,0.01933627389371395,0.9776220321655273,ulcerative-colitis/7ceabd95-dc0f-449f-bfd8-1c7626c59aea.jpg
4,4,normal-pylorus,normal-pylorus,True,1.089304760171217e-06,5.998010124130815e-07,0.001578173483721912,8.605008588347118e-06,0.9943321943283081,0.004012852907180786,5.68445393582806e-05,9.685709301265888e-06,normal-pylorus/b9726a70-6e02-4907-8f3a-4b8b0285d41c.jpg
1,1,dyed-resection-margins,dyed-resection-margins,True,0.043000347912311554,0.955915093421936,0.0008195582777261734,1.5559737221337855e-05,8.182829333236441e-06,0.00021847666357643902,1.717018494673539e-05,5.64743641007226e-06,dyed-resection-margins/cdd27de3-c84b-4978-ac7c-713c1bcda726.jpg
5,5,normal-z-line,normal-z-line,True,3.5738964925258188e-06,3.855831528198905e-05,0.2958870828151703,7.204919529613107e-05,0.0007471090066246688,0.7031792402267456,2.860981476260349e-05,4.380193422548473e-05,normal-z-line/1631b799-6638-401f-ba74-d7358478aa29.jpg
5,5,normal-z-line,normal-z-line,True,4.301628905523103e-06,0.0001982573448913172,0.02640884555876255,7.362139626820863e-07,0.00016670059994794428,0.9732170104980469,2.591512838989729e-06,1.5454247659363318e-06,normal-z-line/48e16b86-cf64-4bd4-af7b-67f55eecb252.jpg
0,0,dyed-lifted-polyps,dyed-lifted-polyps,True,0.996142566204071,0.0038376341108232737,1.4225322031435894e-09,4.989984745407128e-07,1.5941194544955017e-11,6.509905114970849e-11,1.9325803805259056e-05,5.432992722376184e-09,dyed-lifted-polyps/b4e37f56-ac82-438d-ac9c-7d8c7ad6929d.jpg
5,5,normal-z-line,normal-z-line,True,3.3621233797020977e-06,1.591111686138902e-05,0.048784855753183365,1.4999380937297246e-06,0.0002500112750567496,0.9509098529815674,2.6175643142778426e-05,8.366110705537722e-06,normal-z-line/e987b209-17d6-4fd0-adba-b8f71a5c94b5.jpg
1,1,dyed-resection-margins,dyed-resection-margins,True,0.17563778162002563,0.8233190178871155,3.036262387468014e-05,0.00016508589033037424,1.963055922260537e-07,4.462460765353171e-06,0.0004981141537427902,0.00034510978730395436,dyed-resection-margins/18d4a071-1a4c-4ffa-afae-11e5c3c77e42.jpg
4,4,normal-pylorus,normal-pylorus,True,2.0471317441206338e-07,1.8240507770883596e-08,2.655758635228267e-06,4.490934770728927e-06,0.9999667406082153,7.98172095528571e-06,1.377129228785634e-05,4.044703928229865e-06,normal-pylorus/adad0194-5a65-44be-9d83-a2a6603d0634.jpg
3,3,normal-cecum,normal-cecum,True,0.0006478593568317592,9.396817767992616e-05,5.601215775641322e-07,0.9851248264312744,2.4277819647977594e-06,3.3220939599232224e-07,0.01303279772400856,0.0010972089366987348,normal-cecum/a6544f02-4ac3-4eb4-af77-e1abd52abbc3.jpg
1,1,dyed-resection-margins,dyed-resection-margins,True,0.007076640147715807,0.9886044263839722,0.0038900815416127443,1.6008586953830672e-06,8.879526802729742e-08,0.00040952759445644915,4.6308068704092875e-06,1.3043399121670518e-05,dyed-resection-margins/09ee8393-cf1c-4828-a266-143f697942a3.jpg
1,0,dyed-resection-margins,dyed-lifted-polyps,False,0.8894811868667603,0.11045720428228378,7.332790119107813e-06,2.5128332708845846e-05,1.868090521384147e-06,1.3626272448163945e-06,1.8926733901025727e-05,6.915565791132394e-06,dyed-resection-margins/97c85811-8d46-486b-9d8e-5e203a170833.jpg
0,0,dyed-lifted-polyps,dyed-lifted-polyps,True,0.9903932213783264,0.009605658240616322,4.681411880369524e-08,2.3728800613298517e-07,1.2548326822070521e-09,7.079531627596225e-09,8.141314538079314e-07,1.8278996094522881e-09,dyed-lifted-polyps/51cacc12-b4f0-4f29-b7f5-20706932a617.jpg
3,3,normal-cecum,normal-cecum,True,0.00039692618884146214,0.0001288015191676095,7.85788301982393e-07,0.9921699166297913,3.3131357213278534e-06,5.678549541698885e-07,0.006801998242735863,0.0004976946511305869,normal-cecum/af50d9e5-5590-4404-bba0-db478919a07a.jpg
7,7,ulcerative-colitis,ulcerative-colitis,True,0.00621124729514122,0.004270418081432581,4.177517257630825e-05,0.019310884177684784,3.6590881791198626e-06,9.162044079857878e-06,0.03005806915462017,0.9400948286056519,ulcerative-colitis/de367ea7-a388-4e81-9b1e-b798bc2bc91d.jpg
0,0,dyed-lifted-polyps,dyed-lifted-polyps,True,0.6649113297462463,0.32724228501319885,3.0009023248567246e-05,0.00011146504402859136,3.426683576890355e-07,3.966470103478059e-06,0.007682899944484234,1.7758658941602334e-05,dyed-lifted-polyps/7e7e7c18-aa05-4558-8a67-4170ed85577f.jpg
0,0,dyed-lifted-polyps,dyed-lifted-polyps,True,0.7402234077453613,0.10678622871637344,8.145901119860355e-06,0.11807921528816223,1.6627464560770022e-07,2.173409939132398e-06,0.03035137802362442,0.004549263510853052,dyed-lifted-polyps/7bdc7f5a-560b-401d-a090-de6f19f1443f.jpg
1,1,dyed-resection-margins,dyed-resection-margins,True,0.2985140085220337,0.6961073875427246,0.0006306839059107006,0.001391531084664166,0.00015893866657279432,0.00015209137927740812,0.0006582097848877311,0.002387110609561205,dyed-resection-margins/2f720d7d-51d3-4069-a490-10310438b99b.jpg
2,2,esophagitis,esophagitis,True,0.00017150789790321141,1.671212157816626e-05,0.8324898481369019,1.5246388329615002e-06,0.0002677900483831763,0.16669167578220367,7.985380216268823e-05,0.0002810170117300004,esophagitis/c2b65b04-5263-4740-a15c-d74d865dcade.jpg
0,0,dyed-lifted-polyps,dyed-lifted-polyps,True,0.948538601398468,0.05145002901554108,1.1113575482113447e-07,1.1046556664950913e-06,6.8203998004889854e-09,9.9659459351642e-08,8.229009836213663e-06,1.7457975900470046e-06,dyed-lifted-polyps/4145f8a7-d4a5-4416-ba7f-ee692d0f764e.jpg
1,1,dyed-resection-margins,dyed-resection-margins,True,0.3311455547809601,0.668817937374115,8.014871610839691e-08,2.4204409783123992e-05,2.0952134249796472e-08,1.294209113211764e-07,1.0910625860560685e-05,1.1604220162553247e-06,dyed-resection-margins/fe9ea687-f6aa-489b-aeee-40b5c18a4b5b.jpg
7,7,ulcerative-colitis,ulcerative-colitis,True,0.004344247747212648,0.008564077317714691,7.65280201449059e-05,0.1349489539861679,2.2790542061557062e-05,3.8128903270262526e-06,0.09284652024507523,0.7591930627822876,ulcerative-colitis/0b7abcca-ec65-46c9-8e37-ad067b81ce62.jpg
2,5,esophagitis,normal-z-line,False,1.757126119628083e-05,2.584028834462515e-06,0.12448401004076004,2.8462307454901747e-05,0.0009771313052624464,0.8740811944007874,0.0003315325593575835,7.748671487206593e-05,esophagitis/cd39f3fa-91eb-4798-bf8e-d9ccfaf1bbcd.jpg
6,6,polyps,polyps,True,0.013895933516323566,0.008297767490148544,1.8432360775477719e-06,0.002261678921058774,2.9639566037076293e-06,5.665631874762767e-07,0.9003878831863403,0.07515139132738113,polyps/49f982fc-0156-4aa9-86cf-105fe3575179.jpg
1,1,dyed-resection-margins,dyed-resection-margins,True,0.002502850955352187,0.9973548650741577,2.9044309485470876e-05,1.0546538078415324e-06,2.7058516138822597e-07,4.626791906048311e-06,7.855890544306021e-06,9.943289478542283e-05,dyed-resection-margins/2fd2588b-dd32-43ef-b9da-7dc323baf713.jpg
3,3,normal-cecum,normal-cecum,True,0.00020828819833695889,7.013879803707823e-05,2.1156592993065715e-05,0.9979254007339478,5.740240521845408e-05,2.110520472342614e-05,0.00032255539554171264,0.0013739241985604167,normal-cecum/62985062-872e-4d08-a9fa-d49bbc2383d8.jpg
7,7,ulcerative-colitis,ulcerative-colitis,True,1.5365269064204767e-05,8.478042218484916e-06,1.0376106729381718e-07,0.001590718049556017,5.7800772168548065e-08,1.3035987400655813e-08,8.342109504155815e-05,0.9983018636703491,ulcerative-colitis/d3c49708-d48f-4948-8616-cc2dbd1e0098.jpg
1,1,dyed-resection-margins,dyed-resection-margins,True,0.23111344873905182,0.7687796950340271,1.5989304301911034e-05,4.0055980207398534e-05,1.0096934602188412e-05,3.707145151565783e-05,2.892687689382001e-06,7.05935462974594e-07,dyed-resection-margins/66a97d94-5515-4ebd-b31b-ae6c628f3cf5.jpg
6,7,polyps,ulcerative-colitis,False,0.000573153025470674,0.00016897254681680351,0.00024475945974700153,0.012611486949026585,0.0003382702707313001,3.737786755664274e-05,0.32733699679374695,0.6586889624595642,polyps/3ded45db-1f47-4bc0-979e-1645d4fd98bd.jpg
5,5,normal-z-line,normal-z-line,True,7.805359928170219e-06,2.3301388864638284e-05,0.06911296397447586,1.0260220051350188e-06,0.00034787325421348214,0.9304686188697815,3.779708276852034e-05,6.673473649243533e-07,normal-z-line/de959b52-6dd9-40d3-b56c-ce4648d37468.jpg
5,5,normal-z-line,normal-z-line,True,1.7819131699070567e-06,4.9305253924103454e-05,0.019840896129608154,3.318129529361613e-06,0.005021446384489536,0.975054144859314,2.6482644898351282e-05,2.7166370273334906e-06,normal-z-line/1f031a07-c11f-4cdd-96b8-01ee18b65909.jpg
6,6,polyps,polyps,True,0.0016071689315140247,0.00020774293807335198,3.368857051100349e-06,3.532810660544783e-05,1.4137281141302083e-06,1.8984171674674144e-06,0.9981095790863037,3.35679724230431e-05,polyps/af8e5a0e-18ac-4daa-8b7c-e70d071bed03.jpg
3,3,normal-cecum,normal-cecum,True,4.975703632226214e-05,2.0732108168886043e-05,3.030722552921361e-07,0.9958011507987976,6.556883454322815e-05,1.3906313256484282e-07,0.0034585464745759964,0.0006037034327164292,normal-cecum/5ff34bb3-7472-4807-a501-9a0bf53c5d7e.jpg
0,0,dyed-lifted-polyps,dyed-lifted-polyps,True,0.9846068620681763,0.015322904102504253,2.06964841709123e-07,2.337425257792347e-06,4.752608528946212e-09,2.9918183486188354e-07,6.703443068545312e-05,3.8921507439226843e-07,dyed-lifted-polyps/e96c9662-5bef-497c-9c21-d322c82c2d2d.jpg
4,4,normal-pylorus,normal-pylorus,True,1.5645155144738965e-05,1.3445370314002503e-05,0.0037109735421836376,1.043792326527182e-05,0.9901896119117737,0.005597402341663837,6.850010686321184e-05,0.0003938480222132057,normal-pylorus/fe2c25f1-828a-4eee-b693-edd11d57c684.jpg
5,5,normal-z-line,normal-z-line,True,1.6700927290003165e-06,0.00020744442008435726,0.032196879386901855,9.354979556519538e-05,0.0025409036315977573,0.9648470282554626,2.903694985434413e-05,8.342587534571066e-05,normal-z-line/a5d1d3bb-cf8a-4ce0-b6a8-55dc740520f6.jpg
6,6,polyps,polyps,True,0.046202924102544785,0.0040613263845443726,0.0007112791645340621,0.0047645894810557365,0.005047263577580452,0.0005852323956787586,0.9242526888847351,0.014374641701579094,polyps/56c01d3b-5a75-4884-998d-578e8bfa4dfc.jpg
6,6,polyps,polyps,True,0.007512564305216074,0.0028069522231817245,3.403500159038231e-05,0.0006683189421892166,0.00010010801634052768,3.4065753425238654e-05,0.9811935424804688,0.00765044242143631,polyps/54177c51-fda1-458e-8dac-f39dcfdc75e3.jpg
2,2,esophagitis,esophagitis,True,0.00023505903664045036,0.00025952557916752994,0.5109311938285828,0.00022733726655133069,0.00016637751832604408,0.48639941215515137,0.0015749881276860833,0.00020610760839190334,esophagitis/5eeb455d-db8b-4bb0-a485-1f4de1d2adaa.jpg
3,3,normal-cecum,normal-cecum,True,0.00014596512482967228,2.6004956453107297e-05,1.613403765077237e-05,0.991853654384613,0.007603405509144068,3.508599183987826e-05,0.00020276558643672615,0.00011688785889418796,normal-cecum/8c80df3b-00de-4435-ba77-0c03533e2277.jpg
4,4,normal-pylorus,normal-pylorus,True,1.2378998690110166e-05,1.0517307600821368e-05,0.0038843469228595495,0.00048608332872390747,0.9900173544883728,0.002170284278690815,0.0027372075710445642,0.000681786797940731,normal-pylorus/540f8c33-89d5-4e44-a4ad-cabb0e6712ec.jpg
5,5,normal-z-line,normal-z-line,True,1.8361280353929033e-06,5.417585725808749e-06,0.059486303478479385,1.3317475122676115e-06,0.0004667410103138536,0.9400205612182617,1.6541865988983773e-05,1.3913735301684937e-06,normal-z-line/8e6a38f3-ace4-4709-9e6e-f963a4850e86.jpg
3,3,normal-cecum,normal-cecum,True,0.0006708560977131128,0.00020321208285167813,3.3184078347403556e-06,0.9985671043395996,5.735225840908242e-06,1.9806275304290466e-06,0.0003693169273901731,0.00017844791000243276,normal-cecum/9eb2ac9b-440e-4717-abfd-001fa625e534.jpg
2,2,esophagitis,esophagitis,True,0.0004274849488865584,0.00010436897719046101,0.9863324761390686,3.594240297388751e-06,8.075338701019064e-05,0.006412944290786982,0.00618784362450242,0.0004505871038418263,esophagitis/68022cdd-499a-4ec1-a123-476be3863ccc.jpg
2,5,esophagitis,normal-z-line,False,5.612636959995143e-05,0.00013131492596585304,0.3352915346622467,1.7619433947402285e-06,0.00016511000285390764,0.664103627204895,1.1645596714515705e-05,0.00023893517209216952,esophagitis/db8fbd54-6c06-4bb8-bac8-3b0f16ea34fb.jpg
5,5,normal-z-line,normal-z-line,True,9.185653652821202e-06,8.80117659107782e-05,0.0786777213215828,8.713044508112944e-07,0.00010577751527307555,0.921098530292511,1.3942213627160527e-05,5.963173407508293e-06,normal-z-line/21193411-8764-4d36-939f-b654f2815122.jpg
2,2,esophagitis,esophagitis,True,2.8164689865661785e-05,3.42198541147809e-06,0.5510557293891907,2.335533827135805e-05,0.0016443891217932105,0.44706636667251587,0.00013867179222870618,3.99047348764725e-05,esophagitis/e1d4308b-1fe9-4c50-ac3a-4fa0e38ef487.jpg
4,4,normal-pylorus,normal-pylorus,True,6.418584962375462e-05,1.79292110260576e-05,0.003815739182755351,0.00012544228229671717,0.9761642813682556,0.015526269562542439,0.002466134261339903,0.001819987897761166,normal-pylorus/7f607ea9-1c1a-4e65-9888-7db35c807f59.jpg
2,2,esophagitis,esophagitis,True,7.87340832175687e-05,0.0002640907187014818,0.9476606845855713,1.0487634654055e-06,8.910066389944404e-05,0.05161546915769577,0.00018499836733099073,0.00010578401997918263,esophagitis/4d6969a5-91c2-4ea8-9251-c7718f6c156c.jpg
3,3,normal-cecum,normal-cecum,True,0.00010202570410910994,3.943131378036924e-05,6.586900781258009e-06,0.9985675811767578,5.2139606850687414e-05,1.6940405203058617e-06,0.0010175892384722829,0.00021293488680385053,normal-cecum/d839d136-1a65-489b-adcf-a2d33b7d3978.jpg
0,0,dyed-lifted-polyps,dyed-lifted-polyps,True,0.4606586694717407,0.07804878801107407,0.0008333380101248622,0.003051811596378684,0.002364020561799407,0.0005268746754154563,0.44205349683761597,0.01246303878724575,dyed-lifted-polyps/c975da7b-0089-43e1-9ca1-f9680ec1f81f.jpg
5,5,normal-z-line,normal-z-line,True,0.0003870945074595511,0.003189963987097144,0.31037530303001404,1.2237012924742885e-05,0.01687288098037243,0.6681231260299683,0.0009137399028986692,0.0001256662653759122,normal-z-line/2e2447d1-29d0-4988-b9ca-16d4757e52f4.jpg
5,5,normal-z-line,normal-z-line,True,0.00010413984273327515,2.4095399567158893e-05,0.015380414202809334,3.625212048063986e-05,0.34237053990364075,0.6380255222320557,0.004054798278957605,4.212566182104638e-06,normal-z-line/d7829204-5ea7-4551-909c-76aa9e5c181b.jpg
5,6,normal-z-line,polyps,False,0.001652126549743116,0.001009194296784699,0.0221748948097229,4.369392991065979e-05,0.04667726904153824,0.19837968051433563,0.7300523519515991,1.0755883522506338e-05,normal-z-line/1ba84b26-a412-4626-ab28-b90a468fbaee.jpg
5,5,normal-z-line,normal-z-line,True,8.036586950765923e-05,0.00047630121116526425,0.03957876190543175,0.0012541144387796521,0.04333469271659851,0.913451611995697,0.0015516839921474457,0.0002724187506828457,normal-z-line/724dfd93-0284-46ab-85f4-75fb2c477399.jpg
7,7,ulcerative-colitis,ulcerative-colitis,True,0.00034632469760254025,0.002733794506639242,0.0013298974372446537,0.0032791600096970797,3.003558231284842e-05,0.0004944378742948174,0.004097136668860912,0.9876892566680908,ulcerative-colitis/64fe0dbe-3068-40a6-b148-b315b5078bbf.jpg
0,0,dyed-lifted-polyps,dyed-lifted-polyps,True,0.7979413270950317,0.2017800360918045,2.0775589746335754e-06,4.246539901942015e-05,1.328438543168886e-06,4.237172746002216e-08,1.800045538402628e-05,0.00021473194647114724,dyed-lifted-polyps/82a10160-c92b-4416-993c-bce9726bb5e3.jpg
0,0,dyed-lifted-polyps,dyed-lifted-polyps,True,0.8168414235115051,0.1831502467393875,3.947047389374347e-06,1.146152612818696e-06,1.928524895333794e-08,4.787955276697176e-07,2.6514667297306005e-06,9.701390979444113e-08,dyed-lifted-polyps/12fb09b6-a6c2-4e78-81d0-8502f576e473.jpg
5,5,normal-z-line,normal-z-line,True,0.00024378921079915017,0.0017317167948931456,0.057952336966991425,3.196274292349699e-06,0.010834120213985443,0.9282628297805786,0.0009347495506517589,3.7279831303749233e-05,normal-z-line/4b56da9b-b26a-41e3-b212-f5d4a07731e5.jpg
6,6,polyps,polyps,True,0.03985821455717087,0.00984587986022234,0.0014908747980371118,0.039507292211055756,0.0006738239317201078,0.00018115535203833133,0.6516222357749939,0.2568204998970032,polyps/a89b6837-471d-4591-bb6a-9cad12145980.jpg
7,3,ulcerative-colitis,normal-cecum,False,0.003937166184186935,0.001033591222949326,0.00021698209457099438,0.7541811466217041,3.280791861470789e-05,8.177990093827248e-05,0.04175279289484024,0.19876372814178467,ulcerative-colitis/0450df79-728e-47f7-b7d7-5a32e40b686e.jpg
2,2,esophagitis,esophagitis,True,0.0003664449031930417,0.0005304767400957644,0.8848859071731567,5.949431943008676e-05,0.002533798571676016,0.09872058033943176,0.008555946871638298,0.00434736255556345,esophagitis/ad7eae3c-17b2-4808-b50c-f4122918c18c.jpg
0,0,dyed-lifted-polyps,dyed-lifted-polyps,True,0.9516136050224304,0.045644789934158325,1.3524967471312266e-05,3.4842614695662633e-06,1.387866488400391e-10,5.656277721755032e-07,0.0027023532893508673,2.1707815903937444e-05,dyed-lifted-polyps/aa3978e4-6885-4919-88bc-bede64743e00.jpg
5,5,normal-z-line,normal-z-line,True,3.7143567169550806e-05,8.45006070449017e-05,0.07114502042531967,0.0003428107302170247,0.028152182698249817,0.8975592255592346,0.0024565227795392275,0.00022259441902861,normal-z-line/ded1000b-bf92-4220-b4ee-321af77f69b7.jpg
0,0,dyed-lifted-polyps,dyed-lifted-polyps,True,0.8372421860694885,0.16275367140769958,7.581638783449307e-07,1.2348948530416237e-08,2.768797691121705e-10,1.465129173539026e-08,3.047857035198831e-06,3.9060927292666747e-07,dyed-lifted-polyps/60c8e31e-039e-4c2a-84ab-aa6529c0077f.jpg
5,5,normal-z-line,normal-z-line,True,7.523629756178707e-05,1.8253342204843648e-05,0.37787777185440063,8.25987990538124e-06,0.0005592539673671126,0.6184102892875671,0.0029611068312078714,8.975635137176141e-05,normal-z-line/d54dd474-a25e-4aeb-83e9-fe2220a0d46b.jpg
4,4,normal-pylorus,normal-pylorus,True,3.2048260436567944e-06,2.5747559107003326e-07,0.00033755128970369697,1.669708944973536e-05,0.9930315017700195,0.00434154225513339,7.436205487465486e-05,0.002194824628531933,normal-pylorus/eb43ab19-02a6-4314-b7c3-a21678f7d124.jpg
7,7,ulcerative-colitis,ulcerative-colitis,True,0.00028435667627491057,0.0003195123572368175,5.154133120299775e-08,0.0023083656560629606,3.5717505397769855e-08,4.355108629283677e-08,0.0004121352976653725,0.9966753721237183,ulcerative-colitis/1515780d-178b-42c7-b621-7ab445e3ad89.jpg
4,4,normal-pylorus,normal-pylorus,True,2.850972350643133e-06,3.3150215017485607e-07,0.0002849395968951285,2.6598463591653854e-05,0.9950915575027466,0.003999373875558376,0.00019490507838781923,0.000399427575757727,normal-pylorus/ca45f829-82ed-42ba-a5cb-a0d305f50cdb.jpg
4,4,normal-pylorus,normal-pylorus,True,3.680853524201666e-07,7.402028359138058e-07,0.0016394553240388632,2.5550577902322402e-06,0.9966096878051758,0.0016034061554819345,0.00010434273281134665,3.944380296161398e-05,normal-pylorus/2639339e-a4b1-46e7-9313-51380f57341e.jpg
3,3,normal-cecum,normal-cecum,True,0.00277664209716022,0.0005382232484407723,1.1056797120545525e-05,0.9873669147491455,1.321423587796744e-05,1.0602833526718314e-06,0.009246638976037502,4.630904732039198e-05,normal-cecum/068d3dac-066b-47c2-8057-c5e9ceb48262.jpg
7,7,ulcerative-colitis,ulcerative-colitis,True,1.5016658835520502e-05,6.406783086276846e-06,0.00012438761768862605,1.5075058399816044e-05,8.94013010110939e-06,1.9560784494387917e-06,0.0002997114206664264,0.9995285272598267,ulcerative-colitis/184cd2c6-ebb4-4032-b509-0c580dcf2079.jpg
4,4,normal-pylorus,normal-pylorus,True,1.4823916671957704e-06,1.5921738167889998e-06,8.660503954160959e-05,1.4043074543224066e-06,0.9989288449287415,0.0006938467267900705,0.00025285276933573186,3.3359745430061594e-05,normal-pylorus/1d9233e5-05fb-448f-aad6-25ca4c108967.jpg
1,1,dyed-resection-margins,dyed-resection-margins,True,0.0422046035528183,0.9573956727981567,7.348661165451631e-05,8.684161002747715e-05,8.290140129929569e-08,6.84479164192453e-06,3.435351754887961e-05,0.00019813419203273952,dyed-resection-margins/62bb7bca-5cc3-4a0a-94b3-3666e6cf004e.jpg
4,4,normal-pylorus,normal-pylorus,True,3.441848264174041e-07,1.2491211620613285e-08,1.9363353203516454e-05,7.489115319003758e-07,0.9999101161956787,1.5246435395965818e-05,2.746566678979434e-06,5.148592754267156e-05,normal-pylorus/54291ff2-da24-4aa4-b62e-8c280705b20f.jpg
1,1,dyed-resection-margins,dyed-resection-margins,True,0.11716370284557343,0.882116973400116,0.00031414307886734605,9.303523142989434e-07,2.7695335802491172e-08,1.611382504052017e-05,0.00017751083942130208,0.0002105369494529441,dyed-resection-margins/47743168-d69b-401e-83f2-987ea7afca9c.jpg
7,7,ulcerative-colitis,ulcerative-colitis,True,0.00015124035417102277,1.3259545994515065e-05,2.7054682504967786e-05,2.0880434021819383e-05,1.6523377780686133e-05,1.3701286661671475e-05,0.004324377980083227,0.99543297290802,ulcerative-colitis/873fa53a-0603-4cb9-b097-e0e542baae2f.jpg
7,7,ulcerative-colitis,ulcerative-colitis,True,1.6354235413018614e-05,3.2049549190560356e-05,5.07964386997628e-06,0.000797867716755718,2.0229180108799483e-08,2.550416695612512e-07,0.002876860788092017,0.9962714910507202,ulcerative-colitis/8165e7ed-993f-4f81-8b9c-6e0866f18fd6.jpg
0,0,dyed-lifted-polyps,dyed-lifted-polyps,True,0.9935775995254517,0.00599244236946106,5.131676880409941e-05,8.627083047940687e-07,1.4992751573572605e-07,1.1031187341359328e-06,3.234557880205102e-05,0.00034416603739373386,dyed-lifted-polyps/96bfb62f-f2bd-4965-9b2c-4928b023b702.jpg
6,6,polyps,polyps,True,0.003191050374880433,0.0004920829087495804,0.0004082667001057416,0.03990540653467178,0.0065509360283613205,0.0010681974235922098,0.9474438428878784,0.0009401518036611378,polyps/c9ae1d7e-7a08-4176-931f-4110e2f9908a.jpg
2,2,esophagitis,esophagitis,True,2.2131371224531904e-05,0.00011450947931734845,0.6421856880187988,3.9880866097519174e-05,0.00014806987019255757,0.3551461696624756,3.320326140965335e-05,0.002310367301106453,esophagitis/4c1ac4ec-78a3-496e-b06a-466730633c6d.jpg
4,4,normal-pylorus,normal-pylorus,True,0.0001460758940083906,0.00032638231641612947,0.10891549289226532,0.0036808170843869448,0.8377912640571594,0.021168047562241554,0.02780107781291008,0.00017083670536521822,normal-pylorus/e647bef7-a685-4c49-8b2c-77dc089e631c.jpg
1,1,dyed-resection-margins,dyed-resection-margins,True,0.10080511122941971,0.8988882899284363,8.291123958770186e-05,3.9397880755132064e-05,8.577291055189562e-07,6.536539149237797e-05,0.00011499389074742794,3.0582034469262e-06,dyed-resection-margins/918b1ec8-5d17-4b6e-bbf7-6577403e7d55.jpg
1,1,dyed-resection-margins,dyed-resection-margins,True,0.04195524752140045,0.9570983648300171,0.00026464086840860546,7.904668746050447e-05,8.247154619311914e-05,0.0004742851306218654,2.9966136935399845e-05,1.6022058844100684e-05,dyed-resection-margins/e9fb6239-1f6b-4c85-b289-650bf60bb0c7.jpg
5,5,normal-z-line,normal-z-line,True,1.5440955394296907e-05,4.777738286065869e-05,0.26182422041893005,1.1656066817522515e-05,0.03900919109582901,0.6989880800247192,9.71028275671415e-05,6.470808330050204e-06,normal-z-line/89d34997-0b47-48d7-ae5d-1f47de87cf85.jpg
5,5,normal-z-line,normal-z-line,True,1.793605406419374e-05,0.0003425723116379231,0.12457079440355301,6.720480996591505e-06,0.00010309838398825377,0.874889612197876,5.965385935269296e-05,9.576565389579628e-06,normal-z-line/be13e423-b890-486e-98d7-692b12fe390f.jpg
5,5,normal-z-line,normal-z-line,True,1.4562156138708815e-05,9.357246199215297e-06,0.08132471144199371,8.686877777108748e-07,0.00016741378931328654,0.9184129238128662,1.6254542060778476e-05,5.399400106398389e-05,normal-z-line/d274876d-7fc9-462f-acaa-e4c621ff4b8e.jpg
5,5,normal-z-line,normal-z-line,True,3.0660899028589483e-06,3.914715489372611e-05,0.015305179171264172,2.2582090863920712e-08,4.72329520562198e-05,0.9845987558364868,6.236685749172466e-06,2.975492350287823e-07,normal-z-line/a77e26c2-898d-4ee2-b113-caf39dbfa58c.jpg
5,5,normal-z-line,normal-z-line,True,0.00015248179261106998,0.00023708328080829233,0.06593301147222519,0.0002673317794688046,0.029413621872663498,0.9027806520462036,0.000974103866610676,0.00024170239339582622,normal-z-line/b5840b8b-e55e-4a49-bbda-1a2ae0befee9.jpg
5,5,normal-z-line,normal-z-line,True,4.24307972934912e-06,1.705907197901979e-05,0.023369912058115005,5.898471954424167e-06,0.0006893957033753395,0.9759020209312439,1.0030194061982911e-05,1.4063551816434483e-06,normal-z-line/c1da34c4-89e8-4318-8525-0a5f83af40da.jpg
5,5,normal-z-line,normal-z-line,True,0.0003332642372697592,0.0012768411543220282,0.04349770024418831,0.0009480026783421636,0.00846231821924448,0.9379634857177734,0.0056295813992619514,0.0018888169433921576,normal-z-line/c9db476b-4fca-4b25-95d5-d1120b311bbd.jpg
3,3,normal-cecum,normal-cecum,True,0.00452447822317481,0.000398812087951228,4.1612752283981536e-06,0.9790392518043518,4.1526702261762694e-05,1.0849684031200013e-06,0.013875304721295834,0.002115369075909257,normal-cecum/61f57795-b129-44f7-9100-a31f8a828071.jpg
0,1,dyed-lifted-polyps,dyed-resection-margins,False,0.2802988886833191,0.6965388059616089,0.0006106141954660416,0.0032296068966388702,0.00014433980686590075,0.0001692667428869754,0.01888066716492176,0.0001277571718674153,dyed-lifted-polyps/1095b496-3ccc-4758-8429-fb85c59baf45.jpg
2,5,esophagitis,normal-z-line,False,1.3148857760825194e-05,5.865396451554261e-05,0.04144394025206566,0.0002615619741845876,0.0034745081793516874,0.9547165036201477,2.866589420591481e-05,3.029978870472405e-06,esophagitis/60e4f868-0b7e-4b1c-b78d-efb19c83e5ee.jpg
2,5,esophagitis,normal-z-line,False,0.00011562791041797027,0.00034431577660143375,0.3685387074947357,3.648898200481199e-05,0.0006186605314724147,0.6299610733985901,0.0003211955481674522,6.398912228178233e-05,esophagitis/62b55a47-71df-46d9-8ff6-b8461702370c.jpg
1,1,dyed-resection-margins,dyed-resection-margins,True,0.0965491458773613,0.9022944569587708,1.5157102097873576e-06,0.0006378096295520663,4.5109484858585347e-07,1.2669064517467632e-06,1.4243024452298414e-05,0.0005010712775401771,dyed-resection-margins/3e36cd07-ae28-4db1-9b64-43d871d8c4d7.jpg
0,0,dyed-lifted-polyps,dyed-lifted-polyps,True,0.7072387337684631,0.2925242781639099,3.584934529499151e-05,5.361962394090369e-07,3.4853653296806897e-10,2.461269588138748e-08,0.00019906573288608342,1.5148007150855847e-06,dyed-lifted-polyps/a6cc2ba2-b88f-4894-a35e-2339f4e63744.jpg
2,2,esophagitis,esophagitis,True,3.650348662631586e-05,1.9211785911465995e-05,0.7216719388961792,6.891624252602924e-06,0.0013361573219299316,0.27615854144096375,0.00016637446242384613,0.0006043129833415151,esophagitis/a0b35d4d-d47e-427a-bd55-9f5cc5d652bc.jpg
0,0,dyed-lifted-polyps,dyed-lifted-polyps,True,0.940040647983551,0.05988716334104538,2.1900891624682117e-06,4.661201728595188e-06,3.924866831539475e-08,4.3463569454615936e-07,5.668507583322935e-05,8.194390829885378e-06,dyed-lifted-polyps/1772420c-014c-4922-a54f-36308db05ce6.jpg
6,6,polyps,polyps,True,0.0006565264775417745,0.0032496077474206686,0.0002019809471676126,0.014942651614546776,0.0003031587111763656,0.0002795712498482317,0.9792530536651611,0.0011134418891742826,polyps/767b82aa-d0c6-4fea-9a3b-590d5bc1c534.jpg
0,0,dyed-lifted-polyps,dyed-lifted-polyps,True,0.9662479162216187,0.03331322968006134,4.466373866307549e-05,0.00013125276018399745,4.358001206128392e-06,2.4007580577745102e-05,0.00018964095215778798,4.490307765081525e-05,dyed-lifted-polyps/3d824e35-5593-4c11-a072-b7c85c0b8ae6.jpg
2,5,esophagitis,normal-z-line,False,1.4659887710877229e-05,1.6346926713595167e-05,0.1099763810634613,4.5595064079861913e-07,0.00025964833912439644,0.8893542289733887,0.00036787110730074346,1.032371073961258e-05,esophagitis/9b4b4a20-63e8-4511-92db-352e8c587a81.jpg
1,1,dyed-resection-margins,dyed-resection-margins,True,0.014227472245693207,0.9857714176177979,1.1035650615554005e-08,3.6609759668237984e-09,8.364766518331734e-11,7.645979849257856e-09,1.9226656888804428e-07,9.50011553868535e-07,dyed-resection-margins/0a700cd0-d4ad-4a69-8e74-a22b0b028f7a.jpg
7,7,ulcerative-colitis,ulcerative-colitis,True,0.001476590521633625,0.1255253553390503,0.0006571109988726676,6.188238330651075e-05,1.3839385815117566e-07,5.6573222536826506e-05,0.009682291187345982,0.8625400066375732,ulcerative-colitis/663afdb6-38bb-450c-9f53-a5273c46ea77.jpg
1,1,dyed-resection-margins,dyed-resection-margins,True,0.14782240986824036,0.8521748185157776,1.2207436839162256e-07,2.0009363765893795e-07,2.973385981874799e-10,1.2790405889973044e-07,2.023091610681149e-06,2.766157649602974e-07,dyed-resection-margins/58f7eec4-9506-4090-bb00-5ddbbbf6f6c8.jpg
4,4,normal-pylorus,normal-pylorus,True,2.1960875074000796e-06,1.0972393056363217e-06,0.00018506639753468335,5.219253125687828e-06,0.9993138313293457,0.00015805989096406847,0.0001848208630690351,0.00014973075303714722,normal-pylorus/30a96e35-08ef-4145-8f20-5a23babab16a.jpg
3,3,normal-cecum,normal-cecum,True,0.0017315830336883664,0.00016196200158447027,2.2634847027802607e-06,0.9595730900764465,8.66068949108012e-05,6.6074594542442355e-06,0.0360458679497242,0.002392003545537591,normal-cecum/86f3d1e7-fc0e-4cf4-a4bf-95c10d6a8073.jpg
2,2,esophagitis,esophagitis,True,7.381520845228806e-05,0.00023657364363316447,0.9955863952636719,7.393550305323515e-08,1.9857829101965763e-05,0.003922684118151665,8.180913573596627e-05,7.879507029429078e-05,esophagitis/001fb927-4814-4ba5-851d-189db99291d8.jpg
2,5,esophagitis,normal-z-line,False,2.733344263106119e-05,0.00028446459327824414,0.17167875170707703,4.780243762070313e-05,0.014139318838715553,0.8129050731658936,0.0008482903358526528,6.895180558785796e-05,esophagitis/172d405f-bced-4502-99c9-e50029244a8f.jpg
0,0,dyed-lifted-polyps,dyed-lifted-polyps,True,0.9836122393608093,0.016230229288339615,1.2712841623852e-07,1.6748526832088828e-07,2.7080948594715437e-09,8.883736413167753e-09,0.00015715768677182496,1.5079015724950295e-07,dyed-lifted-polyps/e062f910-d08b-4a98-8e96-a0ad1a744154.jpg
7,7,ulcerative-colitis,ulcerative-colitis,True,0.0018206719541922212,0.004861046094447374,3.3032010833267123e-06,0.32455819845199585,7.369920695055043e-06,1.6390656583098462e-06,0.01424109935760498,0.6545065641403198,ulcerative-colitis/3d1c6797-aaf0-4ac3-a1de-d0540d12569e.jpg
7,7,ulcerative-colitis,ulcerative-colitis,True,0.0002687052183318883,0.0005186863709241152,0.00538286566734314,0.00011553749209269881,7.01056414982304e-05,0.0015111297834664583,0.00035060662776231766,0.9917824268341064,ulcerative-colitis/730728f7-3e9f-4b41-8bf9-522cdee43579.jpg
3,3,normal-cecum,normal-cecum,True,0.03627387806773186,0.004790765233337879,0.0002491420309524983,0.47184911370277405,4.800732494913973e-05,3.3201210953848204e-06,0.07211682200431824,0.4146689474582672,normal-cecum/c255960a-0bbb-49b5-8fc9-ca20735a18ee.jpg
4,4,normal-pylorus,normal-pylorus,True,2.3975338990567252e-05,1.0079964340548031e-05,0.0019449940882623196,0.0003322705742903054,0.9810494184494019,0.015324176289141178,0.0008615981787443161,0.0004535962361842394,normal-pylorus/a226af06-c56c-4438-8431-3078e4a10813.jpg
6,6,polyps,polyps,True,0.020289136096835136,0.001029177918098867,5.286095984047279e-06,0.0015238025225698948,2.0019529074488673e-06,1.1634513157332549e-06,0.9708337187767029,0.006315669510513544,polyps/7828e434-3a35-4f37-afa5-83485f30fbd4.jpg
2,2,esophagitis,esophagitis,True,0.00016205602150876075,0.0011589803034439683,0.9617448449134827,0.0001102320893551223,0.0026893955655395985,0.03252633288502693,9.596915333531797e-05,0.0015121866017580032,esophagitis/7f7d27fb-fa49-483d-814d-eefea55f7be5.jpg
6,6,polyps,polyps,True,0.011557994410395622,0.014046640135347843,6.9106058617762756e-06,0.0017457834910601377,4.341130761531531e-07,3.36954758495267e-06,0.9723455905914307,0.0002932493225671351,polyps/724e98c7-1c03-4bc2-bfd4-92a57775437c.jpg
3,3,normal-cecum,normal-cecum,True,0.0002632449904922396,4.226102464599535e-05,3.068747446377529e-06,0.9908359050750732,0.00021043817105237395,6.635926183662377e-06,0.005178415682166815,0.0034600491635501385,normal-cecum/a6f6df9b-c02c-4fa8-bddc-999ecadf00cd.jpg
6,6,polyps,polyps,True,0.0035553667694330215,0.0009203442605212331,0.0005852798349224031,0.00020788266556337476,6.091010163800092e-06,0.0001168125236290507,0.5951232314109802,0.3994850218296051,polyps/62bb1119-9682-4577-91e6-f15a2cf36e65.jpg
1,1,dyed-resection-margins,dyed-resection-margins,True,0.05287708342075348,0.9466534852981567,0.00021562905749306083,7.365294152350543e-08,1.1359059470805732e-08,1.8152572920371313e-06,1.107946900447132e-05,0.0002408302534604445,dyed-resection-margins/2f58484a-2a12-46b9-8846-641bf07a28fb.jpg
4,4,normal-pylorus,normal-pylorus,True,9.443996873415017e-08,4.547764831386303e-08,6.233041403902462e-06,1.621839373910916e-07,0.99988853931427,8.677204459672794e-05,1.5116745089471806e-05,3.033949269592995e-06,normal-pylorus/8aed1005-b05d-4160-a7bd-afbb13e0abff.jpg
4,4,normal-pylorus,normal-pylorus,True,2.2811505004938226e-06,6.87372903485084e-07,4.3172349251108244e-05,9.947410035238136e-06,0.9979952573776245,6.617452891077846e-05,3.888671562890522e-05,0.0018435720121487975,normal-pylorus/a684989c-4ed9-411a-804b-803d60b3b578.jpg
