true_label,predicted_label,true_class,predicted_class,correct,prob_dyed-lifted-polyps,prob_dyed-resection-margins,prob_esophagitis,prob_normal-cecum,prob_normal-pylorus,prob_normal-z-line,prob_polyps,prob_ulcerative-colitis,path
4,4,normal-pylorus,normal-pylorus,True,1.5219804936350556e-06,6.34148534572887e-07,5.8431374782230705e-05,2.4138996579381455e-08,0.9998237490653992,5.1241273467894644e-05,2.4323395336978137e-05,4.013157376903109e-05,normal-pylorus/40aae937-a28e-437e-8357-cf2ed5e13f51.jpg
7,7,ulcerative-colitis,ulcerative-colitis,True,0.008610056713223457,0.002560289576649666,0.02557625249028206,2.8773922167601995e-05,0.0006687933346256614,0.008459529839456081,0.06622438132762909,0.8878719806671143,ulcerative-colitis/eb1dd07c-7ecd-4f7c-a780-8a4596adf998.jpg
7,7,ulcerative-colitis,ulcerative-colitis,True,0.007034447509795427,0.0026401779614388943,0.0002314465236850083,0.011136493645608425,0.009306259453296661,0.00011331198766129091,0.32556775212287903,0.6439701914787292,ulcerative-colitis/6dd6cd7d-220c-40e3-917e-cde03237b7b2.jpg
6,6,polyps,polyps,True,0.10726434737443924,0.023996423929929733,0.0004583639674820006,0.030846426263451576,0.006755261216312647,0.01385314017534256,0.805442214012146,0.011383811943233013,polyps/e37e91fc-4256-4cca-81c7-3572a48f2e6a.jpg
2,5,esophagitis,normal-z-line,False,5.210226390772732e-06,7.515307970606955e-06,0.48380258679389954,1.9466156686576142e-07,0.00034108845284208655,0.5156423449516296,0.00017951743211597204,2.1563353584497236e-05,esophagitis/e93267ed-1d70-42bb-829d-e58bbe4213be.jpg
1,1,dyed-resection-margins,dyed-resection-margins,True,0.07079868018627167,0.9278255105018616,0.000449048267910257,2.0931631752318935e-06,1.3101077911414905e-06,0.00012904043251182884,0.00016914730076678097,0.0006250967853702605,dyed-resection-margins/bbdb51fd-74c3-4dcc-9f2a-348992bd7656.jpg
5,5,normal-z-line,normal-z-line,True,0.003354019019752741,0.00192261824849993,0.027347248047590256,6.9404059104272164e-06,0.15405817329883575,0.8094112873077393,0.003790596267208457,0.0001090898149413988,normal-z-line/00bee375-36d2-4ba9-89e5-bd6132d79c0c.jpg
7,7,ulcerative-colitis,ulcerative-colitis,True,0.0004016559978481382,0.0006310992175713181,0.010687710717320442,1.8166298332289443e-06,3.9414876482624095e-06,0.00012054173566866666,0.0004064758541062474,0.9877468347549438,ulcerative-colitis/2ea3a7b4-2f13-4665-b6c3-6b2f510391b8.jpg
5,5,normal-z-line,normal-z-line,True,0.00015186249220278114,4.9868856876855716e-05,0.04784131050109863,1.49097504618112e-05,0.00018364745483268052,0.9503839015960693,0.0009908952051773667,0.00038371156551875174,normal-z-line/904e5e4e-4acd-49f9-b2cc-b48d7f2ebc30.jpg
0,1,dyed-lifted-polyps,dyed-resection-margins,False,0.19717776775360107,0.4963574707508087,0.003639232600107789,0.045247141271829605,0.0001662145950831473,0.028090402483940125,0.02577590011060238,0.20354585349559784,dyed-lifted-polyps/b9357cb6-83a3-4dea-9387-46effa1dfd14.jpg
5,5,normal-z-line,normal-z-line,True,0.00039796342025510967,0.0016520723002031446,0.22454312443733215,1.417374824086437e-05,0.00483543798327446,0.7659209966659546,0.0011373123852536082,0.0014989032642915845,normal-z-line/c8fc5bef-13f0-46b5-af66-9e2d4b49e9c8.jpg
4,4,normal-pylorus,normal-pylorus,True,0.0003265368577558547,9.281933307647705e-05,0.016702799126505852,1.7117663446697406e-05,0.9674004316329956,0.01271180622279644,0.0021244706586003304,0.0006240460206754506,normal-pylorus/bbe363f1-166b-4836-9491-e81e125122f6.jpg
3,6,normal-cecum,polyps,False,0.02769148349761963,0.01121562346816063,0.000166148369316943,0.3521603047847748,0.14254476130008698,0.013583999127149582,0.45053234696388245,0.0021052625961601734,normal-cecum/a35c3092-2eb7-4669-8794-3c68764a764e.jpg
4,4,normal-pylorus,normal-pylorus,True,0.002881515072658658,0.0007675606175325811,0.018728181719779968,0.0002277958847116679,0.9289092421531677,0.028142066672444344,0.019842907786369324,0.0005006520077586174,normal-pylorus/0ecbcefc-2fa0-4108-b560-1f779f2b3280.jpg
4,4,normal-pylorus,normal-pylorus,True,0.00032625364838168025,6.775691144866869e-05,0.010370218195021152,9.032044908963144e-05,0.9709174036979675,0.007485015317797661,0.009980806149542332,0.0007622903794981539,normal-pylorus/ffdaa089-76f0-4547-8950-db6d256c6157.jpg
1,1,dyed-resection-margins,dyed-resection-margins,True,0.14056499302387238,0.8591356873512268,9.656411748437677e-06,9.281837265007198e-05,2.3110787878977135e-06,3.0017234166734852e-05,4.901863940176554e-05,0.00011549405462574214,dyed-resection-margins/7ce8b8b3-6e36-4ad7-86ba-137a1cd5d2b6.jpg
7,7,ulcerative-colitis,ulcerative-colitis,True,0.00015092386456672102,0.00021870384807698429,1.0679240403987933e-05,4.902837463305332e-05,1.3494412769432529e-06,2.2311089196591638e-05,0.0001612860942259431,0.9993855953216553,ulcerative-colitis/45b5dad4-c0e0-4d60-a07f-7ec93853c60b.jpg
0,0,dyed-lifted-polyps,dyed-lifted-polyps,True,0.8557937741279602,0.13860107958316803,9.671662701293826e-05,2.8164027753518894e-05,1.1392362466722261e-06,1.67824218806345e-05,0.004802280105650425,0.0006599908811040223,dyed-lifted-polyps/e59f1c09-34f7-4eda-8cec-36004b5835f2.jpg
7,7,ulcerative-colitis,ulcerative-colitis,True,0.04524511843919754,0.11124948412179947,0.009590904228389263,0.003634697524830699,0.00012411249917931855,0.06886901706457138,0.0014804441016167402,0.7598061561584473,ulcerative-colitis/584f1fa0-9bb9-49d3-b412-c42819d0a200_00002458.jpg
1,1,dyed-resection-margins,dyed-resection-margins,True,0.010215493850409985,0.9889923930168152,0.0003022872260771692,2.1174542780499905e-05,1.1113505706816795e-06,0.0004278248525224626,9.350169420940802e-07,3.870608634315431e-05,dyed-resection-margins/6cc19876-fe6f-4496-ab13-614b0e281b6a.jpg
3,3,normal-cecum,normal-cecum,True,0.04825891926884651,0.0048403069376945496,0.00044163191341795027,0.7639057040214539,0.0011427029967308044,0.0023318633902817965,0.17569339275360107,0.0033855042420327663,normal-cecum/df525885-1955-4e11-aead-fa8e746dd558.jpg
6,7,polyps,ulcerative-colitis,False,0.19956009089946747,0.16520540416240692,0.04455861821770668,0.015646394342184067,0.15285788476467133,0.029265789315104485,0.18308332562446594,0.20982255041599274,polyps/354404bd-4f71-4a1a-b2a8-eb5eed98f975.jpg
4,4,normal-pylorus,normal-pylorus,True,0.0005923860589973629,0.000482498318888247,0.00639874255284667,9.295733434555586e-06,0.8365308046340942,0.147232785820961,0.008695980533957481,5.748092007706873e-05,normal-pylorus/ccc2ac87-89ea-4034-a656-86c4df504e6c.jpg
7,7,ulcerative-colitis,ulcerative-colitis,True,0.025983253493905067,0.01566324196755886,0.00022728728072252125,0.03570494428277016,0.000648022978566587,0.0001293055829592049,0.03545413538813591,0.886189877986908,ulcerative-colitis/1dad6ad6-57e3-448c-85d0-0508b05825e9.jpg
6,6,polyps,polyps,True,0.05453920364379883,0.016368605196475983,0.0013496631290763617,0.1312907189130783,0.016655970364809036,0.08539517968893051,0.6432579755783081,0.05114264413714409,polyps/ef6d9dfd-55ad-4a3e-b325-289fda4e3670.jpg
0,0,dyed-lifted-polyps,dyed-lifted-polyps,True,0.7871572375297546,0.21277326345443726,1.2630537639779504e-05,2.1236326119833393e-06,1.1293179369431527e-07,8.077949132712092e-06,6.878601197968237e-06,3.965268479078077e-05,dyed-lifted-polyps/fa6d6342-bfdb-43b1-9635-dc9d2bb5ed23.jpg
4,4,normal-pylorus,normal-pylorus,True,0.002747901016846299,0.0010240549454465508,0.00787216704338789,2.4462116925860755e-05,0.9775716662406921,0.002519761212170124,0.007798349019140005,0.0004416251613292843,normal-pylorus/a9d6d275-0c6e-441b-8bc7-26d76afcd60f.jpg
6,6,polyps,polyps,True,0.027102358639240265,0.03327859565615654,0.0006884796894155443,0.000982029945589602,0.06507944315671921,0.009990335442125797,0.7684202790260315,0.09445855021476746,polyps/6a2e9528-7abb-4456-9797-31f3c6b301bb.jpg
4,4,normal-pylorus,normal-pylorus,True,0.0004462848592083901,4.725042526843026e-05,0.005649982485920191,2.312110154889524e-05,0.9298356175422668,0.059091754257678986,0.004684826359152794,0.00022108742268756032,normal-pylorus/2dc3de5b-5084-48c4-b699-43387319650c.jpg
3,3,normal-cecum,normal-cecum,True,0.010760496370494366,0.0065802279859781265,1.8815540897776373e-05,0.7880363464355469,9.388778562424704e-05,6.761419354006648e-05,0.19369584321975708,0.000746857316698879,normal-cecum/84021430-f577-447f-b103-215b82e12843.jpg
6,6,polyps,polyps,True,0.006916807498782873,0.0006035164697095752,9.341497388959397e-06,0.0026383528020232916,0.00044613057980313897,0.00017714771092869341,0.98907870054245,0.00012998377496842295,polyps/c9b8f8bc-f7e1-4d59-a402-3e7643358008.jpg
7,7,ulcerative-colitis,ulcerative-colitis,True,0.11684320867061615,0.059837792068719864,0.003543076105415821,0.008408897556364536,0.01718217134475708,0.0034328654874116182,0.033525917679071426,0.7572260499000549,ulcerative-colitis/49ff4cda-64db-4d70-8b6d-eba41e5ac76a.jpg
5,2,normal-z-line,esophagitis,False,0.000134608504595235,0.00018263455422129482,0.5386962294578552,1.9891879787792277e-07,0.00022042961791157722,0.46052563190460205,3.959071545978077e-05,0.00020067111472599208,normal-z-line/9c396983-c8b5-4704-8dac-6e1d8a9589bf.jpg
5,5,normal-z-line,normal-z-line,True,0.0014516360824927688,0.0003461535379756242,0.016110651195049286,3.354115278852987e-07,0.016758881509304047,0.9648597240447998,0.00046982464846223593,2.788536903608474e-06,normal-z-line/b503c99b-9f26-4bd4-a81c-b8e224fa9978.jpg
0,0,dyed-lifted-polyps,dyed-lifted-polyps,True,0.938841700553894,0.05444818735122681,6.907172064529732e-05,0.000440219504525885,9.048223728314042e-05,0.0011765278177335858,0.004867943935096264,6.590398697881028e-05,dyed-lifted-polyps/7518df1b-8570-4e12-b3a8-cbdfb00c142d.jpg
3,3,normal-cecum,normal-cecum,True,0.0007181874243542552,0.00028116098837926984,4.295785038266331e-05,0.992095947265625,0.0002769741404335946,8.827678539091721e-05,0.005815346725285053,0.0006810682243667543,normal-cecum/1d096835-06b1-4649-ab10-c09824ef9732.jpg
6,6,polyps,polyps,True,0.008085130713880062,0.0010628692107275128,0.0008560448768548667,0.0002991044893860817,0.005700599402189255,0.006094824988394976,0.9475233554840088,0.03037802316248417,polyps/a1179a37-8cee-468c-8ac7-8ada22612e77.jpg
6,6,polyps,polyps,True,0.007415976375341415,0.0008977915276773274,1.2080171472916845e-05,0.010154642164707184,0.00048292745486833155,0.0002855299971997738,0.9720332622528076,0.008717807941138744,polyps/e59eb196-7307-4d31-b3c9-8ef8167f1c9f.jpg
3,3,normal-cecum,normal-cecum,True,0.026041962206363678,0.012651225551962852,3.0197024898370728e-05,0.8872438073158264,0.014171584509313107,0.003891789587214589,0.046323128044605255,0.009646318852901459,normal-cecum/bd5b9d08-2b70-42cd-82b3-878a024be0d3.jpg
2,2,esophagitis,esophagitis,True,8.010538294911385e-06,5.659142516378779e-06,0.9763721823692322,7.924630551769951e-08,0.0032879009377211332,0.020128076896071434,3.089797610300593e-05,0.0001672802900429815,esophagitis/ceb61e27-08b3-4887-8bde-3c8f6c537e28.jpg
1,1,dyed-resection-margins,dyed-resection-margins,True,0.028937071561813354,0.9710071086883545,2.9382405045907944e-05,6.883516334710293e-08,2.3661989700940467e-07,2.02370501938276e-05,7.012320111243753e-07,5.166792561794864e-06,dyed-resection-margins/1d12c126-b90a-4409-8080-bac18f38cba3.jpg
2,2,esophagitis,esophagitis,True,0.0005998440901748836,0.0009048698702827096,0.9835341572761536,2.818752136590774e-06,4.69861515739467e-05,0.006009804084897041,0.0006824036245234311,0.008219079114496708,esophagitis/eabc0ef8-fc37-4014-b741-c0a4932f58c7.jpg
0,1,dyed-lifted-polyps,dyed-resection-margins,False,0.37038180232048035,0.604827880859375,0.00015162420459091663,0.0007436455343849957,2.9845046810805798e-05,0.0017167342593893409,0.007521445397287607,0.014627087861299515,dyed-lifted-polyps/55162bcd-887f-4a5c-b868-e31cb5ffbbdf.jpg
6,6,polyps,polyps,True,0.027273274958133698,0.005008690990507603,0.0002943740109913051,0.0001375592255499214,0.005307013634592295,0.002047075191512704,0.9567303657531738,0.0032016453333199024,polyps/e3efbccd-ac8b-4ddf-b8bd-77ed0e18f99d.jpg
6,6,polyps,polyps,True,0.12519320845603943,0.00824971403926611,0.002000681357458234,0.006219939794391394,0.037726160138845444,0.02350030094385147,0.7918812036514282,0.005228825844824314,polyps/0720d335-17b7-4510-9331-5dcc4c54570f.jpg
7,7,ulcerative-colitis,ulcerative-colitis,True,0.007408094592392445,0.0016947102267295122,0.00021823459246661514,0.12487667798995972,0.0021098172292113304,0.004810708574950695,0.2375936508178711,0.6212880611419678,ulcerative-colitis/aea245d6-2b16-43f7-b0c9-c5df9594fb75.jpg
6,6,polyps,polyps,True,0.3714435398578644,0.04233863949775696,0.0011304642539471388,0.010015765205025673,0.0015524855116382241,0.01565188728272915,0.5526540875434875,0.005213187076151371,polyps/58ac2091-613d-4c94-875c-c7d256aae6dd.jpg
2,2,esophagitis,esophagitis,True,0.0002003869303734973,0.000117331619549077,0.883423388004303,2.931591325250338e-06,8.607568452134728e-05,0.11569575220346451,0.00014931194891687483,0.00032482625101692975,esophagitis/ddafc78b-dbd8-49fb-a633-4c5daee5abc4.jpg
5,5,normal-z-line,normal-z-line,True,3.66519125236664e-05,0.00010974753240589052,0.018345465883612633,1.6914603975237696e-06,0.0027688147965818644,0.9786660671234131,5.5906581110320985e-05,1.560020973556675e-05,normal-z-line/eb37f500-f56a-4a26-a80a-8bada3c22399.jpg
2,2,esophagitis,esophagitis,True,0.008108136244118214,0.010362648405134678,0.8622440099716187,3.409357668715529e-05,0.008579226210713387,0.06068631634116173,0.005919845774769783,0.04406578093767166,esophagitis/0cbddd47-c7f6-474b-9e9a-b5d2429a2312.jpg
7,7,ulcerative-colitis,ulcerative-colitis,True,0.0005201159510761499,0.000505763862747699,0.000153084154590033,0.00022020920005161315,2.3490794774261303e-05,0.00023999257246032357,0.0008078913087956607,0.9975294470787048,ulcerative-colitis/615ba22f-37fd-42b0-bbc5-6c56f692d983.jpg
2,5,esophagitis,normal-z-line,False,0.0014198380522429943,0.0006067168433219194,0.41173607110977173,0.00011663146142382175,0.02281852625310421,0.5515326261520386,0.010446568951010704,0.0013229676987975836,esophagitis/9827b5e6-dca1-45af-98c1-521fcb248fc9.jpg
7,7,ulcerative-colitis,ulcerative-colitis,True,0.001804330269806087,0.008185635320842266,0.00022293247457128018,8.805499237496406e-05,1.5139295101107564e-05,2.652312468853779e-05,0.00044569617602974176,0.9892116785049438,ulcerative-colitis/a01c723e-a9c4-44b6-bd4c-ea2d8b796f32.jpg
5,5,normal-z-line,normal-z-line,True,0.0002796921762637794,0.0005334758316166699,0.052159976214170456,1.6346044503734447e-05,0.21145980060100555,0.7301350831985474,0.0020866356790065765,0.0033289946150034666,normal-z-line/b87890df-74da-4270-a480-9b1ca2f92e17.jpg
7,7,ulcerative-colitis,ulcerative-colitis,True,0.0037217328790575266,0.0013594358460977674,9.33372211875394e-05,0.0017668800428509712,0.0019743565935641527,0.00010600152018014342,0.022984180599451065,0.9679940938949585,ulcerative-colitis/c142db98-8e97-48df-88f8-862c4e941b41.jpg
6,6,polyps,polyps,True,0.015227201394736767,0.01125290710479021,0.0021301889792084694,0.04050573334097862,0.23269061744213104,0.003049674443900585,0.6586801409721375,0.03646346181631088,polyps/ec2f87eb-d652-4296-9ca0-b60881ce8939.jpg
5,5,normal-z-line,normal-z-line,True,6.355564983095974e-05,0.0009931182721629739,0.2994193732738495,8.059357128331612e-07,0.01755591668188572,0.6810539960861206,0.00032734902924858034,0.0005859073717147112,normal-z-line/df35e8e4-ab95-4194-b3b2-9b09ff8cce04.jpg
2,5,esophagitis,normal-z-line,False,0.00022821352467872202,0.0001562752149766311,0.03640732914209366,6.44667534288601e-06,0.03719272091984749,0.9248852133750916,0.0007681366987526417,0.00035572092747315764,esophagitis/08fe1ae5-193b-4df3-bd6e-bc99d920537b.jpg
3,3,normal-cecum,normal-cecum,True,0.03543509170413017,0.001970859942957759,0.0040236571803689,0.5939141511917114,0.002643910003826022,0.001830122317187488,0.07671002298593521,0.2834722399711609,normal-cecum/94e15c18-91c1-47d7-b96a-eab2bc76a995.jpg
0,0,dyed-lifted-polyps,dyed-lifted-polyps,True,0.8090025186538696,0.1908692568540573,1.9532988517312333e-05,1.8256238263347768e-06,1.7442866919736844e-06,3.9905859011923894e-05,3.0057068215683103e-05,3.5187120374757797e-05,dyed-lifted-polyps/1f171e07-ed73-4e39-b17e-9e6fc95459c9.jpg
6,6,polyps,polyps,True,0.022416329011321068,0.01644047535955906,0.00426645390689373,0.0009362712735310197,0.0020490007009357214,0.007360405288636684,0.901914656162262,0.044616397470235825,polyps/3e598537-e139-4845-94ba-1d7243aeaa14.jpg
2,6,esophagitis,polyps,False,0.00542325247079134,0.00014552882930729538,0.2331879585981369,0.00024699821369722486,0.055230434983968735,0.23646219074726105,0.4692089557647705,9.471891826251522e-05,esophagitis/5edc1245-3a76-445d-9852-10a45d44ecb9.jpg
4,4,normal-pylorus,normal-pylorus,True,0.00036534437094815075,8.533403160981834e-05,0.00047079796786420047,0.0006602469366043806,0.9925845265388489,0.005078037269413471,0.0004108985885977745,0.0003447747731115669,normal-pylorus/d04d902f-79c4-4bc6-bd39-c3873fc20e3e.jpg
3,3,normal-cecum,normal-cecum,True,0.02350352518260479,0.012146485969424248,0.0002428529114695266,0.8010785579681396,0.005579502787441015,0.0034421770833432674,0.1318773329257965,0.022129511460661888,normal-cecum/791da276-ec04-4592-a20b-7f8431572676.jpg
4,4,normal-pylorus,normal-pylorus,True,1.1412335879867896e-05,7.051537977531552e-06,0.0004187521699350327,6.4500427470193245e-06,0.9956814050674438,0.002762415213510394,0.0011026801075786352,9.820051673159469e-06,normal-pylorus/e6e5bb7a-0549-42ac-b9de-bab63f5d5165.jpg
7,7,ulcerative-colitis,ulcerative-colitis,True,0.043427299708127975,0.02448093704879284,0.0122488709166646,0.000366814318113029,5.283168775349623e-06,0.009277735836803913,0.04500420391559601,0.8651887774467468,ulcerative-colitis/34f52c7a-3978-4a4b-ae7f-d431f6e2b17d.jpg
3,6,normal-cecum,polyps,False,0.01717953570187092,0.008378054015338421,3.161294080200605e-05,0.3914092183113098,0.04062660038471222,0.003291530068963766,0.53801029920578,0.0010731101501733065,normal-cecum/5fc76e4d-eb8c-424b-9f37-b429c88c0d2a.jpg
7,7,ulcerative-colitis,ulcerative-colitis,True,0.001220661448314786,0.0006783480057492852,0.0002645418862812221,0.0018176696030423045,3.6318338970886543e-05,0.001285947160795331,0.0030019606929272413,0.9916945099830627,ulcerative-colitis/17b81d93-dcec-44ce-a23d-d9cf1b467230.jpg
6,6,polyps,polyps,True,0.007634516339749098,0.0014707082882523537,2.790643702610396e-05,0.10229285061359406,0.0008578385459259152,0.00011519801773829386,0.8848271369934082,0.002773782005533576,polyps/3c37c058-de5c-4d50-a3da-3a70ed53bbb8.jpg
4,4,normal-pylorus,normal-pylorus,True,4.972472197550815e-06,8.343917556885572e-07,0.00010244204895570874,2.0543689416285815e-08,0.9996893405914307,0.000156303372932598,3.0592662369599566e-05,1.55645830091089e-05,normal-pylorus/656dae35-cefb-4362-8a31-e0160b8c0b17.jpg
5,5,normal-z-line,normal-z-line,True,0.00249894498847425,0.0004574533668346703,0.3235407769680023,2.9460918085533194e-05,0.2356758564710617,0.4361896812915802,0.0014696263242512941,0.00013821023458149284,normal-z-line/52855f3b-add5-4c60-af4e-ecf7b12a2134.jpg
5,5,normal-z-line,normal-z-line,True,3.1794552342034876e-05,1.2382434761093464e-05,0.09132099151611328,1.5206815078272484e-06,0.001960666151717305,0.9062299132347107,0.00036628107773140073,7.64194774092175e-05,normal-z-line/6a199b51-6590-47a2-8790-9b23187e4084.jpg
5,5,normal-z-line,normal-z-line,True,0.0003401390858925879,0.002798413624987006,0.3437950015068054,1.6461333984807425e-07,0.0006840778514742851,0.6518562436103821,0.00011504238500492647,0.00041083109681494534,normal-z-line/266da747-0ead-4a9c-9af8-c64a845450b0.jpg
4,4,normal-pylorus,normal-pylorus,True,4.833549610339105e-05,3.5763649066211656e-05,1.2185480045445729e-05,6.679474608972669e-06,0.9991422891616821,4.936263576382771e-05,0.00018667001859284937,0.0005186242633499205,normal-pylorus/3e710c44-5105-4f4b-ac25-39f823eb6cb4.jpg
3,3,normal-cecum,normal-cecum,True,0.01276014931499958,0.0139922471717,4.8250582040054724e-05,0.9046623110771179,0.0008496635127812624,3.0505996619467624e-05,0.0315147303044796,0.036142125725746155,normal-cecum/4e5f0e54-da66-4d41-bcf9-1b3d71197ab2.jpg
3,3,normal-cecum,normal-cecum,True,0.007929757237434387,0.008118421770632267,1.6770642332630814e-06,0.9659712314605713,0.0006436500698328018,3.428849231568165e-05,0.010532481595873833,0.006768516264855862,normal-cecum/2909cac3-254e-4d0c-9e25-5bbe2a3f1608.jpg
0,0,dyed-lifted-polyps,dyed-lifted-polyps,True,0.6387263536453247,0.3261820077896118,0.000493121740873903,0.0001096045016311109,0.0004218529211357236,0.0006860736175440252,0.030551381409168243,0.0028295961674302816,dyed-lifted-polyps/6198ac62-d11b-47fd-9488-13bab02fa5a8.jpg
6,6,polyps,polyps,True,0.030731262639164925,0.0029988749884068966,0.0009332140325568616,0.0013739162823185325,0.0015499083092436194,0.00896350760012865,0.9525693655014038,0.000879933824762702,polyps/315a29dc-1d9e-4b1f-b754-407a376b994a.jpg
2,5,esophagitis,normal-z-line,False,0.00015065056504681706,0.00020622523152269423,0.15267348289489746,6.089004500609008e-07,0.0001090216392185539,0.8467358946800232,1.7157342881546356e-05,0.00010699803533498198,esophagitis/1f3349a1-216d-43b7-89f8-2e5cf547bbbc.jpg
4,4,normal-pylorus,normal-pylorus,True,6.537978151754942e-06,5.665654043696122e-06,0.0021736412309110165,1.1704232747433707e-06,0.9935709238052368,0.00403547752648592,4.576791252475232e-05,0.00016091112047433853,normal-pylorus/c74012e7-45c7-4cf4-9462-9124c7acfcdb.jpg
1,1,dyed-resection-margins,dyed-resection-margins,True,0.062232524156570435,0.936920702457428,2.5560737412888557e-05,1.7202779417857528e-05,5.727813459088793e-06,9.946169302565977e-05,0.0005422286340035498,0.00015655491733923554,dyed-resection-margins/186375d6-f31d-405d-8326-f4005d9eea39.jpg
2,2,esophagitis,esophagitis,True,0.00025153750902973115,0.0002930622431449592,0.8355046510696411,2.5470551463513402e-06,0.09800434112548828,0.010587685741484165,0.002709750784561038,0.052646368741989136,esophagitis/3ea0322d-cc11-4863-b4c1-1bab466d3547.jpg
4,4,normal-pylorus,normal-pylorus,True,0.0019202663097530603,0.000730711966753006,0.025651738047599792,3.761579864658415e-05,0.9199921488761902,0.017440076917409897,0.03407778590917587,0.0001496008480899036,normal-pylorus/3676032c-2c8c-4161-b91a-174f86dea256.jpg
7,6,ulcerative-colitis,polyps,False,0.011896325275301933,0.002993485191836953,0.00016762243467383087,0.02306477539241314,0.0027086385525763035,0.000346342014381662,0.7209764122962952,0.23784640431404114,ulcerative-colitis/ae68bef5-8ca4-42fd-a275-d34ee4ea8c14_00001172.jpg
0,0,dyed-lifted-polyps,dyed-lifted-polyps,True,0.9678648114204407,0.03205624222755432,6.89714715917944e-06,3.8263547139649745e-06,1.9121648620057385e-07,2.9286369681358337e-05,3.839259807136841e-05,2.6019705501312274e-07,dyed-lifted-polyps/ce738b8c-c389-4db5-82f0-eacced58b152.jpg
3,3,normal-cecum,normal-cecum,True,0.00926457904279232,0.0035378881730139256,1.4303045645647217e-05,0.9333681464195251,0.004399077966809273,0.00013017440505791456,0.005280499812215567,0.044005271047353745,normal-cecum/4b929428-a943-4be6-8ac0-eaf759d74434.jpg
7,6,ulcerative-colitis,polyps,False,0.015830568969249725,0.011169081553816795,0.0030564446933567524,0.030145788565278053,0.024377131834626198,0.0061134896241128445,0.7598217129707336,0.1494857668876648,ulcerative-colitis/8085db7c-43c6-44d4-a9ce-01c725288a30.jpg
5,5,normal-z-line,normal-z-line,True,4.3655047193169594e-05,8.633047400508076e-05,0.011311370879411697,4.0246900425700005e-06,0.0008095686789602041,0.9875719547271729,4.591733159031719e-05,0.00012729878653772175,normal-z-line/c8045041-9930-4d96-8699-77f5682eecc0.jpg
3,3,normal-cecum,normal-cecum,True,0.014573679305613041,0.0023651455994695425,3.123425994999707e-05,0.9655980467796326,0.004433759953826666,0.001432678080163896,0.007266028318554163,0.004299483727663755,normal-cecum/9755aaad-a2ea-488b-b061-eca74459d38d.jpg
6,6,polyps,polyps,True,0.3067309856414795,0.0203730259090662,0.007708594668656588,0.000733483990188688,2.489509824954439e-05,0.014748681336641312,0.6462287902832031,0.0034516253508627415,polyps/a5095f5e-753b-4e31-b737-e424db22e9ad.jpg
5,5,normal-z-line,normal-z-line,True,4.1469658754067495e-05,1.4434515833272599e-05,0.1380087286233902,1.628266090847319e-07,0.0023160865530371666,0.859516441822052,8.989957859739661e-05,1.2786710612999741e-05,normal-z-line/6516bf8c-e407-411b-b37e-19e237e85d20.jpg
0,1,dyed-lifted-polyps,dyed-resection-margins,False,0.19196906685829163,0.804060161113739,0.00013482510985340923,0.001149099669419229,2.5548357371008024e-05,0.00018477276898920536,0.0012364397989585996,0.0012399846455082297,dyed-lifted-polyps/15e3cb6d-c5ed-4cae-82cf-742bfa8de45b.jpg
4,4,normal-pylorus,normal-pylorus,True,0.00019360159058123827,0.00018611489213071764,0.0025084989611059427,2.2786956833442673e-05,0.965698778629303,0.022359531372785568,0.008953789249062538,7.688215555390343e-05,normal-pylorus/b9559ef9-163d-4d98-a8d4-5f058bfa8003.jpg
0,0,dyed-lifted-polyps,dyed-lifted-polyps,True,0.9672664999961853,0.02992549166083336,5.2965038776164874e-05,2.7263649826636538e-05,3.1027575460029766e-05,0.00021271735022310168,0.002460452727973461,2.3591481294715777e-05,dyed-lifted-polyps/775cf098-e2c9-4006-8335-e744321223d1.jpg
5,5,normal-z-line,normal-z-line,True,6.697202024952276e-06,1.846064333221875e-05,0.4936547875404358,4.249256946309288e-08,9.114359272643924e-05,0.5062128305435181,1.4771162568649743e-05,1.1364538750058273e-06,normal-z-line/6c263f6e-5915-4a70-b184-f818fa54a18f.jpg
5,5,normal-z-line,normal-z-line,True,0.001339560840278864,0.0006820884300395846,0.4948814809322357,3.5643310525301786e-07,0.0010018906323239207,0.5012397170066833,0.0006495239213109016,0.00020529697940219194,normal-z-line/3bfe3c3d-2b9c-4c7c-a0f3-7ad73e6ab203.jpg
5,2,normal-z-line,esophagitis,False,0.0027530586812645197,0.0008813114836812019,0.507676362991333,9.294824963035353e-07,0.0003052339015994221,0.4875325858592987,0.0008038199739530683,4.664367588702589e-05,normal-z-line/2529ce9a-93f1-4dc7-8ee6-53f021604bc1.jpg
7,7,ulcerative-colitis,ulcerative-colitis,True,0.05561671406030655,0.012808311730623245,6.429469067370519e-05,0.013221433386206627,5.6923865486169234e-05,1.2395199519232847e-05,0.25751790404319763,0.6607020497322083,ulcerative-colitis/ae68bef5-8ca4-42fd-a275-d34ee4ea8c14_00000252.jpg
3,3,normal-cecum,normal-cecum,True,0.004296963568776846,0.0027380632236599922,3.29900867654942e-05,0.9723802804946899,0.0003914099943358451,9.150761616183445e-05,0.013212841004133224,0.006855957675725222,normal-cecum/7bf95fdd-0f8b-44f7-976d-fa91185ae8bc.jpg
5,5,normal-z-line,normal-z-line,True,3.799382102442905e-05,0.0001257225958397612,0.10130546241998672,5.855607554394737e-08,0.0015078858705237508,0.8969870209693909,2.372094513702905e-06,3.3542288292665035e-05,normal-z-line/1921043a-db5a-49e5-a5be-2b74ca7d35a4.jpg
5,2,normal-z-line,esophagitis,False,0.0003092649858444929,7.393739360850304e-05,0.49526873230934143,5.4156935220817104e-05,0.0579318068921566,0.43372204899787903,0.0005116019165143371,0.01212852168828249,normal-z-line/ef2402f5-0439-4e5c-8715-225e031e1ed0.jpg
7,7,ulcerative-colitis,ulcerative-colitis,True,0.03534986078739166,0.10049223899841309,0.003001661039888859,0.14481785893440247,0.011937728151679039,0.005710266064852476,0.293069988489151,0.40562039613723755,ulcerative-colitis/bc7439ed-e848-459c-83b8-9643d99a2762.jpg
3,3,normal-cecum,normal-cecum,True,0.06426337361335754,0.00923169031739235,0.00012890505604445934,0.6911981701850891,0.0004752548993565142,0.00018106220522895455,0.03655901178717613,0.19796252250671387,normal-cecum/84feb5ea-2dff-49fc-8290-3d82f9e5ec95.jpg
0,1,dyed-lifted-polyps,dyed-resection-margins,False,0.3828890025615692,0.6161035895347595,1.607166814210359e-05,0.00015722360694780946,4.643710417440161e-05,0.00019518318003974855,0.00026854482712224126,0.0003238852077629417,dyed-lifted-polyps/a438893e-5870-4d11-9476-e47f63ef24b9.jpg
7,6,ulcerative-colitis,polyps,False,0.00302543630823493,0.0016478050965815783,0.0021232510916888714,0.014955124817788601,0.011918858624994755,0.01941010355949402,0.6639581918716431,0.2829611301422119,ulcerative-colitis/c0f57402-ad88-44e2-a0dc-3f6cbef7a87b.jpg
7,7,ulcerative-colitis,ulcerative-colitis,True,0.018503831699490547,0.021370066329836845,0.005513094365596771,0.2049712985754013,0.0006086638895794749,0.009661061689257622,0.0941232368350029,0.6452487707138062,ulcerative-colitis/b5efb2cc-2e53-4ec7-87f7-fb08b47f34e3.jpg
2,2,esophagitis,esophagitis,True,0.0003641691873781383,0.0002677945594768971,0.9287261962890625,4.4371550757205114e-05,0.0015293476171791553,0.05391274765133858,0.000430645770393312,0.014724735170602798,esophagitis/d55f27b0-d121-45b8-b1f9-219b32efdce2.jpg
4,5,normal-pylorus,normal-z-line,False,0.00039860577089712024,0.0004854653379879892,0.04428917169570923,0.0006318499217741191,0.19740766286849976,0.6199776530265808,0.0030316736083477736,0.13377779722213745,normal-pylorus/ae37c066-efe4-4589-9dda-7990ed79bbe6.jpg
0,0,dyed-lifted-polyps,dyed-lifted-polyps,True,0.9900117516517639,0.008112635463476181,2.403447524557123e-06,0.0003219215723220259,3.2926337212302315e-07,3.000229526151088e-06,0.001544759375974536,3.280224063928472e-06,dyed-lifted-polyps/c3018dd0-26ad-4904-88fd-b14b2a8df0aa.jpg
1,1,dyed-resection-margins,dyed-resection-margins,True,0.0715627372264862,0.9284248352050781,3.589141215343261e-07,7.524357101829082e-07,6.877622809042805e-07,1.3050663483227254e-06,4.158542196819326e-06,5.104587671667105e-06,dyed-resection-margins/87067da4-8aac-4f04-8641-9a67365510aa.jpg
0,6,dyed-lifted-polyps,polyps,False,0.32486167550086975,0.012894528917968273,0.0013763485476374626,0.0002506575547158718,0.002226867014542222,0.003071393119171262,0.653252363204956,0.0020661361049860716,dyed-lifted-polyps/716d75fc-6dfe-400c-9149-4d20fa1b02e8.jpg
4,4,normal-pylorus,normal-pylorus,True,3.489795562927611e-05,8.435637937509455e-06,7.873470894992352e-05,5.998452616040595e-05,0.9980146884918213,0.00165614765137434,0.00013298557314556092,1.4099604413786437e-05,normal-pylorus/c9788cb8-912e-4136-af46-90211ae2ff13.jpg
5,5,normal-z-line,normal-z-line,True,0.002082969294860959,0.001023383578285575,0.33487188816070557,3.765580913750455e-05,0.02034859172999859,0.6383795738220215,0.0023414024617522955,0.0009145083604380488,normal-z-line/3a7485d3-4f59-4890-b253-81367345e134.jpg
4,4,normal-pylorus,normal-pylorus,True,9.93764988379553e-05,9.205490641761571e-05,0.0021347703877836466,2.9834333759026777e-07,0.9925035238265991,0.0050364225171506405,0.00010621515684761107,2.728429353737738e-05,normal-pylorus/a47588f1-e876-4991-9304-b9cedfa292ab.jpg
6,6,polyps,polyps,True,0.08200360089540482,0.0024271041620522738,5.952671926934272e-05,0.011621514335274696,9.075281923287548e-06,0.00011510121839819476,0.9036821126937866,8.19360138848424e-05,polyps/561e992a-cb46-4e20-b959-be6fb0f8c481.jpg
0,0,dyed-lifted-polyps,dyed-lifted-polyps,True,0.9203314781188965,0.07966339588165283,2.3644031443836866e-06,8.899512948801203e-08,2.1894961399482327e-09,9.12656503260223e-07,9.33214835185936e-07,8.757867249187257e-07,dyed-lifted-polyps/31604d8a-e8ac-4d98-969d-8627321ad8c7.jpg
1,1,dyed-resection-margins,dyed-resection-margins,True,0.16178631782531738,0.8380540609359741,6.393003422999755e-05,1.9282767880213214e-06,1.636716362440893e-08,1.5718958820798434e-05,1.0154964911635034e-05,6.793489592382684e-05,dyed-resection-margins/256ae4b0-4bb0-4617-8f48-20164cc6b681.jpg
1,0,dyed-resection-margins,dyed-lifted-polyps,False,0.8623657822608948,0.07760714739561081,4.919775165035389e-06,0.034412454813718796,0.00032890026341192424,1.2345239156275056e-05,0.0252185370773077,4.991608511772938e-05,dyed-resection-margins/2871b311-54de-4069-ba9b-c8eb3e3e1875.jpg
3,3,normal-cecum,normal-cecum,True,0.03162457421422005,0.006174033973366022,0.00039729743730276823,0.9070414900779724,9.778867388376966e-05,0.0011349414708092809,0.04784471169114113,0.005685113370418549,normal-cecum/84ab55b6-97d6-4bcc-af54-102f2438d045.jpg
1,1,dyed-resection-margins,dyed-resection-margins,True,0.35920262336730957,0.6402947902679443,7.167788135120645e-05,3.8956724779382057e-07,1.439667357772123e-06,0.000369220448192209,5.260309626464732e-05,7.247443136293441e-06,dyed-resection-margins/de582410-cd28-4236-9b46-37a10aa6064b.jpg
6,6,polyps,polyps,True,0.3813152015209198,0.0033844674471765757,0.0021971261594444513,8.15417806734331e-05,0.10111219435930252,0.00523788807913661,0.5065426230430603,0.0001289736246690154,polyps/fe1145d1-4612-42bf-ba0b-717d7d46c793.jpg
7,7,ulcerative-colitis,ulcerative-colitis,True,0.013161269016563892,0.015837782993912697,0.00020728261733893305,0.009999831207096577,0.00011964194709435105,0.0013235934311524034,0.07516317069530487,0.8841874599456787,ulcerative-colitis/5ec1cf46-a0eb-49f8-ad35-c933fcfcb126.jpg
1,1,dyed-resection-margins,dyed-resection-margins,True,0.43847641348838806,0.5542088150978088,0.00010897942411247641,0.00013219198444858193,6.678259865111613e-07,0.0005738700274378061,0.0045918733812868595,0.0019072332652285695,dyed-resection-margins/c1a3e4e9-d9bd-4992-a54d-6e299ab61865.jpg
3,3,normal-cecum,normal-cecum,True,0.0002697389281820506,0.0007516721379943192,5.604375019174768e-06,0.987036406993866,0.0004614467325154692,4.7490495489910245e-05,0.0012460683938115835,0.010181618854403496,normal-cecum/80145f3c-94ed-4b02-93ff-f884977e0b55.jpg
4,4,normal-pylorus,normal-pylorus,True,1.171504300145898e-05,6.616865903197322e-06,0.0007721037836745381,1.1926863408007193e-05,0.993780791759491,0.004298810847103596,0.0010449796682223678,7.30693936930038e-05,normal-pylorus/342a1c85-c028-4509-9f1c-b1ce76751f5c.jpg
0,0,dyed-lifted-polyps,dyed-lifted-polyps,True,0.9765560030937195,0.022820238023996353,4.061836989421863e-06,4.5617733121616766e-05,3.753612872969825e-06,2.9142771381884813e-05,0.0005395883345045149,1.630861333978828e-06,dyed-lifted-polyps/0de004f5-2c4e-4f45-9439-a0f7fd5fb3a0.jpg
2,2,esophagitis,esophagitis,True,6.893610134284245e-06,4.658784018829465e-05,0.9747465252876282,2.281927979908005e-09,1.3643519196193665e-05,0.024821046739816666,5.421642072178656e-06,0.00035978140658698976,esophagitis/cfc0198f-a0e4-41e7-89a7-1760e2511a4b.jpg
7,7,ulcerative-colitis,ulcerative-colitis,True,0.07468302547931671,0.017642011865973473,0.0011891809990629554,0.2537418305873871,0.07756301760673523,0.005053325090557337,0.20356810092926025,0.3665595054626465,ulcerative-colitis/06428c8f-5d5c-4069-bc93-b89c0a0156ee.jpg
0,0,dyed-lifted-polyps,dyed-lifted-polyps,True,0.9277657270431519,0.06901450455188751,3.757359445444308e-05,0.0007128733559511602,1.748827230585448e-06,0.00010717704572016373,0.002291146432980895,6.917198334122077e-05,dyed-lifted-polyps/1d443d7c-f332-4da4-bc96-56fff7e51fd4.jpg
1,1,dyed-resection-margins,dyed-resection-margins,True,0.26652607321739197,0.7334069013595581,6.5055323830165435e-06,2.1542140530073084e-05,1.0497274161025416e-06,1.504419014963787e-05,5.032165518059628e-06,1.7798005501390435e-05,dyed-resection-margins/380fb71f-1f30-4de6-9ed4-33951e35e9ba.jpg
6,6,polyps,polyps,True,0.010306907817721367,0.003275987459346652,0.00031748053152114153,0.015064471401274204,0.05623018369078636,0.004175072070211172,0.8747225999832153,0.03590727224946022,polyps/a61eb3af-9bb4-4ca3-8741-a1423284ae3c.jpg
2,5,esophagitis,normal-z-line,False,2.2843185433885083e-05,6.636967736994848e-05,0.04357902705669403,1.0724993870780963e-07,0.00020271464018151164,0.9560935497283936,2.2368694772012532e-05,1.2955023521499243e-05,esophagitis/398368d8-b3b5-40c8-b106-02aea843ddb4.jpg
4,4,normal-pylorus,normal-pylorus,True,0.004148468840867281,0.0006344696157611907,0.007004403974860907,0.00010444167855894193,0.8880350589752197,0.03909779712557793,0.060882747173309326,9.255040640709922e-05,normal-pylorus/e7d4b6b8-38fe-4932-afc1-a6109e52078b.jpg
6,6,polyps,polyps,True,0.007015840616077185,0.0007206338923424482,4.79270784126129e-05,0.00041195450467057526,0.0006768270395696163,0.0006343514542095363,0.9898074269294739,0.0006851041107438505,polyps/561d488e-a314-4c27-bade-d26b52d1a2b0.jpg
4,4,normal-pylorus,normal-pylorus,True,4.372433522803476e-06,4.135459221288329e-06,0.024137480184435844,2.010216633152595e-07,0.8527390360832214,0.1230497732758522,3.6675493902293965e-05,2.839543594745919e-05,normal-pylorus/67e53744-100e-476a-ba56-91bc5b0341fe.jpg
7,7,ulcerative-colitis,ulcerative-colitis,True,0.004367250017821789,0.0014078402891755104,2.35225470532896e-05,4.77365028928034e-05,5.552679340325994e-06,1.6042666175053455e-05,0.020941518247127533,0.9731906056404114,ulcerative-colitis/42bdc7fc-bba3-4149-a72f-10345a4ac6f0.jpg
0,0,dyed-lifted-polyps,dyed-lifted-polyps,True,0.972353458404541,0.02739398367702961,7.410399689433689e-07,0.00016224484716076404,4.388555225887103e-06,4.5617352952831425e-06,6.940949242562056e-05,1.1171749974892009e-05,dyed-lifted-polyps/927bb7b7-7d03-475e-abde-3d1f4b691f7e.jpg
5,5,normal-z-line,normal-z-line,True,0.0005327533581294119,0.00023468224389944226,0.06603074073791504,1.5841201275179628e-06,0.003325903555378318,0.9275850653648376,0.0020767024252563715,0.00021263776579871774,normal-z-line/d87678ae-47c4-4e2e-9288-caebb9471490.jpg
2,5,esophagitis,normal-z-line,False,0.00039512687362730503,0.00023146513558458537,0.2465468943119049,1.9573203644540627e-06,0.008751492947340012,0.7432368993759155,0.0007259332342073321,0.00011032210022676736,esophagitis/8de2192c-f0e8-46ad-8162-18f5b27d206f.jpg
2,2,esophagitis,esophagitis,True,0.0008815848850645125,0.00199034227989614,0.9277068376541138,2.8524094886961393e-05,0.001521201804280281,0.03325290232896805,0.0057722474448382854,0.028846394270658493,esophagitis/2727547e-69ba-43f6-ba24-cf4e95150045.jpg
1,1,dyed-resection-margins,dyed-resection-margins,True,0.03301839530467987,0.9608365893363953,0.004195228684693575,3.078657982769073e-06,1.1818207212854759e-06,0.0005174616235308349,4.3874577386304736e-05,0.0013841449981555343,dyed-resection-margins/75f0d19e-778c-4016-bea4-22f46546e0b1.jpg
6,6,polyps,polyps,True,0.0049058180302381516,0.004768382292240858,6.062916145310737e-05,0.17885372042655945,0.004673193674534559,0.0017230684170499444,0.7317948341369629,0.0732203871011734,polyps/1b1f0087-190d-4073-bbc1-b69aef862199.jpg
1,1,dyed-resection-margins,dyed-resection-margins,True,0.14322404563426971,0.8543082475662231,4.08686428272631e-05,0.0001783945772331208,1.405924422215321e-06,1.898865230032243e-05,0.0002548708289396018,0.0019731938373297453,dyed-resection-margins/6b203ae8-b43e-4b4b-90dc-a52804a85fa6.jpg
2,2,esophagitis,esophagitis,True,0.0009566977387294173,0.0005184332840144634,0.8359425067901611,1.6412528566434048e-05,0.00017501271213404834,0.16008812189102173,0.002045862842351198,0.0002569151693023741,esophagitis/7a0140e4-5a86-4691-a1a9-ec5a5d55a5d7.jpg
6,6,polyps,polyps,True,0.08803656697273254,0.029337504878640175,2.6963447453454137e-05,0.005372383166104555,0.000525993702467531,0.0002896823571063578,0.8700190782546997,0.006391875445842743,polyps/6dc8180d-a942-4c50-b421-143e63492189.jpg
0,0,dyed-lifted-polyps,dyed-lifted-polyps,True,0.7571353912353516,0.24084368348121643,0.00016202684491872787,7.170552999014035e-05,1.7565042071510106e-05,0.000222348389797844,0.0013840465107932687,0.00016314882668666542,dyed-lifted-polyps/cd64102b-51f3-4f60-90f2-53792e4cf3c3.jpg
3,3,normal-cecum,normal-cecum,True,0.015526022762060165,0.014915768057107925,1.9440203686826862e-05,0.8155679106712341,0.02411773055791855,0.00045012086047790945,0.03125322237610817,0.09814979135990143,normal-cecum/8c0fde21-cb42-4b90-907d-a29381698635.jpg
7,7,ulcerative-colitis,ulcerative-colitis,True,0.0006859364220872521,0.00021960798767395318,0.00028011409449391067,7.995624764589593e-05,0.00023506164143327624,2.916201265179552e-05,0.001673601451329887,0.9967965483665466,ulcerative-colitis/da185292-8d49-4291-a673-1053632d2fdc.jpg
2,2,esophagitis,esophagitis,True,3.598964758566581e-05,8.53472447488457e-05,0.9490026235580444,2.2327426449919585e-06,0.0022323159500956535,0.04465858265757561,0.0009362510172650218,0.003046763828024268,esophagitis/4ba88d9a-45ca-4488-9074-02207c23fe71.jpg
0,0,dyed-lifted-polyps,dyed-lifted-polyps,True,0.6902973055839539,0.003056988585740328,0.00035157616366632283,0.0003494393022265285,1.5214298798582604e-07,0.0008675591670908034,0.3041236102581024,0.0009533562697470188,dyed-lifted-polyps/d010f922-c1d0-42ad-8c52-ccf3d2d54691.jpg
0,0,dyed-lifted-polyps,dyed-lifted-polyps,True,0.8604519367218018,0.13918153941631317,6.964586191315902e-06,1.3540621694119181e-05,2.980589215439977e-07,2.7324756956659257e-05,0.00026440893998369575,5.3889467380940914e-05,dyed-lifted-polyps/6953a4c5-9be7-48e8-a396-77c55e274ff1.jpg
2,2,esophagitis,esophagitis,True,2.451699401717633e-05,4.000711123808287e-05,0.9774837493896484,2.455553271829558e-07,0.0001747228961903602,0.019103718921542168,5.067405436420813e-05,0.0031223667319864035,esophagitis/a7ab94d8-529f-484f-b130-d9ebf6c8cb24.jpg
7,7,ulcerative-colitis,ulcerative-colitis,True,0.004235418047755957,0.0011477884836494923,2.3573356884298846e-05,0.04118579626083374,4.974317107553361e-06,5.721236448152922e-05,0.17685890197753906,0.776486337184906,ulcerative-colitis/fe0d4ab0-001f-4bf8-be46-cd9463a100b8.jpg
4,4,normal-pylorus,normal-pylorus,True,0.0012959890300408006,0.0006357263191603124,0.0007592302863486111,0.00018172120326198637,0.9778297543525696,0.014037949033081532,0.0040291110053658485,0.001230495749041438,normal-pylorus/0301983f-0196-45ff-b376-0faa61d551e6.jpg
5,5,normal-z-line,normal-z-line,True,6.547864904860035e-05,3.9664846553932875e-05,0.1801489293575287,1.7715258593398175e-07,0.002563132205978036,0.8170880079269409,7.00059681548737e-05,2.459386632835958e-05,normal-z-line/d071cc90-4f5b-4134-bba9-ffc613d5a001.jpg
0,0,dyed-lifted-polyps,dyed-lifted-polyps,True,0.7938666343688965,0.032654400914907455,2.7148524168296717e-05,0.0008968912879936397,6.836140528321266e-05,0.00010936160833807662,0.16857969760894775,0.003797472221776843,dyed-lifted-polyps/0714e5ee-8308-43b2-8092-cc2c7b3378fd.jpg
0,0,dyed-lifted-polyps,dyed-lifted-polyps,True,0.9523286819458008,0.047405242919921875,5.3777886932948604e-05,7.129166533559328e-06,7.926385478640441e-06,7.130680023692548e-05,5.986896940157749e-05,6.608040712308139e-05,dyed-lifted-polyps/c13d815d-4193-4580-91ae-1ba23fedefcc.jpg
7,0,ulcerative-colitis,dyed-lifted-polyps,False,0.38997575640678406,0.18027810752391815,0.0012056720443069935,0.14244569838047028,0.003186942543834448,0.008231016807258129,0.17760731279850006,0.09706944227218628,ulcerative-colitis/a22de489-2d84-4c35-93fe-4af32b0a1331.jpg
1,0,dyed-resection-margins,dyed-lifted-polyps,False,0.6158514022827148,0.3793897032737732,0.00016943755326792598,0.00015808687021490186,3.851185738312779e-06,0.0016454447759315372,0.002769529353827238,1.2572060768434312e-05,dyed-resection-margins/5ee4d0af-22d1-42cf-a599-6d5a64606e0d.jpg
6,0,polyps,dyed-lifted-polyps,False,0.8053492307662964,0.005745677277445793,2.540597051847726e-05,0.0002671849215403199,5.812413292005658e-05,3.439218198764138e-05,0.18771639466285706,0.00080352823715657,polyps/1ed1df93-8140-40f1-a690-7048fdf4c269.jpg
1,1,dyed-resection-margins,dyed-resection-margins,True,0.17444241046905518,0.8218145370483398,0.0006746404687874019,0.0007045173551887274,1.4364497928909259e-06,0.0015643836231902242,0.0001962722308235243,0.0006017889245413244,dyed-resection-margins/cf5d9149-c61a-4250-8104-5cdbb6e457da.jpg
3,3,normal-cecum,normal-cecum,True,0.022920183837413788,0.003188908798620105,0.0008600861765444279,0.5358610153198242,0.0002631483366712928,0.009096470661461353,0.31531864404678345,0.11249153316020966,normal-cecum/82ad99f3-0982-4c4b-99bb-e46dbc747acb.jpg
6,6,polyps,polyps,True,0.009458628483116627,0.04427136853337288,0.0002877095539588481,0.014650236815214157,0.01007262896746397,0.008243246003985405,0.8978723883628845,0.015143845230340958,polyps/38653258-f2dc-4b45-b411-ce8f263df122.jpg
1,1,dyed-resection-margins,dyed-resection-margins,True,0.15879873931407928,0.8365015983581543,0.0009486051858402789,6.672437393717701e-06,6.488681378868932e-07,0.0016212085029110312,3.766360896406695e-05,0.002084867563098669,dyed-resection-margins/58fe221b-73e5-4c17-b1bf-98198efd9d97.jpg
5,5,normal-z-line,normal-z-line,True,8.662181062391028e-05,0.00011316981544950977,0.04270549863576889,6.350546186695283e-07,0.025636807084083557,0.931165337562561,0.0002584323810879141,3.3406577131245285e-05,normal-z-line/20714e70-30f8-4419-bb58-66bfa7f48761.jpg
1,1,dyed-resection-margins,dyed-resection-margins,True,0.3969308137893677,0.5984900593757629,0.002086098538711667,2.3190721549326554e-05,1.2505016456998419e-05,0.0008466693689115345,0.0014946014853194356,0.00011607697524596006,dyed-resection-margins/94aaec39-2b33-4c51-b4f0-11c70f4cd7b5.jpg
1,1,dyed-resection-margins,dyed-resection-margins,True,0.1492779403924942,0.8507137894630432,1.444802819605684e-06,7.266556423246584e-08,1.4169077466874569e-08,5.177463663130766e-06,1.4627987638959894e-06,9.241814069582688e-08,dyed-resection-margins/27953276-75db-45ca-b29a-e2b82bf682bd.jpg
4,4,normal-pylorus,normal-pylorus,True,3.854588430840522e-05,8.33495596452849e-06,0.0013962485827505589,9.18228251975961e-05,0.9892953038215637,0.0001752613898133859,0.0004421525227371603,0.008552406914532185,normal-pylorus/5a0c239c-d2f2-4056-9819-ab93148773f0.jpg
4,5,normal-pylorus,normal-z-line,False,0.002016778802499175,0.0005028179730288684,0.025896690785884857,0.00010951657895930111,0.34268978238105774,0.615881085395813,0.01214597374200821,0.0007573270122520626,normal-pylorus/c45a475e-60fb-4552-8862-19b9f7d5ec2f.jpg
0,0,dyed-lifted-polyps,dyed-lifted-polyps,True,0.8395517468452454,0.16006217896938324,3.3337446438963525e-06,4.504149183048867e-05,2.4128246423060773e-07,1.818663690755784e-06,4.035071833641268e-05,0.0002954122901428491,dyed-lifted-polyps/301718e9-bbdf-4cdd-a665-908c36ae31ea.jpg
7,7,ulcerative-colitis,ulcerative-colitis,True,0.00033385519054718316,0.00020784552907571197,0.0017439185176044703,2.440802973069367e-07,5.251801121630706e-05,0.0005497789243236184,0.00014422819367609918,0.996967613697052,ulcerative-colitis/584f1fa0-9bb9-49d3-b412-c42819d0a200_00000601.jpg
7,7,ulcerative-colitis,ulcerative-colitis,True,0.007477962411940098,0.0035754465498030186,0.0008011580212041736,0.0007315286202356219,8.936839003581554e-05,0.0008631469681859016,0.036255884915590286,0.9502055048942566,ulcerative-colitis/a9ff108d-0bd1-4dde-a268-9055fdd2b1cf.jpg
3,3,normal-cecum,normal-cecum,True,0.012192417867481709,0.004567274823784828,1.9375756892259233e-05,0.5436937808990479,0.016553420573472977,0.0004918484482914209,0.42036136984825134,0.002120570745319128,normal-cecum/5578ca30-6b02-4627-bcc6-fc7f9d73d7e0.jpg
0,1,dyed-lifted-polyps,dyed-resection-margins,False,0.022400716319680214,0.9759923219680786,0.0006467928760685027,0.0002501264971215278,1.1924317959710606e-06,0.0003238896606490016,8.306153176818043e-06,0.000376649375539273,dyed-lifted-polyps/22fe9ac9-68c0-4344-91dd-12495657d17a.jpg
7,7,ulcerative-colitis,ulcerative-colitis,True,0.0003050739469472319,0.00022085357340984046,1.303188309975667e-05,0.007621363736689091,3.830637797364034e-05,0.00010148626461159438,0.0022070228587836027,0.9894927740097046,ulcerative-colitis/fa08a6ce-516e-442f-9a88-b57ce593de31.jpg
6,6,polyps,polyps,True,0.003911190666258335,0.0001352819090243429,1.0473409020050894e-05,0.06587297469377518,0.0063897231593728065,0.0001266606559511274,0.9161292314529419,0.007424405310302973,polyps/e59a6182-3075-4f7b-93ea-c6963c9b5649.jpg
5,5,normal-z-line,normal-z-line,True,0.0010007091332226992,0.0006027722847647965,0.09243844449520111,2.334013333893381e-05,0.0012051411904394627,0.9019271731376648,0.0017436331836506724,0.0010588396107777953,normal-z-line/73433e34-3924-4b86-8ffb-693aaea48a76.jpg
3,3,normal-cecum,normal-cecum,True,0.2247104048728943,0.13199247419834137,0.000540350389201194,0.43932652473449707,0.007308218162506819,0.003983135335147381,0.18261951208114624,0.009519314393401146,normal-cecum/111c85ee-0d80-45cf-ad41-53f4126d7ba4.jpg
2,2,esophagitis,esophagitis,True,0.0003676106862258166,9.599680925020948e-05,0.6070950627326965,9.540758037474006e-05,0.017552684992551804,0.37199079990386963,0.0009580579935573041,0.0018443809822201729,esophagitis/2d4c51c5-d311-4fa8-bf07-6b63edc5c43f.jpg
4,4,normal-pylorus,normal-pylorus,True,0.00013157895591575652,5.526718086912297e-05,0.00019732138025574386,0.00017155845125671476,0.9782493114471436,0.0004068100533913821,0.020546140149235725,0.00024200358893722296,normal-pylorus/abc7edf2-1c65-48ff-84d9-42b0c11bf0ad.jpg
2,0,esophagitis,dyed-lifted-polyps,False,0.25617653131484985,0.08029957860708237,0.2509322464466095,0.0051998780108988285,0.14219588041305542,0.05694136396050453,0.18400351703166962,0.024250930175185204,esophagitis/0d5a10c4-1d99-449b-a866-2a78d291d391.jpg
4,4,normal-pylorus,normal-pylorus,True,0.00034480978501960635,0.00025000781170092523,0.00927224662154913,2.1086696506245062e-05,0.9761778712272644,0.0024774910416454077,0.009965776465833187,0.001490778406150639,normal-pylorus/b69e0ef6-4c59-48f5-b83e-a8d1c5b761ae.jpg
4,4,normal-pylorus,normal-pylorus,True,0.00011787376570282504,1.8160264517064206e-05,0.0020418367348611355,1.7015629055094905e-05,0.9597448706626892,0.036787278950214386,0.0012226264225319028,5.030182364862412e-05,normal-pylorus/b27a98ee-d1df-4a18-afad-a22597273235.jpg
0,0,dyed-lifted-polyps,dyed-lifted-polyps,True,0.5932429432868958,0.12287532538175583,0.001893185661174357,0.05202314257621765,0.0017711062682792544,0.015328513458371162,0.166487455368042,0.04637828841805458,dyed-lifted-polyps/d34c3e47-1765-4e93-8fd8-208b0b2f3437.jpg
3,3,normal-cecum,normal-cecum,True,0.009007416665554047,0.032271165400743484,8.888456477507134e-07,0.8760517239570618,0.00012343944399617612,1.0175870556849986e-05,0.038352079689502716,0.044183071702718735,normal-cecum/ecd32bd0-b4d7-49d2-9264-298b381ba1be.jpg
7,7,ulcerative-colitis,ulcerative-colitis,True,0.00016974148456938565,0.0008586150943301618,0.0002391340531175956,0.0013419687747955322,0.00016398837033193558,9.327234147349373e-05,0.0010600064415484667,0.9960732460021973,ulcerative-colitis/1fef5c9f-4e19-4dee-92af-0a693f3ab435.jpg
1,1,dyed-resection-margins,dyed-resection-margins,True,0.1025688573718071,0.8966860175132751,3.5128156014252454e-05,5.267060259939171e-06,2.909217187152535e-07,3.929296144633554e-05,8.152054942911491e-05,0.0005836385535076261,dyed-resection-margins/9802a7cf-7707-4091-81fb-6cbea1877043.jpg
6,6,polyps,polyps,True,0.020162219181656837,0.0031027616932988167,0.0001477115583838895,0.007672410923987627,0.017753098160028458,0.01022305991500616,0.9408435225486755,9.516142745269462e-05,polyps/1c97e7d0-2ad6-430c-92dd-bf37f5b80538.jpg
4,4,normal-pylorus,normal-pylorus,True,0.005357437767088413,0.0007287824410013855,0.0009179293992929161,0.0022664761636406183,0.985314130783081,0.002746063517406583,0.0011074950452893972,0.001561621087603271,normal-pylorus/d4b1830c-6c66-460b-94e6-c29afca389ad.jpg
1,1,dyed-resection-margins,dyed-resection-margins,True,0.25627779960632324,0.7434054017066956,5.122459333506413e-05,3.2455559448862914e-06,1.348151954516652e-07,0.00024413429491687566,1.755962148308754e-05,5.164915251043567e-07,dyed-resection-margins/8a32fa44-6ed6-476c-b9e8-9ef2c3dbdd0d.jpg
3,3,normal-cecum,normal-cecum,True,0.0005967774777673185,0.00019580888329073787,2.0594869454271247e-07,0.9953727126121521,6.239069534785813e-06,5.307959440870036e-07,0.003299693576991558,0.000528022414073348,normal-cecum/01c6ae3a-6ee5-4a98-a792-c7f59a1c2fc4.jpg
6,6,polyps,polyps,True,0.054940007627010345,0.002611317439004779,7.722444570390508e-05,0.0005915858782827854,0.0010868692770600319,0.0003122815687675029,0.8924094438552856,0.047971226274967194,polyps/2ca1039b-7ba8-4df2-8421-45730a0127d0.jpg
6,6,polyps,polyps,True,0.09822394698858261,0.09339165687561035,9.359008254250512e-05,0.010015707463026047,0.0006072632386349142,0.0005040413816459477,0.7537464499473572,0.04341726005077362,polyps/7f2130f8-cf67-4644-a4a6-133d9accbf63.jpg
4,4,normal-pylorus,normal-pylorus,True,0.0035605262964963913,0.001773193129338324,0.013920587487518787,1.984158188861329e-06,0.5726957321166992,0.3953261077404022,0.012712106108665466,9.641988981456961e-06,normal-pylorus/e779bfdd-2e69-4e11-82f7-9b8dc54e6376.jpg
4,4,normal-pylorus,normal-pylorus,True,0.00027957468410022557,0.00017837202176451683,0.007237683515995741,0.001498744240961969,0.9324299693107605,0.04141320660710335,0.015092369168996811,0.0018702081870287657,normal-pylorus/e55c00fa-c254-4550-a2f3-5a7836f05c92.jpg
6,6,polyps,polyps,True,0.02050180733203888,0.0005153287202119827,0.0015170539263635874,0.002730092965066433,0.002466320525854826,0.009485729970037937,0.6804451942443848,0.2823385000228882,polyps/9131f0b4-8824-413e-b135-fa27957cbf8f.jpg
5,5,normal-z-line,normal-z-line,True,6.857819698780077e-06,5.660014267050428e-06,0.050426971167325974,2.1891978008170554e-08,0.0012724075932055712,0.9482579231262207,2.7461745048640296e-05,2.698608113860246e-06,normal-z-line/693de672-7931-484f-a634-ce74d30c9c0a.jpg
6,3,polyps,normal-cecum,False,0.0092551838606596,0.00115466199349612,2.6210238502244465e-05,0.7701951265335083,0.0014073820784687996,0.0006184339872561395,0.2135363668203354,0.0038066310808062553,polyps/25e2f3ad-3518-4b97-96cf-abdd666112e6.jpg
5,5,normal-z-line,normal-z-line,True,0.010324675589799881,0.0052766865119338036,0.07485287636518478,0.0001725713664200157,0.2128380984067917,0.6588870882987976,0.019839802756905556,0.0178081002086401,normal-z-line/e32e40ad-dd84-45d0-a1d5-137fcea39093.jpg
1,1,dyed-resection-margins,dyed-resection-margins,True,0.11496147513389587,0.8792638778686523,0.00014552639913745224,0.0006718043005093932,3.5301536627230234e-06,0.0013035357696935534,0.003110776422545314,0.0005395387415774167,dyed-resection-margins/9f68ecd9-b57c-4d44-b171-d076fb049291.jpg
6,6,polyps,polyps,True,0.013256562873721123,0.0003880510339513421,1.7108986867242493e-05,1.7570879208506085e-05,5.2615272579714656e-05,4.81905999549781e-06,0.9862534403800964,9.800141015148256e-06,polyps/59a337b3-7eef-4e79-a634-a01e2c4a2bad.jpg
1,1,dyed-resection-margins,dyed-resection-margins,True,0.14284448325634003,0.8565399646759033,0.00020349776605144143,2.3028858322504675e-06,1.6016095116810902e-07,0.00020196613331791013,3.127230957034044e-05,0.0001763366599334404,dyed-resection-margins/39ff68c5-a654-44f8-bef4-116b31258ddb.jpg
2,2,esophagitis,esophagitis,True,0.00032193248625844717,0.0038494665641337633,0.974494457244873,2.5222843760275282e-05,0.0011563547886908054,0.017162589356303215,0.0007853911374695599,0.00220463122241199,esophagitis/59ed5461-f108-4889-9b19-b9eb0bb49597.jpg
3,3,normal-cecum,normal-cecum,True,0.0001344742049695924,7.278080011019483e-05,2.996897137563792e-06,0.950153648853302,0.00073864811565727,0.00010758797725429758,0.004967433866113424,0.04382247477769852,normal-cecum/9e0ec683-382b-4bed-a9a9-0891847bb5db.jpg
4,4,normal-pylorus,normal-pylorus,True,0.00019406674255151302,0.0002550545905251056,0.0007245622691698372,1.641471101265779e-07,0.9983567595481873,0.00040359690319746733,3.689202276291326e-05,2.8889329769299366e-05,normal-pylorus/6a3003e2-3ab1-4ef6-aedd-62162a06f13c.jpg
5,2,normal-z-line,esophagitis,False,0.0001297367998631671,5.230374517850578e-05,0.7801877856254578,2.6734400648820156e-07,0.0003263267280999571,0.21883437037467957,0.0004406266089063138,2.851613680832088e-05,normal-z-line/ec60235f-7093-4d1b-b957-89e60597ebb2.jpg
0,0,dyed-lifted-polyps,dyed-lifted-polyps,True,0.9639049172401428,0.026380810886621475,3.338434225952369e-06,0.00459981570020318,2.7165089022673783e-07,5.287187377689406e-06,0.005010171793401241,9.541133476886898e-05,dyed-lifted-polyps/a1c517e2-c120-4337-941b-2da693b198ae.jpg
3,3,normal-cecum,normal-cecum,True,0.0014847720740363002,0.0016413407865911722,5.925521236349596e-06,0.9598540663719177,8.381901716347784e-05,1.2217857147334144e-05,0.0014014644548296928,0.03551645576953888,normal-cecum/62443cd8-14f2-4b8f-bea0-03212c270ba0.jpg
5,5,normal-z-line,normal-z-line,True,0.0013098620111122727,0.0019199815578758717,0.399565190076828,3.202742664143443e-05,0.001047105761244893,0.5709659457206726,0.020402811467647552,0.00475713238120079,normal-z-line/79233d65-18fa-432e-984d-9a5d1b7400cc.jpg
1,1,dyed-resection-margins,dyed-resection-margins,True,0.018326522782444954,0.9711201786994934,0.003781089326366782,6.559096618730109e-06,0.0008335708407685161,0.003706736722961068,0.002110164612531662,0.00011524738511070609,dyed-resection-margins/4d103175-0836-4ca2-a589-b0e0ee4321ac.jpg
3,3,normal-cecum,normal-cecum,True,0.00279158353805542,0.001317489892244339,1.696067215561925e-06,0.982014000415802,0.00020994128135498613,7.082829597493401e-06,0.005099824629724026,0.008558419533073902,normal-cecum/c4f2d60d-a3b6-4557-8b98-7e65d12d5dc4.jpg
4,4,normal-pylorus,normal-pylorus,True,6.571543053723872e-05,0.0001330182421952486,0.009783850982785225,1.5861835436226102e-06,0.9756337404251099,0.013894692994654179,0.00028357826522551477,0.00020385169773362577,normal-pylorus/3b2df768-a38c-4c91-a7c3-f86bc327c70b.jpg
3,3,normal-cecum,normal-cecum,True,0.005726049188524485,0.0012299814261496067,2.1064715838292614e-05,0.8476073741912842,0.001910843071527779,0.0001634072104934603,0.039896268397569656,0.10344503819942474,normal-cecum/a25ece32-f0d1-4408-95ae-d003f71358f7.jpg
2,2,esophagitis,esophagitis,True,0.00030271135619841516,0.0002668786619324237,0.7484865784645081,2.4869979824870825e-05,0.00012699417129624635,0.2486332654953003,0.0017614025855436921,0.0003972379199694842,esophagitis/49cf77e8-4793-4c5a-b398-8e8128e1a03e.jpg
5,5,normal-z-line,normal-z-line,True,0.00028115345048718154,0.00015235255705192685,0.12618249654769897,1.2850193797930842e-07,0.0012558028101921082,0.8712778091430664,0.00010686638415791094,0.0007432840066030622,normal-z-line/963b2eae-3480-4e59-9151-57379d44cdfc.jpg
4,4,normal-pylorus,normal-pylorus,True,0.0008380297222174704,0.0002744174562394619,0.013034145347774029,2.806255542964209e-05,0.9601244330406189,0.024930309504270554,0.0005855009076185524,0.00018510586232878268,normal-pylorus/9287bda1-6e4f-4cde-84c5-f9fd9ccc1316.jpg
5,2,normal-z-line,esophagitis,False,0.0029457821510732174,0.0011718047317117453,0.5798197388648987,0.001248658518306911,0.08253088593482971,0.3104685842990875,0.015970518812537193,0.005844071041792631,normal-z-line/4fa6d3e5-dfb9-466f-b682-aab7527d4687.jpg
0,0,dyed-lifted-polyps,dyed-lifted-polyps,True,0.788255512714386,0.12956351041793823,0.0006541367620229721,9.182845678878948e-05,3.959860623581335e-05,0.0028064651414752007,0.07813164591789246,0.00045734705054201186,dyed-lifted-polyps/fd3f0c13-3262-473a-914c-82562d7c0e3f.jpg
2,2,esophagitis,esophagitis,True,0.0011581240687519312,0.0006876004626974463,0.6607467532157898,6.669715446605551e-08,0.2442750185728073,0.08843652904033661,0.0014587950427085161,0.0032371357083320618,esophagitis/d7c9e4e6-89bd-4ca6-9c67-f11e0a8249bd.jpg
4,4,normal-pylorus,normal-pylorus,True,0.00010219821706414223,6.233729800442234e-05,0.006789057515561581,7.478207407984883e-05,0.985821545124054,0.006711786147207022,0.00016511512512806803,0.00027308062999509275,normal-pylorus/fbbc74d2-5144-4450-8ba3-855a83dd6df4.jpg
2,2,esophagitis,esophagitis,True,0.0007243467844091356,0.0001689414493739605,0.8024501204490662,0.0011062510311603546,0.08455190062522888,0.09146721661090851,0.014223936945199966,0.00530738290399313,esophagitis/a7078721-b8a8-4b7b-8f52-c3dbf92332ff.jpg
2,2,esophagitis,esophagitis,True,1.8665994502953254e-05,4.821455149794929e-05,0.9889419078826904,2.0727081846416695e-06,0.0004818945308215916,0.010348944924771786,8.042263652896509e-05,7.791744428686798e-05,esophagitis/b416631b-a5ab-40b7-ab0a-ce3d1031130d.jpg
2,2,esophagitis,esophagitis,True,0.0003752403426915407,0.0007276654941961169,0.6271383166313171,8.854108455125242e-05,0.006602718494832516,0.32822921872138977,0.034383829683065414,0.002454577712342143,esophagitis/4b4e5497-8172-4dcc-a671-ac8087cf1b3c.jpg
5,5,normal-z-line,normal-z-line,True,0.00032752606784924865,0.00018785122665576637,0.08851063996553421,4.57722635474056e-05,0.021575946360826492,0.885927677154541,0.0018304507248103619,0.0015941557940095663,normal-z-line/3ee89ee1-78c0-43e1-9d47-45eda44b40ef.jpg
6,6,polyps,polyps,True,0.014120607636868954,0.0015903351595625281,0.0013359677977859974,0.0035392839927226305,0.0007869963883422315,0.0009064559126272798,0.9652643799781799,0.01245598029345274,polyps/fe6bccc1-c6ff-4ecd-9d7a-caf4d9fc1165.jpg
1,1,dyed-resection-margins,dyed-resection-margins,True,0.11540255695581436,0.8829158544540405,2.049514114332851e-05,0.00015437508409377187,1.557496034365613e-06,0.00015862697910051793,0.0005180852022022009,0.0008284987998194993,dyed-resection-margins/8c3646ed-1744-4092-8a56-69dce680a593.jpg
0,0,dyed-lifted-polyps,dyed-lifted-polyps,True,0.8340519666671753,0.1626797765493393,1.4918841770850122e-05,0.0015135350404307246,3.968931196141057e-06,0.0001391847472405061,0.0005549340276047587,0.0010417364537715912,dyed-lifted-polyps/5915160a-17e8-4fe9-af28-d53de0ef94fc.jpg
2,2,esophagitis,esophagitis,True,0.006553134880959988,0.06311380863189697,0.6379270553588867,0.000345223699696362,0.012108391150832176,0.2353341430425644,0.01544335950165987,0.029174944385886192,esophagitis/0e726fff-6a8b-46d8-a757-9b8758cb2ff5.jpg
3,6,normal-cecum,polyps,False,0.049766961485147476,0.004064051900058985,2.6076962967636064e-05,0.14644330739974976,0.0014586743200197816,0.0008482972043566406,0.7958970665931702,0.0014954761136323214,normal-cecum/efe01b9a-a131-4a2c-adcd-c5cc27efd1d4.jpg
0,1,dyed-lifted-polyps,dyed-resection-margins,False,0.19498413801193237,0.7462226152420044,0.0019246506271883845,3.495363853289746e-05,0.00016284767480101436,0.004836034029722214,0.004424090497195721,0.04741059988737106,dyed-lifted-polyps/131bed9f-da09-4ffb-b7c5-e3a59d59e33d.jpg
7,7,ulcerative-colitis,ulcerative-colitis,True,0.0007890266133472323,0.0019417374860495329,0.0010470343986526132,8.285309741040692e-05,1.5100821656233165e-05,0.00013001053594052792,0.01040246058255434,0.9855917692184448,ulcerative-colitis/918c95d7-9a2d-4bd5-ab73-195ada6cb2a6.jpg
7,7,ulcerative-colitis,ulcerative-colitis,True,0.00974247232079506,0.024516232311725616,0.08204798400402069,0.13291294872760773,0.015788616612553596,0.02277984842658043,0.06553180515766144,0.6466801166534424,ulcerative-colitis/fb3836d2-d0a4-4626-945a-e24170d0f921.jpg
3,3,normal-cecum,normal-cecum,True,0.050572142004966736,0.01347583532333374,3.130490586045198e-05,0.9007490873336792,0.00017404748359695077,0.00029309585806913674,0.014762389473617077,0.019942088052630424,normal-cecum/9cc49e68-02dc-4bec-814f-d347d011d433.jpg
1,1,dyed-resection-margins,dyed-resection-margins,True,0.17286160588264465,0.8269707560539246,6.954721811780473e-06,1.4162094430503203e-07,5.330689418769907e-07,2.9316890959307784e-06,4.3319623728166334e-06,0.00015270199219230562,dyed-resection-margins/a2c2c932-09bd-4e45-868c-690f92543881.jpg
5,5,normal-z-line,normal-z-line,True,3.7199861253611743e-05,2.5289307814091444e-05,0.023755963891744614,3.383658508937515e-08,0.0005415158229880035,0.9756264686584473,1.2184395927761216e-05,1.321749323324184e-06,normal-z-line/8adfd836-2320-4258-acf1-730d3da295f4.jpg
0,0,dyed-lifted-polyps,dyed-lifted-polyps,True,0.9234709739685059,0.07644274085760117,1.7989807020057924e-05,3.515754315230879e-06,3.3562088219696307e-08,4.549672212306177e-06,5.989583223708905e-05,4.457443765204516e-07,dyed-lifted-polyps/dd4dcad0-b45a-4343-ac3d-fdd72c5cc34a.jpg
6,6,polyps,polyps,True,0.20234988629817963,0.09166356921195984,0.00064835324883461,0.06224173679947853,0.0027310987934470177,0.010566836223006248,0.6217683553695679,0.008030101656913757,polyps/761d8c84-df68-4a34-aa87-8462058de155.jpg
4,4,normal-pylorus,normal-pylorus,True,0.0033974340185523033,0.003418781328946352,0.18402685225009918,0.0023736150469630957,0.3879643678665161,0.3853057324886322,0.024960558861494064,0.008552693761885166,normal-pylorus/ea510ea5-8697-4a6f-a86e-f8720c761e53.jpg
7,7,ulcerative-colitis,ulcerative-colitis,True,8.783511293586344e-05,0.00010238455433864146,0.0018866141326725483,2.6994344537456527e-08,3.8774092558924167e-07,0.00022181875829119235,0.00015796470688655972,0.9975430965423584,ulcerative-colitis/2496651d-e8b9-4567-ade8-0c84498dd5ae.jpg
6,6,polyps,polyps,True,0.058023348450660706,0.0016390227247029543,0.00013471352576743811,0.0012532928958535194,7.943945820443332e-05,0.000361639162292704,0.9381642937660217,0.00034418582799844444,polyps/b5328507-f591-4b02-96f7-29d3b83d828f.jpg
0,1,dyed-lifted-polyps,dyed-resection-margins,False,0.20831723511219025,0.7871257662773132,0.00038413977017626166,0.00013624288840219378,1.6837988141560345e-06,0.00197046110406518,0.0003866037877742201,0.0016778639983385801,dyed-lifted-polyps/70e590a6-cc4f-4b78-b7ef-14f5f8036225.jpg
5,5,normal-z-line,normal-z-line,True,0.00040432665264233947,0.0002943250583484769,0.06315626204013824,5.701954796677455e-05,0.3365054726600647,0.5959895849227905,0.0027451033238321543,0.0008478077361360192,normal-z-line/07fb76fd-2986-416a-974d-02e78d750cde.jpg
6,6,polyps,polyps,True,0.02405070886015892,0.009934541769325733,0.0007429031538777053,0.4091605246067047,0.007270089350640774,0.022664863616228104,0.49836841225624084,0.027807893231511116,polyps/ccd07ae5-4037-4f6c-a6ad-d9372d8580bf.jpg
4,4,normal-pylorus,normal-pylorus,True,2.8899365133838728e-05,4.56509915238712e-05,0.0025969312991946936,7.960918992466759e-06,0.9819419384002686,0.014467518776655197,8.44873720780015e-05,0.0008266445947811007,normal-pylorus/e1c6f789-06c0-4580-99de-a76d9cdadc03.jpg
1,1,dyed-resection-margins,dyed-resection-margins,True,0.16818611323833466,0.8292264342308044,0.00013336600386537611,0.0005051002954132855,1.2089716392438277e-06,0.0001753245305735618,7.448635005857795e-05,0.0016979493666440248,dyed-resection-margins/b632c863-30af-4fd1-9ab6-6f9de205cfe6.jpg
0,0,dyed-lifted-polyps,dyed-lifted-polyps,True,0.7901085019111633,0.20979036390781403,3.4791588404914364e-05,8.691958441886527e-08,1.3976617765365518e-06,4.6536621084669605e-05,6.193602530402131e-06,1.2113053344364744e-05,dyed-lifted-polyps/273e99cc-b078-4568-a393-55e0ab869fb0.jpg
3,3,normal-cecum,normal-cecum,True,0.0027801096439361572,0.0004504108219407499,3.5334091080585495e-05,0.7101067304611206,0.0014724904904142022,0.0004449401458259672,0.2819896936416626,0.002720305696129799,normal-cecum/096174d5-24ca-40e3-8fff-7feb3f74f0ac.jpg
3,3,normal-cecum,normal-cecum,True,0.006478941533714533,0.00203270697966218,1.4999207451182883e-05,0.8685865998268127,0.0005285862716846168,5.380600123316981e-05,0.1029362753033638,0.019367987290024757,normal-cecum/fc31861e-2a50-4920-90ef-02c8132493b5.jpg
1,1,dyed-resection-margins,dyed-resection-margins,True,0.2674480974674225,0.7316744327545166,9.202382898365613e-06,0.00014617077249567956,1.052357220032718e-05,5.2003058954142034e-05,0.0003280180098954588,0.0003315852954983711,dyed-resection-margins/1d423f77-a9ec-4964-bf35-c1f06ba68e4d.jpg
2,5,esophagitis,normal-z-line,False,0.0003016087575815618,0.0017492113402113318,0.08510483801364899,0.0008699916652403772,0.22602468729019165,0.45028790831565857,0.00012423648149706423,0.23553742468357086,esophagitis/67475ab5-8be7-45e7-a03a-0e80263e81ed.jpg
6,6,polyps,polyps,True,0.0472390279173851,0.0037368114572018385,0.00031162568484432995,0.007275506854057312,0.0018664583330973983,0.002417707582935691,0.9244200587272644,0.012732747942209244,polyps/804a8813-5b56-49c8-b5e7-950ccce8d30c.jpg
5,5,normal-z-line,normal-z-line,True,0.0009550524991936982,0.0003114409919362515,0.02868822030723095,5.430648343462963e-06,0.001058669644407928,0.9677380323410034,0.0010798609582707286,0.00016323081217706203,normal-z-line/ba1016c4-c9fd-41b3-9df8-3b9a14ba6944.jpg
7,7,ulcerative-colitis,ulcerative-colitis,True,0.004957091994583607,0.00452227471396327,0.00012361850531306118,0.01615344174206257,0.0018641261849552393,0.001317121204920113,0.0825309082865715,0.8885313868522644,ulcerative-colitis/e8e08030-9ae5-49d0-9134-0309c31e3a93.jpg
0,0,dyed-lifted-polyps,dyed-lifted-polyps,True,0.4844140112400055,0.4529075622558594,0.0006576711311936378,0.0002733721339609474,0.00036730588180944324,0.0007708139019086957,0.04268790781497955,0.01792137883603573,dyed-lifted-polyps/0a542bb0-0172-4bc4-890d-327fa45b85b3.jpg
3,3,normal-cecum,normal-cecum,True,0.0034529853146523237,0.0014528054744005203,3.903867764165625e-06,0.9858390688896179,0.00017194991232827306,2.9792265195283107e-05,0.00762623455375433,0.0014232260873541236,normal-cecum/ed73c679-7ead-4590-9ef6-66d1ab89de94.jpg
2,2,esophagitis,esophagitis,True,0.0001551706955069676,0.0005016161594539881,0.8402385115623474,1.0459034456289373e-05,2.87412476609461e-05,0.1560559868812561,0.0017429373692721128,0.001266575651243329,esophagitis/d60e2332-abfd-43bd-8072-df0de26ed52c.jpg
3,3,normal-cecum,normal-cecum,True,0.0002514677180442959,3.549455141182989e-05,7.391345775431546e-07,0.9919838309288025,0.0006663812673650682,3.693243706948124e-05,0.006250536534935236,0.0007747291238047183,normal-cecum/a6a5bfbc-694b-4699-bc89-157df82d6a5e.jpg
2,2,esophagitis,esophagitis,True,0.0008535397355444729,0.0004840359033551067,0.6391940712928772,1.4156349607219454e-05,0.0013836486032232642,0.3554179072380066,0.001518526580184698,0.0011340572964400053,esophagitis/254ae3cd-e51b-4fc9-a25a-a0e60bd0a654.jpg
4,4,normal-pylorus,normal-pylorus,True,1.073756084224442e-05,1.6421701047875104e-06,0.002591402269899845,3.337136149639264e-07,0.9967383742332458,0.0004647579917218536,0.0001224904553964734,7.030809501884505e-05,normal-pylorus/94e47d85-ea52-4438-9817-f70f17cc9837.jpg
1,1,dyed-resection-margins,dyed-resection-margins,True,0.09288571029901505,0.9066529870033264,1.8427783288643695e-05,6.98091316735372e-05,1.1715544133039657e-05,2.5043551431735978e-05,0.00014358889893628657,0.00019269422045908868,dyed-resection-margins/2dc61ada-994b-4b10-8009-130f5bfa4753.jpg
0,0,dyed-lifted-polyps,dyed-lifted-polyps,True,0.8953393697738647,0.10350552946329117,1.481071285525104e-05,0.0004361039027571678,0.00010762592137325555,0.00016116951883304864,0.00040815514512360096,2.7259522539679892e-05,dyed-lifted-polyps/e6c793fe-0e40-4597-87b5-d9733cbaf3de.jpg
7,6,ulcerative-colitis,polyps,False,0.04107961058616638,0.02230043336749077,0.00015165422519203275,0.1682196408510208,0.04080932214856148,0.0006947143701836467,0.5982790589332581,0.12846560776233673,ulcerative-colitis/ae68bef5-8ca4-42fd-a275-d34ee4ea8c14_00001064.jpg
7,7,ulcerative-colitis,ulcerative-colitis,True,0.010655279271304607,0.02073848433792591,0.0003549192624632269,0.0015616239979863167,0.02487287111580372,0.0008177796262316406,0.4696296751499176,0.47136935591697693,ulcerative-colitis/f96c26c7-a79f-45e2-b6f8-e3b69780e974.jpg
4,4,normal-pylorus,normal-pylorus,True,5.571740985033102e-06,6.940799721633084e-06,0.0008410194423049688,1.9879475132711377e-07,0.9985896944999695,0.00023973292263690382,0.00020562115241773427,0.00011115006054751575,normal-pylorus/93a1a84f-f101-45a0-8a63-a4dd56a065f4.jpg
3,3,normal-cecum,normal-cecum,True,0.0043021864257752895,0.0055770110338926315,3.588382469388307e-06,0.9220547676086426,0.0038971423637121916,0.00011349700071150437,0.018859634175896645,0.04519219323992729,normal-cecum/b788c952-e510-4c41-99e6-c0eeb84c8f14.jpg
6,6,polyps,polyps,True,0.0021769849117845297,0.0010280725546181202,0.0033234492875635624,0.018092822283506393,0.03963237628340721,0.015458290465176105,0.9047699570655823,0.015518097206950188,polyps/2bb8698d-c65e-46e1-91b9-910a526768b1.jpg
7,7,ulcerative-colitis,ulcerative-colitis,True,0.003128662006929517,0.0006290459423325956,0.0012585340300574899,0.00023791314742993563,4.265124516678043e-05,0.00029650135547854006,0.00807568896561861,0.9863309860229492,ulcerative-colitis/9bf37da2-4bd1-4a8a-aff9-66bdcc918ea9.jpg
3,3,normal-cecum,normal-cecum,True,0.09663154929876328,0.020033692941069603,0.0005127556505613029,0.42184367775917053,0.02604207769036293,0.010385307483375072,0.408378928899765,0.016171975061297417,normal-cecum/2b9dad7c-1697-4608-b1c0-370f88a230f6.jpg
0,0,dyed-lifted-polyps,dyed-lifted-polyps,True,0.8972072601318359,0.10189779847860336,5.419116496341303e-05,2.733485416683834e-06,8.112647265079431e-08,0.0001492230367148295,0.00015715135668870062,0.0005315814632922411,dyed-lifted-polyps/6ae07709-2df1-4ce0-8a10-d7f40261efd6.jpg
1,1,dyed-resection-margins,dyed-resection-margins,True,0.06572050601243973,0.9338972568511963,1.99498790607322e-05,2.7320322004698028e-08,1.9577674947868218e-07,1.4466432730841916e-05,2.2998483473202214e-05,0.0003245835832785815,dyed-resection-margins/ecc596e7-a3bb-4d09-8ed5-c45055205460.jpg
5,5,normal-z-line,normal-z-line,True,0.002113125054165721,0.0018258696654811502,0.2170364111661911,0.0007318472489714622,0.03869882971048355,0.6920198202133179,0.02718549408018589,0.02038862369954586,normal-z-line/032d6b45-f706-444d-b4d9-c11a4df4d364.jpg
6,3,polyps,normal-cecum,False,0.006208538077771664,0.0019047288224101067,7.22342956578359e-05,0.7195337414741516,0.002315942430868745,0.001586254104040563,0.2507142424583435,0.017664236947894096,polyps/88a3bc25-37e3-4aef-81fb-e2b3710157eb.jpg
0,0,dyed-lifted-polyps,dyed-lifted-polyps,True,0.9249547719955444,0.07415219396352768,2.8514825771708274e-06,4.928741691401228e-05,2.987292464240454e-05,3.124946670141071e-05,0.0007187846349552274,6.0922982811462134e-05,dyed-lifted-polyps/fe8e6330-7424-4934-b002-916b9b7b1454.jpg
0,0,dyed-lifted-polyps,dyed-lifted-polyps,True,0.9958570599555969,0.004115925636142492,8.518445611116476e-07,2.414475943623984e-07,1.1095746685896302e-06,1.716326005407609e-05,7.740847649984062e-06,2.0786895760238622e-08,dyed-lifted-polyps/3b77b2f5-5a77-47b9-9475-477c26ec78d7.jpg
5,5,normal-z-line,normal-z-line,True,0.006826866418123245,0.002268450101837516,0.07078899443149567,1.260544468095759e-05,0.001528255408629775,0.9172332286834717,0.000650447269435972,0.0006911029340699315,normal-z-line/2c18b67b-4362-4cb7-95df-2245a881f9bf.jpg
0,0,dyed-lifted-polyps,dyed-lifted-polyps,True,0.925494909286499,0.06503810733556747,0.001069780089892447,0.00026551890186965466,0.0001375520951114595,0.0053649828769266605,0.0025367506314069033,9.243639215128496e-05,dyed-lifted-polyps/68384b44-8987-44a3-ac81-d98b24a5237f.jpg
1,1,dyed-resection-margins,dyed-resection-margins,True,0.017748761922121048,0.9822252988815308,2.411359901088872e-06,2.9295327408362937e-07,8.601757599535631e-07,1.0269275207974715e-06,1.21089010463038e-06,2.0073070118087344e-05,dyed-resection-margins/e06c5574-3d71-463b-99f8-f9ee9d57d42d.jpg
5,5,normal-z-line,normal-z-line,True,9.450274228584021e-05,0.00024711512378416955,0.323850154876709,2.131861765519716e-05,0.0025786382611840963,0.6671794056892395,0.0032261640299111605,0.002802677918225527,normal-z-line/bb362c4d-c3c6-4563-a9c2-3adb987103f5.jpg
6,6,polyps,polyps,True,0.14281418919563293,0.007407216355204582,0.001046453951857984,0.02125960774719715,0.0003342534473631531,0.0036196724977344275,0.8005377054214478,0.022980952635407448,polyps/e3e4c9ce-18f3-4a65-a24f-f8f6553d547b.jpg
3,3,normal-cecum,normal-cecum,True,0.002501299837604165,0.0007260201382450759,4.348983111412963e-06,0.9582147002220154,0.003071012906730175,3.397387627046555e-05,0.012232000939548016,0.02321677654981613,normal-cecum/a6fbe86a-22e6-4864-be48-20572c5ecaf9.jpg
1,1,dyed-resection-margins,dyed-resection-margins,True,0.026394259184598923,0.97314453125,3.2361778721679e-05,5.74459190829657e-05,2.252295558946571e-07,0.00022616599744651467,1.2202111747683375e-06,0.00014372159785125405,dyed-resection-margins/47882781-a8ab-4ffd-ab30-6bb295b1d925.jpg
1,1,dyed-resection-margins,dyed-resection-margins,True,0.1206773892045021,0.770296573638916,0.00013000197941437364,0.048571497201919556,2.8281252525630407e-05,0.0010112276067957282,0.05166476219892502,0.007620349060744047,dyed-resection-margins/6e56918a-d07d-4d09-bb5a-d833642965b1.jpg
5,2,normal-z-line,esophagitis,False,0.00021273968741297722,8.644731860840693e-05,0.5242575407028198,1.08404565253295e-05,0.007386087439954281,0.46617603302001953,0.0005336198373697698,0.0013367896899580956,normal-z-line/ce74ee89-5f1f-410c-a848-7379c2520184.jpg
0,0,dyed-lifted-polyps,dyed-lifted-polyps,True,0.9845784902572632,0.009371467866003513,0.00020151764329057187,0.0016816318966448307,5.669183883583173e-05,0.0010909837437793612,0.0020397056359797716,0.000979524222202599,dyed-lifted-polyps/b063c0e5-ae07-480c-bad4-efb70d47de0c.jpg
7,7,ulcerative-colitis,ulcerative-colitis,True,0.00408945744857192,0.002205797005444765,0.0006152394926175475,0.01168474555015564,0.0015014080563560128,0.00448938412591815,0.027887359261512756,0.9475265741348267,ulcerative-colitis/09ba9acf-521a-4a81-9459-0598994cc543.jpg
0,0,dyed-lifted-polyps,dyed-lifted-polyps,True,0.7855198979377747,0.19781678915023804,3.4696690818236675e-06,0.01593966968357563,1.306004151047091e-06,1.636972592677921e-05,0.0006617374019697309,4.0744926081970334e-05,dyed-lifted-polyps/ce0203f0-f6f4-4aed-aa9b-657b640fc162.jpg
3,3,normal-cecum,normal-cecum,True,0.0005713694263249636,0.0002642931940499693,7.392113161586167e-07,0.9871772527694702,3.563010614016093e-05,1.544783663121052e-05,0.011363922618329525,0.0005713700084015727,normal-cecum/1ce802d6-ae50-40db-bf54-55612e195525.jpg
2,2,esophagitis,esophagitis,True,0.03893367201089859,0.18574278056621552,0.7348520755767822,1.5993480246834224e-06,0.0029215370304882526,0.030007077381014824,0.005751773249357939,0.0017894043121486902,esophagitis/c873acd1-dcbb-491a-a2f9-d54cac60bae9.jpg
7,6,ulcerative-colitis,polyps,False,0.048025697469711304,0.00888973567634821,4.4169129978399724e-05,0.030706575140357018,0.04250478744506836,0.00025346377515234053,0.7196183204650879,0.14995722472667694,ulcerative-colitis/9e387b65-f56d-405e-9261-f5dfe22862f7.jpg
7,7,ulcerative-colitis,ulcerative-colitis,True,0.056737545877695084,0.13300840556621552,0.00198989431373775,0.004548658151179552,0.002274017781019211,0.002514207735657692,0.017243562266230583,0.7816836833953857,ulcerative-colitis/46a1688e-14b2-41f9-9990-ce999bc34aa1.jpg
2,5,esophagitis,normal-z-line,False,0.071254663169384,0.09028135985136032,0.21062304079532623,5.3475294407689944e-05,0.12367072701454163,0.4600679874420166,0.04077066481113434,0.003278119955211878,esophagitis/4b480f49-cae9-4a30-83b1-981c24f1f3e9.jpg
7,7,ulcerative-colitis,ulcerative-colitis,True,0.09168128669261932,0.2697206735610962,0.006445712875574827,0.019923187792301178,0.021499084308743477,0.20827743411064148,0.060754917562007904,0.3216977119445801,ulcerative-colitis/04df0028-f9ef-4cfe-aad8-4c3a8f6c43ce.jpg
2,2,esophagitis,esophagitis,True,0.0006557501037605107,0.00132734514772892,0.6376533508300781,2.7247095204074867e-05,0.006584350485354662,0.3464795649051666,0.00023237931600306183,0.007039934396743774,esophagitis/e6ed3ffe-2151-4101-ada6-9d8eed640580.jpg
2,2,esophagitis,esophagitis,True,0.0002660165191628039,0.0005428004660643637,0.9008793830871582,5.884027132196934e-07,0.0061777071096003056,0.06843771785497665,0.0002651014947332442,0.02343062311410904,esophagitis/adcf33d3-c19a-45f2-8138-aaee4b19fc1b.jpg
5,5,normal-z-line,normal-z-line,True,5.421026799012907e-06,2.463717646605801e-05,0.21982917189598083,2.1281507542880718e-06,0.0015411371132358909,0.7782185077667236,8.595546387368813e-05,0.00029301716131158173,normal-z-line/e581d6cc-5c8f-463e-9974-729e59b974db.jpg
1,1,dyed-resection-margins,dyed-resection-margins,True,0.3361412584781647,0.6638380289077759,4.450712367543019e-06,5.13939824031695e-07,6.016316778101327e-09,8.194814654416405e-06,7.054582511045737e-06,4.691831065883889e-07,dyed-resection-margins/4cccd59e-ec5e-45d5-8265-fe72c0b4cf30.jpg
3,3,normal-cecum,normal-cecum,True,0.00013503785885404795,4.1223745938623324e-05,4.2365961405721464e-08,0.9994322657585144,3.3161998089781264e-06,1.2878427924079006e-07,0.0001414612343069166,0.0002464877034071833,normal-cecum/03550347-3223-4e52-8f48-976f430e18b0.jpg
7,7,ulcerative-colitis,ulcerative-colitis,True,0.09553039819002151,0.12085257470607758,0.0009715516353026032,0.08567290008068085,0.0014305004151538014,0.0005755994934588671,0.24371688067913055,0.4512496292591095,ulcerative-colitis/698f130b-41ff-414d-908c-8d8c0f82d4a8_00001997.jpg
5,5,normal-z-line,normal-z-line,True,3.6022898711962625e-05,1.3672985915036406e-05,0.05830175802111626,9.21523280794645e-07,0.0003770509792957455,0.9411526918411255,0.00010616960935294628,1.1596279364312068e-05,normal-z-line/50109847-a84d-4682-a10e-4e7d8c4ad4bf.jpg
1,1,dyed-resection-margins,dyed-resection-margins,True,0.02437719702720642,0.970796525478363,0.0012811971828341484,5.9275884268572554e-05,7.85643896961119e-06,0.003311095992103219,0.00011872053437400609,4.8071382479975e-05,dyed-resection-margins/8f5a0e4a-0a33-491f-abac-18a053ea95c4.jpg
1,1,dyed-resection-margins,dyed-resection-margins,True,0.34708067774772644,0.4442918598651886,0.0007248912588693202,0.12945450842380524,0.0007490453426726162,0.004535758402198553,0.007256943732500076,0.06590636074542999,dyed-resection-margins/d47c78a2-4dc9-4831-9797-3140ec34ea47.jpg
5,2,normal-z-line,esophagitis,False,0.0013643729034811258,0.0004682291764765978,0.7419400215148926,9.871906513581052e-05,0.0029034761246293783,0.22683221101760864,0.01686529442667961,0.00952773354947567,normal-z-line/c8f12307-308a-44e1-b55e-7d2373eb340f.jpg
3,3,normal-cecum,normal-cecum,True,0.00017130862397607416,0.00010595244384603575,1.193747038996662e-06,0.9990172386169434,3.127417585346848e-05,4.955856638844125e-05,0.000485570722958073,0.0001378535816911608,normal-cecum/5fcaa233-af5f-41c5-86ec-9f2864fc2c27.jpg
3,3,normal-cecum,normal-cecum,True,0.0007576473872177303,0.004365930333733559,1.5108869888535992e-07,0.6745834946632385,0.0002212496183346957,6.729432698193705e-06,0.3040786683559418,0.015986187383532524,normal-cecum/49692354-184b-418e-a8ee-111ddfee7af2.jpg
2,2,esophagitis,esophagitis,True,2.142784433090128e-05,7.763475878164172e-05,0.6350108981132507,7.076308605746817e-08,9.53573253354989e-05,0.36460843682289124,9.307573782280087e-05,9.309456072514877e-05,esophagitis/6c1420b4-ffb3-4e13-a9be-ce87417be3e4.jpg
6,6,polyps,polyps,True,0.02821369655430317,0.022736601531505585,0.0036851519253104925,0.009512211196124554,0.02153579518198967,0.0067146108485758305,0.9070658087730408,0.0005360693903639913,polyps/e711f21c-9095-4f4c-b2af-83fb029dede5.jpg
1,1,dyed-resection-margins,dyed-resection-margins,True,0.001891686930321157,0.9980918765068054,1.3324696510608192e-06,2.3457926712211474e-09,2.9563087977635405e-08,8.660268946414362e-08,9.3078035945382e-08,1.49282695929287e-05,dyed-resection-margins/dd57ac54-066a-44af-90f2-1108f13824db.jpg
6,6,polyps,polyps,True,0.04175698757171631,0.0047673494555056095,0.0005188346840441227,0.08243262767791748,0.0069300951436161995,0.0505443699657917,0.7804261445999146,0.03262360766530037,polyps/756cf101-9215-450e-8bd3-31c4b25af51e.jpg
2,2,esophagitis,esophagitis,True,0.0003076430584769696,0.0011485239956527948,0.9388178586959839,5.989578966136833e-08,0.0007748985080979764,0.05846609175205231,0.00047149331658147275,1.3342812962946482e-05,esophagitis/aea30cff-1b64-49c0-8fe7-cdead4cf48bb.jpg
7,6,ulcerative-colitis,polyps,False,0.021061575040221214,0.005916372872889042,0.00894184224307537,0.008094183169305325,0.10319887101650238,0.016731364652514458,0.5677313208580017,0.26832446455955505,ulcerative-colitis/a2a5092f-e025-43ea-a738-f3df4be222b7.jpg
1,0,dyed-resection-margins,dyed-lifted-polyps,False,0.37520506978034973,0.18337051570415497,0.002373277209699154,0.2823733389377594,0.007542491890490055,0.013564538210630417,0.13097058236598969,0.004600252956151962,dyed-resection-margins/88a8055d-cce7-4868-8647-b389f8d0b316.jpg
0,0,dyed-lifted-polyps,dyed-lifted-polyps,True,0.9451724886894226,0.05359479784965515,4.69932319902e-06,5.142965528648347e-05,3.929698323190678e-06,2.3724201128061395e-06,0.0011572749353945255,1.2965771929884795e-05,dyed-lifted-polyps/8f7e100e-a53d-4b6c-ab54-cb315aa6cae5.jpg
1,1,dyed-resection-margins,dyed-resection-margins,True,0.1555061787366867,0.7290819883346558,0.0013249620096758008,0.0008512507192790508,0.0006913214456290007,0.0023509010206907988,0.0076296450570225716,0.1025637537240982,dyed-resection-margins/e3eb1b61-c4b0-4c4b-905d-f39124161570.jpg
7,7,ulcerative-colitis,ulcerative-colitis,True,0.0006422755541279912,0.00032057095086202025,1.5352510445154621e-06,0.00035197523538954556,3.9974969695322216e-05,7.765200280118734e-06,0.007182873319834471,0.9914530515670776,ulcerative-colitis/5c6fab43-d52c-4ced-ad4f-14548e59bba9.jpg
3,6,normal-cecum,polyps,False,0.06876496225595474,0.0018031520303338766,0.00011174253450008109,0.18550442159175873,0.00494140200316906,0.0008291442063637078,0.620164692401886,0.11788058280944824,normal-cecum/95c48d5c-1bba-4f39-9b97-6518700e46d4.jpg
7,7,ulcerative-colitis,ulcerative-colitis,True,0.005699681118130684,0.005078122951090336,0.015261903405189514,0.00059574528131634,0.0010165650164708495,0.0015248387353494763,0.0023212742526084185,0.9685018658638,ulcerative-colitis/6e35335c-f5d8-44c4-b153-995431701d7f.jpg
2,5,esophagitis,normal-z-line,False,0.0027399412356317043,0.0006056904676370323,0.1114853098988533,1.0214561370958108e-05,0.016961444169282913,0.8589175343513489,0.009154262021183968,0.00012564430653583258,esophagitis/d58618e1-a51f-4590-97d1-858ff448dfad.jpg
6,6,polyps,polyps,True,0.02366284839808941,0.0005986095638945699,2.288721816512407e-06,0.009101351723074913,0.00016780536680016667,1.957051244971808e-05,0.9664331674575806,1.4352831385622267e-05,polyps/0bef2e62-ebbb-4a07-b7fc-763b585fe039.jpg
6,6,polyps,polyps,True,0.0023122760467231274,9.552258416078985e-05,9.215685281560582e-07,0.0009700616355985403,1.034976594382897e-05,8.690606136951828e-07,0.9943544864654541,0.002255575032904744,polyps/7155fd18-a11b-4fad-a1f7-d6d82b43baf8.jpg
6,6,polyps,polyps,True,0.030652068555355072,0.005054869223386049,0.0012851099018007517,0.0014334098668769002,0.0010443883948028088,0.001309222192503512,0.6460161209106445,0.313204824924469,polyps/b2028b2f-0826-4242-b7bb-d26bca700d67.jpg
6,6,polyps,polyps,True,0.0009385326411575079,0.00017658807337284088,2.7613496058620512e-06,0.0005036761867813766,8.863816219673026e-06,2.2896542759553995e-06,0.9977141618728638,0.0006531503750011325,polyps/1f81e8f8-c4e3-4d4b-af76-e5b29addbc4d.jpg
1,1,dyed-resection-margins,dyed-resection-margins,True,0.37412816286087036,0.5940774083137512,8.160457946360111e-05,0.003699003718793392,8.057755621848628e-06,0.0010303054004907608,0.020378416404128075,0.0065970709547400475,dyed-resection-margins/7e486c2a-1820-4321-bf84-f7b2c3a2183b.jpg
2,2,esophagitis,esophagitis,True,0.0039148349314928055,0.0013046644162386656,0.5619957447052002,4.137538780923933e-05,0.03239366039633751,0.39075225591659546,0.004243776667863131,0.00535375764593482,esophagitis/32fbe887-9509-4d35-91a2-2fdfa8a8831b.jpg
3,3,normal-cecum,normal-cecum,True,0.006688666995614767,0.0032685105688869953,0.0004310989170335233,0.9315063953399658,0.002001121873036027,0.0028192114550620317,0.04598052799701691,0.00730433315038681,normal-cecum/8c24abe1-240c-4633-89a2-eec6ea2f55f5.jpg
4,4,normal-pylorus,normal-pylorus,True,8.723205610294826e-06,3.943742285628105e-06,0.0019113955786451697,1.4852177798729826e-07,0.9973636269569397,0.0006377050885930657,3.112626291112974e-05,4.339641600381583e-05,normal-pylorus/95040a61-e19a-48a4-8e02-624f4e75018f.jpg
1,1,dyed-resection-margins,dyed-resection-margins,True,0.08302847295999527,0.9168723225593567,7.227514515761868e-07,7.707165423198603e-06,1.1455558706074953e-06,2.208390696978313e-06,8.604858885519207e-05,1.3490997616827372e-06,dyed-resection-margins/4de79970-c67f-4f85-aa3e-21b3c59debec.jpg
1,1,dyed-resection-margins,dyed-resection-margins,True,0.12446059286594391,0.8736143112182617,0.00014158969861455262,4.9593472795095295e-05,1.5441271443705773e-06,0.0007961728842929006,0.000132335553644225,0.000803839648142457,dyed-resection-margins/6a1bc4ac-e3d7-4ede-8b60-9e22af4067bb.jpg
4,4,normal-pylorus,normal-pylorus,True,5.42461420991458e-05,3.226172339054756e-05,0.0028974986635148525,0.00020014106121379882,0.9941188097000122,0.0004974650801159441,0.00047357281437143683,0.0017260076710954309,normal-pylorus/07b2ab85-9b8d-4082-af8f-0a9223c95d05.jpg
0,0,dyed-lifted-polyps,dyed-lifted-polyps,True,0.7522196769714355,0.24724586308002472,6.160151679068804e-05,3.379092231625691e-05,8.167111218426726e-07,3.6124260077485815e-05,0.00036351432208903134,3.856292460113764e-05,dyed-lifted-polyps/3751f149-a96f-4c78-865c-1db82f9b5499.jpg
1,1,dyed-resection-margins,dyed-resection-margins,True,0.005766516551375389,0.9940547347068787,2.9441815058817156e-05,1.1404867109376937e-05,6.846804012639041e-07,7.0640177000314e-05,1.3156147360859904e-05,5.338692426448688e-05,dyed-resection-margins/622b5c30-78c5-4330-beaf-d4cfcb7c8ce0.jpg
5,5,normal-z-line,normal-z-line,True,0.0001728241186356172,0.0007275355746969581,0.046435337513685226,2.5344140794913983e-06,0.003962332382798195,0.9468988180160522,0.0007435224833898246,0.0010570386657491326,normal-z-line/c3c0d1d5-9a7f-4011-82e5-406a68503baa.jpg
1,0,dyed-resection-margins,dyed-lifted-polyps,False,0.8977566957473755,0.09761781245470047,9.671995212556794e-05,3.743476918316446e-05,4.192155756754801e-05,0.0005657747969962656,0.0030465617310255766,0.0008370010764338076,dyed-resection-margins/ca43d12c-2d66-4121-ba8a-ff9029981ef9.jpg
2,2,esophagitis,esophagitis,True,0.0008698674500919878,0.0006321423570625484,0.5366803407669067,9.230370778823271e-05,0.01493295468389988,0.43715229630470276,0.008751883171498775,0.0008882455877028406,esophagitis/36b38ffd-15bd-4bb5-801f-21a97932025f.jpg
5,5,normal-z-line,normal-z-line,True,5.015213173464872e-05,0.00012267586134839803,0.22721783816814423,4.950342713527789e-08,0.0019249871838837862,0.7706766724586487,7.398222805932164e-06,3.079560428886907e-07,normal-z-line/b16b4c03-a573-4977-b983-32c0091d9ef2.jpg
4,4,normal-pylorus,normal-pylorus,True,0.0038719833828508854,0.005585411563515663,0.008016522973775864,0.00029685048502869904,0.9619061946868896,0.0044293212704360485,0.007943536154925823,0.007950159721076488,normal-pylorus/9ba54c25-74ee-45f6-ac00-fb93fcf1a079.jpg
1,1,dyed-resection-margins,dyed-resection-margins,True,0.4434833526611328,0.5557148456573486,8.263938070740551e-05,5.9235579101368785e-05,1.8206507093054825e-06,2.821903399308212e-05,0.0004897874896414578,0.00014000118244439363,dyed-resection-margins/e22f3cd4-b014-42a2-b83a-50e94d69e5bc.jpg
3,3,normal-cecum,normal-cecum,True,0.002218562178313732,0.0005415805499069393,4.065279313181236e-07,0.8645725846290588,4.55248482467141e-05,2.3288257580134086e-05,0.09604740142822266,0.03655057027935982,normal-cecum/2038e263-3a8c-4288-b752-c07a84a36b4d.jpg
1,1,dyed-resection-margins,dyed-resection-margins,True,0.03723372519016266,0.960746705532074,2.737099976002355e-06,6.7173496063333005e-06,8.918936487134488e-07,6.715597464790335e-07,1.092941420210991e-05,0.001997691811993718,dyed-resection-margins/8166fbdd-b7dc-4b97-8aa4-b2968633228c.jpg
4,4,normal-pylorus,normal-pylorus,True,0.00024167746596504003,8.166082989191636e-05,0.009680060669779778,0.0001256365212611854,0.9509698748588562,0.02489556558430195,0.013349243439733982,0.0006562789203599095,normal-pylorus/df58d6ca-842d-48f4-8f57-a15a2e104bdd.jpg
1,1,dyed-resection-margins,dyed-resection-margins,True,0.16235268115997314,0.8365485668182373,7.878652104409412e-05,0.0005510213086381555,1.2499049262260087e-05,5.8145968068856746e-05,0.00034288002643734217,5.538176992558874e-05,dyed-resection-margins/0be67e5f-f416-404c-8488-ca77de133eb7.jpg
4,4,normal-pylorus,normal-pylorus,True,0.0001592046464793384,1.318448266829364e-05,0.00012574225547723472,3.954973362851888e-05,0.9979471564292908,0.0006322965491563082,0.0007826528162695467,0.0003002732410095632,normal-pylorus/05b22295-3cdd-4eb0-b4d8-09a501a41c8c.jpg
1,1,dyed-resection-margins,dyed-resection-margins,True,0.48050692677497864,0.5191426277160645,4.6581815695390105e-05,7.214202355498855e-07,1.0605651823425433e-07,9.124661301029846e-05,0.0001587516162544489,5.307926767272875e-05,dyed-resection-margins/247fc9a1-0148-48b8-bf0c-01144c3aca8e.jpg
3,3,normal-cecum,normal-cecum,True,0.001582374214194715,0.000730339321307838,3.0904109280527337e-06,0.9879988431930542,0.0003047406207770109,7.923574594315141e-05,0.008158732205629349,0.0011425578268244863,normal-cecum/8cf24fd9-23c4-4cc5-8d94-fc220d058383.jpg
5,2,normal-z-line,esophagitis,False,6.192909154378867e-07,1.013581822917331e-05,0.6701582074165344,1.2305408081392244e-10,5.063865319243632e-05,0.32977959513664246,2.442837967464584e-07,5.337674338079523e-07,normal-z-line/097f09c8-c8b5-4f9d-b4d7-2adf2d2ec381.jpg
6,6,polyps,polyps,True,0.015449590981006622,0.0069186631590127945,0.001881886157207191,0.000545764050912112,0.0004643918655347079,0.0006836600950919092,0.9662351608276367,0.00782098714262247,polyps/1faa7a49-7b21-43d9-951a-0727bc236d8a.jpg
5,5,normal-z-line,normal-z-line,True,0.08651978522539139,0.015362219884991646,0.044345833361148834,0.0001939486392075196,0.18711359798908234,0.6038026809692383,0.05597472935914993,0.00668717734515667,normal-z-line/d08203a8-8b74-4477-92b7-9724a0332f46.jpg
4,4,normal-pylorus,normal-pylorus,True,0.005067118909209967,0.002650885609909892,0.11482346057891846,0.003664923133328557,0.39715877175331116,0.2813602387905121,0.14091721177101135,0.054357390850782394,normal-pylorus/b163a3aa-43e6-4190-ba87-1ec88494a12a.jpg
7,7,ulcerative-colitis,ulcerative-colitis,True,0.01688653975725174,0.012841999530792236,0.0004465191741473973,0.004966673906892538,0.0015098224394023418,0.0068167452700436115,0.1380239576101303,0.818507730960846,ulcerative-colitis/e875083b-c1da-40cf-a1c8-e9a99ee7eda6.jpg
2,2,esophagitis,esophagitis,True,0.00015814369544386864,2.8510705305961892e-05,0.8944387435913086,9.902752253765357e-07,3.3508615160826594e-05,0.10523536801338196,9.714559564599767e-05,7.724397619313095e-06,esophagitis/97867a53-bb29-425d-a288-56f703bfda58.jpg
7,7,ulcerative-colitis,ulcerative-colitis,True,0.07746416330337524,0.11150839924812317,0.013060156255960464,0.000868007424287498,0.0002982151345349848,0.08644898980855942,0.01274339109659195,0.6976086497306824,ulcerative-colitis/4c0eac86-5559-4834-a718-4d55f1af1378.jpg
6,4,polyps,normal-pylorus,False,0.005096040666103363,0.004133244510740042,0.0464155450463295,0.0016486271051689982,0.8666739463806152,0.0537872239947319,0.021686501801013947,0.0005589067004621029,polyps/e23cd4e9-f77c-4163-a1d8-dfc9a9a01ebf.jpg
7,7,ulcerative-colitis,ulcerative-colitis,True,0.004940580576658249,0.006112561095505953,0.00028757669497281313,0.026315955445170403,0.006335004232823849,0.00016936591418925673,0.14864517748355865,0.8071936964988708,ulcerative-colitis/38c3932a-1dc3-420e-81f6-1c4b026f7f56.jpg
7,7,ulcerative-colitis,ulcerative-colitis,True,0.0001442899229004979,0.00014969347103033215,0.0017431214218959212,3.9244866911758436e-07,9.88538158708252e-05,0.0008160637808032334,5.2732895710505545e-05,0.9969948530197144,ulcerative-colitis/584f1fa0-9bb9-49d3-b412-c42819d0a200_00000653.jpg
0,0,dyed-lifted-polyps,dyed-lifted-polyps,True,0.8208069801330566,0.17914509773254395,5.168976713321172e-06,6.3247306059111e-08,6.405178964996594e-07,3.4147944916185224e-06,3.2025884138420224e-05,6.578203738172306e-06,dyed-lifted-polyps/726a2ff4-bc9c-402c-9b35-29052da7ee6b.jpg
1,1,dyed-resection-margins,dyed-resection-margins,True,0.06651067733764648,0.8764464855194092,0.0007535424665547907,0.02497568540275097,0.0002725373487919569,0.005785335320979357,0.0013096784241497517,0.023946041241288185,dyed-resection-margins/b087df42-ccf1-4aae-8b49-94d27781b21c.jpg
3,3,normal-cecum,normal-cecum,True,0.001660739304497838,0.0009580986807122827,1.9238235836382955e-05,0.96747887134552,0.0001486949622631073,0.00014731509145349264,0.020134618505835533,0.009452329948544502,normal-cecum/9c0f2998-4464-40ee-b2bb-a82dd34af7a3.jpg
4,4,normal-pylorus,normal-pylorus,True,7.658756658202037e-06,4.926309884467628e-06,0.0003254515177104622,2.1472854427884158e-07,0.9976759552955627,0.0019687048625200987,1.602035445102956e-05,1.0877146223720047e-06,normal-pylorus/0b59508a-be33-4c29-841b-42cd1712e01e.jpg
3,3,normal-cecum,normal-cecum,True,0.002755283610895276,0.0002732587745413184,1.9324748791405e-05,0.943473219871521,0.009950414299964905,0.0012581609189510345,0.009298430755734444,0.03297197073698044,normal-cecum/a50ad7c4-9138-4ae5-9805-bf173bcd1d9f.jpg
7,7,ulcerative-colitis,ulcerative-colitis,True,0.002911946037784219,0.002299877582117915,0.00026357665774412453,0.0008365212706848979,0.00018017650290858,0.002196089131757617,0.008291440084576607,0.9830204844474792,ulcerative-colitis/bcef5805-6373-43d6-af4e-b1279cd84c61.jpg
3,3,normal-cecum,normal-cecum,True,0.007925370708107948,0.0004811656253878027,2.3974362193257548e-05,0.6745781302452087,0.002878728089854121,0.00044319508015178144,0.3090253472328186,0.00464399391785264,normal-cecum/2e313668-d14b-448a-a19f-8afd55a6ceca.jpg
2,2,esophagitis,esophagitis,True,0.00010570749873295426,0.0005027655861340463,0.7414032816886902,2.812668526530615e-06,0.006426346953958273,0.25009432435035706,0.0013531539589166641,0.00011161837755935267,esophagitis/3e9b1095-1b88-435e-a4da-d37a700ca9ce.jpg
6,6,polyps,polyps,True,0.04672784358263016,0.004600414540618658,0.0005884835263714194,0.005487653426826,0.011259031482040882,0.0037114680744707584,0.927079439163208,0.0005455673672258854,polyps/62399a1c-3f4e-4655-bc47-cacf54cab091.jpg
7,7,ulcerative-colitis,ulcerative-colitis,True,0.022481949999928474,0.012395333498716354,0.0003468475479166955,0.06178107112646103,0.00031612650491297245,0.003402253845706582,0.011206508614122868,0.8880699276924133,ulcerative-colitis/810106a4-84fe-4de5-8f7f-596f4a0312e3.jpg
6,6,polyps,polyps,True,0.0833904892206192,0.0945873036980629,3.796641613007523e-05,0.012747757136821747,0.0009342085104435682,0.0007141986861824989,0.5329883694648743,0.27459973096847534,polyps/08afaf00-7cae-4c91-a88e-70aaa0034de9.jpg
3,6,normal-cecum,polyps,False,0.010998460464179516,0.00816501397639513,2.2912528947927058e-05,0.28000152111053467,0.001969033619388938,9.105612843995914e-05,0.5864601135253906,0.1122918426990509,normal-cecum/5708e661-fd83-4124-85d1-4ce7450eae2e.jpg
0,0,dyed-lifted-polyps,dyed-lifted-polyps,True,0.9960789084434509,0.0037946428637951612,3.3502792575745843e-06,2.0444787878659554e-05,9.561562137605506e-07,1.1362484656274319e-05,7.809965609339997e-05,1.2222260011185426e-05,dyed-lifted-polyps/1484493f-b6a9-43d1-82dc-a7a78ddd2490.jpg
6,6,polyps,polyps,True,0.09120135009288788,0.012037555687129498,0.00010024582297774032,0.0055954717099666595,0.0006853826344013214,0.001070406986400485,0.8769367933273315,0.01237277127802372,polyps/b48b4ed9-e44a-47e9-9241-35b844ef4604.jpg
7,7,ulcerative-colitis,ulcerative-colitis,True,0.012832073494791985,0.007517348974943161,0.0011917774099856615,0.0004675562959164381,1.4535368791257497e-05,0.002850075252354145,0.005389580503106117,0.9697369933128357,ulcerative-colitis/78606314-b5d0-457d-9f9d-db7271e67150.jpg
3,3,normal-cecum,normal-cecum,True,0.013693886809051037,0.005606598686426878,5.448236333904788e-05,0.9549232125282288,0.0012700685765594244,0.0004580753156915307,0.0071417964063584805,0.01685173809528351,normal-cecum/09c54f81-dbc0-4e30-abbc-a617102f6fc8.jpg
5,5,normal-z-line,normal-z-line,True,0.00024878355907276273,0.00014489027671515942,0.07307098060846329,1.746147404446674e-06,0.01609242893755436,0.9097213745117188,0.0006655558245256543,5.426280768006109e-05,normal-z-line/760837bc-70f4-4375-9a2a-386127029858.jpg
5,5,normal-z-line,normal-z-line,True,2.524191586417146e-05,1.2440399586921558e-05,0.05121298506855965,3.521535347772442e-07,0.0027019637636840343,0.9456034302711487,0.00042091694194823503,2.260751170979347e-05,normal-z-line/44d08bdd-1ec6-40b5-a58b-ec10b356290f.jpg
0,1,dyed-lifted-polyps,dyed-resection-margins,False,0.1735610067844391,0.826368510723114,3.025664591405075e-05,2.528180630179122e-06,2.316472631491706e-07,6.206552370713325e-06,1.4931744772184175e-05,1.6300207789754495e-05,dyed-lifted-polyps/8ba3968c-e27d-4536-ad92-8591883e1571.jpg
1,1,dyed-resection-margins,dyed-resection-margins,True,0.06729310750961304,0.9234704375267029,0.00036582504981197417,9.092000254895538e-05,2.4263712475658394e-05,0.00535998772829771,0.00037196677294559777,0.0030234253499656916,dyed-resection-margins/c5413dd6-9410-4bcf-8f24-89022f0a516a.jpg
6,6,polyps,polyps,True,0.06206968426704407,0.018356168642640114,1.0764264516183175e-05,0.006506669335067272,0.0001321219897363335,0.00012086594506399706,0.9111833572387695,0.0016203912673518062,polyps/6420161a-b4e1-4940-a6e1-acd23c28fe99.jpg
2,2,esophagitis,esophagitis,True,0.00030248906114138663,0.0009227155242115259,0.9357494115829468,1.654211519053206e-05,0.000503910006955266,0.02731858380138874,0.0032137532252818346,0.031972646713256836,esophagitis/e776865d-dc19-4f83-9e5a-00d8ba3f0508.jpg
1,1,dyed-resection-margins,dyed-resection-margins,True,0.018106970936059952,0.9816945195198059,3.0583464649680536e-06,1.1801331311289687e-05,4.378377525426913e-06,2.3170827262219973e-05,0.00011233562690904364,4.375469870865345e-05,dyed-resection-margins/4550d269-401e-4ef3-b26b-84ea334d01ed.jpg
6,6,polyps,polyps,True,0.21813233196735382,0.032225850969552994,4.572627949528396e-05,0.02493351511657238,0.000154827706865035,2.7226116799283773e-05,0.6715081930160522,0.05297234281897545,polyps/c1ccc033-0e98-4ce7-8171-0af81b863778.jpg
5,5,normal-z-line,normal-z-line,True,0.00023658560530748218,0.0001179237588075921,0.21904432773590088,4.7823841669014655e-06,0.009190772660076618,0.7710792422294617,0.0002555311075411737,7.082125375745818e-05,normal-z-line/b774b33c-0d05-4b31-b776-14eeb9d3586b.jpg
7,7,ulcerative-colitis,ulcerative-colitis,True,0.003573788097128272,0.0002652939292602241,1.9019065803149715e-05,0.0009044387843459845,0.0002100914716720581,3.797283716266975e-05,0.4148893654346466,0.5800999999046326,ulcerative-colitis/28db4e2a-2b48-43b7-88b2-5eaba2eb41f4.jpg
6,6,polyps,polyps,True,0.017335349693894386,0.0017535946099087596,0.0006563492934219539,0.021895719692111015,0.004340982995927334,0.0037339837290346622,0.840571939945221,0.10971208661794662,polyps/9a9fbcdf-04e1-4713-bccb-c39cf9996d5d.jpg
6,6,polyps,polyps,True,0.1229124665260315,0.1398196965456009,0.008637145161628723,0.043888021260499954,0.002217360306531191,0.01859772764146328,0.6528674960136414,0.011060021817684174,polyps/b5af7a66-7f29-4942-89d2-d6a02126c123.jpg
6,6,polyps,polyps,True,0.007630436215549707,0.003374171443283558,7.311430636036675e-06,0.0024280750658363104,0.004099712241441011,0.00011093793727923185,0.966791570186615,0.015557770617306232,polyps/e3d87692-d69b-4be7-abac-15b2cffc4624.jpg
6,6,polyps,polyps,True,0.06832264363765717,0.0034862037282437086,0.00036926285247318447,0.0032066802959889174,0.0003749927564058453,0.0016230283072218299,0.9051083922386169,0.01750887930393219,polyps/2f2e2195-558b-47c2-93d9-c92b76271906.jpg
0,0,dyed-lifted-polyps,dyed-lifted-polyps,True,0.9766651391983032,0.022458476945757866,8.890066283129272e-07,2.2388288925867528e-05,7.546311735495692e-07,2.901538891819655e-06,0.0006506807403638959,0.0001988766889553517,dyed-lifted-polyps/1042e62d-2f9b-4a7d-84e1-a3cd491d6a43.jpg
5,5,normal-z-line,normal-z-line,True,0.006487807258963585,0.001143797766417265,0.13115130364894867,1.959353539859876e-06,0.0003226962289772928,0.8520371913909912,0.008799963630735874,5.523675645235926e-05,normal-z-line/a7bd2163-31a9-4f10-9799-22c992dabff4.jpg
4,4,normal-pylorus,normal-pylorus,True,7.0965515988064e-06,1.0607797776174266e-05,0.0024029912892729044,1.576817396653496e-07,0.99519944190979,0.0022805933840572834,1.0462468708283268e-05,8.863734547048807e-05,normal-pylorus/b725d9ef-aec5-4088-9060-fa6788e3a508.jpg
3,3,normal-cecum,normal-cecum,True,0.000673117465339601,0.000283498055068776,1.2731949254884967e-06,0.9712069630622864,6.232854502741247e-05,5.724412767449394e-05,0.021470030769705772,0.006245591212064028,normal-cecum/19611980-f69f-4508-b358-6a828515ac90.jpg
2,2,esophagitis,esophagitis,True,0.028425589203834534,0.01396684069186449,0.6436049342155457,0.0004900099593214691,0.019156401976943016,0.28175434470176697,0.006061537656933069,0.006540308240801096,esophagitis/e9741710-cc9c-4a8b-9b57-12ddd83b03df.jpg
2,4,esophagitis,normal-pylorus,False,0.00020556907111313194,0.00048254060675390065,0.14034512639045715,1.5382960555143654e-05,0.7383660078048706,0.08928943425416946,0.006105608772486448,0.02519039437174797,esophagitis/3c765504-c30e-4c45-ba70-59c4cb4a126c.jpg
2,2,esophagitis,esophagitis,True,0.020073236897587776,0.004967635963112116,0.4545184373855591,0.0006090538226999342,0.00896911695599556,0.42443645000457764,0.08122653514146805,0.00519942119717598,esophagitis/ee48c182-c168-4bd2-896b-baa7785348c9.jpg
1,1,dyed-resection-margins,dyed-resection-margins,True,0.14023754000663757,0.8533428907394409,8.137176337186247e-06,5.31852783751674e-05,3.812039949480095e-06,4.320579591876594e-06,0.00038191158091649413,0.005968279670923948,dyed-resection-margins/921ab5ee-41cf-4cfc-a300-46b4a2770e68.jpg
3,3,normal-cecum,normal-cecum,True,6.992594717303291e-05,0.0001666423340793699,2.007780466328768e-07,0.9869419932365417,0.00018427532631903887,1.6985143247438828e-06,0.003493521362543106,0.009141737595200539,normal-cecum/e8a4ffdc-4d9d-4aef-80c0-a599615ac53d.jpg
5,5,normal-z-line,normal-z-line,True,0.00013273739023134112,0.0003596778551582247,0.0174314696341753,9.619389857107308e-06,0.01654134877026081,0.9636639356613159,0.0003766242298297584,0.0014845445984974504,normal-z-line/65c2d5a7-53d4-4b06-bd01-da971d073f18.jpg
7,7,ulcerative-colitis,ulcerative-colitis,True,0.011443911120295525,0.011560756713151932,0.00010377018770668656,0.014177778735756874,0.00623773830011487,3.416072286199778e-05,0.15295200049877167,0.8034898638725281,ulcerative-colitis/b090985b-6d12-4087-b9c6-7ba0d33de35e.jpg
7,7,ulcerative-colitis,ulcerative-colitis,True,0.00025267875753343105,0.0010950511787086725,0.003463897155597806,0.0009964402997866273,0.004224272910505533,0.025404734537005424,0.00044203156721778214,0.9641208052635193,ulcerative-colitis/de363345-17a0-4645-9c5d-05227548f3aa.jpg
2,2,esophagitis,esophagitis,True,0.010970634408295155,0.01482145395129919,0.6982729434967041,8.174227332347073e-06,1.3482538633979857e-05,0.0028406609781086445,0.0006834074738435447,0.2723892331123352,esophagitis/a1cb7a98-420e-4bfc-a33d-2f6210710d87.jpg
1,1,dyed-resection-margins,dyed-resection-margins,True,0.038021691143512726,0.9524388313293457,0.00031169960857369006,0.00032031978480517864,8.925767360778991e-06,0.00019960249483119696,0.00024269058485515416,0.008456124924123287,dyed-resection-margins/87f2a46a-976e-4406-a976-b0259b48629a.jpg
3,3,normal-cecum,normal-cecum,True,0.00065312918741256,0.0020056446082890034,6.349711156872218e-07,0.8754809498786926,0.0008155337418429554,1.2317063010414131e-05,0.11999708414077759,0.001034673536196351,normal-cecum/73bb2cb9-0bed-4dc6-9609-402ac77e5197.jpg
0,0,dyed-lifted-polyps,dyed-lifted-polyps,True,0.5650639533996582,0.43440333008766174,3.4796528325387044e-06,0.0003073197149205953,1.6270658306893893e-05,4.669054033001885e-05,0.000157842441694811,1.0607463991618715e-06,dyed-lifted-polyps/551ee3c0-f8d3-48d5-98ef-6a884ca63af0.jpg
3,3,normal-cecum,normal-cecum,True,0.010255343280732632,0.0032828710973262787,6.997926539042965e-05,0.8269442319869995,0.0012270790757611394,0.00018704486137721688,0.14316798746585846,0.014865518547594547,normal-cecum/1a52b990-5326-4be3-be18-7e832d476343.jpg
6,6,polyps,polyps,True,0.025106269866228104,0.0015102728502824903,5.5997410527197644e-05,0.0037207386922091246,0.00019948896078858525,0.0007341263699345291,0.9678799510002136,0.0007931464933790267,polyps/c9cb5bb0-5e95-49c9-8c12-979c75c04b6a.jpg
2,2,esophagitis,esophagitis,True,3.0427238016272895e-05,0.0005637014983221889,0.7133174538612366,5.374228635446343e-07,0.00015615687880199403,0.2854766547679901,5.9987110034853686e-06,0.0004490467254072428,esophagitis/99092657-db96-49e2-8190-5a79beb997ce.jpg
2,2,esophagitis,esophagitis,True,0.00015569114475511014,8.362223161384463e-05,0.7901867032051086,7.015610026428476e-05,0.0034756262321025133,0.20084378123283386,0.0011017411015927792,0.004082657862454653,esophagitis/93afc191-1fe1-4f0b-a5a7-8ec2e10d0e80.jpg
2,2,esophagitis,esophagitis,True,2.881756518036127e-05,3.864109021378681e-05,0.563450038433075,1.2320018640821218e-06,0.013454928994178772,0.42234572768211365,0.00015404871373903006,0.0005266325897537172,esophagitis/354b009d-d5fa-4362-a0e4-d311bd007399.jpg
3,3,normal-cecum,normal-cecum,True,0.0006864905590191483,0.00151633785571903,1.0356305892855744e-06,0.9711867570877075,2.1957725039101206e-05,3.5061420931015164e-05,0.0018271757289767265,0.02472529374063015,normal-cecum/7bec02fe-3223-451b-b3f3-9bef853d0ebe.jpg
3,3,normal-cecum,normal-cecum,True,0.0759013295173645,0.022043606266379356,3.2736883440520614e-05,0.7318676114082336,2.2715286831953563e-05,9.548648085910827e-05,0.16657711565494537,0.003459460800513625,normal-cecum/4a274621-8973-477c-926a-f04736f07d0a.jpg
2,5,esophagitis,normal-z-line,False,0.006537630222737789,0.0029439516365528107,0.3099149763584137,0.0003427031624596566,0.02871379815042019,0.641904890537262,0.007603372447192669,0.002038787817582488,esophagitis/a674e2f8-1f44-4133-be82-37f688d13a1a.jpg
4,4,normal-pylorus,normal-pylorus,True,0.0029435609467327595,0.000988601939752698,0.007903454825282097,0.0003237998753320426,0.7595545053482056,0.10787711292505264,0.1181662380695343,0.0022427134681493044,normal-pylorus/2ebef6f4-e2e5-4778-a669-5e509d8af503.jpg
6,6,polyps,polyps,True,0.051564477384090424,0.007583622355014086,9.128052624873817e-05,0.004382560029625893,0.0004380384925752878,0.000216917265788652,0.8429350256919861,0.09278809279203415,polyps/cb689d4e-e046-47e6-831c-b142c34e5cf8.jpg
6,4,polyps,normal-pylorus,False,0.01754349283874035,0.00692147808149457,0.0009461057488806546,0.04073459282517433,0.4566363990306854,0.024751439690589905,0.2772100269794464,0.17525650560855865,polyps/e2d8c9fd-6345-425c-b2eb-d176a3c3931b.jpg
6,6,polyps,polyps,True,0.1544656604528427,0.07926344126462936,6.108676643634681e-06,0.0627526342868805,0.007789659313857555,0.00011121725401608273,0.6948637366294861,0.0007474686135537922,polyps/b1c1b0ea-e720-4ce6-aca6-2bef7ccea234.jpg
5,5,normal-z-line,normal-z-line,True,6.856195977889001e-05,0.0001658583350945264,0.13031506538391113,1.0547106285230257e-05,0.0027346471324563026,0.8660211563110352,0.0003476650745142251,0.0003364316653460264,normal-z-line/fa375814-efcb-451c-b192-b0265ea5378b.jpg
3,3,normal-cecum,normal-cecum,True,0.002636972116306424,0.0016088319243863225,3.1757641409058124e-05,0.9214635491371155,0.0020648357458412647,0.00012124751810915768,0.0529293566942215,0.0191434808075428,normal-cecum/d68aa2ce-0929-4cad-9845-1e4046cee3ff.jpg
2,2,esophagitis,esophagitis,True,0.0008361036307178438,0.0002382724778726697,0.9682914614677429,6.504297402898374e-07,0.0013879449106752872,0.019338199868798256,0.008859226480126381,0.0010481049539521337,esophagitis/b138e72a-1687-4288-974d-297a57660508.jpg
3,3,normal-cecum,normal-cecum,True,0.004018903709948063,0.007358892820775509,0.0004628613532986492,0.8860061764717102,0.0020472926553338766,0.003314803820103407,0.08579619973897934,0.010994943790137768,normal-cecum/a51ac5e3-db34-42d3-a134-d7093d5cd440.jpg
1,1,dyed-resection-margins,dyed-resection-margins,True,0.0007217148086056113,0.9992669224739075,6.176786655487376e-07,2.492738531145733e-07,1.6893434917619743e-07,4.744835280234838e-07,1.3748910987487761e-06,8.416246600972954e-06,dyed-resection-margins/41ae11e5-c7e4-46db-a5b1-859281a76cce.jpg
3,3,normal-cecum,normal-cecum,True,0.0007188460440374911,0.00024606016813777387,1.3247588867670856e-05,0.8675980567932129,0.00012294334010221064,0.0002251459809485823,0.13028284907341003,0.0007929031853564084,normal-cecum/1bbf25b7-be2c-4d54-9166-59feeff9c234.jpg
2,2,esophagitis,esophagitis,True,0.0009150719852186739,0.0003489303926471621,0.8778440356254578,0.00010619248496368527,0.011888623237609863,0.10731057077646255,0.0008938275277614594,0.0006927830399945378,esophagitis/0dbd8e31-6676-42f2-b71a-6cb8b728adf6.jpg
6,6,polyps,polyps,True,0.06488422304391861,0.006171282380819321,0.00011647081555565819,0.0066768089309334755,0.00010549379658186808,0.00031576884794048965,0.9216852784156799,4.471884312806651e-05,polyps/b3ac7cdb-c121-4537-80cc-60b1af4eda26.jpg
4,4,normal-pylorus,normal-pylorus,True,0.000338800746249035,0.00013799243606626987,0.006726949475705624,2.7695590688381344e-05,0.9815785884857178,0.008340203203260899,0.0019961537327617407,0.0008536821114830673,normal-pylorus/b64e16f9-6465-49e0-9927-e8b7a5d01338.jpg
3,3,normal-cecum,normal-cecum,True,0.003866583341732621,0.0022162729874253273,4.675166928791441e-05,0.9833147525787354,0.00021728353749495,0.000797125103417784,0.009298869408667088,0.0002423568512313068,normal-cecum/1ab067f8-bd10-4937-9a85-6617541144bf.jpg
4,4,normal-pylorus,normal-pylorus,True,0.0002388257853453979,0.0001476430188631639,0.0009447914198972285,4.5777775085298344e-05,0.9848653078079224,0.00996872317045927,0.003245578147470951,0.0005433757905848324,normal-pylorus/6959a8bd-0159-4f1f-94f1-ecabc0d807e7.jpg
4,4,normal-pylorus,normal-pylorus,True,7.009311957517639e-06,1.958352640940575e-06,0.00042785858386196196,3.809370241469878e-08,0.9992915391921997,0.00024232870782725513,2.6746185540105216e-05,2.5567590000719065e-06,normal-pylorus/6af184b7-861d-46aa-95ec-c94fbf70461b.jpg
3,7,normal-cecum,ulcerative-colitis,False,0.01748674176633358,0.0021619710605591536,2.270755430799909e-05,0.344919353723526,0.00024554127594456077,3.7638474168488756e-05,0.08453743904829025,0.5505886077880859,normal-cecum/27c3b2c6-5a19-4c5f-ac94-ae90d2e2d8aa.jpg
4,4,normal-pylorus,normal-pylorus,True,1.1332848771417048e-05,1.0113249118148815e-05,0.004359143786132336,2.9320668204491085e-07,0.9880225658416748,0.00747255515307188,0.00010790274245664477,1.604545468580909e-05,normal-pylorus/d7def39b-0efe-42cf-9d0e-625a1c24938e.jpg
2,2,esophagitis,esophagitis,True,0.0002727737301029265,0.0004159108502790332,0.6309677958488464,1.5327879737014882e-05,0.023243917152285576,0.2818359434604645,0.002582727698609233,0.060665689408779144,esophagitis/9946a997-9246-4892-a485-2878e315ccfd.jpg
4,4,normal-pylorus,normal-pylorus,True,2.54354233675258e-07,1.2637077873023372e-07,7.725138129899278e-05,1.926185433376304e-09,0.999815046787262,9.509561641607434e-05,1.1863197869388387e-05,4.2093114416275057e-07,normal-pylorus/19a37731-d52f-4cfe-92f7-d620f876f532.jpg
5,5,normal-z-line,normal-z-line,True,0.0005113676888868213,0.00015461232396773994,0.05383013188838959,4.136908319196664e-05,0.4265957474708557,0.5175058245658875,0.0011805389076471329,0.0001804640342015773,normal-z-line/3b2fa55c-a6a7-4d10-95de-1cbf98f119c2.jpg
7,7,ulcerative-colitis,ulcerative-colitis,True,0.00013748498167842627,0.00013793834659736603,9.167689313471783e-06,0.00026822747895494103,6.395603122655302e-05,2.0615167159121484e-05,0.0004353757540229708,0.9989272952079773,ulcerative-colitis/fc79c489-b358-4368-b965-330615af73d4_00000002.jpg
6,0,polyps,dyed-lifted-polyps,False,0.6738241910934448,0.04765007644891739,8.739463373785838e-05,0.005721529945731163,0.0007845559739507735,0.00024101474264170974,0.19223137199878693,0.07945986092090607,polyps/898aeeed-3ee0-410c-b773-595313b2e807.jpg
3,7,normal-cecum,ulcerative-colitis,False,0.002834636950865388,0.004103692248463631,0.00016940722707659006,0.436880499124527,0.002329937182366848,0.002785300835967064,0.006704583764076233,0.5441919565200806,normal-cecum/02b728cd-f151-44ba-8014-b7772949eb15.jpg
5,5,normal-z-line,normal-z-line,True,0.0021041680593043566,0.0008211050881072879,0.17609813809394836,0.00011052627814933658,0.33382880687713623,0.3478517532348633,0.13485099375247955,0.004334507044404745,normal-z-line/ddcbc2b7-f0ff-4423-89b8-9eb58c1492c7.jpg
7,7,ulcerative-colitis,ulcerative-colitis,True,0.04880896583199501,0.01618984341621399,0.00044016516767442226,0.16321739554405212,0.002374467672780156,0.013085498474538326,0.03087223693728447,0.72501140832901,ulcerative-colitis/93dbad0b-d4b9-411a-bc97-a750a6e5937b.jpg
1,1,dyed-resection-margins,dyed-resection-margins,True,0.02829872816801071,0.9713375568389893,7.945096876937896e-05,4.0864753714231483e-07,1.0517505870666355e-06,0.00018100668967235833,0.00010076700709760189,1.1519657618919155e-06,dyed-resection-margins/d77d059e-a1a0-4e5b-83c0-6f157de53ab3.jpg
6,6,polyps,polyps,True,0.005812440533190966,0.000695497845299542,4.6611450670752674e-05,0.0011203627800568938,0.003500527935102582,0.0002445770660415292,0.9875176548957825,0.0010622992413118482,polyps/40487a26-1975-4d8d-bf8e-728e82bf7416.jpg
0,1,dyed-lifted-polyps,dyed-resection-margins,False,0.2549862563610077,0.7449104189872742,2.786299228318967e-05,4.972634542355081e-06,7.35443350663445e-08,2.409717853879556e-05,7.3823243837978225e-06,3.900786759913899e-05,dyed-lifted-polyps/81a28ce5-df24-41ca-8341-2c300ce9404d.jpg
2,2,esophagitis,esophagitis,True,1.8056392946164124e-05,0.00031220776145346463,0.9838362336158752,4.762624783438696e-08,0.001416682731360197,0.01425639446824789,9.524542110739276e-05,6.508902151836082e-05,esophagitis/170708d1-58c7-4b37-b20b-bc78203f4593.jpg
2,2,esophagitis,esophagitis,True,0.000847185670863837,0.0009890822693705559,0.68827223777771,4.979473487765063e-06,0.028786681592464447,0.26483258605003357,0.007895216345787048,0.008372138254344463,esophagitis/a0fbae96-ba9d-4668-a423-d5b211a52fb6.jpg
7,7,ulcerative-colitis,ulcerative-colitis,True,0.08731427788734436,0.04715386778116226,0.004433562979102135,0.006762836594134569,0.0002836869971361011,0.0045316475443542,0.03527838736772537,0.8142417073249817,ulcerative-colitis/6c8b8c2e-731c-469b-b690-0bbc846efd53.jpg
0,0,dyed-lifted-polyps,dyed-lifted-polyps,True,0.9875187277793884,0.012272709049284458,1.4652105164714158e-06,7.1634735832049046e-06,6.41661927147652e-06,1.093345599656459e-05,0.0001735236292006448,9.130445505434182e-06,dyed-lifted-polyps/c4c6a103-88c2-406e-be13-95e6a8c2643d.jpg
2,5,esophagitis,normal-z-line,False,0.00240139733068645,0.0006886266055516899,0.26855266094207764,0.000287658185698092,0.01837034337222576,0.6974745988845825,0.005970380734652281,0.006254294887185097,esophagitis/26b22522-6a0f-4c30-9417-e7b2c5335d5a.jpg
4,4,normal-pylorus,normal-pylorus,True,1.5950934539432637e-05,6.037090133759193e-05,0.005766780581325293,4.551898655336117e-06,0.976796567440033,0.01693647727370262,0.0004004395450465381,1.8837790776160546e-05,normal-pylorus/a1848bec-c39f-4f33-bb2c-6b8fe472bcb9.jpg
4,4,normal-pylorus,normal-pylorus,True,0.000849435047712177,0.0007328434730879962,0.00611198740079999,0.003912321291863918,0.899284839630127,0.017177609726786613,0.012862197123467922,0.0590687096118927,normal-pylorus/7ef433e7-5005-404e-be61-ea83e534f4e7.jpg
3,3,normal-cecum,normal-cecum,True,0.0027629712130874395,0.001739602885209024,3.5350346934137633e-06,0.9830632209777832,0.00013413859414868057,2.7690435672411695e-05,0.00962855014950037,0.002640270162373781,normal-cecum/7e26c11d-ecfb-4a0b-a6e4-15c1c993e70b.jpg
2,2,esophagitis,esophagitis,True,0.0006546397344209254,0.002873482881113887,0.9348471760749817,1.0979222679452505e-05,7.988951983861625e-05,0.05110153555870056,0.002329418668523431,0.008102920837700367,esophagitis/34dd24b5-e521-4c90-bf72-dc2adf970c77.jpg
1,1,dyed-resection-margins,dyed-resection-margins,True,0.3634118139743805,0.5997986793518066,0.00041034852620214224,0.0004986718995496631,7.85994780017063e-05,0.0005296695744618773,0.03450498729944229,0.0007671727798879147,dyed-resection-margins/c862fa6c-6c8c-4e6f-bdbe-f7c71d382746.jpg
4,4,normal-pylorus,normal-pylorus,True,0.00014608002675231546,0.0003123011556454003,0.019667815417051315,1.6142035974553437e-06,0.7987604737281799,0.1807454526424408,0.0003269428270868957,3.929977538064122e-05,normal-pylorus/b433a9c0-8b22-41f0-8f5c-29212d090338.jpg
0,0,dyed-lifted-polyps,dyed-lifted-polyps,True,0.8822901248931885,0.11750684678554535,3.5040491638937965e-05,6.039762411091942e-06,3.711776662385091e-05,4.0257735236082226e-05,5.033368506701663e-05,3.4237727959407493e-05,dyed-lifted-polyps/1b996aa4-c81b-4157-93e0-55a0aaa78089.jpg
0,1,dyed-lifted-polyps,dyed-resection-margins,False,0.38430583477020264,0.6109869480133057,0.00013001958723179996,0.0037631725426763296,1.3385348211158998e-05,6.142088386695832e-05,0.0002513681538403034,0.00048788482672534883,dyed-lifted-polyps/a6ec9dbf-4e31-4535-b625-f96df8db6125.jpg
1,1,dyed-resection-margins,dyed-resection-margins,True,0.05694454908370972,0.9425197839736938,6.904906331328675e-05,5.482829692482483e-07,4.23780051050926e-07,6.74891853122972e-05,6.904096517246217e-05,0.0003291053290013224,dyed-resection-margins/c093b987-02d8-499d-8c1f-eb53dd4aec5f.jpg
2,2,esophagitis,esophagitis,True,0.0014121829299256206,0.00967864878475666,0.6629027724266052,3.831893081951421e-06,0.04440642148256302,0.27015894651412964,0.009943408891558647,0.001493796007707715,esophagitis/b28b9699-359b-4cc7-b164-de1156b5f566.jpg
3,3,normal-cecum,normal-cecum,True,0.0010476767783984542,0.0003659877402242273,9.374567525810562e-06,0.9906963109970093,7.228367030620575e-05,0.00010079051571665332,0.0063197012059390545,0.0013878808822482824,normal-cecum/61324eab-b29f-4299-ba41-024ec5e21fc5.jpg
7,7,ulcerative-colitis,ulcerative-colitis,True,0.0001611762127140537,0.0002475832880008966,2.3901617169030942e-05,0.0008531768689863384,1.5045419786474667e-05,7.283949526026845e-05,0.004667764063924551,0.993958592414856,ulcerative-colitis/7de1d9ce-3704-4d48-8830-150edbe90492.jpg
0,0,dyed-lifted-polyps,dyed-lifted-polyps,True,0.8588244318962097,0.13597433269023895,8.630609227111563e-05,5.130864337843377e-06,9.666519872553181e-06,0.00013607280561700463,0.004500774201005697,0.000463282223790884,dyed-lifted-polyps/3a9ee4cd-7a55-4cf1-8d82-006cc0d05b87.jpg
2,2,esophagitis,esophagitis,True,3.13490854750853e-05,0.00018929463112726808,0.5459510684013367,9.426433393855405e-07,0.0007086207624524832,0.45241737365722656,5.2305837016319856e-05,0.0006490022060461342,esophagitis/31a8e88e-8705-4e99-9202-5ab74f76fd4a.jpg
0,0,dyed-lifted-polyps,dyed-lifted-polyps,True,0.8699430823326111,0.11671730130910873,2.6341336706536822e-05,0.00048250105464830995,5.05972930113785e-05,6.639417551923543e-05,0.012699104845523834,1.463854277972132e-05,dyed-lifted-polyps/366b8309-68e4-4762-9309-87d5e2ae8a08.jpg
1,1,dyed-resection-margins,dyed-resection-margins,True,0.005205740220844746,0.9938921928405762,1.833123133110348e-05,1.4969849871704355e-05,9.933760338753927e-06,1.9270655684522353e-05,0.00021833839127793908,0.0006212042062543333,dyed-resection-margins/0c1f49d8-c21d-45c8-85a4-087f4a4c5895.jpg
4,4,normal-pylorus,normal-pylorus,True,0.00010309692152077332,0.00015074411930982023,0.05240936577320099,4.0268932934850454e-05,0.9349799156188965,0.0005548414774239063,0.0012839108239859343,0.010477845557034016,normal-pylorus/bc8550b7-9f26-4668-8ccf-0aaa106abb8a.jpg
5,5,normal-z-line,normal-z-line,True,0.00020631571533158422,0.0002166938502341509,0.08054541051387787,3.298428055131808e-06,0.006951587740331888,0.9109342694282532,0.00026741615147329867,0.0008751458954066038,normal-z-line/7974ec23-9b7e-432b-ac1e-cc8cef163116.jpg
4,4,normal-pylorus,normal-pylorus,True,1.2645446986425668e-05,3.9637638110434636e-05,0.0033940391149371862,2.1428625984754035e-07,0.994763970375061,0.00027213399880565703,0.0012914013350382447,0.00022597264614887536,normal-pylorus/d9c67c63-5c4a-487a-9b3e-abaa476f4c6a.jpg
5,5,normal-z-line,normal-z-line,True,0.0005780884530395269,0.0007832300034351647,0.289663165807724,0.00016949379642028362,0.03499248996376991,0.6539531350135803,0.01594524085521698,0.003915192559361458,normal-z-line/0d6e8654-1216-4974-a9ca-9cd339d78c69.jpg
4,4,normal-pylorus,normal-pylorus,True,2.8679782190010883e-05,0.0001134216581704095,0.0025093217846006155,1.5271847075837286e-07,0.9931343793869019,0.003788895672187209,1.093725222744979e-05,0.0004142005927860737,normal-pylorus/7ac3a14e-fe8e-4bc3-b01e-a33cf9fc96c2.jpg
7,7,ulcerative-colitis,ulcerative-colitis,True,0.010888125747442245,0.004895700607448816,0.005994797684252262,0.006492680869996548,0.007195610087364912,0.009058489464223385,0.2659984827041626,0.6894760727882385,ulcerative-colitis/9b917fd1-13d7-46a4-9558-4272af599b59.jpg
1,1,dyed-resection-margins,dyed-resection-margins,True,0.46631836891174316,0.5318196415901184,0.00010158654913539067,3.724463795151678e-06,5.794830485683633e-06,0.00015518961299676448,0.0015564680797979236,3.9215938159031793e-05,dyed-resection-margins/6c1f1b20-6f67-4491-b153-adc8e3936bce.jpg
3,3,normal-cecum,normal-cecum,True,0.006492546759545803,0.0019322939915582538,0.0002968834014609456,0.8878102898597717,0.0008892308105714619,0.001112989615648985,0.09979351609945297,0.0016721613937988877,normal-cecum/daccebe8-465f-4c94-ba86-79ea44801164.jpg
0,0,dyed-lifted-polyps,dyed-lifted-polyps,True,0.9436370730400085,0.05614680424332619,7.3498613346600905e-06,1.2954742487636395e-06,9.072181455849204e-06,2.5596913474146277e-05,0.00016313279047608376,9.59478802542435e-06,dyed-lifted-polyps/5bc3f392-f00f-4978-8f0d-02bb1f54f4c0.jpg
6,0,polyps,dyed-lifted-polyps,False,0.8774358630180359,0.04645567759871483,2.2045640434953384e-05,0.004267995711416006,0.00017844328249339014,0.0003554789291229099,0.07079748064279556,0.0004870010307058692,polyps/45dd52c5-2ab3-489b-9508-e4ccc8705a3d.jpg
2,4,esophagitis,normal-pylorus,False,0.004902109503746033,0.001515796990133822,0.09997514635324478,0.00044869884732179344,0.5469877123832703,0.30365318059921265,0.036497898399829865,0.006019372493028641,esophagitis/b0768234-5fd3-42a5-ad88-940fc8159ca2.jpg
2,5,esophagitis,normal-z-line,False,0.00017294450663030148,4.481885480345227e-05,0.2413039356470108,4.479857580008684e-06,0.08056765049695969,0.6761775612831116,0.0010251256171613932,0.0007034725276753306,esophagitis/e5d89fd0-30d1-425a-8dd7-2e7fa8d48734.jpg
1,1,dyed-resection-margins,dyed-resection-margins,True,0.23178131878376007,0.4506567716598511,0.003866323735564947,0.04325956106185913,0.0014016953064128757,0.0024637496098876,0.2635943591594696,0.0029761434998363256,dyed-resection-margins/9a7965e1-8106-47ae-888d-690b3e33adc2.jpg
5,5,normal-z-line,normal-z-line,True,0.0019417469156906009,0.00042746064718812704,0.1939781904220581,0.0012507757637649775,0.015398808754980564,0.740128219127655,0.03151959180831909,0.015355225652456284,normal-z-line/fde68ca4-2c9f-4f81-9c7b-b3d161704013.jpg
5,5,normal-z-line,normal-z-line,True,7.453527359757572e-05,0.00012011321814497933,0.03385455906391144,1.667739707045257e-05,0.03155932575464249,0.9286412596702576,0.0038953465409576893,0.0018381712725386024,normal-z-line/da417a53-d2ff-4628-8045-b4eb9f9df16c.jpg
2,2,esophagitis,esophagitis,True,0.00895778276026249,0.002274859230965376,0.8498984575271606,4.9109410610981286e-05,0.00017301487969234586,0.05656493082642555,0.004080766811966896,0.07800110429525375,esophagitis/23c13ff7-738c-43a3-936d-8b2d1214f5ba.jpg
1,1,dyed-resection-margins,dyed-resection-margins,True,0.0021008963230997324,0.9978286623954773,9.015312571136747e-06,3.5052036650995433e-07,3.688293418235844e-06,3.7725862057413906e-05,1.8843755242414773e-05,8.254486374426051e-07,dyed-resection-margins/94205883-6ad0-4a23-bd51-cb941abc1d53.jpg
3,3,normal-cecum,normal-cecum,True,0.008061002008616924,0.0022757654078304768,7.352480224653846e-06,0.9761523008346558,6.746156577719375e-05,3.665353142423555e-05,0.010451073758304119,0.002948333043605089,normal-cecum/6c435879-0cce-44e0-ab49-1051782a5250.jpg
5,5,normal-z-line,normal-z-line,True,0.0005086302990093827,0.000417560338973999,0.05279463157057762,7.196859314717585e-06,0.04276677221059799,0.8953951597213745,0.0006758174858987331,0.007434243801981211,normal-z-line/2732933f-972a-410b-97cc-c6634f01b6c9.jpg
0,1,dyed-lifted-polyps,dyed-resection-margins,False,0.2780449390411377,0.7218704223632812,1.0258021575282328e-05,6.06941341629863e-07,2.897205604313058e-07,7.0229830271273386e-06,3.342338004586054e-06,6.308189040282741e-05,dyed-lifted-polyps/81997271-6b0d-4903-9c7b-af829e31a03a.jpg
1,1,dyed-resection-margins,dyed-resection-margins,True,0.012809038162231445,0.9869379997253418,0.0001567438739584759,2.971936794438079e-07,2.19039611693006e-06,4.244904266670346e-05,2.787983976304531e-05,2.3387699911836535e-05,dyed-resection-margins/ac48aa4f-c157-4133-8052-91a498abb8a5.jpg
1,1,dyed-resection-margins,dyed-resection-margins,True,0.33829501271247864,0.5328799486160278,0.0018578930757939816,4.477709808270447e-05,6.438580749090761e-05,0.0012411506613716483,0.017705339938402176,0.10791151225566864,dyed-resection-margins/91c7512c-b400-4049-b35b-10ef5d16d193.jpg
1,1,dyed-resection-margins,dyed-resection-margins,True,0.3341188430786133,0.6414868235588074,0.0007282448350451887,0.00012406203313730657,5.5127795349108055e-05,0.007363784592598677,0.0003049387305509299,0.015818117186427116,dyed-resection-margins/dd5e6c27-c680-44ef-a29f-2421d567bd17.jpg
1,1,dyed-resection-margins,dyed-resection-margins,True,0.025598231703042984,0.9742839336395264,1.360555506835226e-05,1.0149796025871183e-06,1.8247292246087454e-06,3.632669904618524e-05,4.009453550679609e-05,2.4955166736617684e-05,dyed-resection-margins/9725d9e1-e677-4dbc-b919-840af1e5e36f.jpg
3,3,normal-cecum,normal-cecum,True,0.012563463300466537,0.00499529205262661,6.788324299122905e-06,0.9733109474182129,5.555921597988345e-05,3.96379800804425e-05,0.007612949702888727,0.0014154521049931645,normal-cecum/fcb5a6b7-9a2f-45cc-a400-930e32d070c1.jpg
1,1,dyed-resection-margins,dyed-resection-margins,True,0.03412743657827377,0.9654263854026794,0.0002267801173729822,3.361378048793995e-06,2.3457731401776982e-07,8.916463411878794e-05,3.151881173835136e-05,9.513628901913762e-05,dyed-resection-margins/6dd01c33-66b5-42ca-90a3-68812fdf7d8d.jpg
4,4,normal-pylorus,normal-pylorus,True,0.0004010252596344799,0.00020824995590373874,0.0006028205389156938,8.735147275729105e-05,0.9701902270317078,0.0006875575054436922,0.02731473185122013,0.0005081406561657786,normal-pylorus/1a5809f8-a660-4b09-8faf-c994e0c5fdd2.jpg
5,5,normal-z-line,normal-z-line,True,0.0006417612312361598,9.174544538836926e-05,0.21201542019844055,4.0413273382000625e-05,0.009012851864099503,0.7760825753211975,0.0016365519259124994,0.00047870518756099045,normal-z-line/dd6df2cc-4085-4e5d-ae33-f4bf260910b0.jpg
5,5,normal-z-line,normal-z-line,True,0.0003055280540138483,0.00033749506110325456,0.29797986149787903,2.8800961899833055e-06,0.003759570186957717,0.6964691281318665,0.0011065434664487839,3.897968417732045e-05,normal-z-line/27f3ea80-e85d-42ea-8db0-d64d050c61c1.jpg
4,4,normal-pylorus,normal-pylorus,True,0.0019898121245205402,0.0010547549463808537,0.01965545490384102,0.006892423145473003,0.8083305358886719,0.07391632348299026,0.07835747301578522,0.00980319269001484,normal-pylorus/d0380ca5-8e5d-4014-a497-aa4361c2a148.jpg
5,5,normal-z-line,normal-z-line,True,9.355873771710321e-06,4.365376298665069e-05,0.06423772126436234,2.86442798369535e-08,0.001586758065968752,0.9341000318527222,5.132275418873178e-06,1.734956822474487e-05,normal-z-line/68156912-cfbc-4fde-b96d-06b10e8bf18e.jpg
6,6,polyps,polyps,True,0.15744423866271973,0.049946997314691544,0.005675636697560549,0.13505211472511292,0.04504452273249626,0.09784127026796341,0.46764299273490906,0.04135214164853096,polyps/1ec57a41-f50e-4be1-a202-0de24c9d084b.jpg
1,1,dyed-resection-margins,dyed-resection-margins,True,0.09959737211465836,0.8978965282440186,2.6162191716139205e-05,4.223058169827709e-07,2.953926170334853e-08,2.9797033107570314e-07,1.969138793356251e-05,0.0024595572613179684,dyed-resection-margins/883e2ae7-b1c6-4702-b30d-5585a106ccf6.jpg
4,4,normal-pylorus,normal-pylorus,True,0.00880303606390953,0.0032386151142418385,0.024895867332816124,0.005277257412672043,0.8612882494926453,0.04711972177028656,0.02360936440527439,0.025767959654331207,normal-pylorus/6fe5ab5b-38e4-4037-8f36-b3ba6b16663c.jpg
4,4,normal-pylorus,normal-pylorus,True,4.330241154093528e-06,7.0869641604076605e-06,0.00048024929128587246,4.0452978282701224e-05,0.9969724416732788,0.0010769314831122756,5.765946116298437e-05,0.0013608521549031138,normal-pylorus/e18181c6-fb1e-4732-87cc-28197a8ac341.jpg
0,0,dyed-lifted-polyps,dyed-lifted-polyps,True,0.9346373677253723,0.05484334006905556,6.512846448458731e-05,2.0328436221461743e-05,0.00044384197099134326,8.88921131263487e-05,0.009720860049128532,0.00018016909598372877,dyed-lifted-polyps/803b682d-7517-4224-bb19-f86b8f8bd6e9.jpg
3,3,normal-cecum,normal-cecum,True,0.026197737082839012,0.00819785799831152,2.982891419378575e-05,0.9096243977546692,6.121143815107644e-05,9.636938921175897e-05,0.04654760658740997,0.009245019406080246,normal-cecum/979d3b74-7be8-4c53-996e-ee7742c283f4.jpg
5,2,normal-z-line,esophagitis,False,0.0002207054931204766,0.0014917461667209864,0.7452815771102905,1.1694269232975785e-06,0.0013437692541629076,0.2500256597995758,0.000476527726277709,0.0011588346678763628,normal-z-line/64299f5e-c264-44dc-8d9a-ab9c96e7911b.jpg
0,0,dyed-lifted-polyps,dyed-lifted-polyps,True,0.9489845633506775,0.042985860258340836,9.345475518784951e-06,0.002184854121878743,2.5922447093762457e-05,4.016590173705481e-05,0.004904339089989662,0.0008648941293358803,dyed-lifted-polyps/69fec0d7-0807-49fc-a86a-b1aa0268867b.jpg
6,6,polyps,polyps,True,0.0017217184649780393,0.000387394247809425,3.191569339833222e-05,0.005087111610919237,0.00037084834184497595,0.00034123414661735296,0.9815999865531921,0.010459803976118565,polyps/394a1183-22b9-4353-8117-1c6a636d28e0.jpg
6,6,polyps,polyps,True,0.017927473410964012,0.008098136633634567,0.0008927523740567267,0.01771826669573784,0.0026545438449829817,0.0022733055520802736,0.9428603649139404,0.007575047668069601,polyps/a569ce25-f216-48c7-8226-124db06a45b7.jpg
5,5,normal-z-line,normal-z-line,True,3.7570440326817334e-05,2.4013594156713225e-05,0.09105949103832245,2.9912555987721134e-08,0.0032254878897219896,0.9055690765380859,7.820366590749472e-05,6.142489382909844e-06,normal-z-line/c9628aca-3183-471a-b0dc-f43c1f12f482.jpg
6,6,polyps,polyps,True,0.03407341614365578,0.0038407056126743555,0.0055707646533846855,0.05753111466765404,0.09395284205675125,0.018702536821365356,0.7368330955505371,0.04949555546045303,polyps/99bae3ba-bbe5-415d-8f7d-9492fa3bc28e.jpg
6,6,polyps,polyps,True,0.030020486563444138,0.01595425233244896,0.001897356822155416,0.32358309626579285,0.011194467544555664,0.016370559111237526,0.3251778185367584,0.27580198645591736,polyps/1caca1a6-78cb-44c0-9a5b-644566067523.jpg
6,3,polyps,normal-cecum,False,0.12274174392223358,0.0663112923502922,0.0010810088133439422,0.5200648307800293,0.007842266000807285,0.007347327657043934,0.20069098472595215,0.07392056286334991,polyps/946ff5c8-74bf-4c4b-93f5-b32145d5d10f.jpg
0,0,dyed-lifted-polyps,dyed-lifted-polyps,True,0.9688219428062439,0.029277252033352852,0.00024560483871027827,1.5531513781752437e-05,5.8374180156306466e-08,9.464882896281779e-05,0.0013423674972727895,0.00020248924556653947,dyed-lifted-polyps/ea7466bf-616c-4098-9913-cf85fa58cfaf.jpg
2,2,esophagitis,esophagitis,True,0.006328360643237829,0.0031508600804954767,0.9039556384086609,0.00038499917718581855,0.0010202615521848202,0.07234307378530502,0.01177691388875246,0.0010400185128673911,esophagitis/8a9f6a2f-94a7-4764-93dd-a07afd3e310d.jpg
4,4,normal-pylorus,normal-pylorus,True,0.0017457265639677644,0.002883338835090399,0.015370145440101624,9.245012915926054e-05,0.9169220328330994,0.056724462658166885,0.004928652197122574,0.001333146239630878,normal-pylorus/fa1b84f6-c1de-4efb-b5e1-91e3d154262d.jpg
4,4,normal-pylorus,normal-pylorus,True,4.3482446926645935e-05,1.5087529391166754e-05,0.002185467630624771,1.2236134807608323e-06,0.9911025762557983,0.006614045239984989,1.4653070138592739e-05,2.344422864553053e-05,normal-pylorus/e23c3114-5975-4036-a62c-76706420aa8d.jpg
7,7,ulcerative-colitis,ulcerative-colitis,True,0.0020763122010976076,0.0006491041276603937,0.001045632059685886,0.00014848698629066348,0.0003413837985135615,0.0008233090629801154,0.0010948916897177696,0.9938209652900696,ulcerative-colitis/6dd5186a-a6a1-4a2e-bc43-979b21966ee2.jpg
5,5,normal-z-line,normal-z-line,True,0.0001359730667900294,0.0002793809399008751,0.05136905610561371,7.461235895789287e-08,0.0008823171374388039,0.9472266435623169,7.550738519057631e-05,3.1098177714738995e-05,normal-z-line/20bae89d-177a-442e-96f3-1d21932e70a6.jpg
3,3,normal-cecum,normal-cecum,True,0.0037125975359231234,0.0024589020758867264,6.546109216287732e-05,0.5499953627586365,0.005196718964725733,0.002873870776966214,0.0438840277493,0.3918130695819855,normal-cecum/1aae61d3-5603-4866-97b7-78bc68cbdc3d.jpg
1,1,dyed-resection-margins,dyed-resection-margins,True,0.29990941286087036,0.6984583735466003,0.0005748046678490937,1.3591611605079379e-06,2.363709086239396e-07,0.00017897335055749863,0.00026261783204972744,0.0006142410566098988,dyed-resection-margins/c6f589db-1f28-4efe-9bd9-f539900856cc.jpg
5,5,normal-z-line,normal-z-line,True,1.4816754628554918e-05,3.267662032158114e-05,0.07436354458332062,9.704438070912147e-07,0.005017757881432772,0.9194202423095703,9.271708222513553e-06,0.0011407986748963594,normal-z-line/0e2a225c-b1f1-44cc-aa18-824ef1852ea3.jpg
1,1,dyed-resection-margins,dyed-resection-margins,True,0.0272582545876503,0.972652792930603,5.988394605083158e-06,1.4984190954692167e-07,7.381682962659397e-07,4.6402463340200484e-05,2.6535264623817056e-05,9.072238754015416e-06,dyed-resection-margins/dcd399c9-b08b-4ee7-8411-5ea1b1b73541.jpg
4,4,normal-pylorus,normal-pylorus,True,0.00026054776390083134,0.00010147959983441979,0.005337373819202185,6.85236300341785e-05,0.9237409830093384,0.05492725595831871,0.001344423508271575,0.014219490811228752,normal-pylorus/3c94b36e-b9c7-474c-9167-52442e392875.jpg
6,6,polyps,polyps,True,0.0377984456717968,0.0016102370573207736,6.07661968388129e-06,0.003998890053480864,0.002016285201534629,0.0003507335495669395,0.9541817903518677,3.756247679120861e-05,polyps/96b241e4-c180-4e17-90b9-a4eaee89ea8b.jpg
6,6,polyps,polyps,True,0.09667595475912094,0.0037526690866798162,0.00043201379594393075,0.00014470471069216728,0.0005368475103750825,0.00044831683044321835,0.895431399345398,0.002578089712187648,polyps/ca0af930-ae62-46bb-a19f-6a97bab5569d.jpg
6,6,polyps,polyps,True,0.004518416710197926,0.0034279562532901764,4.025130328955129e-05,0.05996077507734299,0.002052473835647106,0.0005571040674112737,0.9253823757171631,0.004060665145516396,polyps/b7359f3a-a69f-41e1-abbe-1a2e834eebd4.jpg
5,5,normal-z-line,normal-z-line,True,0.001061777351424098,0.0004961059894412756,0.3744756579399109,0.00033408173476345837,0.014304178766906261,0.5814203023910522,0.017241545021533966,0.010666284710168839,normal-z-line/50e400f1-96b5-4911-a88f-68cde34977a5.jpg
2,2,esophagitis,esophagitis,True,0.003566064639016986,0.00388024072162807,0.7759064435958862,8.638510189484805e-05,0.013144422322511673,0.1647007167339325,0.005916886031627655,0.03279881551861763,esophagitis/3ac8affa-19d4-4f2c-a71b-49b96cb4588b.jpg
6,6,polyps,polyps,True,0.0058149551041424274,0.0008702959748916328,2.9608732802444138e-05,0.0007924906094558537,0.0016367489006370306,0.0007325741462409496,0.988896906375885,0.001226420747116208,polyps/fd4870a5-7b01-4241-91cf-3f7dc3d655fe.jpg
1,1,dyed-resection-margins,dyed-resection-margins,True,0.056435178965330124,0.9389453530311584,0.0013108281418681145,1.6634839994367212e-05,8.62920205690898e-06,0.0002867410075850785,0.0010695613455027342,0.0019270527409389615,dyed-resection-margins/a23145ee-93cc-44b8-b3f9-d4adfca011b4.jpg
5,5,normal-z-line,normal-z-line,True,0.00020738992316182703,0.00048253111890517175,0.2026783972978592,9.148452954832464e-05,0.012204243801534176,0.7671028971672058,0.003370363265275955,0.01386258751153946,normal-z-line/ac848959-22b3-4e8d-8806-36aa9a7e5b20.jpg
7,7,ulcerative-colitis,ulcerative-colitis,True,0.0034193384926766157,0.0006447051418945193,0.002480620052665472,0.0004970823647454381,0.0001613420608919114,0.006639379542320967,0.002731483429670334,0.9834260940551758,ulcerative-colitis/584f1fa0-9bb9-49d3-b412-c42819d0a200_00001002.jpg
0,0,dyed-lifted-polyps,dyed-lifted-polyps,True,0.6228038668632507,0.3763761818408966,4.210236875223927e-05,7.074953032315534e-07,2.1198309241299285e-06,5.1570983487181365e-05,0.0006955890567041934,2.7894711820408702e-05,dyed-lifted-polyps/d05e2037-9c4c-4dc6-8203-edd176ef1a7b.jpg
3,3,normal-cecum,normal-cecum,True,0.0023582610301673412,0.0004172758781351149,9.812353710003663e-06,0.9603869318962097,0.00042305426904931664,0.0002352087467443198,0.034792378544807434,0.0013771535595878959,normal-cecum/3f1a68b4-9a63-40d5-8375-f9bc7fc2fb5b.jpg
1,1,dyed-resection-margins,dyed-resection-margins,True,0.41627034544944763,0.4951823055744171,0.00016343346214853227,0.0012764409184455872,4.735943366540596e-05,0.00011993169027846307,0.004018649458885193,0.08292149752378464,dyed-resection-margins/bf649a47-f5cc-4492-8227-475476821fbf.jpg
0,1,dyed-lifted-polyps,dyed-resection-margins,False,0.48383188247680664,0.516019880771637,7.869934961490799e-06,5.30810893906164e-06,3.8430036397585354e-07,1.7115711671067402e-05,6.534047133754939e-05,5.226041321293451e-05,dyed-lifted-polyps/20fc8fba-6440-4808-be5c-695556d7a59d.jpg
1,1,dyed-resection-margins,dyed-resection-margins,True,0.13663063943386078,0.8633445501327515,1.633255692468083e-06,1.1279920499873697e-06,2.025440608122153e-06,8.3060795077472e-06,1.4113488759903703e-06,1.030298153636977e-05,dyed-resection-margins/6e720482-b66c-43d4-a0bb-7ea235f9b54b.jpg
1,1,dyed-resection-margins,dyed-resection-margins,True,0.009821206331253052,0.9887668490409851,0.00011848680151160806,7.685017408221029e-06,1.7341310012852773e-05,0.0010148395085707307,3.3351850561302854e-06,0.0002502666902728379,dyed-resection-margins/583038eb-5984-4784-a30d-8e69785eb221.jpg
1,0,dyed-resection-margins,dyed-lifted-polyps,False,0.8089292645454407,0.1908842772245407,7.92859100329224e-06,7.61591309128562e-06,6.563120109603915e-07,7.94846437202068e-06,0.0001622188137844205,7.131877310939672e-08,dyed-resection-margins/eed9a32d-8fc8-4a1e-9961-fd8ccfe0c160.jpg
6,6,polyps,polyps,True,0.008215119130909443,0.0009213328594341874,6.864574243081734e-05,0.00013587514695245773,6.513712287414819e-05,3.372855644556694e-05,0.9737231135368347,0.01683713123202324,polyps/8294989f-111d-426b-9edc-e02bb1f9a0c4.jpg
6,4,polyps,normal-pylorus,False,0.03243332728743553,0.008845395408570766,0.0026689963415265083,0.003974867053329945,0.674825131893158,0.06179813668131828,0.21293756365776062,0.0025165416300296783,polyps/51070da5-1986-45f3-8037-9ddfebee285b.jpg
2,5,esophagitis,normal-z-line,False,5.949288242845796e-05,7.258739788085222e-05,0.4930855929851532,2.242637947347248e-06,0.00017973239300772548,0.505587100982666,0.0009329611202701926,8.028051524888724e-05,esophagitis/6fe39322-4a5c-494a-a2d4-bdc2bbea8200.jpg
3,3,normal-cecum,normal-cecum,True,0.002725068246945739,0.00047527163405902684,2.7391612093197182e-05,0.9922767281532288,5.148688069311902e-05,9.982595656765625e-06,0.00384967471472919,0.0005844822735525668,normal-cecum/aaf64694-4396-4af5-866a-43c787756f72.jpg
6,6,polyps,polyps,True,0.015408492647111416,0.000355865660822019,2.7662483716994757e-06,0.0007233522483147681,2.2572734451387078e-05,6.344348548736889e-06,0.9825725555419922,0.000908060057554394,polyps/1858f55c-b3a5-4554-891e-a63143121bf5.jpg
2,5,esophagitis,normal-z-line,False,1.0272322469973005e-05,2.3341946871369146e-05,0.12788277864456177,9.955715540854726e-08,0.0810529962182045,0.7909548878669739,9.542041880195029e-06,6.613491859752685e-05,esophagitis/aa83ea57-1f1b-4033-9cdd-df40f2173989.jpg
0,0,dyed-lifted-polyps,dyed-lifted-polyps,True,0.9191241264343262,0.0776093602180481,4.8945345042739064e-05,8.083147986326367e-05,1.1288164387224242e-05,0.0002839391236193478,0.0025111043360084295,0.0003303987323306501,dyed-lifted-polyps/0f25cccc-84cc-4965-9179-ad0749a53bbd.jpg
5,5,normal-z-line,normal-z-line,True,1.169834717984486e-06,3.021405791514553e-05,0.009728693403303623,1.7389194084671544e-08,0.001683731097728014,0.9885546565055847,5.356228172104238e-08,1.5047730812511873e-06,normal-z-line/b488e18b-eb1e-4fd7-a9be-05fb8e22d24e.jpg
6,6,polyps,polyps,True,0.0407169908285141,0.0018169311806559563,0.00017197872512042522,0.051462043076753616,0.0012696258490905166,0.0001592978078406304,0.9034071564674377,0.0009959646267816424,polyps/4758ac1e-7b98-48dd-8f5b-76a650221792.jpg
6,6,polyps,polyps,True,0.0069476342760026455,0.0006063193432055414,1.396945481246803e-05,0.00011550625640666112,0.00021277679479680955,0.0001740423758747056,0.9861889481544495,0.0057407706044614315,polyps/0e5ef0b5-934c-4da6-bca9-2a607f5664f5.jpg
6,6,polyps,polyps,True,0.07817081362009048,0.022857187315821648,0.0003159520565532148,0.03747653588652611,4.689503839472309e-05,0.00014411733718588948,0.6152567267417908,0.24573184549808502,polyps/42b9fa83-2871-431d-bb0a-7c14979ac9d4.jpg
0,0,dyed-lifted-polyps,dyed-lifted-polyps,True,0.710565984249115,0.2833764851093292,8.914482168620452e-05,0.002034596400335431,6.245190161280334e-05,0.0007659101975150406,0.0030562663450837135,4.922772495774552e-05,dyed-lifted-polyps/6e713570-afd6-47dd-9a11-a56fa147f045.jpg
1,1,dyed-resection-margins,dyed-resection-margins,True,0.28038516640663147,0.7030751705169678,8.056752994889393e-05,0.0013855696888640523,0.0004893112927675247,0.0001463172520743683,0.009448547847568989,0.0049893781542778015,dyed-resection-margins/414962c9-e87b-487f-8fc1-1e93e12235ce.jpg
5,5,normal-z-line,normal-z-line,True,0.0003939228190574795,0.00020277949806768447,0.05734069272875786,3.974523860961199e-05,0.01168670691549778,0.9161841869354248,0.013287804089486599,0.0008641283493489027,normal-z-line/0a6bdc13-99b5-4287-8380-b469e7a397cf.jpg
3,3,normal-cecum,normal-cecum,True,0.005554990842938423,0.0012024663155898452,5.002612510907056e-07,0.9240919351577759,0.0005354673485271633,1.570783024362754e-05,0.04347716271877289,0.02512180432677269,normal-cecum/a3d63aab-1c94-4abc-b4eb-5e52a5f3dbfd.jpg
1,1,dyed-resection-margins,dyed-resection-margins,True,0.4439024329185486,0.5553385019302368,1.0063165973406285e-05,0.0005686079966835678,1.2792598909072694e-06,3.472088428679854e-05,4.0867875213734806e-05,0.00010353886318625882,dyed-resection-margins/859de4f3-6247-4278-85c4-5dc28f20dffa.jpg
3,3,normal-cecum,normal-cecum,True,0.0026996731758117676,0.001087693963199854,1.019203136820579e-05,0.9629530906677246,0.002404874423518777,5.473998317029327e-05,0.029418081045150757,0.0013716734247282147,normal-cecum/ae372464-ab73-4649-b60d-5f84704c9e46.jpg
6,6,polyps,polyps,True,0.12171701341867447,0.012404338456690311,7.418583118123934e-05,0.001285659964196384,0.0017472906038165092,3.875878974213265e-05,0.734718382358551,0.12801437079906464,polyps/7ceb79e3-a709-4439-b4e7-858b56924e41.jpg
0,0,dyed-lifted-polyps,dyed-lifted-polyps,True,0.7482117414474487,0.2515726089477539,6.1199161791591905e-06,2.1748496692453045e-06,1.969175116300903e-07,0.00011281992919975892,9.423186565982178e-05,1.642751783492713e-07,dyed-lifted-polyps/8376af61-5329-49b4-9bac-539237222251.jpg
0,1,dyed-lifted-polyps,dyed-resection-margins,False,0.1407669335603714,0.8591458201408386,1.4451983361141174e-06,3.356236391027778e-07,1.158732857220457e-06,1.4308603795143426e-06,2.1683310933440225e-06,8.065248402999714e-05,dyed-lifted-polyps/a2d26215-1dbb-4841-a16b-efe500629471.jpg
2,5,esophagitis,normal-z-line,False,0.004756751470267773,0.003965676296502352,0.10702542960643768,0.0004221128474455327,0.23535144329071045,0.5500779151916504,0.08817311376333237,0.010227581486105919,esophagitis/ada7de2d-de8b-4616-a33d-e0a03c6af9e5.jpg
0,0,dyed-lifted-polyps,dyed-lifted-polyps,True,0.5974096059799194,0.3888801336288452,0.0005291223642416298,0.0007824740605428815,1.5229285963869188e-05,0.005309144966304302,0.00027087872149422765,0.006803451105952263,dyed-lifted-polyps/96b9cb2d-0b8e-4439-881b-ecfce8dddfe5.jpg
6,6,polyps,polyps,True,0.10533265024423599,0.006971495691686869,0.19136327505111694,0.0039049345068633556,0.13969220221042633,0.2080056518316269,0.33945560455322266,0.005274246446788311,polyps/007e4d46-c617-418f-8a04-d34716adcb65.jpg
6,6,polyps,polyps,True,0.014596682973206043,0.00010326161282137036,2.428439984214492e-05,0.016981521621346474,3.0358625735971145e-05,6.279670924413949e-05,0.9655408263206482,0.0026601897552609444,polyps/e8263143-69e2-4ad9-b075-95b3367441ca.jpg
0,0,dyed-lifted-polyps,dyed-lifted-polyps,True,0.6961097121238708,0.3036057651042938,5.752370725531364e-06,0.00010983681568177417,3.7714287373091793e-06,1.852667446655687e-05,6.180796481203288e-05,8.489951869705692e-05,dyed-lifted-polyps/fe36c92b-51e4-4d18-84a4-8b35d48bd866.jpg
2,2,esophagitis,esophagitis,True,0.002637101337313652,0.007046229671686888,0.4370543658733368,0.001009631436318159,0.07935741543769836,0.35431137681007385,0.011449470184743404,0.10713440179824829,esophagitis/502b7045-d48e-472b-87fc-c7fda0e0f763.jpg
6,0,polyps,dyed-lifted-polyps,False,0.490004301071167,0.008995234034955502,0.018023913726210594,0.0006688720313832164,0.007153844926506281,0.009546613320708275,0.4654775857925415,0.00012960296589881182,polyps/37fce2a5-dd3c-4312-8e80-475475f9b160.jpg
4,4,normal-pylorus,normal-pylorus,True,4.768753115058644e-06,3.3827793231466785e-05,0.005972917657345533,2.2055251847064028e-08,0.9911415576934814,0.002559869782999158,3.2474094041390345e-05,0.0002545841853134334,normal-pylorus/8a1bc319-0eb3-46d6-84d4-ef9eb5259b28.jpg
3,3,normal-cecum,normal-cecum,True,0.022029157727956772,0.00873207300901413,7.5634247878042515e-06,0.5701721906661987,0.0012320569949224591,0.00012547023652587086,0.3903365731239319,0.00736486678943038,normal-cecum/968d0fc0-9e59-409c-b44e-6d9d491ed50b.jpg
6,6,polyps,polyps,True,0.10810976475477219,0.0028336988762021065,6.0891834436915815e-06,0.040434639900922775,0.0007116248598322272,0.00012174977018730715,0.8476781845092773,0.00010438388562761247,polyps/03c0f024-7226-424f-830b-2f273afa4a45.jpg
7,7,ulcerative-colitis,ulcerative-colitis,True,0.0005958005785942078,0.0015689586289227009,1.4367985386343207e-05,0.0030770583543926477,0.0007628597086295485,0.00012081814202247187,0.05127139762043953,0.9425888657569885,ulcerative-colitis/55d1491a-0daf-48af-ba23-09fdb81e6dbd.jpg
3,6,normal-cecum,polyps,False,0.02265426702797413,0.0014248454244807363,7.221171108540148e-05,0.351078063249588,0.0004826617951039225,0.001279338845051825,0.6216217875480652,0.001386875519528985,normal-cecum/9b5b4ae6-ad01-41da-bd5c-539bd868a192.jpg
7,7,ulcerative-colitis,ulcerative-colitis,True,0.007364957593381405,0.002316785277798772,0.00024192965065594763,0.12603090703487396,0.052252672612667084,0.013321788050234318,0.3075651526451111,0.49090591073036194,ulcerative-colitis/e86f63eb-e498-428e-9e52-884efca82817.jpg
0,0,dyed-lifted-polyps,dyed-lifted-polyps,True,0.7847113013267517,0.15281426906585693,5.872688416275196e-05,0.056132715195417404,8.918422827264294e-05,0.0003598957264330238,0.005191860720515251,0.0006420437712222338,dyed-lifted-polyps/3a5ef56b-2d9a-45d1-8bcf-94da028b2c99.jpg
5,5,normal-z-line,normal-z-line,True,7.520057988585904e-05,9.225778194377199e-05,0.03402908146381378,1.1737333807104733e-06,0.06401689350605011,0.901158332824707,0.0005803515668958426,4.674001320381649e-05,normal-z-line/5ce4bb3b-54a0-42fb-98b1-49265f28551c.jpg
1,1,dyed-resection-margins,dyed-resection-margins,True,0.005559628829360008,0.9943431615829468,1.9410588720347732e-05,5.936802267569874e-07,8.823108146316372e-06,8.619887921668123e-06,3.450290751061402e-05,2.520880298106931e-05,dyed-resection-margins/24e245a1-6bb5-4775-bba9-e38b50eef28c.jpg
0,0,dyed-lifted-polyps,dyed-lifted-polyps,True,0.9588126540184021,0.04103003814816475,3.2491407182533294e-06,6.0450756791397e-06,5.297686698213511e-07,6.566400315932697e-06,0.00010549131548032165,3.544789433362894e-05,dyed-lifted-polyps/2f90b37f-c482-471c-8a4a-10f1ffa3a7eb.jpg
1,1,dyed-resection-margins,dyed-resection-margins,True,0.07033757865428925,0.9211394786834717,8.149138011503965e-05,2.017674341914244e-05,6.487462087534368e-07,1.0486141036381014e-05,1.4823707715549972e-05,0.008395456708967686,dyed-resection-margins/7089e84a-f213-4983-b9da-4b7016bbca27.jpg
0,1,dyed-lifted-polyps,dyed-resection-margins,False,0.46595484018325806,0.533614456653595,1.425581649527885e-05,0.0001106726485886611,3.933610969397705e-06,2.9311464459169656e-05,0.00021969903900753707,5.278655589791015e-05,dyed-lifted-polyps/10d78f91-9f3c-42c4-bca3-a8f8c91fccd7.jpg
7,7,ulcerative-colitis,ulcerative-colitis,True,0.002301995176821947,0.004083895590156317,0.000591023126617074,0.02012188360095024,0.0002745886449702084,0.0037347222678363323,0.010459988377988338,0.9584318995475769,ulcerative-colitis/bfc6efd7-8e62-421f-bd20-d691c10b8782.jpg
2,2,esophagitis,esophagitis,True,0.00048728083493188024,0.0013399617746472359,0.7424646615982056,5.0440830818843096e-05,0.05361379683017731,0.1863987296819687,0.007664940785616636,0.007980123162269592,esophagitis/8583d96d-f435-4dbe-8d53-707c21408252.jpg
7,7,ulcerative-colitis,ulcerative-colitis,True,0.00014629223733209074,4.995775452698581e-05,1.1512604032759555e-05,0.0022064647637307644,2.271984158142004e-05,5.819832495035371e-06,0.0009007527842186391,0.9966565370559692,ulcerative-colitis/d35c9226-f489-40b7-852e-20fafa1a5e98.jpg
4,4,normal-pylorus,normal-pylorus,True,0.00020373190636746585,0.0007488187402486801,0.0022058512549847364,0.00024337538343388587,0.980465829372406,0.005670659244060516,0.0011089019244536757,0.009352855384349823,normal-pylorus/daeda9f9-6938-4f5e-85df-ae1d8724ab50.jpg
2,2,esophagitis,esophagitis,True,0.00230775261297822,0.0012236678740009665,0.6339959502220154,0.00023914800840429962,0.0021026197355240583,0.34220901131629944,0.011969049461185932,0.00595291331410408,esophagitis/fdcc6c6c-02e9-4b69-b73d-701f295fd210.jpg
0,0,dyed-lifted-polyps,dyed-lifted-polyps,True,0.719014048576355,0.27545878291130066,0.00017622471204958856,7.460522465407848e-05,9.802108979783952e-05,0.001895552035421133,0.0019106342224404216,0.0013721392024308443,dyed-lifted-polyps/3ed4035a-f294-4e16-aba5-b13747c0208f.jpg
5,2,normal-z-line,esophagitis,False,0.0022603590041399,0.0005434212507680058,0.8186181783676147,0.00027463847072795033,0.0031476677395403385,0.15726858377456665,0.01707114279270172,0.0008158910204656422,normal-z-line/851d921c-2db7-48d8-92b4-8ba29ae8fc50.jpg
4,4,normal-pylorus,normal-pylorus,True,4.425249426276423e-05,0.00026122882263734937,0.0001750420342432335,1.1333225302223582e-05,0.996371865272522,0.0012570881517603993,0.00022116501349955797,0.001657992834225297,normal-pylorus/0d78332f-fd97-4fd7-8931-edc6494133d6.jpg
7,7,ulcerative-colitis,ulcerative-colitis,True,0.0014483480481430888,0.001146518043242395,5.531882379727904e-06,0.00036568252835422754,0.0002443607372697443,4.41856855104561e-06,0.06837153434753418,0.9284136295318604,ulcerative-colitis/a5c6110d-67f4-4a56-826f-6cc1b9df981a.jpg
5,5,normal-z-line,normal-z-line,True,6.07602942181984e-06,3.2932272006291896e-05,0.014092543162405491,1.2254577086423524e-06,0.0005645240307785571,0.9852035045623779,1.2982868611288723e-05,8.629337389720604e-05,normal-z-line/b7d186c5-440c-4a28-a76f-f56c8a2e53f2.jpg
5,5,normal-z-line,normal-z-line,True,0.0001441182248527184,0.0001742613676469773,0.0418429970741272,6.369032234943006e-06,0.15251824259757996,0.8031737208366394,0.0012162660714238882,0.0009240531944669783,normal-z-line/e1a1a80c-3998-414a-98fb-996b86c12908.jpg
0,1,dyed-lifted-polyps,dyed-resection-margins,False,0.2942277193069458,0.6602258682250977,0.0005463307606987655,0.001764128333888948,0.0005863904370926321,0.014366197399795055,0.02495132014155388,0.0033321292139589787,dyed-lifted-polyps/7b44f463-00dc-4910-8d02-142ef4b2c845.jpg
0,0,dyed-lifted-polyps,dyed-lifted-polyps,True,0.8006566762924194,0.17935064435005188,1.0585779818939045e-05,0.0008150423527695239,5.421304194896948e-06,1.5274008546839468e-05,0.018598131835460663,0.0005481276893988252,dyed-lifted-polyps/68e53c3d-1c18-4027-93be-ec6446f68e90.jpg
2,2,esophagitis,esophagitis,True,3.442719025770202e-05,9.911072993418202e-05,0.9584016799926758,6.999001129770477e-07,0.0005040304968133569,0.03985435515642166,5.1887363952118903e-05,0.001053893007338047,esophagitis/9a9f6975-fa2d-4f9c-a0a7-b9071bed912d.jpg
2,2,esophagitis,esophagitis,True,0.0018478927668184042,0.0022862954065203667,0.49070030450820923,5.7560533605283126e-05,0.010226735845208168,0.49066033959388733,0.0007259563426487148,0.0034949257969856262,esophagitis/dc4c18e2-3dd4-462b-9974-07318d2a8516.jpg
0,0,dyed-lifted-polyps,dyed-lifted-polyps,True,0.9773524403572083,0.022451190277934074,2.4558989935030695e-06,5.821844979436719e-07,1.457295173423745e-08,2.0242325717845233e-06,0.00017365759413223714,1.7602453226572834e-05,dyed-lifted-polyps/bd692b79-20ac-48cd-ae96-7b5220738ae1.jpg
6,6,polyps,polyps,True,0.13842469453811646,0.03763221949338913,0.002607679693028331,0.0002485190343577415,0.00022663766867481172,0.0008604929316788912,0.7063770890235901,0.11362265050411224,polyps/e3d4325f-48ae-4342-a5c5-cf5a6d71ac88.jpg
7,7,ulcerative-colitis,ulcerative-colitis,True,0.04705818369984627,0.004315521102398634,0.00012051610246999189,0.2380077838897705,0.00016773687093518674,8.791738946456462e-05,0.06399793922901154,0.6462444067001343,ulcerative-colitis/d5ff2b83-ed55-4539-bfaf-1ea9c791e484.jpg
4,4,normal-pylorus,normal-pylorus,True,1.3987377315061167e-05,1.5928844732115977e-05,0.0014891574392095208,5.502336364315852e-08,0.996442973613739,0.001923734205774963,2.999128628289327e-05,8.41487490106374e-05,normal-pylorus/8fbdb889-ddf7-4b84-ab0a-2b01f867a4f6.jpg
2,2,esophagitis,esophagitis,True,0.0002081968996208161,0.00010526733240112662,0.86449134349823,0.00024401415430475026,0.008204533718526363,0.0516541413962841,0.07258232682943344,0.0025102337822318077,esophagitis/9a0d45e1-cbf9-4878-b34f-833c57d8cf09.jpg
3,3,normal-cecum,normal-cecum,True,0.007774923462420702,0.0022181065287441015,1.4980281548560015e-06,0.9509207010269165,0.0015302293468266726,3.6973746318835765e-05,0.03567838668823242,0.0018392379861325026,normal-cecum/3a8cc8a8-2ca6-45dd-97aa-375c72a1e190.jpg
5,5,normal-z-line,normal-z-line,True,0.002959860721603036,0.00033893907675519586,0.12153782695531845,0.0017356692114844918,0.005337197799235582,0.8232172727584839,0.04377547651529312,0.0010977296624332666,normal-z-line/a65c165d-016d-49f5-ab61-5f4637e8e91e.jpg
6,6,polyps,polyps,True,0.0015406431630253792,2.1820165784447454e-05,1.2751251006193343e-06,2.170564403058961e-05,0.00010407238005427644,3.5777047742158175e-06,0.9979665279388428,0.00034033460542559624,polyps/1840de85-d6d3-4bff-9bd2-707b0d74ad2e.jpg
1,1,dyed-resection-margins,dyed-resection-margins,True,0.4299231171607971,0.5602911710739136,0.001441164524294436,1.3343828868528362e-05,3.543944444572844e-07,0.0026342361234128475,0.005632758140563965,6.38161291135475e-05,dyed-resection-margins/159383c5-6b19-4019-a827-29d8e2c567e1.jpg
3,3,normal-cecum,normal-cecum,True,0.032620783895254135,0.014687271788716316,0.00018062826711684465,0.8362077474594116,0.0010491685243323445,0.0006335395737551153,0.08132351189851761,0.0332973375916481,normal-cecum/03db5a24-7c4f-4275-8f5c-eea7b92c80df.jpg
2,2,esophagitis,esophagitis,True,0.001221426296979189,0.0024717473424971104,0.5959652662277222,0.0007082673837430775,0.037586286664009094,0.30779707431793213,0.047848522663116455,0.0064013940282166,esophagitis/18318e38-9d98-4536-8632-491401c0769c.jpg
1,0,dyed-resection-margins,dyed-lifted-polyps,False,0.8384333848953247,0.15602803230285645,1.6433450582553633e-05,7.962465315358713e-05,4.9206944822799414e-05,6.124627543613315e-05,0.005224744323641062,0.00010742876474978402,dyed-resection-margins/414ad138-2ac8-4f15-96d2-33a6c69c3f6d.jpg
7,7,ulcerative-colitis,ulcerative-colitis,True,0.0011792579898610711,0.0013475475134328008,0.004047080408781767,0.017709210515022278,0.002124076709151268,0.02062477357685566,0.08151627331972122,0.8714517951011658,ulcerative-colitis/55cc5ece-3ce9-4245-850d-c5e0074ee299.jpg
7,7,ulcerative-colitis,ulcerative-colitis,True,0.001002115081064403,0.0022790213115513325,0.017053568735718727,2.114333437930327e-05,0.0023011264856904745,0.03782068192958832,0.0014414144679903984,0.9380809664726257,ulcerative-colitis/584f1fa0-9bb9-49d3-b412-c42819d0a200_00000052.jpg
7,7,ulcerative-colitis,ulcerative-colitis,True,0.018514782190322876,0.06471077352762222,0.0014435389311984181,0.05823064222931862,0.010769194923341274,0.009902444668114185,0.049440909177064896,0.7869877815246582,ulcerative-colitis/131f7bc8-e111-44e0-9c3a-ab34a6e64f7e.jpg
3,3,normal-cecum,normal-cecum,True,0.0010169771267101169,0.00024161222972907126,3.8106884403532604e-07,0.9501268267631531,0.0004417418676894158,1.366074775432935e-05,0.046490199863910675,0.0016685687005519867,normal-cecum/ad63a023-c4ee-4b71-8f23-5a864e1c2d02.jpg
4,4,normal-pylorus,normal-pylorus,True,0.0012428356567397714,0.0008677855948917568,0.003664264688268304,1.8347664081375115e-05,0.6343369483947754,0.2885459363460541,0.0711522102355957,0.00017168371414300054,normal-pylorus/bc59a619-bee6-454c-976e-620fe40254e7.jpg
0,0,dyed-lifted-polyps,dyed-lifted-polyps,True,0.9703609347343445,0.015523686073720455,0.00012314919149503112,0.003058382775634527,2.942199535027612e-05,0.0003969262179452926,0.010348857380449772,0.00015868230548221618,dyed-lifted-polyps/5e573dd1-acbb-4f2d-aa5c-27721afa81cc.jpg
1,1,dyed-resection-margins,dyed-resection-margins,True,0.011720387265086174,0.9882694482803345,6.013472102495143e-06,1.1990604065204025e-08,3.8022495374434584e-08,3.3771661946957465e-06,5.100163775750843e-07,2.4073298732218973e-07,dyed-resection-margins/eea5092a-0117-4383-80a1-dae6ddeb0b74.jpg
1,1,dyed-resection-margins,dyed-resection-margins,True,0.024672841653227806,0.9751718640327454,1.4687284419778734e-05,3.054088892895379e-07,8.685018428877811e-07,2.9861077564419247e-05,1.6996667909552343e-05,9.258424688596278e-05,dyed-resection-margins/45fc69bc-6372-4c27-933e-ff0c9f31b268.jpg
4,4,normal-pylorus,normal-pylorus,True,9.255698387278244e-05,3.3748412533896044e-05,0.0011386816622689366,6.618648740186472e-07,0.9960190653800964,0.0022854232229292393,0.00022959077614359558,0.00020021540694870055,normal-pylorus/03a686f8-f603-41e0-94c1-caeb3d821394.jpg
3,3,normal-cecum,normal-cecum,True,0.01029144786298275,0.004453099798411131,0.00017893928452394903,0.867614209651947,0.0019009923562407494,0.0012713095638900995,0.1105257198214531,0.0037642307579517365,normal-cecum/d84a2ea9-27b8-495d-92a8-7e7fd2f513f5.jpg
1,1,dyed-resection-margins,dyed-resection-margins,True,0.2171647995710373,0.7826600074768066,3.2324034691555426e-05,8.248309313785285e-06,1.3145718185114674e-06,3.623345764935948e-05,4.612640623236075e-05,5.102880095364526e-05,dyed-resection-margins/2a38ed92-ab6d-4843-ac20-f9002ed39395.jpg
4,4,normal-pylorus,normal-pylorus,True,3.3018473914125934e-05,8.63969307829393e-06,0.0008968135225586593,1.4505804756481666e-05,0.9578115940093994,0.04075896739959717,0.00041825391235761344,5.823843093821779e-05,normal-pylorus/a3591c76-0762-4671-9d02-7c52c83cfb36.jpg
0,0,dyed-lifted-polyps,dyed-lifted-polyps,True,0.8499026298522949,0.14959558844566345,0.0001100527006201446,8.321820496348664e-05,1.5089734688444878e-06,6.21653744019568e-05,0.00020496729121077806,3.985214061685838e-05,dyed-lifted-polyps/a6d1bb4f-e9fb-46b7-bdbf-babaf0b06581.jpg
7,3,ulcerative-colitis,normal-cecum,False,0.0777745395898819,0.0020480703096836805,3.1543899240205064e-05,0.5122048854827881,0.00034581380896270275,1.8575170543044806e-05,0.24210023880004883,0.16547633707523346,ulcerative-colitis/34a043b2-c1fb-42d0-90a4-39369b9ef619.jpg
0,0,dyed-lifted-polyps,dyed-lifted-polyps,True,0.523420512676239,0.4340292811393738,0.000662689097225666,0.0026413502637296915,0.0010747697670012712,0.018728790804743767,0.013974531553685665,0.005468012299388647,dyed-lifted-polyps/e8c38517-0943-439b-aff2-1070c4b31b6d.jpg
7,7,ulcerative-colitis,ulcerative-colitis,True,0.03152673318982124,0.004137245938181877,0.004925991408526897,0.0007956658373586833,0.0004453512083273381,0.0035066220443695784,0.0878656879067421,0.8667967915534973,ulcerative-colitis/698f130b-41ff-414d-908c-8d8c0f82d4a8_00000859.jpg
2,2,esophagitis,esophagitis,True,5.9462479839567095e-05,7.356219430221245e-05,0.9967384934425354,1.6795337343111783e-09,0.0002504261501599103,0.0018653144361451268,9.234368008037563e-06,0.001003508921712637,esophagitis/6745903f-52e3-45fb-9c26-7e3d7a7b31bd.jpg
1,1,dyed-resection-margins,dyed-resection-margins,True,0.2855146825313568,0.7143502831459045,6.710097659379244e-05,2.8920037493662676e-06,1.180570521341906e-07,4.354708289611153e-05,2.0048961232532747e-05,1.3239446161605883e-06,dyed-resection-margins/da355995-b77b-4d5c-a07f-a72fe6ff20bb.jpg
7,7,ulcerative-colitis,ulcerative-colitis,True,0.025348421186208725,0.005372195038944483,0.00041520310332998633,0.002956273267045617,0.0030145328491926193,0.000791647587902844,0.02996249869465828,0.9321393370628357,ulcerative-colitis/a4b755f8-8f6a-4456-a914-4d36d2728eef.jpg
7,7,ulcerative-colitis,ulcerative-colitis,True,0.020303741097450256,0.004894546698778868,0.01649608090519905,5.297000370774185e-06,0.0003807533357758075,0.0025056900922209024,0.029418712481856346,0.9259951710700989,ulcerative-colitis/797e3c48-c31f-47a6-b4c5-c1d7e02183c6.jpg
2,2,esophagitis,esophagitis,True,0.0017213044920936227,0.004127167165279388,0.9096539616584778,1.2652499208343215e-06,0.00869425293058157,0.0590900257229805,0.01026181224733591,0.0064501287415623665,esophagitis/cfc39f0a-8aad-4d91-9cf6-899abc19fb43.jpg
7,7,ulcerative-colitis,ulcerative-colitis,True,0.0006876044208183885,0.0009717068751342595,0.00011706861550919712,0.00041190514457412064,0.007503177970647812,4.0571776480646804e-05,0.04348659887909889,0.9467812776565552,ulcerative-colitis/2053bb5e-29cd-4e3e-a5ab-2787fe8a7db2.jpg
4,4,normal-pylorus,normal-pylorus,True,1.541485107736662e-05,1.3660318472830113e-05,0.007441109512001276,8.331799472216517e-05,0.9709745049476624,0.01865922287106514,0.00021944564650766551,0.00259341555647552,normal-pylorus/5d39a365-3511-42f3-8fa1-e5bced973643.jpg
1,1,dyed-resection-margins,dyed-resection-margins,True,0.18266044557094574,0.7606990933418274,0.000894327531568706,0.0009653966408222914,4.4072006858186796e-05,0.0008663234766572714,0.005401082336902618,0.04846929386258125,dyed-resection-margins/a51eb0c8-4591-408f-8777-e2a079662242.jpg
4,4,normal-pylorus,normal-pylorus,True,2.3120323021430522e-05,1.5991552572813816e-05,0.0031462986953556538,4.127917418372817e-05,0.992277979850769,0.0024328113067895174,0.0009485739283263683,0.0011139236157760024,normal-pylorus/e42ec491-62e6-4da6-ad99-a040fd7d8b15.jpg
1,1,dyed-resection-margins,dyed-resection-margins,True,0.15585429966449738,0.8420379757881165,4.769557199324481e-05,0.0007100749644450843,2.7851216145791113e-05,0.0006248528370633721,0.00041932595195248723,0.0002778230991680175,dyed-resection-margins/a0a5fdf9-7ba5-4a5b-95c2-189892631b07.jpg
6,6,polyps,polyps,True,0.02832087129354477,0.010298598557710648,0.0003302170371171087,0.021376242861151695,0.0010658042738214135,0.0005563009763136506,0.9281472563743591,0.009904604405164719,polyps/1fd7cca6-1b0d-48f3-a2b2-359aed922873.jpg
7,7,ulcerative-colitis,ulcerative-colitis,True,0.3998991847038269,0.0697777271270752,0.0006518582231365144,0.010079779662191868,0.0005402424721978605,0.00010854723950615153,0.028656529262661934,0.49028605222702026,ulcerative-colitis/ae68bef5-8ca4-42fd-a275-d34ee4ea8c14_00000352.jpg
2,5,esophagitis,normal-z-line,False,0.0011802059598267078,0.0004103707615286112,0.31238070130348206,3.889868821715936e-06,0.03881807252764702,0.6320553421974182,0.013342004269361496,0.0018094497499987483,esophagitis/3662a9bc-b209-432b-9ab4-ca8ccd540b7c.jpg
0,0,dyed-lifted-polyps,dyed-lifted-polyps,True,0.9283247590065002,0.0708727315068245,1.3700469935429282e-05,5.6149907322833315e-05,5.044477802584879e-06,5.085906741442159e-05,0.0004655805532820523,0.0002111748035531491,dyed-lifted-polyps/769dcf76-059c-4b1a-b3f3-61c2c1f2dafb.jpg
2,5,esophagitis,normal-z-line,False,0.0012946377974003553,0.0011479113018140197,0.29115331172943115,0.00013068097177892923,0.06129604950547218,0.6355825662612915,0.004762931726872921,0.004631980787962675,esophagitis/11f4cc55-0412-40b7-9dc9-2dab87de0c35.jpg
4,4,normal-pylorus,normal-pylorus,True,8.899790555005893e-05,8.726067790121306e-06,0.0003215110336896032,0.00015252815501298755,0.9961591958999634,0.00022257593809626997,0.002753849606961012,0.000292647018795833,normal-pylorus/5d5a9983-89d6-4736-8016-bac267afb656.jpg
7,3,ulcerative-colitis,normal-cecum,False,0.002306061564013362,0.0013657008530572057,4.2247382225468755e-05,0.8975113034248352,0.008484275080263615,0.0009680169750936329,0.015897119417786598,0.0734253004193306,ulcerative-colitis/b3844c5b-2f79-42aa-b841-c5bec427d925.jpg
0,1,dyed-lifted-polyps,dyed-resection-margins,False,0.3422146439552307,0.6561193466186523,0.00022591395827475935,0.0005329401465132833,1.623713251319714e-05,0.00046293484047055244,0.00029640234424732625,0.0001314981491304934,dyed-lifted-polyps/2d49d0a3-549b-4fd0-bf3a-33f8456ee98f.jpg
0,0,dyed-lifted-polyps,dyed-lifted-polyps,True,0.8229066729545593,0.07819506525993347,0.0002809753059409559,0.0012364652939140797,0.0002752712753135711,0.002353078918531537,0.09111644327640533,0.0036360302474349737,dyed-lifted-polyps/28b91fe1-d987-45cf-8204-6b1ddf8a56f7.jpg
3,3,normal-cecum,normal-cecum,True,0.03295895829796791,0.016525857150554657,1.4545375051966403e-05,0.644843339920044,0.019426951184868813,0.00043322567944414914,0.2777895927429199,0.008007487282156944,normal-cecum/8c54899b-27ba-42d3-8b03-17785fb84a59.jpg
0,0,dyed-lifted-polyps,dyed-lifted-polyps,True,0.7423110604286194,0.2557724416255951,0.00022288228501565754,7.729829121672083e-06,5.317207865118689e-07,0.0014558429829776287,2.7671183488564566e-05,0.00020189421775285155,dyed-lifted-polyps/9cc0c58a-3e37-4369-8ea7-0c8009ab8d0c.jpg
6,6,polyps,polyps,True,0.11078233271837234,0.0060698953457176685,0.0031216847710311413,0.00024369214952457696,0.00019614931079559028,0.0030786029528826475,0.8750649690628052,0.0014427208807319403,polyps/0f776c8b-039b-4748-8229-8ed9f78e6200.jpg
4,4,normal-pylorus,normal-pylorus,True,5.372990472096717e-06,1.9627686924650334e-06,0.000260721892118454,5.905720627197297e-06,0.9982513785362244,0.0010242076823487878,0.0004099857760593295,4.0482362237526104e-05,normal-pylorus/2a88818c-62cb-49a2-b9cd-a9f6d56b0641.jpg
6,6,polyps,polyps,True,0.022297533228993416,0.005984214600175619,0.00030217107268981636,0.04491574689745903,0.0028082644566893578,0.004399117548018694,0.8846837878227234,0.03460918739438057,polyps/9feba352-f0b3-47c5-8a34-4b0c0fac1e15.jpg
5,5,normal-z-line,normal-z-line,True,0.0005899395910091698,0.0002556784311309457,0.029857784509658813,1.6889960534172133e-05,0.0478346161544323,0.9098526239395142,0.010993018746376038,0.0005995545070618391,normal-z-line/d1d77c9b-2614-4755-a51d-6601034df455.jpg
2,5,esophagitis,normal-z-line,False,0.009008013643324375,0.0033273312728852034,0.42060673236846924,9.822635547607206e-06,0.012710611335933208,0.5323595404624939,0.021149814128875732,0.000828141812235117,esophagitis/24fcbe39-f60c-442e-8b18-166482fd5819.jpg
3,3,normal-cecum,normal-cecum,True,0.004641460720449686,0.004495861474424601,1.951623744389508e-05,0.904025673866272,0.001799505902454257,0.0007891795830801129,0.07676929980516434,0.007459510117769241,normal-cecum/a672d9ad-7172-432a-a767-c3d3f4e895ee.jpg
2,2,esophagitis,esophagitis,True,0.00010824982018675655,5.773670272901654e-05,0.9733296036720276,4.89402327730204e-06,4.8831025196705014e-05,0.025607574731111526,0.00036922303843311965,0.00047387799713760614,esophagitis/e4216c39-46ff-47f3-8395-d2c5fdc5d0a4.jpg
0,0,dyed-lifted-polyps,dyed-lifted-polyps,True,0.9449750781059265,0.05440959334373474,6.07338279223768e-06,9.823701839195564e-05,2.1921270842995e-07,5.515544762602076e-05,0.00045373334432952106,1.897968559205765e-06,dyed-lifted-polyps/0a7bdce4-ac0d-44ef-93ee-92dfc8fe0b81.jpg
1,1,dyed-resection-margins,dyed-resection-margins,True,0.06440134346485138,0.9355437159538269,1.4974893929320388e-05,1.2781670193362515e-06,3.684849048113392e-08,3.6541085137287155e-05,1.5891519069555216e-06,5.346099101188884e-07,dyed-resection-margins/4d97b0f5-b0fd-45d6-b870-daf7dded1ba9.jpg
1,1,dyed-resection-margins,dyed-resection-margins,True,0.043804701417684555,0.9556662440299988,4.6820925490465015e-05,6.488307349172828e-07,1.8444343368173577e-06,1.8772938346955925e-05,6.853979721199721e-05,0.00039235292933881283,dyed-resection-margins/609ab64c-7c47-410e-ae2a-17a3d58acc2a.jpg
1,1,dyed-resection-margins,dyed-resection-margins,True,0.19316159188747406,0.8066425323486328,3.2614370866212994e-05,2.0969114302715752e-06,6.486222332569014e-07,0.00011395112233003601,4.640301995095797e-05,1.181801252414516e-07,dyed-resection-margins/fd320991-c3e7-49fa-b058-e47cc6f26f44.jpg
5,5,normal-z-line,normal-z-line,True,0.0003161428903695196,0.000375312112737447,0.059305235743522644,9.315249940300419e-07,0.027051124721765518,0.9128695130348206,6.673563621006906e-05,1.4964304682507645e-05,normal-z-line/e261f887-a2c0-4539-991b-10f36069c711.jpg
3,3,normal-cecum,normal-cecum,True,0.005872726906090975,0.0009641756187193096,3.396336251171306e-05,0.867466926574707,0.0003501892788335681,3.4485903597669676e-05,0.0801788941025734,0.04509871080517769,normal-cecum/128c324f-5c44-4534-b32b-45b2bd4a672e.jpg
0,0,dyed-lifted-polyps,dyed-lifted-polyps,True,0.9355837106704712,0.06417448073625565,2.2256712327362038e-05,9.052312816493213e-05,4.5607180254592095e-07,5.199379302212037e-06,3.551467671059072e-05,8.794796303845942e-05,dyed-lifted-polyps/bdf72151-94c3-4e7f-953f-93b400f5967b.jpg
2,2,esophagitis,esophagitis,True,0.026918118819594383,0.006070137023925781,0.40123721957206726,0.006723894737660885,0.20426048338413239,0.06337849795818329,0.20779915153980255,0.08361247181892395,esophagitis/2f6b8639-58e4-4f3c-b651-42646de546f7.jpg
7,7,ulcerative-colitis,ulcerative-colitis,True,0.0008239882881753147,0.00035793596180155873,1.0144195812245016e-06,0.04854903742671013,2.8949805709999055e-05,5.550321930058999e-06,0.0008988919435068965,0.9493345618247986,ulcerative-colitis/41da6f0b-31a4-40f3-833c-061762702265.jpg
2,2,esophagitis,esophagitis,True,0.0001963955583050847,0.0003787526802625507,0.8805453777313232,1.3057442629360594e-05,0.004015583079308271,0.101055808365345,0.0028216398786753416,0.010973366908729076,esophagitis/bca40f5f-7e06-42a9-bd97-5ebf969884e9.jpg
2,2,esophagitis,esophagitis,True,0.03003104217350483,0.022649727761745453,0.5743173956871033,0.00010001868213294074,0.005196681246161461,0.16088488698005676,0.07564593851566315,0.1311742663383484,esophagitis/05e390bf-b7bf-4bc9-919a-ca9abc61803f.jpg
3,3,normal-cecum,normal-cecum,True,0.001150869415141642,0.00023820303613319993,1.255094502994325e-06,0.9900656938552856,7.454202568624169e-05,1.1908572560059838e-05,0.0063526565209031105,0.0021048998460173607,normal-cecum/63e1fa66-06d4-461f-bd10-f917472539ae.jpg
7,7,ulcerative-colitis,ulcerative-colitis,True,0.00025711918715387583,0.00032585187000222504,1.7954493159777485e-05,0.0011920633260160685,0.0006391851929947734,3.6779780202778056e-05,0.009319640696048737,0.988211452960968,ulcerative-colitis/0229c3b4-2414-4bcf-a729-ce15007f63b5.jpg
7,7,ulcerative-colitis,ulcerative-colitis,True,0.014816387556493282,0.004990309476852417,0.00023627278278581798,0.003000404220074415,9.132947525358759e-06,1.0560400369286072e-05,0.018898334354162216,0.9580385088920593,ulcerative-colitis/31bce929-ab0f-475f-985d-c1843cab8f58.jpg
7,7,ulcerative-colitis,ulcerative-colitis,True,0.0020755038131028414,0.0010800049640238285,0.0009436685941182077,0.017361104488372803,0.006089999806135893,0.0009261589148081839,0.17062900960445404,0.800894558429718,ulcerative-colitis/b12a8fc9-fa77-46ca-b2bf-a39b48bd6416.jpg
4,4,normal-pylorus,normal-pylorus,True,0.00024748026044107974,8.04415249149315e-05,0.0031185199040919542,0.00019755738321691751,0.9600470662117004,0.03361944481730461,0.0016862209886312485,0.0010033719008788466,normal-pylorus/fd71fe32-c46b-4924-8c6c-cb3d35467a3c.jpg
4,4,normal-pylorus,normal-pylorus,True,0.0004761778691317886,0.00017786714306566864,0.06136006861925125,0.0007269533234648407,0.7814226150512695,0.13600216805934906,0.006438650656491518,0.013395479880273342,normal-pylorus/3f6d770a-3004-44df-88bc-fe9ded65876a.jpg
5,5,normal-z-line,normal-z-line,True,2.908975829996052e-06,1.57789090735605e-05,0.15675833821296692,3.7754059434291776e-08,0.001576340408064425,0.8416202068328857,2.8307053980825003e-06,2.3498963855672628e-05,normal-z-line/2fa3a452-1ad5-49cd-a5e9-0fdbf96e0b6e.jpg
2,2,esophagitis,esophagitis,True,0.00010050189303001389,5.0465499953133985e-05,0.852769672870636,3.90735340261017e-06,0.00012277797213755548,0.1454963982105255,0.001021825592033565,0.0004344796761870384,esophagitis/9cf73cf0-82ff-4d70-83d4-e46b3649192b.jpg
5,5,normal-z-line,normal-z-line,True,0.0005426608840934932,0.0001519281358923763,0.43621179461479187,1.1570247124836897e-06,0.007035330403596163,0.5558289289474487,0.0001636912493268028,6.449215288739651e-05,normal-z-line/ca362559-797c-482a-a097-0ffb3ecbcec1.jpg
2,2,esophagitis,esophagitis,True,0.0023356261663138866,0.013496164232492447,0.7477793097496033,7.379541330010397e-06,0.003630334511399269,0.13456688821315765,0.0010116632329300046,0.09717261791229248,esophagitis/a80c23d9-b0d6-4c2a-8776-21006dbf22aa.jpg
3,3,normal-cecum,normal-cecum,True,0.004469927866011858,0.005037246271967888,4.065054963575676e-05,0.9094119071960449,0.0008393405005335808,0.00018575209833215922,0.05599250644445419,0.024022696539759636,normal-cecum/b90dc70a-2775-457e-9620-cca840f8c49b.jpg
1,0,dyed-resection-margins,dyed-lifted-polyps,False,0.7821828722953796,0.19404281675815582,6.514920823974535e-05,0.020261043682694435,4.383665873319842e-05,0.00023576193780172616,0.003063663374632597,0.00010484745143912733,dyed-resection-margins/b18e7b6b-8a3c-4d3f-aede-42cef78ec091.jpg
7,6,ulcerative-colitis,polyps,False,0.03136155754327774,0.008140085265040398,0.00021119792654644698,0.13610675930976868,0.006544594652950764,0.004315613768994808,0.6409866809844971,0.1723334938287735,ulcerative-colitis/ce143cf5-4cdf-4645-9bba-ef8a026c9409.jpg
4,4,normal-pylorus,normal-pylorus,True,3.884621492034057e-06,8.510161819685891e-07,0.000188123231055215,1.034010324474366e-06,0.9983977675437927,0.001373148406855762,3.456439662841149e-05,5.929124426984345e-07,normal-pylorus/76cf6249-7425-4454-bc1d-4d2cb8f6647a.jpg
3,3,normal-cecum,normal-cecum,True,0.01160044688731432,0.0011854050680994987,3.083168849116191e-05,0.9535990953445435,0.00014818276395089924,0.0009944788180291653,0.03098919428884983,0.0014523275895044208,normal-cecum/9af88d49-0168-4fe7-a884-ed3eeb49d185.jpg
4,4,normal-pylorus,normal-pylorus,True,0.0014529640320688486,0.002843818860128522,0.030854646116495132,0.0018865284509956837,0.523658812046051,0.21601857244968414,0.20276127755641937,0.020523345097899437,normal-pylorus/3c5e4f93-4779-44fe-8c68-0e4f30439597.jpg
4,4,normal-pylorus,normal-pylorus,True,4.520575657807058e-06,2.1666946850018576e-06,0.00051754096057266,2.2103741059709137e-07,0.9985259175300598,0.0006101191975176334,0.000320174905937165,1.926878758240491e-05,normal-pylorus/0dfd69cb-16d7-4e0b-8dc0-2c6b29f37b98.jpg
4,4,normal-pylorus,normal-pylorus,True,4.16254551964812e-05,2.1664580344804563e-05,0.0015841322019696236,8.245299977716058e-05,0.9945560693740845,0.0004076007171534002,0.0029881601221859455,0.0003183204389642924,normal-pylorus/06d2ed44-a965-4b57-82b9-e3c3624a221a.jpg
0,0,dyed-lifted-polyps,dyed-lifted-polyps,True,0.8021418452262878,0.17891952395439148,0.0021904231980443,0.001646157237701118,4.665946835302748e-05,0.003863711841404438,0.007244909182190895,0.0039467462338507175,dyed-lifted-polyps/2b4f4b47-38af-456d-a718-5aa60c8eb86d.jpg
7,7,ulcerative-colitis,ulcerative-colitis,True,0.0016206104774028063,0.0004865746304858476,5.724369111703709e-05,0.0004565575800370425,0.0004669160698540509,0.00027733625029213727,0.04645896330475807,0.9501758217811584,ulcerative-colitis/e2641bec-5209-4b96-a5d8-d4b8c81e095c.jpg
2,5,esophagitis,normal-z-line,False,0.0002388927387073636,0.0004250661295372993,0.3274325430393219,6.366124125634087e-06,0.0038335351273417473,0.6671059727668762,0.00035560238757170737,0.0006020672735758126,esophagitis/fe5a3239-dbd4-41e1-81cb-b7fe25e8b930.jpg
4,4,normal-pylorus,normal-pylorus,True,0.0009597367024980485,0.0010989068541675806,0.05032661184668541,0.0002446288999635726,0.6141767501831055,0.287563294172287,0.04157522693276405,0.004054902121424675,normal-pylorus/c4593b17-defc-4346-8070-0a5a5bea1dae.jpg
4,4,normal-pylorus,normal-pylorus,True,2.511556158424355e-05,6.471834785770625e-05,0.0008173480164259672,0.00018689228454604745,0.9873378276824951,0.009383447468280792,0.00018708131392486393,0.0019975502509623766,normal-pylorus/e7b6a704-2e98-4755-88d1-a26dcc29d57f.jpg
7,7,ulcerative-colitis,ulcerative-colitis,True,0.0008969246409833431,0.0007716938271187246,2.326762660231907e-05,3.5076056519756094e-05,7.146785355871543e-05,2.98619252134813e-05,0.018289534375071526,0.9798822402954102,ulcerative-colitis/c7203d20-f57a-406d-ae02-8a1331a703c1.jpg
4,4,normal-pylorus,normal-pylorus,True,0.0009414507076144218,0.000497739645652473,0.03065565414726734,1.7777027494503272e-07,0.6600403189659119,0.2914571762084961,0.0163468848913908,6.0622904129559174e-05,normal-pylorus/c445633a-d1dc-4726-b2b5-5ff717143ba7.jpg
1,1,dyed-resection-margins,dyed-resection-margins,True,0.02526942454278469,0.9741508960723877,2.797765591822099e-05,1.6788762877695262e-05,0.00017157640832010657,0.00011508707393659279,1.1474705388536677e-05,0.00023682534811086953,dyed-resection-margins/1b615739-8d24-4d34-b009-548c2d7dd9ab.jpg
7,7,ulcerative-colitis,ulcerative-colitis,True,0.00025652136537246406,0.0004892239812761545,0.00024038572155404836,1.3341974408831447e-05,9.395836241310462e-05,3.071474930038676e-05,0.0003676535270642489,0.9985081553459167,ulcerative-colitis/bce05b8c-b330-435c-bfd2-decbbf5819fb.jpg
3,3,normal-cecum,normal-cecum,True,0.007780257146805525,0.010562315583229065,3.0868359317537397e-06,0.7520272731781006,0.0006187266553752124,7.916796675999649e-06,0.22697392106056213,0.002026549307629466,normal-cecum/17b277d1-ffa1-4b77-abc1-75503bea4330.jpg
5,5,normal-z-line,normal-z-line,True,0.00019815991981886327,3.393820588826202e-05,0.020604057237505913,2.089182089548558e-05,0.006756989285349846,0.9704918265342712,0.0018260965589433908,6.810767081333324e-05,normal-z-line/cc33f8fe-483c-4f76-8a00-1e28d52b81f2.jpg
3,3,normal-cecum,normal-cecum,True,0.00018063596508000046,8.904090645955876e-05,5.939460478998626e-08,0.9936368465423584,3.051025714739808e-06,3.7389202134363586e-07,0.0058357324451208115,0.0002543491718824953,normal-cecum/e667ee83-4435-42c6-b69c-c9618dda2aa5.jpg
5,5,normal-z-line,normal-z-line,True,0.0010481260251253843,4.87526849610731e-05,0.01662142388522625,4.234906612055056e-07,0.0017672172980383039,0.9794905781745911,0.0010200589895248413,3.3014607652148698e-06,normal-z-line/c478c477-5f90-4156-972d-d5851cb3050e.jpg
6,6,polyps,polyps,True,0.023438381031155586,0.006600543390959501,0.00011574722884688526,0.011816896498203278,0.006866016425192356,0.0003102881310041994,0.9415786266326904,0.009273486211895943,polyps/3c36e788-4795-4078-bb14-f2aa1605855d.jpg
5,5,normal-z-line,normal-z-line,True,0.0005933515494689345,0.00035118224332109094,0.060472503304481506,4.466916834644508e-06,0.003673133673146367,0.9311574101448059,0.002783717354759574,0.0009642682271078229,normal-z-line/a96e3f08-9f1f-43b7-934f-4b6bf34ec046.jpg
0,0,dyed-lifted-polyps,dyed-lifted-polyps,True,0.8375988006591797,0.16238538920879364,7.221711939564557e-08,1.9010960841114866e-06,3.4867591125475883e-07,1.6460571714560501e-06,9.882731319521554e-06,2.015924110310152e-06,dyed-lifted-polyps/fda47e17-cfb3-4fc1-8d67-c423b8c2d192.jpg
1,1,dyed-resection-margins,dyed-resection-margins,True,0.1322917640209198,0.867093026638031,2.7794338166131638e-05,9.244311627298885e-07,4.778560105478391e-05,9.844598025665618e-06,0.00044790591346099973,8.100266131805256e-05,dyed-resection-margins/387b2c72-8ec0-4c48-b2f6-0334b80cb7c2.jpg
7,7,ulcerative-colitis,ulcerative-colitis,True,0.004211810417473316,0.0018615040462464094,0.0007359295268543065,0.0007357794092968106,0.0002685004728846252,0.005931985564529896,0.008085130713880062,0.978169322013855,ulcerative-colitis/02039406-18b3-4f10-95ab-f2f7280ef351.jpg
3,6,normal-cecum,polyps,False,0.009207756258547306,0.003615712746977806,4.9996811867458746e-05,0.11431745439767838,0.004982032813131809,0.0019639437086880207,0.8078274726867676,0.05803564190864563,normal-cecum/1252b352-50d0-4b13-a827-9df06cd43607.jpg
4,4,normal-pylorus,normal-pylorus,True,0.018774816766381264,0.032144732773303986,0.009729431010782719,0.0001803516352083534,0.8671193718910217,0.043247874826192856,0.028116779401898384,0.0006866782787255943,normal-pylorus/5b5116aa-3b84-43a6-bf3e-4b851d0d124c.jpg
7,7,ulcerative-colitis,ulcerative-colitis,True,0.01064282562583685,0.005198831669986248,0.008522937074303627,0.0027577837463468313,0.00018898396228905767,0.0018720184452831745,0.11983703821897507,0.8509796261787415,ulcerative-colitis/c5571b03-4d92-4866-a823-528634d4a9cf.jpg
4,4,normal-pylorus,normal-pylorus,True,3.928606986391969e-07,1.448591717689851e-07,0.00027637608582153916,1.2497392454235978e-08,0.9993502497673035,0.0003692877071443945,9.178154982691922e-07,2.618285861899494e-06,normal-pylorus/ebaa74f4-a586-4efb-b035-4dbfc84b67a5.jpg
7,7,ulcerative-colitis,ulcerative-colitis,True,0.0009424342424608767,0.000352478091372177,7.568581349914894e-05,2.3532413251814432e-05,2.0507295630523004e-05,9.69151733443141e-06,0.006617451086640358,0.9919581413269043,ulcerative-colitis/34dd46e6-b875-4823-ad18-5ed1ad93c822.jpg
7,7,ulcerative-colitis,ulcerative-colitis,True,0.0013247854076325893,0.00054267788073048,4.215094304527156e-05,0.019061461091041565,0.009579167701303959,0.0009817469399422407,0.06597719341516495,0.9024909138679504,ulcerative-colitis/d8526b7b-8f97-4c40-a5cf-40d9fa9603db.jpg
5,5,normal-z-line,normal-z-line,True,0.0006416686810553074,0.00011025478306692094,0.08359552174806595,4.282141617295565e-06,0.00553820701315999,0.9067772626876831,0.003315791953355074,1.6994930774671957e-05,normal-z-line/65fb8539-f1c1-4088-9811-c9b4238079f1.jpg
5,5,normal-z-line,normal-z-line,True,4.748195715365e-05,3.5189750633435324e-05,0.034006956964731216,9.122192636823456e-07,0.0009540599421598017,0.9649090766906738,3.80834644602146e-05,8.169960892701056e-06,normal-z-line/a81ec55f-7560-40b0-953c-cb09f2baa169.jpg
2,2,esophagitis,esophagitis,True,1.101689690585772e-06,1.8014614397543482e-05,0.997261643409729,2.7325559592839e-09,0.0008342947694472969,0.0009753665653988719,7.236536021082429e-06,0.0009023552993312478,esophagitis/10b9522f-f3d7-40c0-bfff-c82f2228850a.jpg
2,5,esophagitis,normal-z-line,False,0.001080433721654117,0.0005897660157643259,0.1943940818309784,1.19707783596823e-06,0.0014743792125955224,0.8015660047531128,0.0008774842717684805,1.664226147113368e-05,esophagitis/5db4f1db-0aac-4207-aefb-a56f3b90f410.jpg
5,5,normal-z-line,normal-z-line,True,0.004514917731285095,0.0008357007754966617,0.20064178109169006,2.7345942726242356e-05,0.047523777931928635,0.7371219992637634,0.009012886323034763,0.00032165960874408484,normal-z-line/4c780ff4-b373-4a81-a09f-a8f2fe5a56e0.jpg
5,5,normal-z-line,normal-z-line,True,6.443027086788788e-05,1.1184050890733488e-05,0.0689898207783699,2.841976822764991e-07,0.004529683850705624,0.9261941313743591,0.00020332311396487057,7.136567546695005e-06,normal-z-line/d56e2d07-6c3e-4de8-b8f2-a07054e4558e.jpg
0,0,dyed-lifted-polyps,dyed-lifted-polyps,True,0.9302021861076355,0.06970938295125961,7.271786216733744e-06,1.5276260455721058e-05,2.8046758870914346e-06,4.777058711624704e-05,1.3013663192396052e-05,2.3465834146918496e-06,dyed-lifted-polyps/b8ba70d6-bfa4-4ac1-9042-7b7cdfccc55b.jpg
3,6,normal-cecum,polyps,False,0.008524473756551743,0.0011061866534873843,2.0954670617356896e-05,0.45369210839271545,0.012178038246929646,0.0005299036856740713,0.5092765092849731,0.014671866782009602,normal-cecum/8b7e4f1e-5266-4fff-9563-9309e104dcd4.jpg
5,5,normal-z-line,normal-z-line,True,0.0017763621872290969,0.003640217473730445,0.27353227138519287,6.998384378675837e-06,0.0017545161535963416,0.7152608633041382,0.003080943366512656,0.0009478047140873969,normal-z-line/67c7029d-3b5f-4312-8233-4ea7cda8c6ad.jpg
5,5,normal-z-line,normal-z-line,True,9.164105722447857e-05,0.00013693403161596507,0.24183382093906403,9.055370924215822e-07,0.016929687932133675,0.740513026714325,0.00034065431100316346,0.00015328705194406211,normal-z-line/e506fd95-eb45-4443-ac85-3c9d74bbc212.jpg
1,1,dyed-resection-margins,dyed-resection-margins,True,0.011538325808942318,0.9883956909179688,9.91517117654439e-06,1.201739110001654e-06,4.468973202165216e-06,2.24098712351406e-05,1.2605541087395977e-05,1.5368714230135083e-05,dyed-resection-margins/9a6f4254-3cf2-4922-87f8-0e70293780df.jpg
0,0,dyed-lifted-polyps,dyed-lifted-polyps,True,0.980711817741394,0.019200200214982033,1.7748285472407588e-06,4.74179887532955e-06,3.189453821050847e-07,8.504982815793483e-07,6.596605817321688e-05,1.4356553947436623e-05,dyed-lifted-polyps/a409312b-8b26-41a3-b1e1-2acd84041696.jpg
4,4,normal-pylorus,normal-pylorus,True,0.000197891378775239,8.741569763515145e-05,0.0023522009141743183,2.3187521946965717e-05,0.9802483916282654,0.013739417307078838,0.0011778317857533693,0.002173633547499776,normal-pylorus/026715f1-d01e-47c7-ae95-93b46695a7e8.jpg
4,4,normal-pylorus,normal-pylorus,True,8.884114322427195e-06,3.8740843592677265e-05,0.0032975643407553434,1.3417611626209691e-06,0.9922433495521545,0.0012795981019735336,0.00022295344388112426,0.0029076130595058203,normal-pylorus/0668ef5b-b6d7-4ea0-a753-19fb8fb35403.jpg
6,6,polyps,polyps,True,0.022590773180127144,0.012291453778743744,0.00045355805195868015,0.14198794960975647,0.006042534485459328,0.004305225796997547,0.7942569255828857,0.018071558326482773,polyps/7bc879b1-41a0-46cb-9c2b-72302353821b.jpg
4,4,normal-pylorus,normal-pylorus,True,0.0021544485352933407,0.0006773152854293585,0.0030169175006449223,0.00010855673463083804,0.9251797199249268,0.05604372173547745,0.01229102909564972,0.0005283991922624409,normal-pylorus/e11e8c02-40ee-479b-8a92-89a08eb96ca1.jpg
7,6,ulcerative-colitis,polyps,False,0.07974442839622498,0.03562472015619278,0.0003509623056743294,0.026761101558804512,0.00462542288005352,0.0005545227322727442,0.5255476236343384,0.32679128646850586,ulcerative-colitis/4691b176-a499-435f-96c2-ea18221be30a.jpg
3,3,normal-cecum,normal-cecum,True,0.0027135529089719057,0.000515568652190268,2.5259596441173926e-06,0.9901230931282043,0.0004891548305749893,2.8200693122926168e-05,0.0018562106415629387,0.004271695390343666,normal-cecum/5e898ee3-2d11-4f7f-9a10-528eef1197c3.jpg
5,5,normal-z-line,normal-z-line,True,0.00017361783829983324,8.46817420097068e-05,0.08253627270460129,7.829386959201656e-06,0.014118862338364124,0.900350034236908,0.0026049918960779905,0.00012377096572890878,normal-z-line/da446ca4-65a4-4f78-95d2-bc83705791a3.jpg
0,1,dyed-lifted-polyps,dyed-resection-margins,False,0.31916114687919617,0.6802867650985718,1.3492328889697092e-06,0.000389170425478369,1.0534947705309605e-06,1.1149531928822398e-05,3.6914167139912024e-05,0.00011253015691181645,dyed-lifted-polyps/6f1ee301-8bb8-4cda-b04f-5f11593b528b.jpg
1,1,dyed-resection-margins,dyed-resection-margins,True,0.08695308864116669,0.6788942813873291,0.001330781844444573,0.00669120904058218,0.002847780007869005,0.01652800664305687,0.048589080572128296,0.15816570818424225,dyed-resection-margins/4e0741ee-d57b-4d2b-b532-0535e4cb00d4.jpg
4,4,normal-pylorus,normal-pylorus,True,0.00012292616884224117,5.4233714763540775e-05,0.007162952329963446,0.00017795393068809062,0.953603208065033,0.035411152988672256,0.003333452856168151,0.00013419236347544938,normal-pylorus/a4271b8a-90d7-436e-aa81-ceaeb25d081e.jpg
3,6,normal-cecum,polyps,False,0.04299408942461014,0.013210860081017017,0.005388097837567329,0.41534045338630676,0.0003400003770366311,0.0054159145802259445,0.5154917240142822,0.001818813499994576,normal-cecum/2029d77f-86c4-49ee-bfe8-352d7deb171e.jpg
7,7,ulcerative-colitis,ulcerative-colitis,True,0.2581661641597748,0.009572170674800873,0.00021852785721421242,0.06781405955553055,0.0005016704089939594,0.00016166205750778317,0.1510191261768341,0.5125465989112854,ulcerative-colitis/24e3b8b5-5a1f-43f8-b4df-39adcd372360.jpg
4,4,normal-pylorus,normal-pylorus,True,0.005957428365945816,0.0017700507305562496,0.03447065129876137,0.000809068966191262,0.7450441122055054,0.07278644293546677,0.13167349994182587,0.00748876528814435,normal-pylorus/2cb59460-3851-4a63-ac53-2575fc705d91.jpg
6,6,polyps,polyps,True,0.02545253187417984,0.0008058084640651941,3.09352544718422e-05,0.00010544967517489567,0.00015534015255980194,9.90012995316647e-05,0.9732191562652588,0.0001317255082540214,polyps/585ed425-f88e-4866-92c9-847ea9dd279f.jpg
3,3,normal-cecum,normal-cecum,True,0.03951196372509003,0.02532624639570713,2.8777127226931043e-05,0.7173712253570557,8.84397595655173e-05,2.629594564496074e-05,0.1995648443698883,0.018082119524478912,normal-cecum/7dedfd42-79ba-446d-86d1-bb78350e14bf.jpg
7,7,ulcerative-colitis,ulcerative-colitis,True,0.0008007883443497121,0.001267031067982316,0.000749188766349107,0.0031439706217497587,0.0002175461850129068,0.000420184078393504,0.2959234118461609,0.6974778771400452,ulcerative-colitis/60d47817-2a44-49e4-ad6a-a85413b5089f.jpg
7,6,ulcerative-colitis,polyps,False,0.024602731689810753,0.013059314340353012,0.0042609963566064835,0.07001759111881256,0.06396031379699707,0.01393620390444994,0.5356792211532593,0.27448368072509766,ulcerative-colitis/698f130b-41ff-414d-908c-8d8c0f82d4a8_00001725.jpg
7,7,ulcerative-colitis,ulcerative-colitis,True,0.006230381783097982,0.002114944625645876,0.008231229148805141,4.209323742543347e-05,0.027518659830093384,0.006864023394882679,0.031330399215221405,0.9176682233810425,ulcerative-colitis/475ccd47-8da2-4d36-b960-9b5f98a6e9bd.jpg
1,1,dyed-resection-margins,dyed-resection-margins,True,0.07975950837135315,0.8489092588424683,0.00012109466479159892,0.011701168492436409,0.004426941741257906,0.001055846456438303,0.035415615886449814,0.018610673025250435,dyed-resection-margins/90aab213-c306-4571-872f-ca64de8663cc.jpg
6,6,polyps,polyps,True,0.017015961930155754,0.003907644189894199,0.00017799469060264528,0.37128904461860657,0.003580914344638586,0.0035882575903087854,0.5911911129951477,0.009249037131667137,polyps/1ca07a42-56c0-45fd-b00d-0a012ea0aa25.jpg
2,2,esophagitis,esophagitis,True,0.0006764669669792056,0.0006344618159346282,0.722781777381897,9.010059329739306e-07,0.0016543992096558213,0.27201709151268005,0.0009665871621109545,0.001268386491574347,esophagitis/448fe4c5-3828-4b16-b19c-96c36fafe375.jpg
7,7,ulcerative-colitis,ulcerative-colitis,True,0.000902640400454402,0.0007357253925874829,1.8823489881469868e-05,0.0021298383362591267,0.00016325792239513248,8.06010139058344e-05,0.009486331604421139,0.9864826798439026,ulcerative-colitis/5414d2a8-be45-4d37-9443-fcd95b23f694.jpg
7,7,ulcerative-colitis,ulcerative-colitis,True,0.0015287470305338502,0.0011713157873600721,1.7093752830987796e-05,0.0005785213434137404,0.0012804046273231506,0.0001350503443973139,0.024224108085036278,0.9710647463798523,ulcerative-colitis/29fa25de-290b-475d-a1c5-423a0f2d8ce0.jpg
2,5,esophagitis,normal-z-line,False,4.379473102744669e-05,5.525239248527214e-05,0.3912036716938019,1.3966654250907595e-06,0.0017170655773952603,0.606721818447113,0.0002223749179393053,3.4634773328434676e-05,esophagitis/967e3bf2-ede9-4af8-b601-17389642ed1d.jpg
2,2,esophagitis,esophagitis,True,0.000482956733321771,0.006479201838374138,0.9683000445365906,2.4441639823180594e-08,0.0001799555029720068,0.020893020555377007,0.0001034951928886585,0.00356124946847558,esophagitis/1f6f6180-0dca-4140-bbac-d52b948ccc72.jpg
0,0,dyed-lifted-polyps,dyed-lifted-polyps,True,0.8997728228569031,0.09451897442340851,0.0002581443404778838,0.003177316626533866,0.0002674522693268955,0.00018619380716700107,0.0007431547273881733,0.0010759892174974084,dyed-lifted-polyps/6f2c5da1-0274-4423-89a3-fee48dad9a70.jpg
5,5,normal-z-line,normal-z-line,True,1.979190346901305e-05,0.00027520625735633075,0.15326815843582153,1.6502353261671487e-08,0.002555989660322666,0.8438568711280823,2.716593598961481e-06,2.124596903740894e-05,normal-z-line/27620e07-5a2f-4e4f-924a-d0593dc28083.jpg
2,2,esophagitis,esophagitis,True,0.00021803099662065506,0.0002481770352460444,0.9862090945243835,5.230430488722959e-08,0.00031255156500265,0.010974658653140068,0.00022290747438091785,0.001814490300603211,esophagitis/a8509083-57f3-4269-baca-7aedb26178e5.jpg
7,7,ulcerative-colitis,ulcerative-colitis,True,0.19314245879650116,0.17324095964431763,0.003084371332079172,0.21479228138923645,0.0013673990033566952,0.004435817711055279,0.13871152698993683,0.2712251842021942,ulcerative-colitis/e143d501-fa31-4cc9-a052-81f717a9639f.jpg
3,6,normal-cecum,polyps,False,0.14178702235221863,0.010787742212414742,8.990294736577198e-05,0.36219772696495056,0.003211976494640112,0.0008808372658677399,0.4776427149772644,0.0034021169412881136,normal-cecum/249777ea-7b95-4286-9337-c710d010e787.jpg
6,6,polyps,polyps,True,0.05550779402256012,0.015489124692976475,0.00040970899863168597,0.012927339412271976,0.0011358339106664062,0.0026480427477508783,0.9004749655723572,0.011407150886952877,polyps/b3c0d01f-c298-4f5a-823b-9f301df6482d.jpg
5,5,normal-z-line,normal-z-line,True,5.5404270824510604e-05,0.0002561202854849398,0.17292429506778717,9.299796147388406e-06,0.0005524606094695628,0.8244088292121887,0.00037730560870841146,0.0014163373271003366,normal-z-line/b0c2b334-bc9f-4d3c-a554-a7300ee41d4a.jpg
7,7,ulcerative-colitis,ulcerative-colitis,True,0.0006306185387074947,0.0003025693295057863,4.483515294850804e-05,0.00026333294226787984,0.0002923342981375754,0.0005518606049008667,0.018965469673275948,0.9789490103721619,ulcerative-colitis/a41907b6-55dc-4f8a-8b17-a6de4958413a.jpg
4,4,normal-pylorus,normal-pylorus,True,3.476528581813909e-05,6.923994078533724e-06,3.5419539926806465e-05,0.0002189210063079372,0.9991841912269592,3.228693822165951e-05,0.00024497677804902196,0.00024254033633042127,normal-pylorus/6c9be005-9c6e-4ae7-bf9f-8d0e4742ca0a.jpg
7,7,ulcerative-colitis,ulcerative-colitis,True,0.015449563041329384,0.04234351962804794,0.0034193408209830523,0.01751137338578701,0.001659644884057343,0.0008746038656681776,0.022960877045989037,0.8957810401916504,ulcerative-colitis/9a659d5d-d3c9-4724-986c-a52a8832ea8e.jpg
7,7,ulcerative-colitis,ulcerative-colitis,True,0.0005412564496509731,0.0001673117803875357,0.00014073164493311197,0.0010093945311382413,0.0925842672586441,0.001555207185447216,0.011100158095359802,0.892901599407196,ulcerative-colitis/fbe9d724-770a-4aca-9c35-4ceb6ec980be.jpg
2,5,esophagitis,normal-z-line,False,1.2355364560789894e-05,3.179349369020201e-05,0.27910569310188293,1.3085512229338292e-08,0.0014327710960060358,0.7194024920463562,4.59073862657533e-06,1.0240729352517519e-05,esophagitis/3d9254af-0f00-4eab-9933-28ae1a8fa07e.jpg
1,1,dyed-resection-margins,dyed-resection-margins,True,0.28938591480255127,0.7084186673164368,3.699780427268706e-05,0.0004814329440705478,0.00023579680419061333,0.0006096173310652375,0.0006172216963022947,0.00021433658548630774,dyed-resection-margins/8b2cd3ae-0b47-4c83-a093-4e8de0586d96.jpg
6,6,polyps,polyps,True,0.003324714954942465,0.00012840196723118424,0.00021463801385834813,0.00010663267312338576,0.0006720798555761576,0.00027937666163779795,0.9927834272384644,0.0024907481856644154,polyps/e6d1a3ac-871f-4f01-8a00-fbba205bedbf.jpg
0,0,dyed-lifted-polyps,dyed-lifted-polyps,True,0.6396147608757019,0.36000528931617737,1.5167366655077785e-05,2.997833519202686e-07,7.739367333670089e-07,7.255280070239678e-05,0.0002740624768193811,1.7155894965981133e-05,dyed-lifted-polyps/2153159c-1c3c-4cb3-9880-e376d2a13456.jpg
3,3,normal-cecum,normal-cecum,True,0.0007212625350803137,0.00014154473319649696,3.7248241824272554e-06,0.9944301247596741,0.0002876257640309632,3.427732008276507e-05,0.0008650050731375813,0.0035164288710802794,normal-cecum/494bf464-b95e-4ba8-a7d5-3bda5ebe7099.jpg
2,5,esophagitis,normal-z-line,False,0.017982814460992813,0.008266412653028965,0.22201377153396606,0.000151574015035294,0.01955309323966503,0.7218002080917358,0.0034001569729298353,0.0068319994024932384,esophagitis/3b7a4e13-6ad5-49e4-ad17-60705dd5fb43.jpg
6,6,polyps,polyps,True,0.008019001223146915,0.0018301908858120441,2.4857452444848605e-05,0.16978749632835388,0.053395096212625504,0.00015086882922332734,0.7461231350898743,0.02066941186785698,polyps/8e2e4a61-cd16-4d20-a872-72bdc0bc855d.jpg
0,0,dyed-lifted-polyps,dyed-lifted-polyps,True,0.9926636219024658,0.007300462573766708,5.754233370680595e-06,4.0938425627246033e-07,4.2918244957945717e-07,1.7603873857297003e-05,1.1307283784844913e-05,4.432946241195168e-07,dyed-lifted-polyps/d3c71b77-a9fd-4099-a297-76bbc3960a22.jpg
2,5,esophagitis,normal-z-line,False,4.5477358071366325e-05,8.339554915437475e-05,0.2898605167865753,1.3551758115681878e-07,5.4040989198256284e-05,0.7098509669303894,0.00010210784239461645,3.29067279380979e-06,esophagitis/56990aa3-2a8d-4493-ba6e-b73cb17d24d2.jpg
5,5,normal-z-line,normal-z-line,True,0.001345583121292293,0.0006950123351998627,0.09635414928197861,4.969431302015437e-06,0.0018262898083776236,0.8985722661018372,0.0009186551906168461,0.0002830954035744071,normal-z-line/3ff0fdbb-ff96-42b6-823e-6fc57a66a426.jpg
7,6,ulcerative-colitis,polyps,False,0.003263481194153428,0.026964083313941956,0.0005215505952946842,0.10499724745750427,0.022152632474899292,0.0016357400454580784,0.6223942041397095,0.21807102859020233,ulcerative-colitis/ae68bef5-8ca4-42fd-a275-d34ee4ea8c14_00003005.jpg
4,4,normal-pylorus,normal-pylorus,True,0.0004758013819810003,0.0006692239549010992,0.002582062501460314,7.202249253168702e-05,0.9558408260345459,0.037157896906137466,0.002826850628480315,0.00037534351577050984,normal-pylorus/faaf601c-5fa9-4b0f-9562-7c1ce2eff572.jpg
6,6,polyps,polyps,True,0.0847725123167038,0.024346381425857544,0.0003109112731181085,0.037847843021154404,0.0002821659727487713,0.0033668922260403633,0.8395946025848389,0.009478799998760223,polyps/1f05bae6-ff57-4c42-8648-715e3f60b387.jpg
1,1,dyed-resection-margins,dyed-resection-margins,True,0.25519058108329773,0.7420016527175903,2.661042526597157e-05,0.002309726318344474,4.993436959921382e-06,0.00031605776166543365,0.00012082067405572161,2.9504481062758714e-05,dyed-resection-margins/3899a73d-f7cd-4ea8-b643-e189bf94f6fb.jpg
4,4,normal-pylorus,normal-pylorus,True,1.7397340343450196e-05,1.650224112381693e-05,0.0021421615965664387,4.2978743408639275e-07,0.9962827563285828,0.0013300316641107202,0.00020708465308416635,3.7692475416406523e-06,normal-pylorus/dee117e6-b8c9-48e0-ab14-86fd7174b10a.jpg
7,6,ulcerative-colitis,polyps,False,0.046549756079912186,0.01781204156577587,0.0021312914323061705,0.2103632241487503,0.00021170797117520124,0.014364886097609997,0.6427429914474487,0.06582409143447876,ulcerative-colitis/45f2bb33-9a0c-4ab1-bfd2-01326ed4578d.jpg
2,5,esophagitis,normal-z-line,False,0.0004537487984634936,0.00021335489873308688,0.3227289915084839,1.8578761228127405e-05,0.003514311509206891,0.6718378663063049,0.001206152723170817,2.7025724193663336e-05,esophagitis/17e2a780-7946-4cd5-8400-492d08b3ccea.jpg
6,6,polyps,polyps,True,0.00898753385990858,0.0014227519277483225,0.0006254555773921311,0.0012433486990630627,0.0014810641296207905,0.019329451024532318,0.9588051438331604,0.008105347864329815,polyps/a8057fb6-2c32-4c72-ac7f-9c0501ff845a.jpg
5,5,normal-z-line,normal-z-line,True,6.487180507974699e-05,0.0013369792141020298,0.4582027494907379,7.692711392337515e-07,1.2557013178593479e-05,0.5402984619140625,1.5775352949276567e-05,6.785318691981956e-05,normal-z-line/1b5968d2-ab34-4ac1-8cfb-e477081da1ef.jpg
2,5,esophagitis,normal-z-line,False,0.005119212903082371,0.002120401244610548,0.18153001368045807,0.00019034136494155973,0.02555868960916996,0.7780628204345703,0.003131909528747201,0.004286637995392084,esophagitis/172131a5-6777-4c63-b16d-cf3963ce7c5d.jpg
6,6,polyps,polyps,True,0.006020903587341309,0.0006478584255091846,0.0006134355789981782,0.00036136171547695994,0.02778717502951622,0.011418216861784458,0.9510337114334106,0.0021173288114368916,polyps/ae94e672-677c-449c-a035-815f36b932ee.jpg
3,3,normal-cecum,normal-cecum,True,0.004071314353495836,0.004059905651956797,2.983667627631803e-06,0.9428951144218445,0.0025184531696140766,8.042933040997013e-05,0.026625826954841614,0.019745970144867897,normal-cecum/e01c9722-f201-417c-85fe-ec7f217a203d.jpg
6,6,polyps,polyps,True,0.02636546455323696,0.016262410208582878,0.003922781907021999,0.021016938611865044,0.09302741289138794,0.004165406804531813,0.7182312607765198,0.11700835078954697,polyps/0e45e027-bdcf-4ca4-9b12-d9e2bc00245a.jpg
7,7,ulcerative-colitis,ulcerative-colitis,True,0.3673410713672638,0.03798556327819824,0.0015977940056473017,0.008923379704356194,0.00197073956951499,0.0008453406044282019,0.09244245290756226,0.4888937473297119,ulcerative-colitis/007dcc7c-1f16-49ee-a8a1-5e752596abd5.jpg
0,0,dyed-lifted-polyps,dyed-lifted-polyps,True,0.6430655717849731,0.35523664951324463,2.1684229068341665e-05,0.0010327101917937398,1.4962332670620526e-06,8.296559826703742e-05,0.0002279035688843578,0.00033094047103077173,dyed-lifted-polyps/8435d203-4e3e-49e8-a3ab-484edfef3d07.jpg
3,3,normal-cecum,normal-cecum,True,0.0017171683721244335,0.0008753700531087816,3.1820770800550235e-06,0.9871153831481934,0.0005789149436168373,2.9731827453360893e-05,0.00404285779222846,0.00563742546364665,normal-cecum/77e77c38-2678-4855-a485-61b68d421218.jpg
4,4,normal-pylorus,normal-pylorus,True,0.00041444471571594477,0.00105884054210037,0.002181991236284375,0.0011845441767945886,0.9700371623039246,0.004032167140394449,0.004878466948866844,0.01621233858168125,normal-pylorus/5f89687c-f488-40cb-96d6-78f5e52f40b8.jpg
0,0,dyed-lifted-polyps,dyed-lifted-polyps,True,0.8460723757743835,0.13981576263904572,3.6608280424843542e-06,0.00022298433759715408,1.6968568161246367e-05,1.0168026165047195e-05,0.013854202814400196,3.968602868553717e-06,dyed-lifted-polyps/84a2005e-b11b-41ee-b212-ec0b7600ea62.jpg
1,1,dyed-resection-margins,dyed-resection-margins,True,0.020043764263391495,0.9797648191452026,1.5038021956570446e-05,1.486924020355218e-06,1.8245314095111098e-06,0.00010958516941173002,1.9642291590571404e-05,4.390713729662821e-05,dyed-resection-margins/d4217886-9b0f-4abf-9e62-31b1d55ac1e0.jpg
1,0,dyed-resection-margins,dyed-lifted-polyps,False,0.743445873260498,0.24821284413337708,2.9484594051609747e-05,4.3045645725214854e-05,8.042839908739552e-06,0.0001688944612396881,0.004203193821012974,0.0038886594120413065,dyed-resection-margins/6ee47ae4-8ece-4bfa-bdc7-daf03faa4238.jpg
1,1,dyed-resection-margins,dyed-resection-margins,True,0.07708363980054855,0.9184527397155762,5.274858631310053e-05,1.9073622752330266e-06,2.749754457909148e-06,5.544093255593907e-06,1.4796761206525844e-05,0.004385854583233595,dyed-resection-margins/74db78a1-30d0-48a5-aa32-da804fc77c1e.jpg
3,3,normal-cecum,normal-cecum,True,0.01964901015162468,0.013483812101185322,0.0004969193250872195,0.5495160818099976,0.003774161683395505,0.009194736368954182,0.3910732567310333,0.012812054716050625,normal-cecum/770fa1a7-b493-4bba-add5-446689911724.jpg
1,1,dyed-resection-margins,dyed-resection-margins,True,0.15240897238254547,0.8468192219734192,0.00012049461656715721,2.898777893278748e-06,5.038697509007761e-06,0.0003273712645750493,3.6456822272157297e-05,0.00027956481790170074,dyed-resection-margins/e72c9ae6-a57d-48ac-ade7-6e92dd552a6d.jpg
2,2,esophagitis,esophagitis,True,0.0016943792579695582,0.0014499471290037036,0.46973496675491333,6.793736702093156e-06,0.003047530772164464,0.44306159019470215,0.0005924585275352001,0.08041226118803024,esophagitis/dbf45d72-58cb-4743-a02d-61bc601c7f1e.jpg
3,3,normal-cecum,normal-cecum,True,0.0007611103355884552,0.0012279627844691277,4.134723894821946e-06,0.9054184556007385,3.558938988135196e-05,3.0003217034391128e-05,0.06620406359434128,0.026318740099668503,normal-cecum/54e7440d-9726-435f-a27f-245244a02c4f.jpg
0,0,dyed-lifted-polyps,dyed-lifted-polyps,True,0.8485629558563232,0.15135765075683594,7.5210809882264584e-06,5.03331575600896e-05,8.484029478950106e-08,1.606447585800197e-05,4.828594683203846e-06,5.918490728618053e-07,dyed-lifted-polyps/b22efb41-24cb-4daf-9057-0b19742ac42c.jpg
2,5,esophagitis,normal-z-line,False,0.008098185993731022,0.0005666664219461381,0.48653626441955566,1.4378263131220592e-06,0.014758550561964512,0.48823297023773193,0.0017329916590824723,7.292827649507672e-05,esophagitis/5a623300-3aa2-4b64-a96c-eb9b4bc7f3bf.jpg
4,4,normal-pylorus,normal-pylorus,True,1.437694845662918e-05,1.96945120478631e-06,0.0017446866258978844,4.384186013339786e-06,0.9830532670021057,0.014880874194204807,0.00021684345847461373,8.350370626430959e-05,normal-pylorus/e5881299-214f-40d0-b9ef-aac22d8fe805.jpg
5,2,normal-z-line,esophagitis,False,0.0029672333039343357,0.00468286732211709,0.4920681118965149,6.850405770819634e-05,0.028973644599318504,0.4342380464076996,0.03337856009602547,0.0036230129189789295,normal-z-line/eade4a2c-fe15-4385-9592-134c9ed2954d.jpg
6,6,polyps,polyps,True,0.003582457546144724,0.0005253559211269021,4.84610518469708e-06,0.00309199932962656,0.0008022119873203337,1.1295936019450892e-05,0.9715995788574219,0.020382313057780266,polyps/006338df-e61e-4725-bb6c-dd0620f11cdc.jpg
5,5,normal-z-line,normal-z-line,True,6.834848136350047e-06,1.0251059393340256e-05,0.026619546115398407,2.4802727693895577e-07,0.0001803108025342226,0.9731047749519348,6.456830305978656e-05,1.3398072042036802e-05,normal-z-line/a06940e3-5cf4-404d-a900-a6b2ba8b00fc.jpg
5,5,normal-z-line,normal-z-line,True,0.008646056987345219,0.0025114042218774557,0.06851936876773834,0.00040863192407414317,0.011273524723947048,0.8586033582687378,0.04503616690635681,0.00500145647674799,normal-z-line/64b4309b-a916-4b22-8edb-14c6e030c926.jpg
0,1,dyed-lifted-polyps,dyed-resection-margins,False,0.27533411979675293,0.7136303782463074,0.0005261292681097984,0.002348770620301366,2.2344438548316248e-05,0.0023121798876672983,0.003378040622919798,0.002448079641908407,dyed-lifted-polyps/9b26369a-22bd-4118-add3-16223837b40d.jpg
0,0,dyed-lifted-polyps,dyed-lifted-polyps,True,0.5245876312255859,0.4752671718597412,8.965665620053187e-05,1.0800479685713071e-05,3.9304592291955487e-07,3.2136951631400734e-05,3.4410329590173205e-06,8.827822966850363e-06,dyed-lifted-polyps/11b7ca25-7985-4755-ae8e-9f66c2c97545.jpg
0,0,dyed-lifted-polyps,dyed-lifted-polyps,True,0.590543270111084,0.4063762128353119,5.627333666780032e-05,6.164335354696959e-05,4.308431925892364e-06,0.0001573355693835765,0.002393896458670497,0.0004071520233992487,dyed-lifted-polyps/0bf20651-4369-41e5-b62d-7689a682e994.jpg
2,4,esophagitis,normal-pylorus,False,0.0009951451793313026,0.00043097653542645276,0.03366517648100853,0.0005184414912946522,0.6101709604263306,0.25331366062164307,0.09789436310529709,0.003011358203366399,esophagitis/949a67c8-2a8d-463f-8b60-a9741cd9975f.jpg
4,4,normal-pylorus,normal-pylorus,True,6.181524804560468e-05,2.0793037037947215e-05,0.001957178581506014,2.54150700129685e-06,0.9795515537261963,0.016959531232714653,0.001401060028001666,4.5562581362901255e-05,normal-pylorus/1becd2d2-27d4-467d-b534-a0513ec61fa8.jpg
2,2,esophagitis,esophagitis,True,5.2691343626065645e-06,6.088961072236998e-06,0.8061076998710632,7.308637250957872e-09,9.699646034277976e-05,0.19373945891857147,2.824441071425099e-05,1.6293195585603826e-05,esophagitis/4c5f4e85-adea-4fc5-9270-32d94f6cd10c.jpg
1,1,dyed-resection-margins,dyed-resection-margins,True,0.16233810782432556,0.8375376462936401,1.3642077647091355e-05,2.7519277523424535e-07,2.414600430711289e-07,1.995653656194918e-05,8.630215234006755e-06,8.145703031914309e-05,dyed-resection-margins/3263b1a2-7e01-4055-bda4-166f4c413f20.jpg
5,5,normal-z-line,normal-z-line,True,0.0006066136993467808,0.00018075344269163907,0.13333363831043243,3.151638566123438e-06,0.03584343194961548,0.8249824643135071,0.0009341578115709126,0.004115831106901169,normal-z-line/8e8e200c-545d-4cd8-96ba-c003b46f56f3.jpg
2,2,esophagitis,esophagitis,True,0.0050206477753818035,0.025616122409701347,0.5151498913764954,9.275032061850652e-05,0.0022129903081804514,0.2051808089017868,0.006939752027392387,0.23978707194328308,esophagitis/eeac41bd-363d-4a6e-bf4a-b5fd34ba992b.jpg
3,3,normal-cecum,normal-cecum,True,0.018264392390847206,0.014073306694626808,0.007229796145111322,0.6990808844566345,0.0024302478414028883,0.0066019948571920395,0.23008111119270325,0.02223818562924862,normal-cecum/3f3eacce-e63b-45f4-a890-ade671eb1135.jpg
5,4,normal-z-line,normal-pylorus,False,0.00015569443348795176,0.0001285062899114564,0.15519997477531433,0.0003973253187723458,0.7351070046424866,0.10554296523332596,0.0032719154842197895,0.00019654927018564194,normal-z-line/763600b9-ac84-452e-9d56-c070c17477bf.jpg
4,4,normal-pylorus,normal-pylorus,True,0.006113779731094837,0.04421744868159294,0.0004033276636619121,2.7038553525926545e-05,0.9346293807029724,0.0030157200526446104,0.011210846714675426,0.0003824800078291446,normal-pylorus/d7a787d4-abb9-48f5-a144-e8819362a551.jpg
7,7,ulcerative-colitis,ulcerative-colitis,True,0.09206493198871613,0.015003153122961521,0.00022437062580138445,0.12667188048362732,0.0017356141470372677,0.0008956408128142357,0.3147585391998291,0.44864585995674133,ulcerative-colitis/17f2d1a8-48e5-4cb5-a76b-57897b6161fd.jpg
4,4,normal-pylorus,normal-pylorus,True,4.023267683805898e-05,6.127868255134672e-05,0.004397432319819927,2.3210968720377423e-05,0.9738412499427795,0.01829879730939865,0.002908712951466441,0.00042903333087451756,normal-pylorus/cd5bfd00-a60f-48b9-b892-222f509e7388.jpg
3,3,normal-cecum,normal-cecum,True,0.0032026604749262333,0.0034702890552580357,2.950659791167709e-06,0.9820411205291748,8.197868010029197e-05,5.460957618197426e-05,0.010347859002649784,0.0007984915282577276,normal-cecum/806b485d-f403-4eab-b405-14d19bd9665e.jpg
6,6,polyps,polyps,True,0.03751867264509201,0.01978922076523304,0.00029874235042370856,0.03534932807087898,0.0007998382207006216,0.003108946606516838,0.8953881859779358,0.00774703174829483,polyps/88614fc5-d141-42e4-bfb1-5bb43476f8ca.jpg
6,6,polyps,polyps,True,0.004847658332437277,0.0009307938162237406,0.00011391622683731839,0.03218156844377518,0.004643902648240328,0.00013004803622607142,0.9491562843322754,0.007995860651135445,polyps/445dd4f8-9fc7-4144-a8c7-be8cdb1a3113.jpg
0,0,dyed-lifted-polyps,dyed-lifted-polyps,True,0.9498956203460693,0.050024911761283875,5.650235266330128e-07,7.035789053588815e-07,1.73533919678448e-07,1.84142038506252e-06,7.305375766009092e-05,3.1535316793451784e-06,dyed-lifted-polyps/19092f6c-bb96-44ed-819c-8ff7eab7b238.jpg
4,4,normal-pylorus,normal-pylorus,True,0.0007590922759845853,8.502406853949651e-05,0.007034882437437773,0.001753155142068863,0.9560635685920715,0.02795093134045601,0.005781099200248718,0.0005722442292608321,normal-pylorus/eb5a4cc2-ba85-4a93-a43d-6a32db465e15.jpg
6,6,polyps,polyps,True,0.003698723390698433,0.0026666070334613323,3.086898232140811e-06,0.03645835816860199,0.0013590555172413588,5.4282798373606056e-05,0.9324716329574585,0.02328830398619175,polyps/746c187e-9943-41e4-a6e7-1667881b2735.jpg
4,4,normal-pylorus,normal-pylorus,True,1.8545828424976207e-05,1.1206832823518198e-05,2.0983494323445484e-05,1.2766865893354407e-06,0.9998511075973511,3.56140844814945e-05,2.465650140948128e-05,3.6499768611975014e-05,normal-pylorus/b99a41fe-1c10-4020-a67b-eefc32529e95.jpg
6,6,polyps,polyps,True,0.007662440184503794,0.0023875441402196884,1.10946430140757e-05,0.004574644844979048,0.0011883062543347478,2.0893992768833414e-05,0.7879719138145447,0.1961832195520401,polyps/36afa3ba-ad19-467a-af3a-549250e5b473.jpg
7,7,ulcerative-colitis,ulcerative-colitis,True,0.0005652968538925052,0.00014292355626821518,5.7202716561732814e-05,0.002650412730872631,4.127810461795889e-05,0.00036614679265767336,0.01244114525616169,0.9837355613708496,ulcerative-colitis/88035563-df5b-4f9b-8289-b2a8e4e8ef4a.jpg
3,3,normal-cecum,normal-cecum,True,0.0160500667989254,0.0035408681724220514,0.0001104435432353057,0.8161066770553589,0.0015563580673187971,0.0017808168195188046,0.15904322266578674,0.001811472699046135,normal-cecum/3238cd25-1518-4165-9d90-e2be06312a76.jpg
5,5,normal-z-line,normal-z-line,True,0.01687728799879551,0.013125709258019924,0.11284753680229187,0.0017463593976572156,0.24772968888282776,0.5087331533432007,0.09544426202774048,0.003496011486276984,normal-z-line/2c79764a-6ea8-4cd8-8d84-a8d87b7b53b1.jpg
5,4,normal-z-line,normal-pylorus,False,0.0011358509073033929,0.00020407592819537967,0.0744888186454773,7.554014155175537e-05,0.483264297246933,0.414945125579834,0.024635503068566322,0.0012507271021604538,normal-z-line/391aa9af-07ae-4ae3-8a6c-ddf967145603.jpg
0,0,dyed-lifted-polyps,dyed-lifted-polyps,True,0.9733043909072876,0.026273321360349655,5.65839900446008e-06,1.6493102521053515e-05,2.7559767801221824e-08,9.505985872237943e-06,0.00038469480932690203,5.972130111331353e-06,dyed-lifted-polyps/73932b1b-fd8d-48bd-a788-efd3b7f7409b.jpg
7,7,ulcerative-colitis,ulcerative-colitis,True,0.02690037153661251,0.07192693650722504,0.01273475680500269,0.07327979058027267,0.00023917548242025077,0.006122702732682228,0.028716929256916046,0.7800794243812561,ulcerative-colitis/ae68bef5-8ca4-42fd-a275-d34ee4ea8c14_00000636.jpg
2,2,esophagitis,esophagitis,True,0.0009990516118705273,0.002941286191344261,0.5810704827308655,7.676598033867776e-05,0.03710697591304779,0.18696485459804535,0.1780949980020523,0.012745456770062447,esophagitis/ec2bd839-2704-4101-9704-8fb0e9c6524a.jpg
7,7,ulcerative-colitis,ulcerative-colitis,True,0.006856811698526144,0.0019322439329698682,2.21402951865457e-05,0.32238641381263733,0.008195044472813606,0.0015146279474720359,0.20131978392601013,0.45777300000190735,ulcerative-colitis/7a1032e2-84e3-44cb-b570-16c697a80ae4.jpg
3,3,normal-cecum,normal-cecum,True,0.01830941066145897,0.00587374297901988,8.295617590192705e-06,0.8099568486213684,0.007937297224998474,4.608740346156992e-05,0.15648049116134644,0.0013877979945391417,normal-cecum/21fb4d5e-ca0d-45a7-9c6c-780e2591b57e.jpg
7,7,ulcerative-colitis,ulcerative-colitis,True,0.002600249834358692,0.0014261759351938963,4.241822534822859e-05,0.01622646488249302,0.00216042366810143,0.00047706993063911796,0.02312648296356201,0.9539406895637512,ulcerative-colitis/2dcadd3f-12d3-4cbf-b5d0-2f4b1bfe51b9.jpg
1,1,dyed-resection-margins,dyed-resection-margins,True,0.11987075209617615,0.8800894618034363,1.8305510820937343e-05,1.3078066274374578e-07,5.543395520390959e-09,4.938438451063121e-06,1.968754077097401e-06,1.4499437384074554e-05,dyed-resection-margins/6bc45c69-8764-4380-bae9-9181692739b9.jpg
2,5,esophagitis,normal-z-line,False,0.0006418368429876864,0.00022813161194790155,0.27000030875205994,6.908149225637317e-05,0.18081234395503998,0.5182735919952393,0.0276910699903965,0.002283709356561303,esophagitis/cf6f6ddd-7133-4daf-89c6-2c967bd08969.jpg
7,7,ulcerative-colitis,ulcerative-colitis,True,0.0005144317401573062,0.0005314534064382315,4.060906576341949e-06,7.667744284844957e-06,1.93919754565286e-06,3.5276028143016447e-07,0.0018995568389073014,0.9970404505729675,ulcerative-colitis/c8546c4f-3fe5-4274-b5c8-5f40993d50a8.jpg
3,3,normal-cecum,normal-cecum,True,0.005541656631976366,0.0014210058143362403,0.00017613025556784123,0.9810478091239929,3.9141046727309003e-05,0.0001956173509825021,0.009435993619263172,0.0021426344756036997,normal-cecum/34a3ba05-50ed-4e0d-b02c-3b32a720279b.jpg
2,2,esophagitis,esophagitis,True,0.001590072875842452,0.0008133241790346801,0.6228499412536621,1.0622233276080806e-05,0.001642960007302463,0.3714497983455658,0.0013123926473781466,0.0003308664308860898,esophagitis/c7ea0395-7b19-4451-939a-e5f99c41a680.jpg
3,3,normal-cecum,normal-cecum,True,0.0107336500659585,0.00818067230284214,2.1907088012085296e-05,0.9363105893135071,0.0019397002179175615,0.0004278660926502198,0.040882598608732224,0.0015029135392978787,normal-cecum/dc7130b5-34c7-4169-9b9c-57b962625b22.jpg
4,4,normal-pylorus,normal-pylorus,True,0.0006593543221242726,0.00044797200825996697,0.01772298477590084,4.1891449654940516e-05,0.9255708456039429,0.05438706651329994,0.0010427109664306045,0.000127087565488182,normal-pylorus/fce1f69b-f46a-41c7-9424-487aed1b69c2.jpg
2,5,esophagitis,normal-z-line,False,0.0027505550533533096,0.001346600940451026,0.2878197133541107,0.000542373105417937,0.07085157930850983,0.6147118210792542,0.01914871670305729,0.0028286208398640156,esophagitis/936144be-2bd4-4cc5-9fe5-1d79b4edea25.jpg
6,6,polyps,polyps,True,0.017801892012357712,0.004569055046886206,3.524679777910933e-05,0.01158843468874693,4.6042441681493074e-05,0.0002031292242463678,0.9604548811912537,0.005301341414451599,polyps/fe59cfff-f9ea-42d6-bf6a-f7138bd7ae97.jpg
0,6,dyed-lifted-polyps,polyps,False,0.20637425780296326,0.2729688882827759,0.0008876569336280227,0.011180050671100616,0.011066840961575508,0.008958385325968266,0.46605318784713745,0.02251068502664566,dyed-lifted-polyps/8cd0e7d2-661f-4de6-8755-ac4b086e7d86.jpg
5,5,normal-z-line,normal-z-line,True,2.5975716198445298e-05,0.00027467618929222226,0.1737440973520279,1.6446584538698517e-08,0.00040075546712614596,0.8255365490913391,9.781761036720127e-06,8.180374607036356e-06,normal-z-line/d58e4d2d-0bff-4529-ac26-d4af1c0869d2.jpg
3,3,normal-cecum,normal-cecum,True,0.0004296780389267951,0.000803877308499068,4.096326847502496e-06,0.9750037789344788,0.000318064441671595,4.9831567594083026e-05,0.021387368440628052,0.002003369852900505,normal-cecum/5da558c7-0e7e-40ab-8363-e263e22b64f9.jpg
1,1,dyed-resection-margins,dyed-resection-margins,True,0.10767524689435959,0.884762704372406,5.1173446991015226e-06,0.007129510398954153,1.03242855402641e-05,4.4520744268083945e-05,0.0002760589704848826,9.647758997743949e-05,dyed-resection-margins/16ce4c26-8983-46cc-be67-43f809211334.jpg
1,0,dyed-resection-margins,dyed-lifted-polyps,False,0.885607898235321,0.11406931281089783,5.997624612064101e-06,0.00011381931835785508,1.4962398608986405e-07,1.3846447473042645e-05,0.00017677873256616294,1.2327211152296513e-05,dyed-resection-margins/6bdfadc1-6ccb-4040-a1b1-825c1a1292b5.jpg
0,0,dyed-lifted-polyps,dyed-lifted-polyps,True,0.9946216344833374,0.00438988022506237,3.396972897462547e-05,1.2970100726761302e-07,2.0614155005205248e-07,3.432191761021386e-06,0.0009490161319263279,1.7284284012930584e-06,dyed-lifted-polyps/48c4bde0-ad74-4007-bcda-1582fe870b06.jpg
5,5,normal-z-line,normal-z-line,True,0.0001264151360373944,5.992141450406052e-05,0.0298321433365345,1.5060413716128096e-05,0.009830210357904434,0.9597156047821045,0.00016585511912126094,0.00025482792989350855,normal-z-line/c38ae957-4556-4993-b0e0-7e2cde4f62c1.jpg
5,5,normal-z-line,normal-z-line,True,2.344475251447875e-05,5.13976101501612e-06,0.10993564128875732,1.4834208741376642e-06,0.0035561909899115562,0.8854559659957886,0.00038514056359417737,0.0006369430338963866,normal-z-line/e9db23b7-b19c-4bd4-9b2d-2166b036d095.jpg
2,2,esophagitis,esophagitis,True,4.438948508322937e-06,7.084384560585022e-05,0.995895504951477,1.1615247430540876e-08,7.286709546860948e-07,0.001288145431317389,8.109352620522259e-07,0.002739407354965806,esophagitis/942c3b8a-7b96-4722-8b49-cdb582d6fdf7.jpg
4,4,normal-pylorus,normal-pylorus,True,0.0005568431806750596,0.0002851466415449977,0.00384520017541945,0.00110772589687258,0.9796366691589355,0.00022479324252344668,0.01425075437873602,9.297284850617871e-05,normal-pylorus/8a26ecf7-2a97-4c74-8ecb-b1806b362131.jpg
7,7,ulcerative-colitis,ulcerative-colitis,True,0.16563935577869415,0.22945599257946014,0.0017856754129752517,0.02760561928153038,0.00025409911177121103,0.0002529237244743854,0.0759880468249321,0.49901822209358215,ulcerative-colitis/ae68bef5-8ca4-42fd-a275-d34ee4ea8c14_00000224.jpg
1,1,dyed-resection-margins,dyed-resection-margins,True,0.45430177450180054,0.540536105632782,8.520328992744908e-05,5.272640009934548e-06,0.00013682352437172085,0.0034479177556931973,0.001357928616926074,0.00012894830433651805,dyed-resection-margins/2431034c-f6e2-48af-9f81-c16681ab7654.jpg
1,1,dyed-resection-margins,dyed-resection-margins,True,0.014621403068304062,0.9850631952285767,5.300472184899263e-05,7.804657116139424e-07,2.558701872601432e-08,5.805196997243911e-05,6.575914085260592e-06,0.00019695109222084284,dyed-resection-margins/36d2ba41-d489-4bee-a164-97cded7319b6.jpg
1,1,dyed-resection-margins,dyed-resection-margins,True,0.14884331822395325,0.8496778607368469,0.0001087575510609895,6.533669511554763e-05,3.6659199395217e-05,0.001001223805360496,4.3417123379185796e-05,0.00022330206411425024,dyed-resection-margins/1d396354-b660-47ab-9d7c-330c1260e6f6.jpg
6,6,polyps,polyps,True,0.00948216300457716,0.01352672092616558,0.0026113425847142935,0.040635135024785995,0.006580095738172531,0.0013638748787343502,0.9034083485603333,0.022392315790057182,polyps/b7c6d24e-d670-4012-9def-23d4429d9a19.jpg
7,7,ulcerative-colitis,ulcerative-colitis,True,5.925726509303786e-05,0.00011815120524261147,1.9789253201452084e-05,0.0017879134975373745,0.0002716007293201983,0.00019456502923276275,0.0011085770092904568,0.9964399933815002,ulcerative-colitis/0046dd24-a4c0-4923-a07a-15be898182e2.jpg
1,1,dyed-resection-margins,dyed-resection-margins,True,0.4515209496021271,0.5115029811859131,2.5874234779621474e-05,0.03259457275271416,0.00019880663603544235,0.00020244537154212594,0.0032866853289306164,0.0006677089259028435,dyed-resection-margins/3a01ac6e-a859-44fd-9858-4281ed868f74.jpg
7,7,ulcerative-colitis,ulcerative-colitis,True,0.0010079669300466776,0.0009679342620074749,2.0592076907632872e-05,0.004771087318658829,0.00013678385585080832,7.253451622091234e-05,0.06432223320007324,0.9287009239196777,ulcerative-colitis/13c874a6-6508-4870-a569-0949f4ff1ab7.jpg
3,3,normal-cecum,normal-cecum,True,0.001871695974841714,0.00036239527980796993,5.138727829034906e-06,0.7978370785713196,0.004785194061696529,0.0002068563480861485,0.05926797166466713,0.135663703083992,normal-cecum/ae4a6a20-cc3f-4e91-884f-0b5dc21001d3.jpg
4,4,normal-pylorus,normal-pylorus,True,0.0003058900765608996,0.00017457446665503085,0.004405598621815443,1.6712263459339738e-05,0.721727192401886,0.27244845032691956,0.0008309765253216028,9.055023838300258e-05,normal-pylorus/7da4b6f7-6a5d-4ae2-8d2f-08542725080f.jpg
7,7,ulcerative-colitis,ulcerative-colitis,True,0.0004414449504110962,0.00016495914314873517,0.00022556877229362726,2.841378591256216e-05,8.827361307339743e-05,9.550216782372445e-05,0.00442306324839592,0.9945327043533325,ulcerative-colitis/4289c63c-6ca8-42e9-aa54-dbdf7fdad3a8.jpg
3,3,normal-cecum,normal-cecum,True,0.0031841418240219355,0.0017240612069144845,1.4704342902405187e-05,0.9889222383499146,1.8583972632768564e-05,1.0765111255750526e-05,0.004961968399584293,0.0011635742848739028,normal-cecum/c47b27b9-e9ca-40c7-8888-e28407130720.jpg
2,2,esophagitis,esophagitis,True,0.0008440898382104933,0.0014210089575499296,0.3618324100971222,1.0378244041930884e-05,0.3576622009277344,0.2744971513748169,0.0022948612459003925,0.0014379356289282441,esophagitis/06bf814c-3ade-4a4c-812e-a4bd2ff569d9.jpg
0,1,dyed-lifted-polyps,dyed-resection-margins,False,0.4263801574707031,0.573483943939209,1.8487648048903793e-05,5.699396297131898e-06,1.1470152685433277e-06,4.000677290605381e-05,6.652880983892828e-06,6.399157427949831e-05,dyed-lifted-polyps/4b5b559b-2603-4181-b0e6-433b9365f68e.jpg
1,1,dyed-resection-margins,dyed-resection-margins,True,0.029005223885178566,0.9685444235801697,0.000461709190858528,4.386544333101483e-06,8.976482604339253e-06,0.00011730031837942079,0.0014862468233332038,0.00037168432027101517,dyed-resection-margins/14110694-9cf3-4dc6-a63c-b2e10c19633b.jpg
1,1,dyed-resection-margins,dyed-resection-margins,True,0.029399171471595764,0.9705727696418762,1.3351082998269703e-05,4.1168453890350065e-07,3.0057087485602096e-08,6.593281341338297e-06,9.142997896560701e-07,6.79664753988618e-06,dyed-resection-margins/9faf1303-c0e4-482b-a25a-11f39c8e0f33.jpg
2,2,esophagitis,esophagitis,True,0.0005123835289850831,0.0027746648993343115,0.9651800990104675,1.960084546226426e-06,0.0001954827894223854,0.029899420216679573,4.109007568331435e-05,0.001394889084622264,esophagitis/5bc98f3f-7bde-4163-b936-5c80c847d5c3.jpg
2,2,esophagitis,esophagitis,True,0.014428496360778809,0.009523984044790268,0.83675217628479,0.0008809568244032562,0.022576166316866875,0.0262669138610363,0.08349423110485077,0.006077112630009651,esophagitis/a3d9f1de-d7bb-4e24-8676-5c7c6f1ef0cf.jpg
0,0,dyed-lifted-polyps,dyed-lifted-polyps,True,0.9617412090301514,0.03663723170757294,5.3768089856021106e-05,1.627741568199781e-07,8.788430250206147e-08,3.003468009410426e-06,0.0015486361226066947,1.5799874745425768e-05,dyed-lifted-polyps/df7bdf5b-167f-4ab4-b418-496a6538d475.jpg
1,1,dyed-resection-margins,dyed-resection-margins,True,0.034999631345272064,0.9631999135017395,0.00015211058780550957,2.2391775473806774e-06,3.6939047731721075e-07,0.0002764635719358921,7.504785025957972e-05,0.0012942057801410556,dyed-resection-margins/0a3e9cb8-fb1b-4849-97e0-dbf433bad813.jpg
3,3,normal-cecum,normal-cecum,True,0.0015841822605580091,0.0011468071024864912,6.886234587000217e-06,0.9839963316917419,0.0019837983418256044,0.00014265134814195335,0.004786371253430843,0.006352923810482025,normal-cecum/0ee6110f-c4dc-4fd6-9bad-bd2240f84849.jpg
7,7,ulcerative-colitis,ulcerative-colitis,True,0.013680406846106052,0.012809478677809238,0.0026229682844132185,0.00799540989100933,0.00026148970937356353,0.005466219037771225,0.006002579350024462,0.9511615037918091,ulcerative-colitis/16f78b82-2015-4006-966d-c95ccee181ae.jpg
6,6,polyps,polyps,True,0.15120229125022888,0.07116726785898209,0.0017868495779111981,0.041223082691431046,0.0007486320100724697,0.017645278945565224,0.716077446937561,0.0001492632582085207,polyps/2647375e-0e9a-4b90-9f05-dc537c572448.jpg
5,2,normal-z-line,esophagitis,False,8.652218821225688e-05,0.0004479782946873456,0.8433844447135925,0.00010775575356092304,0.0006712270551361144,0.1542411744594574,7.116232154658064e-05,0.0009897201089188457,normal-z-line/7b43791a-6a4f-4699-8d80-3a673b62637e.jpg
5,5,normal-z-line,normal-z-line,True,0.008718735538423061,0.004193436354398727,0.2969568967819214,2.900244680859032e-06,0.052111346274614334,0.6335397958755493,0.004421816673129797,5.502655767486431e-05,normal-z-line/5fbceba3-f8d3-48bc-966a-eec03b425fb2.jpg
2,2,esophagitis,esophagitis,True,0.025189001113176346,0.00595354288816452,0.40804997086524963,0.0011029122397303581,0.0844825953245163,0.38197749853134155,0.08751312643289566,0.005731333512812853,esophagitis/ee9948d8-36f7-47b8-9424-999071cc0c7a.jpg
3,3,normal-cecum,normal-cecum,True,0.0021964351180940866,0.0009455970139242709,9.054290785570629e-06,0.9929662942886353,9.814239456318319e-05,9.34317140490748e-05,0.0028815947007387877,0.0008094328222796321,normal-cecum/2522f32b-d8e1-4821-83d4-40b66d4dfc79.jpg
4,4,normal-pylorus,normal-pylorus,True,0.0003416173276491463,0.00010703514271881431,0.020069101825356483,0.00012862800213042647,0.8831617832183838,0.08752749860286713,0.00575958052650094,0.0029047399293631315,normal-pylorus/5f01c7bb-cb96-47ec-bb6f-95bbaaf6592b.jpg
6,6,polyps,polyps,True,0.026699865236878395,0.002753776963800192,9.681132360128686e-05,0.03453020378947258,0.00012028455239487812,0.0008797718328423798,0.9343271851539612,0.0005920542753301561,polyps/4ef71fd3-2d23-4d6a-92b7-a41b2a42c506.jpg
6,6,polyps,polyps,True,0.10785319656133652,0.010528645478188992,0.0002078553516184911,0.16759748756885529,0.001853632740676403,0.0033018493559211493,0.6556984782218933,0.052958857268095016,polyps/55cbb2b1-779a-42cf-bec8-5b9647740fab.jpg
4,4,normal-pylorus,normal-pylorus,True,0.0015600040787830949,0.00019911800336558372,0.004909381736069918,0.0004655304364860058,0.9130765795707703,0.007831169292330742,0.07171010971069336,0.00024807354202494025,normal-pylorus/7b90f671-e163-4c78-93c4-604ef72b8d3d.jpg
6,6,polyps,polyps,True,0.0002147644554497674,0.00012689799768850207,1.6230398614425212e-05,0.0027094362303614616,0.006980178412050009,0.00013692525681108236,0.9822437167167664,0.007571761962026358,polyps/c6b88fab-1a32-4e2c-a192-83bc8a4c9e96.jpg
3,3,normal-cecum,normal-cecum,True,0.0016599454684183002,0.0014233108377084136,3.568912507034838e-05,0.977790355682373,0.0005597067065536976,0.0003347703895997256,0.003415099112316966,0.014781063422560692,normal-cecum/e8437829-a5d6-4dd5-a2bb-be094b311ee8.jpg
3,3,normal-cecum,normal-cecum,True,0.010768303647637367,0.0008642628672532737,9.886526640912052e-06,0.449174702167511,0.0004922585212625563,0.00010159415251109749,0.3147730231285095,0.2238159030675888,normal-cecum/9f0d036c-d792-4876-ab8a-cf86bb4f804d.jpg
2,2,esophagitis,esophagitis,True,0.0050513301976025105,0.002862626453861594,0.9018824696540833,0.0002994311507791281,0.0018116665305569768,0.04584841430187225,0.004420288372784853,0.037823814898729324,esophagitis/cc4ea119-4407-483f-af61-96c18d5a525a.jpg
2,2,esophagitis,esophagitis,True,1.0233461580355652e-05,0.0002025778085226193,0.9403205513954163,1.0029782515630359e-06,0.0077201444655656815,0.05068268999457359,4.6560024202335626e-05,0.0010162717662751675,esophagitis/ceb91887-a328-4d20-8792-d4626d726a9f.jpg
0,0,dyed-lifted-polyps,dyed-lifted-polyps,True,0.8803660869598389,0.06256302446126938,0.00012530472304206342,0.00322214188054204,0.00042027438757941127,0.0005856411880813539,0.045209746807813644,0.007507704198360443,dyed-lifted-polyps/ede60e54-62b9-415f-88d0-c7629204a535.jpg
6,6,polyps,polyps,True,0.006511195097118616,0.0035926441196352243,0.00035783916246145964,0.006020197179168463,0.005950416903942823,0.0011622519232332706,0.9025203585624695,0.07388517260551453,polyps/5736b0a2-ff0f-4e02-8caa-5be2d0373f17.jpg
6,6,polyps,polyps,True,0.027101894840598106,0.0027355661150068045,0.0006596776656806469,6.518382724607363e-05,1.2491315828810912e-05,3.3528522180859e-05,0.8173171877861023,0.15207439661026,polyps/1c236874-556c-402d-9709-c5c1672ec14a.jpg
1,0,dyed-resection-margins,dyed-lifted-polyps,False,0.360646516084671,0.23235629498958588,0.024345707148313522,0.00041715704719536006,0.0007669107872061431,0.14242400228977203,0.16141851246356964,0.0776248648762703,dyed-resection-margins/026c7b7a-f09e-424a-a27f-3b6081ed8187.jpg
2,2,esophagitis,esophagitis,True,0.0003887511556968093,0.002021992113441229,0.9768409729003906,3.7263507124407624e-07,0.0008124937303364277,0.019826319068670273,9.297757787862793e-05,1.6096653780550696e-05,esophagitis/71a4671e-3257-4b64-9a8b-2d0b154ed7d0.jpg
0,0,dyed-lifted-polyps,dyed-lifted-polyps,True,0.7638190984725952,0.2351447194814682,1.8732083844952285e-05,4.280841676518321e-05,8.54699537740089e-05,0.00017982344434130937,9.882158337859437e-05,0.0006104721687734127,dyed-lifted-polyps/be11d2cd-bbcd-4386-9ca5-1a593e0abeb7.jpg
1,1,dyed-resection-margins,dyed-resection-margins,True,0.2307274490594864,0.7691344022750854,2.97097212751396e-05,1.8132935792891658e-06,3.392933649593033e-07,8.365946268895641e-05,7.203369477792876e-06,1.548533509776462e-05,dyed-resection-margins/7bf3b766-0faf-44cb-8a6b-a43dcfd747c6.jpg
7,7,ulcerative-colitis,ulcerative-colitis,True,0.0027411181945353746,0.0012350811157375574,0.0016682222485542297,0.0003363362920936197,0.0001528264256194234,0.0022917112801223993,0.0028682693373411894,0.9887063503265381,ulcerative-colitis/4779a0e4-c0bf-4d57-b368-e302066453fc.jpg
3,3,normal-cecum,normal-cecum,True,0.015921203419566154,0.011589008383452892,5.5114462156780064e-05,0.6964424848556519,0.0001096133200917393,0.0012688954593613744,0.01223381981253624,0.26237979531288147,normal-cecum/ef369301-5dab-4ac2-b904-21b2b76c7af2.jpg
1,1,dyed-resection-margins,dyed-resection-margins,True,0.03820011019706726,0.9614333510398865,6.602297071367502e-05,2.3429944121744484e-05,5.74119076190982e-06,6.429316999856383e-05,5.007942490919959e-06,0.00020203200983814895,dyed-resection-margins/98c057ef-0b40-4856-ba3f-4fffd9cf7523.jpg
1,1,dyed-resection-margins,dyed-resection-margins,True,0.03361242637038231,0.9663424491882324,5.04080526297912e-06,1.4792453839618247e-07,9.234498747900943e-07,3.663109600893222e-05,2.3516572582593653e-06,3.3115927777771503e-08,dyed-resection-margins/cc5b2860-feeb-44d5-a63b-6ecf53c284a1.jpg
6,6,polyps,polyps,True,0.09752699732780457,0.00194410583935678,7.98083929112181e-05,0.0005095741362310946,0.00015814651851542294,0.00010410038521513343,0.8996320366859436,4.526006887317635e-05,polyps/dda7130c-c4e6-4af6-bb36-e0f014cbd1b4.jpg
0,1,dyed-lifted-polyps,dyed-resection-margins,False,0.39251330494880676,0.6064113974571228,0.00012234959285706282,0.0002536100219003856,1.6838823285070248e-05,6.212562584551051e-05,0.0001067645862349309,0.0005136509425938129,dyed-lifted-polyps/0d53b1bb-ed38-4458-8e88-729d5fe4939e.jpg
3,3,normal-cecum,normal-cecum,True,0.00026892899768427014,0.00014815243775956333,9.700661962597223e-08,0.9988929629325867,2.6308649466955103e-05,1.7538889096613275e-06,0.0005003389087505639,0.00016141920059453696,normal-cecum/4d9dce53-63cd-48ad-b17c-53aa9e618b1f.jpg
2,2,esophagitis,esophagitis,True,0.004548010881990194,0.001839177217334509,0.48302921652793884,0.00011438605724833906,0.03239342197775841,0.4425050914287567,0.029802829027175903,0.005767874885350466,esophagitis/c193c807-efb9-4478-9bca-26d4834d19ef.jpg
2,2,esophagitis,esophagitis,True,0.00024451236822642386,0.00019241661357227713,0.6465798616409302,3.7178921047598124e-05,0.01887592114508152,0.32820719480514526,0.004470547195523977,0.0013923401711508632,esophagitis/20fe3c22-9cac-4196-aa4a-aabf6d015bfa.jpg
2,2,esophagitis,esophagitis,True,0.0013394377892836928,0.002978307195007801,0.806045651435852,1.0640571872500004e-06,0.11594963818788528,0.02923716977238655,9.235824836650863e-05,0.04435638338327408,esophagitis/9a8c5e49-24d9-4d03-bc17-3f81fef07add.jpg
0,0,dyed-lifted-polyps,dyed-lifted-polyps,True,0.4819122552871704,0.053231656551361084,0.0015530961100012064,0.0018187289824709296,0.0001435534650227055,0.0006933023105375469,0.45692846179008484,0.003718988737091422,dyed-lifted-polyps/e79b8bda-a6df-42a0-8e72-ede05e1e8263.jpg
3,3,normal-cecum,normal-cecum,True,0.004974441137164831,0.0012137095909565687,6.047298484190833e-06,0.8590737581253052,0.00022917981550563127,0.00011069483298342675,0.1332550346851349,0.0011371325235813856,normal-cecum/249eb342-8e7d-4dab-9813-cc6983538d6c.jpg
1,1,dyed-resection-margins,dyed-resection-margins,True,0.16717565059661865,0.8240712881088257,0.0015332014299929142,0.0008155041723512113,0.00023105235595721751,0.0009418861009180546,0.0013648298336192966,0.0038665789179503918,dyed-resection-margins/b520d99c-7330-4c7a-a2d8-8dc031ea70de.jpg
7,7,ulcerative-colitis,ulcerative-colitis,True,0.006206020712852478,0.0059731630608439445,0.0006741908728145063,0.22470487654209137,0.01547987200319767,0.012051748111844063,0.2559831738471985,0.47892701625823975,ulcerative-colitis/cd67c8de-0523-4751-bffa-a62f485b6836.jpg
6,6,polyps,polyps,True,0.005189043469727039,0.0012279050424695015,8.577851258451119e-05,0.0030385972931981087,0.005210865754634142,0.0001191611954709515,0.9470778703689575,0.03805067390203476,polyps/7c5031b5-5f93-479b-a2bd-61736f1ee140.jpg
3,3,normal-cecum,normal-cecum,True,0.016420623287558556,0.002371828304603696,1.5492289094254375e-05,0.8969504237174988,0.0005265765357762575,0.00031525263329967856,0.06846620887517929,0.014933548867702484,normal-cecum/a98d59d6-8d81-4a17-89da-0974dcf69314.jpg
7,7,ulcerative-colitis,ulcerative-colitis,True,0.023406684398651123,0.01422883290797472,0.004104035906493664,0.012276237830519676,0.00015337570221163332,0.000123824123875238,0.006007740274071693,0.9396992921829224,ulcerative-colitis/ae68bef5-8ca4-42fd-a275-d34ee4ea8c14_00001262.jpg
7,7,ulcerative-colitis,ulcerative-colitis,True,6.0135400417493656e-05,9.148162644123659e-05,4.028054536320269e-05,5.052648930359283e-07,3.5400764318183064e-05,3.466437919996679e-05,0.001639003399759531,0.9980985522270203,ulcerative-colitis/399fdb43-e36d-41ec-8e1a-44b19a40fcd3.jpg
2,2,esophagitis,esophagitis,True,0.0011068165767937899,0.0008597967680543661,0.953683078289032,1.530454210296739e-05,0.001184751046821475,0.04212430119514465,0.000590431154705584,0.0004354693228378892,esophagitis/3bc675d6-d621-4ade-b2ec-547ac0190c55.jpg
7,3,ulcerative-colitis,normal-cecum,False,0.008084294386208057,0.005333907436579466,1.4092913261265494e-05,0.646156370639801,0.00022236643417272717,2.9104081477271393e-05,0.01308363676071167,0.3270761966705322,ulcerative-colitis/149de8d0-1ba3-46d4-b73c-e0630f0089cc.jpg
4,4,normal-pylorus,normal-pylorus,True,4.7394187276950106e-05,0.00012920763401780277,0.012010758742690086,0.00011767036630772054,0.9674521088600159,0.015722371637821198,0.0006724268896505237,0.0038479608483612537,normal-pylorus/d502f96d-1c6b-4acd-9979-41368802afe2.jpg
5,5,normal-z-line,normal-z-line,True,0.014043097384274006,0.003307850332930684,0.2467067539691925,0.0013174985069781542,0.09323758631944656,0.5982744097709656,0.038668714463710785,0.004444077145308256,normal-z-line/22ab6f07-f4c3-4afa-a42f-06d43bc901be.jpg
3,3,normal-cecum,normal-cecum,True,0.0010891958372667432,0.0002224520721938461,5.081337803858332e-07,0.925477147102356,0.0005235459539107978,3.1530305477645015e-06,0.06760266423225403,0.005081352312117815,normal-cecum/7ba25e62-95ef-4dcf-812d-b81c6edd2f96.jpg
0,0,dyed-lifted-polyps,dyed-lifted-polyps,True,0.5784512162208557,0.42015281319618225,8.587107913626824e-06,0.0006265919073484838,4.855349743593251e-06,0.00025679473765194416,0.0003743017732631415,0.00012489802611526102,dyed-lifted-polyps/4eadf508-81de-4705-9738-6ac33abc1cb0.jpg
6,6,polyps,polyps,True,0.05752783641219139,0.011866407468914986,8.754960435908288e-05,0.2130420058965683,0.10465836524963379,0.004398707766085863,0.5837141871452332,0.02470492571592331,polyps/74cfb908-fdb4-42d1-ad51-1c9ec68a8186.jpg
5,5,normal-z-line,normal-z-line,True,4.7965688281692564e-05,1.7798442058847286e-05,0.05738832801580429,1.5294589275072212e-06,0.0003657445777207613,0.9420451521873474,2.9261502277222462e-05,0.00010423849016660824,normal-z-line/cfcb08a4-7687-4cc1-a165-cf8489c84609.jpg
1,1,dyed-resection-margins,dyed-resection-margins,True,0.05765155330300331,0.9419573545455933,8.198818250093609e-05,2.7520753064891323e-05,2.9133927455404773e-05,0.00012972297554370016,2.6717156288214028e-05,9.600063640391454e-05,dyed-resection-margins/1965c755-1ba7-4e4f-86cc-39623f740fc5.jpg
3,3,normal-cecum,normal-cecum,True,0.0023531029000878334,0.0018622938077896833,8.550312486477196e-06,0.9702862501144409,0.0008057348895817995,0.00011882367834914476,0.016787337139248848,0.007777783554047346,normal-cecum/aeaa8d18-4313-49b0-b88c-273c9400707d.jpg
7,7,ulcerative-colitis,ulcerative-colitis,True,0.0010767846833914518,0.0008236526045948267,0.004071660339832306,2.9556235858763102e-06,0.0006628372939303517,0.00023316401347983629,0.000342871411703527,0.9927859902381897,ulcerative-colitis/15828fa5-ee5b-404e-8c4a-d710f1a0f54a.jpg
6,6,polyps,polyps,True,0.023264681920409203,0.001441977103240788,0.0021538531873375177,8.531573257641867e-05,0.00022882004850544035,0.0030530295334756374,0.9629436135292053,0.006828728597611189,polyps/cb91e19e-83b2-474b-b7ee-cf283ea21d7a.jpg
4,4,normal-pylorus,normal-pylorus,True,3.230955917388201e-05,5.7027340517379344e-05,0.006325226277112961,1.6310987405177002e-07,0.987818717956543,0.0036114128306508064,0.00017873595061246306,0.00197643437422812,normal-pylorus/6755bb82-8580-4d64-857f-d456facf8685.jpg
0,1,dyed-lifted-polyps,dyed-resection-margins,False,0.24504199624061584,0.7491428256034851,0.001062616240233183,9.426705219084397e-06,3.6906021705362946e-05,0.0009829590562731028,0.0002434343914501369,0.0034798244014382362,dyed-lifted-polyps/23b2f181-4cd7-4a89-b157-16a6d275c0e1.jpg
1,1,dyed-resection-margins,dyed-resection-margins,True,0.12244522571563721,0.8734135031700134,0.00038340649916790426,3.864811878884211e-05,0.0012755850329995155,0.002007699804380536,0.00022043928038328886,0.00021546921925619245,dyed-resection-margins/c078c82b-1fbd-47a5-b8c4-b77140b51e8f.jpg
5,2,normal-z-line,esophagitis,False,2.2904041543370113e-05,0.00014280161121860147,0.5132017135620117,1.9822512342670962e-07,0.00018355160136707127,0.4858684241771698,0.0003894186520483345,0.00019106725812889636,normal-z-line/7f82012e-69ff-45ed-9a52-95e87cc4558b.jpg
3,3,normal-cecum,normal-cecum,True,0.0024123394396156073,0.0008767668041400611,1.0599205779726617e-05,0.9747276902198792,0.003001983044669032,8.705379877937958e-05,0.017003711313009262,0.0018798456294462085,normal-cecum/e58c6c77-634b-4495-b602-fbc71501ebe1.jpg
2,2,esophagitis,esophagitis,True,0.0011659323936328292,0.00041630244231782854,0.47335466742515564,8.324187547259498e-06,0.24694211781024933,0.27282148599624634,0.005203600041568279,8.766219252720475e-05,esophagitis/b3f7e1e1-14c2-4e28-869d-4e53ff96cb7c.jpg
2,2,esophagitis,esophagitis,True,0.0006446467596106231,0.0010539231589064002,0.7588826417922974,0.00022853697009850293,0.008892829529941082,0.22653017938137054,0.001043122261762619,0.002724127843976021,esophagitis/9f8809a0-b6cb-440c-a031-a52f260002b6.jpg
4,4,normal-pylorus,normal-pylorus,True,0.00019360828446224332,0.00025507959071546793,0.0012378321262076497,2.460699761286378e-05,0.9904457330703735,0.0036175360437482595,0.0014542891876772046,0.0027713144663721323,normal-pylorus/9d648e67-48f2-4b9e-a376-b64bc51e2c66.jpg
5,5,normal-z-line,normal-z-line,True,0.001033941050991416,0.00046766261220909655,0.07380708307027817,7.91101047070697e-06,0.06310353428125381,0.8605082631111145,0.001011810963973403,5.976224201731384e-05,normal-z-line/dc9b693e-e9f6-45a0-a593-3c1482f45f70.jpg
1,1,dyed-resection-margins,dyed-resection-margins,True,0.09795200824737549,0.4763236343860626,0.005697257351130247,0.03987010940909386,0.000200036505702883,0.0022934002336114645,0.014783840626478195,0.36287975311279297,dyed-resection-margins/995ee031-9a2c-4568-87e3-269b8bb7db1e.jpg
4,4,normal-pylorus,normal-pylorus,True,0.0004045186215080321,0.0009864055318757892,0.0021734931506216526,0.0011095301015302539,0.978772759437561,0.0034669574815779924,0.005868269130587578,0.007218132261186838,normal-pylorus/d7d8577a-a9da-488e-bde8-f1d5e6fbce05.jpg
3,3,normal-cecum,normal-cecum,True,0.009892034344375134,0.002351312432438135,5.276103252072062e-07,0.9830670952796936,8.40649227029644e-05,2.618076450744411e-06,0.0044265915639698505,0.0001758301950758323,normal-cecum/06847293-7b3b-4b4e-96f1-aa144a5c725d.jpg
3,3,normal-cecum,normal-cecum,True,0.04447261616587639,0.02110753022134304,0.00019226240692660213,0.4718693792819977,0.006000833585858345,0.0015919030411168933,0.4285397231578827,0.026225712150335312,normal-cecum/5b41e2b1-7211-476b-8503-d69e0a4ac65b.jpg
6,6,polyps,polyps,True,0.02476600743830204,0.003118728054687381,0.00020115062943659723,0.19959113001823425,0.000532346370164305,0.0037071681581437588,0.7660519480705261,0.0020315551664680243,polyps/3bae4b0c-3fa7-4b05-9375-a342758b0b7f.jpg
3,3,normal-cecum,normal-cecum,True,0.0032596252858638763,0.0016486258246004581,0.00018386216834187508,0.7970185279846191,0.005249554757028818,0.002368960762396455,0.183454692363739,0.0068161520175635815,normal-cecum/626bff52-4732-4b19-b6f6-8d863b27f509.jpg
7,6,ulcerative-colitis,polyps,False,0.0034298980608582497,0.0020443086978048086,0.00035721855238080025,0.1902371644973755,0.0282279159873724,0.0021222282666713,0.46178871393203735,0.31179264187812805,ulcerative-colitis/7b484d6b-9018-4971-98c1-c7818abff639.jpg
5,5,normal-z-line,normal-z-line,True,5.4611111409030855e-05,4.3569845729507506e-05,0.10583093017339706,1.3328443628779496e-06,0.16136933863162994,0.7320763468742371,0.0004142114776186645,0.00020968586613889784,normal-z-line/8d8a4b72-68e9-4ed5-9160-32fb74fcef23.jpg
7,7,ulcerative-colitis,ulcerative-colitis,True,0.02103067748248577,0.004503066651523113,0.0005602866294793785,0.00027947392663918436,0.0010265042074024677,0.0002720765769481659,0.14384031295776367,0.8284876346588135,ulcerative-colitis/698f130b-41ff-414d-908c-8d8c0f82d4a8_00001607.jpg
1,1,dyed-resection-margins,dyed-resection-margins,True,0.23001155257225037,0.769986093044281,6.708696673740633e-07,2.159527223710711e-09,7.571542681716892e-08,1.0096174918317047e-07,1.5606073020535405e-06,1.0439291209252133e-08,dyed-resection-margins/5f1123af-e58f-46f4-96c4-83e16179cbd5.jpg
0,1,dyed-lifted-polyps,dyed-resection-margins,False,0.16717053949832916,0.8326212167739868,1.1192036254215054e-05,3.2844488941918826e-06,6.578846978300135e-07,8.487192826578394e-05,1.244517625309527e-05,9.574448631610721e-05,dyed-lifted-polyps/db83bddf-4368-4572-8e66-d52832ba1133.jpg
1,1,dyed-resection-margins,dyed-resection-margins,True,0.16779309511184692,0.8321593999862671,4.06550861953292e-06,7.845049367460888e-06,3.37015336526747e-07,3.511991508275969e-06,3.052730608033016e-05,1.2817114338758984e-06,dyed-resection-margins/a19ca4be-1887-4c78-b8e2-28c115fb1543.jpg
1,1,dyed-resection-margins,dyed-resection-margins,True,0.07724934071302414,0.8741753101348877,0.00010290276986779645,2.5762321456568316e-05,9.95685149973724e-06,8.930070180213079e-05,0.0006466858321800828,0.04770080745220184,dyed-resection-margins/400af79d-4386-4d62-b755-94acc38f1d3b.jpg
1,1,dyed-resection-margins,dyed-resection-margins,True,0.01966695673763752,0.9801441431045532,9.143394890998024e-06,4.2009842218249105e-06,3.98424572267686e-06,0.00015687441918998957,2.7354740268492606e-06,1.1911992260138504e-05,dyed-resection-margins/8513d335-0b58-43eb-8668-f6f836d1c8c1.jpg
4,4,normal-pylorus,normal-pylorus,True,0.0005138043197803199,0.0002887989685405046,0.00468343123793602,4.184184945188463e-06,0.9646350145339966,0.028163019567728043,0.0011291773989796638,0.0005825665430165827,normal-pylorus/7f5c1bbf-91da-4f41-a93f-97aae48334d0.jpg
7,7,ulcerative-colitis,ulcerative-colitis,True,0.0025514664594084024,0.0020595763344317675,0.002518356079235673,0.003880940843373537,0.0002184969198424369,0.0003618899208959192,0.010330813936889172,0.9780785441398621,ulcerative-colitis/209fd40a-5ded-4949-85d4-0f2b5e4e9b55.jpg
3,3,normal-cecum,normal-cecum,True,0.003733969060704112,0.004656781908124685,0.00017208901408594102,0.9425331354141235,0.00921587459743023,0.004679740872234106,0.016260702162981033,0.01874774508178234,normal-cecum/7770186e-096c-4f6c-aa2b-6cb65eb01ebe.jpg
5,5,normal-z-line,normal-z-line,True,0.0021548753138631582,0.001225628424435854,0.3436237573623657,2.776937208182062e-06,0.024021461606025696,0.624268114566803,0.004476342350244522,0.0002270480035804212,normal-z-line/bcbf5d0a-b3fb-49e4-b552-52d27ba85d17.jpg
0,1,dyed-lifted-polyps,dyed-resection-margins,False,0.23074284195899963,0.7692198157310486,3.856025614368264e-06,5.067362280897214e-07,3.1658692023484036e-06,2.35554557548312e-06,2.1768051738035865e-05,5.631271960737649e-06,dyed-lifted-polyps/a5302d7a-18f8-4c15-9daa-9b0777f855eb.jpg
6,6,polyps,polyps,True,0.03729291632771492,0.010854563675820827,8.867054566508159e-05,1.5675823306082748e-05,8.59702195157297e-05,4.7536752390442416e-05,0.9510258436203003,0.0005888264277018607,polyps/ae4323eb-7c93-4b2f-9ac1-4f1a63a416a8.jpg
5,5,normal-z-line,normal-z-line,True,0.00029360546614043415,0.0002930107875727117,0.17662851512432098,2.9468869797710795e-06,0.0015868574846535921,0.8184982538223267,0.002542058704420924,0.0001547631254652515,normal-z-line/f9482c46-c4d3-40f2-b8dd-c1b493ce2806.jpg
3,3,normal-cecum,normal-cecum,True,0.0015415926463901997,0.00021068539354018867,3.3321712180622853e-06,0.9481368660926819,0.0010985297849401832,9.615002636564896e-05,0.04097554832696915,0.007937224581837654,normal-cecum/68b57fc7-e33b-46f0-9c41-a64845b99638.jpg
4,4,normal-pylorus,normal-pylorus,True,4.964011168340221e-06,2.11505312108784e-06,0.000866456248331815,6.423517717735194e-09,0.9972803592681885,0.0018177124438807368,1.7899494196171872e-05,1.0407727131678257e-05,normal-pylorus/9cbebba1-1884-4778-a71c-7285fb4d0c7d.jpg
3,3,normal-cecum,normal-cecum,True,0.0002725326339714229,6.86675266479142e-05,4.0259865841107967e-07,0.9981696605682373,1.266029903490562e-05,4.225521934131393e-06,0.00047077357885427773,0.0010009607067331672,normal-cecum/3e41b720-3049-41d4-8d7c-f25c0c3c7bd9.jpg
0,0,dyed-lifted-polyps,dyed-lifted-polyps,True,0.997867226600647,0.002117584925144911,8.492103802382189e-07,5.658865376290123e-09,5.9718021638843766e-09,8.03390776127344e-07,1.3444074284052476e-05,1.922228776152224e-08,dyed-lifted-polyps/c73508ec-5bea-4f14-93d6-d881b19a5f59.jpg
1,1,dyed-resection-margins,dyed-resection-margins,True,0.014771201647818089,0.984572172164917,4.610395262716338e-05,5.7381294027436525e-05,1.7667527572484687e-05,0.0002969452179968357,0.00015606809756718576,8.24915841803886e-05,dyed-resection-margins/86fd3040-20c9-435f-9a2b-785742f1efb2.jpg
0,0,dyed-lifted-polyps,dyed-lifted-polyps,True,0.7799553871154785,0.19356656074523926,1.2565710676426534e-05,0.0005896140355616808,8.708683890290558e-05,2.292349199706223e-05,0.014279858209192753,0.01148601807653904,dyed-lifted-polyps/53a6b3c5-94a8-4701-a783-f9e705389983.jpg
6,6,polyps,polyps,True,0.004781102295964956,0.0051038023084402084,6.476228008978069e-06,0.02310621179640293,0.0012032196391373873,2.7351206881576218e-05,0.8567128777503967,0.10905903577804565,polyps/524e6499-363b-411a-b6ff-669f6d7862bb.jpg
5,5,normal-z-line,normal-z-line,True,0.0018889664206653833,0.0009531840332783759,0.32676398754119873,2.4337456125067547e-05,0.010324493050575256,0.6529149413108826,0.006299362983554602,0.0008308104006573558,normal-z-line/8a8b6d9e-c706-4bc1-a1fb-79cae9a16f07.jpg
5,5,normal-z-line,normal-z-line,True,0.0006709687877446413,0.0002789842546917498,0.10845886915922165,1.3730186765315011e-05,0.005583595018833876,0.8762821555137634,0.008604850620031357,0.00010682953870855272,normal-z-line/bbeac024-2127-4d84-ac8b-2f25e49a2c82.jpg
7,7,ulcerative-colitis,ulcerative-colitis,True,0.00012527509534265846,0.0010562489042058587,8.160315337590873e-05,0.0007929501007311046,4.599796375259757e-05,8.502841956214979e-05,0.004721947945654392,0.9930909872055054,ulcerative-colitis/5e8dcffd-2353-4422-b00c-ec45e09938e9.jpg
4,4,normal-pylorus,normal-pylorus,True,0.00019251891353633255,7.25003847037442e-05,0.0010722058359533548,0.00010905435919994488,0.9904639720916748,0.006109250243753195,0.0018509975634515285,0.0001294301764573902,normal-pylorus/163eef08-888d-4f3d-a0cd-004f56a9b827.jpg
6,6,polyps,polyps,True,0.004275594837963581,0.0008599719149060547,0.0010701593710109591,0.0002709568361751735,0.0012110302923247218,0.006250846199691296,0.8410912156105042,0.14497025310993195,polyps/0a98bcca-3046-4d9f-adf7-301ef4897e7a.jpg
1,1,dyed-resection-margins,dyed-resection-margins,True,0.00943401362746954,0.9896681308746338,9.797283382795285e-06,2.3518457510363078e-06,9.238441634806804e-06,5.400912414188497e-06,0.00010637574450811371,0.0007647215970791876,dyed-resection-margins/75a89326-2dc6-4ac3-b4e3-d5c07cfa334d.jpg
0,0,dyed-lifted-polyps,dyed-lifted-polyps,True,0.9339406490325928,0.0628146380186081,6.471792858064873e-06,0.0012850988423451781,1.3445954209601041e-05,3.321674739709124e-05,0.0008399455109611154,0.001066525001078844,dyed-lifted-polyps/c1de6db9-ce15-458d-97d6-4c1084ad85ef.jpg
0,0,dyed-lifted-polyps,dyed-lifted-polyps,True,0.5326926112174988,0.46725133061408997,4.189291757938918e-06,2.000380482058972e-05,7.283467198249127e-07,1.1748935321520548e-05,1.2870546925114468e-05,6.5371223172405735e-06,dyed-lifted-polyps/82315326-4999-4ecb-99f4-400d894fc6f8.jpg
4,4,normal-pylorus,normal-pylorus,True,3.577592360670678e-05,1.1635429473244585e-05,0.0031036112923175097,9.144879982159182e-07,0.9833891987800598,0.01324025634676218,0.00019389497174415737,2.470357867423445e-05,normal-pylorus/cf00bbbd-b18a-42ae-b855-4a1844f612bf.jpg
4,4,normal-pylorus,normal-pylorus,True,0.0006717962096445262,0.0006571953999809921,0.13423171639442444,0.001699909451417625,0.7838929891586304,0.03956045210361481,0.006514542270451784,0.03277139738202095,normal-pylorus/6f323590-3cfd-4270-a44a-d635b394a3dc.jpg
2,5,esophagitis,normal-z-line,False,0.0047105527482926846,0.000648373446892947,0.41824695467948914,7.88176548667252e-05,0.023658398538827896,0.5421570539474487,0.009603719227015972,0.0008961439016275108,esophagitis/19d8c1dd-cb48-45f8-9280-ad57fa43ca0d.jpg
4,4,normal-pylorus,normal-pylorus,True,2.898055208788719e-05,7.069776074786205e-06,0.005748219788074493,6.166459934320301e-05,0.9860396385192871,0.005205536261200905,0.0021718519274145365,0.0007370059611275792,normal-pylorus/eb06c610-d965-41e7-8ab2-743eaef10259.jpg
1,1,dyed-resection-margins,dyed-resection-margins,True,0.04202496260404587,0.9574483633041382,3.7341800634749234e-05,9.06601326278178e-06,1.1285294476692798e-06,0.00013419972674455494,6.956204015295953e-05,0.0002753499720711261,dyed-resection-margins/d79b8ffc-6ab9-45f8-b226-6a40aafeb9b5.jpg
5,5,normal-z-line,normal-z-line,True,2.0275707356631756e-05,1.532903843326494e-05,0.057011138647794724,7.13778433691914e-07,0.002154869493097067,0.9407331943511963,2.7369740564608946e-05,3.707054929691367e-05,normal-z-line/b50ca54a-203b-483e-92b6-d3a0b9d16ae1.jpg
5,2,normal-z-line,esophagitis,False,5.441915345727466e-05,0.00013518710329663008,0.913107693195343,2.0237578279846957e-09,4.097330747754313e-05,0.0865631029009819,3.6538847780320793e-05,6.212148582562804e-05,normal-z-line/87bdb51f-e12e-4b18-8abb-f14849133d46.jpg
0,0,dyed-lifted-polyps,dyed-lifted-polyps,True,0.908097505569458,0.033288635313510895,7.574857590952888e-05,0.00030584869091399014,0.0002842930844053626,0.00013347632193472236,0.05534817650914192,0.002466338686645031,dyed-lifted-polyps/d2a77e71-6b7c-4178-b371-f93deabe13ff.jpg
2,2,esophagitis,esophagitis,True,2.073780524369795e-05,7.84949297667481e-05,0.9689624309539795,2.3721402442333783e-07,4.0095532312989235e-05,0.030849255621433258,1.5421850548591465e-05,3.325602665427141e-05,esophagitis/3f37b84e-d490-4020-b4df-07c952053b9b.jpg
3,3,normal-cecum,normal-cecum,True,0.0033443961292505264,0.0012252621818333864,3.2503638067282736e-05,0.9862465858459473,0.000140990101499483,3.3169031667057425e-05,0.007488959934562445,0.0014881251845508814,normal-cecum/9b420421-8662-4400-8202-6af21b2fad39.jpg
0,1,dyed-lifted-polyps,dyed-resection-margins,False,0.43236809968948364,0.5673007965087891,2.1343397747841664e-05,8.128032277454622e-06,2.851011515758728e-07,1.4364422895596363e-06,3.737775477929972e-05,0.0002625090128276497,dyed-lifted-polyps/f004b232-558b-4da2-ac05-e680eb583913.jpg
0,0,dyed-lifted-polyps,dyed-lifted-polyps,True,0.9597402811050415,0.03974489867687225,5.2765926739084534e-06,5.438835160020972e-07,1.9912817151634954e-05,4.0563383663538843e-05,0.0004449980042409152,3.432450967011391e-06,dyed-lifted-polyps/b54a1b23-2c6c-48bf-bce7-7ebd2d152715.jpg
7,7,ulcerative-colitis,ulcerative-colitis,True,0.015447638928890228,0.014135719276964664,0.0011181730078533292,0.00047223022556863725,0.004613040015101433,0.0004283591697458178,0.010652357712388039,0.9531325101852417,ulcerative-colitis/c7387520-25ed-413e-bb3f-6314eda7c606.jpg
4,4,normal-pylorus,normal-pylorus,True,8.885945135261863e-06,4.538518169283634e-06,0.0005225783097557724,2.690315454856318e-07,0.9986446499824524,0.0007092432933859527,9.192919242195785e-05,1.7886261048261076e-05,normal-pylorus/858a4d01-01f7-4950-ba8a-db8fd9bffca4.jpg
7,7,ulcerative-colitis,ulcerative-colitis,True,0.0113665871322155,0.0023541650734841824,0.0007147323340177536,0.007258783560246229,0.004732100293040276,0.0006218025228008628,0.02738015353679657,0.9455716609954834,ulcerative-colitis/e47cbe95-7d3a-407c-8f03-038fd05296dd.jpg
3,6,normal-cecum,polyps,False,0.12134072184562683,0.0548628531396389,0.0013687063474208117,0.11279502511024475,0.004274765029549599,0.0018986330833286047,0.5415977835655212,0.16186152398586273,normal-cecum/0561eb4b-1def-4376-9d25-0c123eabd9b2.jpg
1,1,dyed-resection-margins,dyed-resection-margins,True,0.33375951647758484,0.6570068001747131,0.0003198381746187806,0.00118584546726197,6.88930867909221e-06,0.0005448291194625199,0.003797147423028946,0.003379130968824029,dyed-resection-margins/a27b8323-c7b5-484b-bfb1-1d95669e7175.jpg
6,6,polyps,polyps,True,0.04495767131447792,0.0011475536739453673,0.0025160349905490875,0.053919773548841476,0.00015800360415596515,0.014274273067712784,0.8807654976844788,0.0022611990571022034,polyps/56d36c2a-a318-4aef-a454-2b58be054342.jpg
4,4,normal-pylorus,normal-pylorus,True,0.0007301810546778142,0.0006182176293805242,0.00023114393115974963,5.592498837359017e-07,0.9958477020263672,0.00022546500258613378,0.0004628275637514889,0.0018837740644812584,normal-pylorus/c932679f-7c73-4f20-9770-e97c6ec65cb5.jpg
2,5,esophagitis,normal-z-line,False,0.004490687046200037,0.0009819864062592387,0.4336148202419281,0.00016232029884122312,0.029360530897974968,0.49934205412864685,0.03191658854484558,0.00013096061593387276,esophagitis/4152c0a4-db41-49a1-97ab-dae35b6c7226.jpg
3,3,normal-cecum,normal-cecum,True,0.0006162798381410539,0.0005240614409558475,8.696641998540144e-06,0.9901015758514404,0.00017789511184673756,9.853106894297525e-05,0.006297034211456776,0.0021758326329290867,normal-cecum/5a7a835e-0a56-48f5-b44f-09aee583a73c.jpg
5,5,normal-z-line,normal-z-line,True,0.0035946315620094538,0.0029651045333594084,0.1522141396999359,4.273463491699658e-05,0.0014386934926733375,0.8096766471862793,0.011202344670891762,0.01886558346450329,normal-z-line/d40f6e50-7231-498e-9398-ecab96487df0.jpg
6,6,polyps,polyps,True,0.027021128684282303,0.0009710514568723738,0.0007279181154444814,0.003107984084635973,0.00022018307936377823,0.001580623211339116,0.9595558643341064,0.006815218832343817,polyps/1c121ac5-0545-4644-943c-7ead76f2ca53.jpg
6,6,polyps,polyps,True,0.0026299376040697098,0.0009225242538377643,6.014221980876755e-06,0.010523407720029354,0.002118901116773486,3.485160777927376e-05,0.9814242720603943,0.002340136794373393,polyps/20cb9bd3-af0e-44ea-98a2-186b148d2595.jpg
4,4,normal-pylorus,normal-pylorus,True,0.00027798733208328485,3.382066643098369e-05,0.004777290392667055,2.920525730587542e-06,0.956670343875885,0.03563318029046059,0.0022881459444761276,0.00031618642969988286,normal-pylorus/8a8f5fcd-ae50-4559-a645-62a87125209c.jpg
3,3,normal-cecum,normal-cecum,True,0.019774949178099632,0.002521093236282468,0.00040076838922686875,0.9509938955307007,3.533240669639781e-05,0.0008680025348439813,0.00802171602845192,0.017384149134159088,normal-cecum/87df4105-14f8-43ad-b371-aa64e5845be3.jpg
6,6,polyps,polyps,True,0.005343069788068533,0.001961813075467944,5.860638339072466e-06,0.03674543276429176,0.0019492920255288482,0.0003060748567804694,0.9522064328193665,0.0014819987118244171,polyps/655c8791-b9c7-40bb-8a13-8751b99b6b3b.jpg
0,1,dyed-lifted-polyps,dyed-resection-margins,False,0.19174468517303467,0.8060280680656433,5.718936517951079e-05,1.5082931668075616e-06,4.428444663062692e-05,3.0487381081911735e-05,5.2854607929475605e-05,0.0020409999415278435,dyed-lifted-polyps/a5cf92b3-ddaf-411b-ac9e-391a12469325.jpg
4,4,normal-pylorus,normal-pylorus,True,8.962829269876238e-07,2.8596248284884496e-06,0.00024295119510497898,1.1381024478396284e-07,0.9995957016944885,0.00013848263188265264,3.021984866791172e-06,1.591548789292574e-05,normal-pylorus/c78e176f-792f-4913-b554-ee08813ba1b9.jpg
1,1,dyed-resection-margins,dyed-resection-margins,True,0.26124608516693115,0.7386331558227539,2.1044155801064335e-05,1.2898166232844233e-06,2.456751815316238e-07,3.73229559045285e-05,5.9307829360477626e-05,1.5202044778561685e-06,dyed-resection-margins/ec40e8a0-8277-4245-a5b1-a912dac236a0.jpg
3,3,normal-cecum,normal-cecum,True,0.008310492150485516,0.0009324518614448607,3.911839939974016e-06,0.8624650835990906,0.008592033758759499,0.00018095764971803874,0.11411011964082718,0.005405018106102943,normal-cecum/6591212c-eebc-4796-af9e-cf7b5ad4457d.jpg
2,2,esophagitis,esophagitis,True,0.00014734681462869048,0.0007560271769762039,0.5381220579147339,3.925313478703174e-07,0.2453116476535797,0.21513186395168304,9.073178080143407e-05,0.000439952767919749,esophagitis/33d9f2ca-b440-45ca-9b4d-8c3ef712aa89.jpg
1,1,dyed-resection-margins,dyed-resection-margins,True,0.08621442317962646,0.9136729836463928,9.541804502077866e-06,6.85806735418737e-05,6.498557922895998e-07,1.7802457250581938e-06,2.5538920453982428e-05,6.5555664150451776e-06,dyed-resection-margins/0f380c75-78d0-45a1-a706-5783bcd2743e.jpg
1,1,dyed-resection-margins,dyed-resection-margins,True,0.28412362933158875,0.7000842094421387,0.00013239830150268972,0.0007030252600088716,0.00048658932792022824,0.00551091181114316,0.0019276501843705773,0.007031558081507683,dyed-resection-margins/8cbf3c72-7537-43c1-9c11-cac5750dbd37.jpg
6,6,polyps,polyps,True,0.025874163955450058,0.009713870473206043,3.809789632214233e-05,0.18522480130195618,0.00044871866703033447,9.82903475232888e-06,0.7624381184577942,0.016252432018518448,polyps/1d0435f6-e6bb-41eb-8eba-47bac8d37296.jpg
7,7,ulcerative-colitis,ulcerative-colitis,True,0.02467462420463562,0.017761752009391785,0.0005873076734133065,0.0021234017331153154,0.0014311205595731735,0.00030097979470156133,0.12445393949747086,0.8286668658256531,ulcerative-colitis/328e808d-5a15-4bd1-b11a-74d04f89f19b.jpg
6,6,polyps,polyps,True,0.0054755131714046,0.0019830181263387203,0.0008122542640194297,0.13451159000396729,0.003140426939353347,0.0026598803233355284,0.8300367593765259,0.021380562335252762,polyps/0efad162-7fd8-472e-ab4f-c5ed8a7569b4.jpg
0,0,dyed-lifted-polyps,dyed-lifted-polyps,True,0.74556565284729,0.2542359232902527,5.791380772279808e-06,4.0938564779935405e-05,2.597387492642156e-06,4.330515366746113e-05,5.261972910375334e-05,5.322004290064797e-05,dyed-lifted-polyps/09b7e0c1-feee-4f70-a351-5a122ce92a1e.jpg
4,5,normal-pylorus,normal-z-line,False,0.004952266812324524,0.0015655405586585402,0.016721529886126518,0.006767380982637405,0.1888953298330307,0.6658064126968384,0.056753918528556824,0.05853758379817009,normal-pylorus/8bb731fc-b025-420e-b43d-87c803ef4f37.jpg
1,1,dyed-resection-margins,dyed-resection-margins,True,0.12470876425504684,0.8751017451286316,5.4576124966843054e-05,5.667714503942989e-06,8.912276712180756e-07,5.253381823422387e-05,2.5743918740772642e-05,5.0011611165245995e-05,dyed-resection-margins/77ec103c-6441-400e-be56-8b93bc766160.jpg
7,7,ulcerative-colitis,ulcerative-colitis,True,0.09047477692365646,0.09657538682222366,0.0017555765807628632,0.20965519547462463,0.0015731829917058349,0.013082204386591911,0.1106046587228775,0.476279079914093,ulcerative-colitis/4c327e7c-5045-43e2-99bb-5e64bc248b5a.jpg
6,6,polyps,polyps,True,0.034821756184101105,0.02003522217273712,0.010573670268058777,0.04786312207579613,0.10045081377029419,0.04341379553079605,0.5102982521057129,0.23254331946372986,polyps/47bcdfff-ecb9-42fd-8091-d63ee2f7dada.jpg
0,1,dyed-lifted-polyps,dyed-resection-margins,False,0.10766788572072983,0.8922271132469177,1.0302984264853876e-05,1.0127896530320868e-06,6.653004334111756e-07,6.603670044569299e-06,1.694491629677941e-06,8.468132728012279e-05,dyed-lifted-polyps/a25c1093-0f6c-4265-a6c3-6989700b2315.jpg
5,5,normal-z-line,normal-z-line,True,0.0012943396577611566,0.0006497979047708213,0.14638128876686096,8.374468052352313e-06,0.0005564348539337516,0.8461803197860718,0.0032145970035344362,0.0017148490296676755,normal-z-line/c5811192-91a9-48ca-a752-68fbe0441f27.jpg
1,0,dyed-resection-margins,dyed-lifted-polyps,False,0.8376352787017822,0.16228531301021576,1.2883853742096107e-05,7.100521770553314e-07,2.6475424874661257e-06,7.114990694390144e-06,5.5922868341440335e-05,1.0329814159604211e-07,dyed-resection-margins/727df716-a7d8-487e-9ce5-06c0b117c938.jpg
3,3,normal-cecum,normal-cecum,True,0.0032133825588971376,0.00037361090653575957,1.0299025916538085e-06,0.9842361211776733,1.807362241379451e-05,3.3152011837955797e-06,0.012042677961289883,0.00011167734191985801,normal-cecum/3b53d45e-4019-474f-acde-07b4e54ff26a.jpg
0,1,dyed-lifted-polyps,dyed-resection-margins,False,0.26407355070114136,0.7337398529052734,1.2884602256235667e-05,0.0006671229493804276,2.6794148197950562e-06,9.633322406443767e-06,0.001281890319660306,0.00021236081374809146,dyed-lifted-polyps/72c3e522-aa21-4e78-a7e3-eaa793ebca35.jpg
2,2,esophagitis,esophagitis,True,8.51440490805544e-05,0.00040671785245649517,0.9766769409179688,1.296471737077809e-06,1.4618004570365883e-05,0.021062307059764862,0.00013368023792281747,0.001619325252249837,esophagitis/d9e397f7-29e4-4851-b7fa-bbb32e5f1169.jpg
3,3,normal-cecum,normal-cecum,True,0.0015728069702163339,0.0007934016757644713,2.592866621853318e-06,0.7146355509757996,0.01551214512437582,0.0002615233534015715,0.22362105548381805,0.04360098019242287,normal-cecum/67d81f62-08c3-44ce-9a85-dc2fbe6da942.jpg
6,6,polyps,polyps,True,0.0011371070286259055,5.2069543016841635e-05,0.00021768886654172093,1.4433474007091718e-06,0.0007220200495794415,0.0006493704277090728,0.9967664480209351,0.00045384018449112773,polyps/b3a01269-1dc6-43a0-9d5e-1861db87d8be.jpg
3,3,normal-cecum,normal-cecum,True,0.0012743379920721054,0.0003392833168618381,6.227562607818982e-06,0.9952743053436279,3.669350917334668e-05,8.135362440953031e-05,0.002627625595778227,0.00036022436688654125,normal-cecum/eb4c2e64-6dd6-4191-a670-e858733d58dd.jpg
5,5,normal-z-line,normal-z-line,True,0.004928947426378727,0.0018118894658982754,0.32008451223373413,0.00041243445593863726,0.14685538411140442,0.501979410648346,0.01856701821088791,0.0053603448905050755,normal-z-line/b52546e0-266b-4347-9cd2-fbfdc10e5ac2.jpg
4,4,normal-pylorus,normal-pylorus,True,0.0007022003410384059,0.0013636325020343065,0.0016675149090588093,2.2757158149033785e-06,0.9798651337623596,0.0160918477922678,0.00030466154566965997,2.668451088538859e-06,normal-pylorus/ae77941e-fab3-4b3c-b8b6-c0559d58870c.jpg
6,6,polyps,polyps,True,0.04864798113703728,0.0113736717030406,0.00011914004426216707,0.03132491558790207,0.0028456575237214565,0.005717836320400238,0.7896433472633362,0.11032738536596298,polyps/59f50c86-bd93-466c-ae28-cc57687b9eca.jpg
4,4,normal-pylorus,normal-pylorus,True,0.00018363483832217753,0.00028674700297415257,0.0035170037299394608,1.7622370478420635e-06,0.9689972400665283,0.026920458301901817,5.6132753343263175e-06,8.757466275710613e-05,normal-pylorus/0be09646-f39c-4f3a-932b-db971c569e45.jpg
3,3,normal-cecum,normal-cecum,True,0.00019404839258641005,1.7808162738219835e-05,1.899101533808789e-07,0.985648512840271,7.885126979090273e-05,4.913585598842474e-06,0.009811795316636562,0.004243915434926748,normal-cecum/e2d9d590-6837-4b87-bcc0-794217e1ebd5.jpg
6,6,polyps,polyps,True,0.02940915711224079,0.005227026529610157,0.0029535896610468626,0.05742514878511429,0.0019348659552633762,0.019313374534249306,0.8815705180168152,0.002166307531297207,polyps/92ff857f-46eb-42d5-bbaa-b864de6b78bd.jpg
4,4,normal-pylorus,normal-pylorus,True,2.4500689050910296e-06,4.5418009904096834e-06,0.000209269710467197,1.5068215120095374e-08,0.9994422793388367,0.00023800774943083525,5.050058916822309e-06,9.826615132624283e-05,normal-pylorus/dcfe9caf-07e3-44cf-a743-0082d788f4ac.jpg
7,7,ulcerative-colitis,ulcerative-colitis,True,0.0021321200765669346,0.0005381479859352112,3.3365424314979464e-05,0.01550042163580656,1.6945919924182817e-05,5.3056064643897116e-05,0.011595143936574459,0.9701308608055115,ulcerative-colitis/2a9ce8f3-c1b5-4e59-b2f6-abd15927932f.jpg
5,5,normal-z-line,normal-z-line,True,5.305498780217022e-05,3.089070742134936e-05,0.016745872795581818,1.5007034903646854e-07,9.125029464485124e-05,0.9830538630485535,9.876521289697848e-06,1.4954490325180814e-05,normal-z-line/fc544b57-94ac-40f6-82cc-49474a8dbced.jpg
3,6,normal-cecum,polyps,False,0.01587708294391632,0.001484628883190453,7.808871487213764e-06,0.10658057779073715,0.013867135159671307,7.32757180230692e-05,0.8617151975631714,0.0003943532065022737,normal-cecum/27ac6ea2-9a5a-407b-b67b-bac79acadfdf.jpg
7,7,ulcerative-colitis,ulcerative-colitis,True,0.0003309895400889218,0.0008865319541655481,0.00011489903408801183,0.002680783858522773,0.0010951375588774681,4.9906935601029545e-05,0.01308111846446991,0.9817606806755066,ulcerative-colitis/373da343-d708-4169-9db0-9c30d7463bc3.jpg
4,4,normal-pylorus,normal-pylorus,True,1.9638167941593565e-05,6.942255367903272e-06,7.091913721524179e-05,6.848556040495168e-06,0.9993422627449036,0.0003807806351687759,0.00016309681814163923,9.477018465986475e-06,normal-pylorus/b723b2c8-6aaa-4d0a-a0a1-945b48c84653.jpg
7,7,ulcerative-colitis,ulcerative-colitis,True,0.002592630684375763,0.0011020625242963433,3.1966710594133474e-06,0.002127053216099739,5.350565697881393e-05,1.6071027857833542e-05,0.004980958998203278,0.9891245365142822,ulcerative-colitis/2f2ae3b5-08a1-4fae-b78c-6b6f425f9a80.jpg
4,4,normal-pylorus,normal-pylorus,True,1.9585902919061482e-05,2.5809860744629987e-05,0.01539662852883339,8.553477528039366e-06,0.9803306460380554,0.003966314252465963,0.000187119614565745,6.526499055325985e-05,normal-pylorus/5cdf8cea-7a5b-4763-8a4e-a78e6c97d0ae.jpg
2,5,esophagitis,normal-z-line,False,0.0010135651100426912,0.0005962506402283907,0.3304237425327301,1.0918867701548152e-05,0.026830213144421577,0.640213668346405,0.0007137451320886612,0.00019796978449448943,esophagitis/8b21be1f-8425-495b-b96c-0f29528fbc6f.jpg
2,2,esophagitis,esophagitis,True,0.0018892083317041397,0.001624527620151639,0.9763959050178528,4.045216701342724e-05,0.0009347262093797326,0.017592431977391243,0.0004870214033871889,0.0010356649290770292,esophagitis/43cce00a-65bc-4866-9c40-f6848980d27b.jpg
0,1,dyed-lifted-polyps,dyed-resection-margins,False,0.09464952349662781,0.9052261710166931,4.004027141490951e-05,2.3425670860888204e-06,3.6212128406987176e-07,5.727790994569659e-05,1.3240573935036082e-05,1.100184817914851e-05,dyed-lifted-polyps/b93089c3-0c65-4e3f-9dd0-791a5dee0394.jpg
5,5,normal-z-line,normal-z-line,True,0.003483775770291686,0.0003619286871980876,0.07539837062358856,3.515779826557264e-05,0.015838032588362694,0.9001573920249939,0.004600435495376587,0.00012496826821006835,normal-z-line/e4eed805-8aa1-4035-b7e7-e6368d4089df.jpg
0,1,dyed-lifted-polyps,dyed-resection-margins,False,0.46365827322006226,0.5352441668510437,8.508292376063764e-05,9.162638161797076e-05,4.812579572899267e-05,0.0004427623935043812,0.000285595451714471,0.0001443181245122105,dyed-lifted-polyps/dff67e1f-94d5-422a-839b-b4ff429f9bcf.jpg
5,4,normal-z-line,normal-pylorus,False,0.0005520561244338751,0.0002200028975494206,0.022747939452528954,2.8671191103057936e-05,0.4990869164466858,0.44179806113243103,0.03226315975189209,0.003303182777017355,normal-z-line/2665253a-eda9-493a-91e0-93ed5d63f659.jpg
5,5,normal-z-line,normal-z-line,True,8.121602877508849e-05,5.9383510233601555e-05,0.04424429312348366,2.4899025063973568e-08,0.053621988743543625,0.9019551873207092,2.8891710826428607e-05,8.96118399396073e-06,normal-z-line/387ca6bf-3662-478d-9c5f-6f5a92a04488.jpg
3,3,normal-cecum,normal-cecum,True,0.005862608086317778,0.001780589809641242,1.017424619931262e-05,0.972367525100708,0.00013169435260351747,4.540752343018539e-05,0.015324346721172333,0.004477587062865496,normal-cecum/c945c9e2-9c3f-488e-874b-dac55ebf64db.jpg
4,4,normal-pylorus,normal-pylorus,True,6.950326496735215e-05,2.5553878003847785e-05,0.0001611237967154011,3.758717139135115e-05,0.9962019324302673,0.0009609289700165391,0.002215189393609762,0.00032818326144479215,normal-pylorus/e15c7bed-37ef-4720-a0c8-0f255cc8cf4b.jpg
4,4,normal-pylorus,normal-pylorus,True,0.00014726501831319183,0.0002603364991955459,0.008136467076838017,4.149364031036384e-06,0.9774917960166931,0.011962986551225185,0.0010268550831824541,0.0009699967340566218,normal-pylorus/bd045f61-d72a-44d9-ae3f-16ce64a57f01.jpg
0,0,dyed-lifted-polyps,dyed-lifted-polyps,True,0.845378577709198,0.1505635380744934,9.305687854066491e-06,7.86342061473988e-05,3.1696297355665592e-06,0.00018574246496427804,0.0037680529057979584,1.3047500033280812e-05,dyed-lifted-polyps/75fb60c5-75c4-4faa-9e55-673ae15edcf4.jpg
5,5,normal-z-line,normal-z-line,True,0.00356293679215014,0.0024320625234395266,0.18504799902439117,2.4746486815274693e-05,0.060994647443294525,0.7410694360733032,0.004294100683182478,0.0025739907287061214,normal-z-line/e7e97269-ff2c-4f1d-883c-2f8b175beace.jpg
0,0,dyed-lifted-polyps,dyed-lifted-polyps,True,0.6696208119392395,0.3301108777523041,7.81460948928725e-06,4.70490449515637e-05,2.3010838049231097e-05,0.00010239145194645971,7.590127643197775e-05,1.2158978279330768e-05,dyed-lifted-polyps/18cc7835-7f43-4953-9d17-809c2d3abaaf.jpg
4,4,normal-pylorus,normal-pylorus,True,5.2378753025550395e-05,1.9594866898842156e-05,0.0026835089083760977,1.6960781294983462e-06,0.9901255369186401,0.0020566072780638933,0.005030072759836912,3.053629552596249e-05,normal-pylorus/86fed752-3bff-4b80-afed-b78cbf892f52.jpg
7,7,ulcerative-colitis,ulcerative-colitis,True,0.3317258954048157,0.1600281298160553,0.0019457711605355144,0.07138736546039581,0.0009580586338415742,0.001750388415530324,0.03251498565077782,0.3996894061565399,ulcerative-colitis/698f130b-41ff-414d-908c-8d8c0f82d4a8_00001587.jpg
3,3,normal-cecum,normal-cecum,True,0.027039561420679092,0.0023273739498108625,6.561745976796374e-05,0.7507606148719788,0.0009510503150522709,0.000313550146529451,0.2035859376192093,0.014956287108361721,normal-cecum/ead9c47b-cd35-4a1b-82d4-ab5602af8d02.jpg
2,5,esophagitis,normal-z-line,False,0.00030812740442343056,0.00016756719560362399,0.2845115661621094,1.8985241467817104e-06,0.0058359745889902115,0.7089858055114746,6.737939838785678e-05,0.00012166045780759305,esophagitis/472b299d-1eca-4ce0-8ba0-79f65c1b7366.jpg
1,1,dyed-resection-margins,dyed-resection-margins,True,0.027147622779011726,0.9716028571128845,0.00011378398630768061,2.799758658511564e-05,7.4156928349111695e-06,0.0001693805679678917,0.0005445186397992074,0.00038654066156595945,dyed-resection-margins/4c430475-576e-424d-a1f7-d26a6ca7b521.jpg
1,1,dyed-resection-margins,dyed-resection-margins,True,0.17423100769519806,0.8196702003479004,0.0002634526463225484,0.0002547207404859364,0.00014659376756753772,0.00010633896454237401,0.0025988095439970493,0.0027289176359772682,dyed-resection-margins/80c6f79a-c028-4cfa-ab9f-2c6a93a9042c.jpg
7,7,ulcerative-colitis,ulcerative-colitis,True,0.1020243912935257,0.03734690696001053,0.0036888497415930033,0.0413813553750515,0.003610809100791812,0.007752222009003162,0.059741489589214325,0.7444539666175842,ulcerative-colitis/45842efe-b78d-4e94-b6b2-b5899d4a29bc.jpg
4,4,normal-pylorus,normal-pylorus,True,0.00024585670325905085,2.6175115635851398e-05,0.0004867586540058255,0.0001273600064450875,0.9928111433982849,0.0023516020737588406,0.0035315300337970257,0.00041954280459322035,normal-pylorus/bb86fa1b-3ee0-419e-a048-fdbed5cbf1e1.jpg
4,4,normal-pylorus,normal-pylorus,True,0.0005112250219099224,0.0008798642666079104,0.01420433260500431,0.001353735919110477,0.7005834579467773,0.25467291474342346,0.020049938932061195,0.007744478527456522,normal-pylorus/8baeccb9-1f39-47cc-89aa-c860864ef7fc.jpg
7,7,ulcerative-colitis,ulcerative-colitis,True,0.0002082221326418221,0.00030877627432346344,0.00022595316113438457,0.00031109503470361233,0.001778339152224362,0.0024834354408085346,0.0014695748686790466,0.9932146072387695,ulcerative-colitis/d82eb7f9-9988-42a2-8140-11f335d893cd.jpg
3,3,normal-cecum,normal-cecum,True,0.017040569335222244,0.004113868344575167,1.05587344023661e-06,0.9584023356437683,0.0001162658809334971,2.9296370485099033e-05,0.01966443471610546,0.0006321417749859393,normal-cecum/0e2033f0-fed2-47cc-9ee0-cf812c85660f.jpg
6,6,polyps,polyps,True,0.0020325626246631145,0.000788003730122,0.00013672678323928267,0.001013119355775416,0.0020442528184503317,6.656703044427559e-05,0.8929172158241272,0.10100159794092178,polyps/c61fb6e8-ef58-4379-99df-107a312f1005.jpg
0,0,dyed-lifted-polyps,dyed-lifted-polyps,True,0.9308861494064331,0.046839721500873566,0.00012990615505259484,0.00011416445340728387,8.195414693545899e-07,0.00032172631472349167,0.02153008058667183,0.00017755184671841562,dyed-lifted-polyps/4f712873-051a-418e-8cbd-8bf1f5f4ae23.jpg
0,0,dyed-lifted-polyps,dyed-lifted-polyps,True,0.864109992980957,0.12994709610939026,1.2840221643273253e-05,0.0007825657376088202,7.366381032625213e-05,5.190395677345805e-05,0.004942494910210371,7.947187987156212e-05,dyed-lifted-polyps/fbd6b571-df1d-42b1-bc12-20aca14fc754.jpg
2,2,esophagitis,esophagitis,True,0.00023622684238944203,0.00029329131939448416,0.7782220244407654,1.043288011715049e-05,0.0004520208458416164,0.214859738945961,0.00041636970127001405,0.005509817041456699,esophagitis/0dcf6352-8fb9-471d-86f2-18d2ed1fb7d1.jpg
6,6,polyps,polyps,True,0.022984210401773453,0.0031330909114331007,0.0003625414101406932,0.11362963169813156,0.005500600207597017,0.0034938440658152103,0.6143931746482849,0.23650285601615906,polyps/ab521975-ebea-4f40-9a4b-5b55235bd140.jpg
0,0,dyed-lifted-polyps,dyed-lifted-polyps,True,0.577210009098053,0.16486673057079315,0.000348160247085616,0.09395850449800491,0.0010421032784506679,0.000894509837962687,0.0604892261326313,0.10119076818227768,dyed-lifted-polyps/6623b2ff-ffd8-4af9-a5ea-cc3f3cda5f55.jpg
4,4,normal-pylorus,normal-pylorus,True,1.8905693650594912e-06,1.2486786999943433e-06,0.00039390320307575166,8.022484010439257e-09,0.9993995428085327,0.00018268295389134437,1.8512046153773554e-05,2.174714381908416e-06,normal-pylorus/ad68d5b8-e53c-4ba0-b1ad-e0a7a372423d.jpg
7,7,ulcerative-colitis,ulcerative-colitis,True,0.005421016365289688,0.002150616841390729,0.0022052149288356304,1.2215329661557917e-05,5.762568434874993e-06,0.00010772021778393537,0.0017687632935121655,0.9883285760879517,ulcerative-colitis/7dc49938-20cd-439b-8916-25018741d1ab.jpg
0,0,dyed-lifted-polyps,dyed-lifted-polyps,True,0.7041820287704468,0.2856096923351288,5.6729411880951375e-05,0.008456826210021973,1.9680380773934303e-06,0.00024402972485404462,0.001246043248102069,0.00020274106645956635,dyed-lifted-polyps/09e454a5-e76f-4547-9b7a-4be4c5bce9ef.jpg
6,6,polyps,polyps,True,0.004000781569629908,0.001123857218772173,0.00027895267703570426,0.00032926135463640094,0.0004630672628991306,0.00010909867705777287,0.9759977459907532,0.017697254195809364,polyps/13c11cef-2f39-4be7-97b1-6e6ed586811b.jpg
3,3,normal-cecum,normal-cecum,True,0.003014051355421543,0.001308568986132741,6.099851816543378e-06,0.9646556377410889,0.00217457115650177,0.00025701685808598995,0.01745256967842579,0.011131505481898785,normal-cecum/bd057379-54e1-456f-ba39-60e533495fc5.jpg
0,0,dyed-lifted-polyps,dyed-lifted-polyps,True,0.8288594484329224,0.16641765832901,6.052988101146184e-05,0.0006644088425673544,1.6737423720769584e-05,4.880118285655044e-05,0.0038218435365706682,0.00011058316158596426,dyed-lifted-polyps/24f0df1e-b1e8-49ed-b796-9ee0b1ccc504.jpg
6,6,polyps,polyps,True,0.005300598219037056,0.001441699336282909,2.2515148884849623e-05,0.0017022626707330346,0.0017849481664597988,3.866523184115067e-05,0.9844855070114136,0.005223688203841448,polyps/194d58c3-f703-4974-98d5-f1659fcb4aa0.jpg
0,0,dyed-lifted-polyps,dyed-lifted-polyps,True,0.9490202069282532,0.027234980836510658,9.577554010320455e-06,0.013489100150763988,2.648551162565127e-05,3.3558309951331466e-05,0.009183808229863644,0.0010023382492363453,dyed-lifted-polyps/0e0f9300-e55e-4b25-bc4c-152499a6d1f2.jpg
2,5,esophagitis,normal-z-line,False,9.357075032312423e-05,0.00026820029597729445,0.28723588585853577,2.161377778975293e-06,0.006039654370397329,0.7047193050384521,0.0005098250112496316,0.0011313023278489709,esophagitis/34eb68ec-8913-4377-a326-02aee54740a1.jpg
3,3,normal-cecum,normal-cecum,True,0.003651971695944667,0.002511505503207445,3.158821346005425e-05,0.9673067331314087,0.00011030449968529865,7.040957279969007e-05,0.011661693453788757,0.014655664563179016,normal-cecum/70191519-63ec-43ac-a7e2-7c01f11e2b3d.jpg
6,6,polyps,polyps,True,0.009985001757740974,0.002337923739105463,3.4887907531810924e-05,0.09957263618707657,0.06734547019004822,0.0002304484514752403,0.7995684146881104,0.02092522196471691,polyps/56302cb8-619b-4eaf-a163-549328cac581.jpg
4,4,normal-pylorus,normal-pylorus,True,1.8185031876782887e-05,1.9901392079191282e-05,0.0002504989970475435,2.5122458282567095e-06,0.9971824884414673,0.0022092326544225216,1.1757116226362996e-05,0.0003054770058952272,normal-pylorus/2f22694b-a169-4039-a392-23f98e7e5da1.jpg
5,5,normal-z-line,normal-z-line,True,2.4850654881447554e-05,0.00016094879538286477,0.04022074490785599,2.323569333384512e-06,0.06122301518917084,0.8974688649177551,0.0001241140125785023,0.0007752118981443346,normal-z-line/2052a648-302c-4d11-9540-3e6050e76c38.jpg
6,6,polyps,polyps,True,0.0011342109646648169,0.00032747758086770773,0.00010421145270811394,0.004743131343275309,0.0010982915991917253,0.0003794182848650962,0.991256833076477,0.000956410716753453,polyps/1ab993e9-346b-4642-99af-6caec0f49f27.jpg
4,4,normal-pylorus,normal-pylorus,True,8.331248864124063e-06,1.5978183000697754e-05,0.0009250766597688198,8.693304152984638e-06,0.9935723543167114,0.0050986590795218945,0.0002620146842673421,0.00010896584717556834,normal-pylorus/8a63543e-7214-459c-99dd-18d27bce8d9d.jpg
2,2,esophagitis,esophagitis,True,0.0005262471968308091,5.416136627900414e-05,0.604331910610199,3.892365384672303e-06,0.0004426105006132275,0.3921484053134918,0.002046596724539995,0.00044618340325541794,esophagitis/55d75d8a-c744-4db3-9776-f88ca27b6dfe.jpg
6,6,polyps,polyps,True,0.007691473234444857,0.0015213272999972105,0.00035079469671472907,0.033834055066108704,0.06169905140995979,0.0047375853173434734,0.8533617258071899,0.03680405765771866,polyps/ec06080b-a2a0-40d3-97f7-313297ef8adb.jpg
7,7,ulcerative-colitis,ulcerative-colitis,True,0.009809275157749653,0.0018397083040326834,0.0016555156325921416,0.0008294753497466445,0.004892698954790831,0.0010374040575698018,0.03740457817912102,0.9425313472747803,ulcerative-colitis/761fffc8-bc50-4dd9-a91f-90fc5a963e04.jpg
5,5,normal-z-line,normal-z-line,True,3.0643350328318775e-05,5.176262857276015e-05,0.3124055564403534,5.799169002784765e-07,0.00029483280377462506,0.6869727969169617,0.000229644138016738,1.4195112271409016e-05,normal-z-line/c38ecd58-850c-407a-8222-4316bbd10315.jpg
3,3,normal-cecum,normal-cecum,True,0.0014237709110602736,0.0014831109438091516,2.929642050730763e-06,0.9861096739768982,0.00020042373216710985,4.8120320570888e-05,0.006420085672289133,0.004311801865696907,normal-cecum/33d0a287-ce2b-48f1-94b0-004a88b1bacc.jpg
7,7,ulcerative-colitis,ulcerative-colitis,True,0.029634838923811913,0.006631688214838505,0.0003470333176665008,0.0031993649899959564,0.00010658701648935676,0.000197153291082941,0.05056491494178772,0.9093184471130371,ulcerative-colitis/9a4d671d-c3a0-4d52-89be-c518fffc696c.jpg
5,5,normal-z-line,normal-z-line,True,0.00011517298116814345,0.0007776987622492015,0.044814132153987885,8.062887900450733e-06,0.11752974987030029,0.8357992768287659,0.0002941685961559415,0.0006617667968384922,normal-z-line/d4122150-9650-4d82-95de-3c9744bf4512.jpg
6,6,polyps,polyps,True,0.2247176468372345,0.006853825878351927,0.00011546522728167474,0.003120104316622019,0.00018209007976111025,0.0008385957917198539,0.7523590922355652,0.01181329321116209,polyps/528e6543-7621-46cc-a73d-1d16bd5de6b3.jpg
5,5,normal-z-line,normal-z-line,True,6.092962848924799e-06,7.778449798934162e-06,0.05274292454123497,6.631402698076272e-07,0.00017535520601086318,0.9470347166061401,9.194353879138362e-06,2.325141213077586e-05,normal-z-line/17ab1cc2-34d8-46a7-b145-9c2b2a5dcf78.jpg
5,4,normal-z-line,normal-pylorus,False,0.03378748521208763,0.016923611983656883,0.011492982506752014,0.000669351196847856,0.4360925853252411,0.09040901809930801,0.4096187353134155,0.001006264123134315,normal-z-line/cc537498-4056-4a73-97fd-6a12ef84fc8a.jpg
2,2,esophagitis,esophagitis,True,0.008328407071530819,0.0016612032195553184,0.48736321926116943,0.00030573265394195914,0.05795826390385628,0.4209340512752533,0.011854805052280426,0.011594231240451336,esophagitis/1ed3011a-0fb0-4ff7-a5ea-5f953dc429fc.jpg
2,5,esophagitis,normal-z-line,False,0.00038437300827354193,0.0001740892039379105,0.37798061966896057,1.2137742487539072e-05,0.018351256847381592,0.6005860567092896,0.0016239144606515765,0.0008874595514498651,esophagitis/435c9bfe-13e4-4450-9d91-f5fd10e75e75.jpg
5,2,normal-z-line,esophagitis,False,0.00021274512982927263,7.569322769995779e-05,0.5750134587287903,1.540009725431446e-05,0.006953656207770109,0.4107982814311981,0.006215924862772226,0.0007148234872147441,normal-z-line/38ca5cf9-84ae-4c19-a896-7ce0f848a0c7.jpg
0,0,dyed-lifted-polyps,dyed-lifted-polyps,True,0.5019896626472473,0.44192877411842346,7.424290379276499e-05,0.04124290496110916,2.9342654670472257e-05,0.0001662734430283308,0.013506771065294743,0.0010620802640914917,dyed-lifted-polyps/0f9d9718-f78b-493a-9859-ce5ec793fa83.jpg
4,4,normal-pylorus,normal-pylorus,True,0.0002703320060390979,3.290137829026207e-05,0.0007252534269355237,7.267857290571555e-05,0.9424036145210266,0.00045693202991969883,0.05595054104924202,8.768599218456075e-05,normal-pylorus/5d660f74-bc04-4355-861c-47ed48de600b.jpg
2,2,esophagitis,esophagitis,True,7.058175833662972e-05,0.00016168688307516277,0.9471141695976257,8.001844980753958e-05,0.010526205413043499,0.02113843709230423,0.0004464426601771265,0.020462514832615852,esophagitis/139adf37-d948-44ef-986b-14e17d41b868.jpg
0,0,dyed-lifted-polyps,dyed-lifted-polyps,True,0.9156330823898315,0.08433959633111954,4.690716650657123e-06,1.9939432149840286e-07,4.1423326990752685e-09,4.918236982121016e-07,3.005711278092349e-06,1.8910566723207012e-05,dyed-lifted-polyps/3ae8ec88-0187-4e1f-bacb-3e27de2b0ceb.jpg
7,7,ulcerative-colitis,ulcerative-colitis,True,0.004765702411532402,0.002356339246034622,0.00010898979962803423,0.0018778000958263874,0.002982704434543848,0.0024625519290566444,0.13315409421920776,0.8522917032241821,ulcerative-colitis/7ceabd95-dc0f-449f-bfd8-1c7626c59aea.jpg
4,4,normal-pylorus,normal-pylorus,True,0.0001590823958395049,0.0003292321052867919,0.004118458367884159,0.00014843291137367487,0.9675161838531494,0.026072990149259567,0.0006535325082950294,0.0010022084461525083,normal-pylorus/b9726a70-6e02-4907-8f3a-4b8b0285d41c.jpg
1,1,dyed-resection-margins,dyed-resection-margins,True,0.03593370318412781,0.9640309810638428,9.644304554967675e-06,2.983729245897848e-07,2.1212966316852544e-07,2.1314726836862974e-05,2.1469497824000427e-06,1.806270574888913e-06,dyed-resection-margins/cdd27de3-c84b-4978-ac7c-713c1bcda726.jpg
5,2,normal-z-line,esophagitis,False,1.03027914519771e-05,2.038000639004167e-05,0.6393834948539734,2.1682012629753444e-07,0.0003916829009540379,0.3601404130458832,2.9933022233308293e-05,2.352034607611131e-05,normal-z-line/1631b799-6638-401f-ba74-d7358478aa29.jpg
5,5,normal-z-line,normal-z-line,True,0.0001994671329157427,0.00027418494573794305,0.07429911196231842,1.9696048525474907e-07,0.004419517703354359,0.9207478761672974,4.320143852964975e-05,1.652052378631197e-05,normal-z-line/48e16b86-cf64-4bd4-af7b-67f55eecb252.jpg
0,0,dyed-lifted-polyps,dyed-lifted-polyps,True,0.9872815012931824,0.012706805020570755,2.5356582682434237e-06,6.5822018768813e-07,5.125979782860668e-07,2.6137845452467445e-06,4.4961884668737184e-06,9.039702604241029e-07,dyed-lifted-polyps/b4e37f56-ac82-438d-ac9c-7d8c7ad6929d.jpg
5,5,normal-z-line,normal-z-line,True,0.00032020785147324204,0.00015353217895608395,0.1461714804172516,2.7234489152760943e-06,0.012410029768943787,0.8403840661048889,0.00043158262269571424,0.0001262841688003391,normal-z-line/e987b209-17d6-4fd0-adba-b8f71a5c94b5.jpg
1,1,dyed-resection-margins,dyed-resection-margins,True,0.24464130401611328,0.7499048113822937,4.6554385335184634e-05,0.002766136545687914,1.3038512406637892e-05,9.442536975257099e-05,0.0023758397437632084,0.00015786316362209618,dyed-resection-margins/18d4a071-1a4c-4ffa-afae-11e5c3c77e42.jpg
4,4,normal-pylorus,normal-pylorus,True,0.0007958155474625528,5.175338083063252e-05,0.0008371471776627004,7.796140562277287e-05,0.9911724925041199,0.0014994093216955662,0.005295715760439634,0.0002697761810850352,normal-pylorus/adad0194-5a65-44be-9d83-a2a6603d0634.jpg
3,3,normal-cecum,normal-cecum,True,0.0027329742442816496,0.00360280554741621,1.2355176295386627e-05,0.9454374313354492,0.00042357866186648607,2.065433727693744e-05,0.04409889504313469,0.0036713271401822567,normal-cecum/a6544f02-4ac3-4eb4-af77-e1abd52abbc3.jpg
1,1,dyed-resection-margins,dyed-resection-margins,True,0.2748778760433197,0.7247090339660645,0.00030109722865745425,1.0523380922222714e-07,4.512157545377704e-07,3.082783950958401e-05,1.0000549082178622e-05,7.052432192722335e-05,dyed-resection-margins/09ee8393-cf1c-4828-a266-143f697942a3.jpg
1,0,dyed-resection-margins,dyed-lifted-polyps,False,0.8708308935165405,0.12914472818374634,5.331008878783905e-07,6.850169484096114e-06,1.5979350109773804e-07,3.045989160455065e-06,1.2661616892728489e-05,1.0122556659553084e-06,dyed-resection-margins/97c85811-8d46-486b-9d8e-5e203a170833.jpg
0,0,dyed-lifted-polyps,dyed-lifted-polyps,True,0.6887941956520081,0.3090840280056,0.0001115484265028499,2.5912309865816496e-05,7.95379946794128e-06,5.2443789172684774e-05,0.0018927583005279303,3.1130850402405486e-05,dyed-lifted-polyps/51cacc12-b4f0-4f29-b7f5-20706932a617.jpg
3,3,normal-cecum,normal-cecum,True,0.014681885950267315,0.00341261038556695,1.5499250366701744e-05,0.9342513084411621,2.8840277082053944e-05,0.0001225873565999791,0.045244839042425156,0.00224248506128788,normal-cecum/af50d9e5-5590-4404-bba0-db478919a07a.jpg
7,7,ulcerative-colitis,ulcerative-colitis,True,0.030478138476610184,0.010101228021085262,0.00020284233323764056,0.06259550154209137,0.00016943796072155237,0.0029054423794150352,0.04300396516919136,0.8505434393882751,ulcerative-colitis/de367ea7-a388-4e81-9b1e-b798bc2bc91d.jpg
0,0,dyed-lifted-polyps,dyed-lifted-polyps,True,0.8898721933364868,0.10010243952274323,6.506973295472562e-05,1.6557682101847604e-05,1.3122584277880378e-05,0.0003518461890053004,0.00938019435852766,0.00019862766203004867,dyed-lifted-polyps/7e7e7c18-aa05-4558-8a67-4170ed85577f.jpg
0,0,dyed-lifted-polyps,dyed-lifted-polyps,True,0.7548450231552124,0.13541291654109955,5.2659343054983765e-05,0.08786779642105103,3.874625690514222e-05,5.110820347908884e-05,0.016593394801020622,0.00513834785670042,dyed-lifted-polyps/7bdc7f5a-560b-401d-a090-de6f19f1443f.jpg
1,0,dyed-resection-margins,dyed-lifted-polyps,False,0.6363803148269653,0.3581833839416504,0.0003443612076807767,0.0005939459661021829,0.0004940095241181552,0.0003571119741536677,0.002082813298329711,0.0015640694182366133,dyed-resection-margins/2f720d7d-51d3-4069-a490-10310438b99b.jpg
2,2,esophagitis,esophagitis,True,0.00021900550927966833,0.00029405896202661097,0.9234957695007324,5.930582119617611e-06,0.006433852016925812,0.06600917875766754,0.0013350123772397637,0.0022072107531130314,esophagitis/c2b65b04-5263-4740-a15c-d74d865dcade.jpg
0,0,dyed-lifted-polyps,dyed-lifted-polyps,True,0.7109386324882507,0.28901103138923645,2.3352072275883984e-06,7.3733867793635e-06,1.5534294561803108e-06,6.59804345559678e-06,2.6557523597148247e-05,5.988903922116151e-06,dyed-lifted-polyps/4145f8a7-d4a5-4416-ba7f-ee692d0f764e.jpg
1,1,dyed-resection-margins,dyed-resection-margins,True,0.368820458650589,0.6308251619338989,4.7929420361469965e-06,9.610956476535648e-05,4.419359902385622e-05,5.252244955045171e-05,7.91256024967879e-05,7.770730007905513e-05,dyed-resection-margins/fe9ea687-f6aa-489b-aeee-40b5c18a4b5b.jpg
7,7,ulcerative-colitis,ulcerative-colitis,True,0.005253936629742384,0.010902420617640018,0.00030332524329423904,0.036676038056612015,0.0037696498911827803,4.874034129898064e-05,0.027459660544991493,0.9155861735343933,ulcerative-colitis/0b7abcca-ec65-46c9-8e37-ad067b81ce62.jpg
2,5,esophagitis,normal-z-line,False,6.111172842793167e-05,1.2499380318331532e-05,0.12849268317222595,1.5748487385280896e-06,0.0055275410413742065,0.8656306266784668,0.00015882468142081052,0.00011518181418068707,esophagitis/cd39f3fa-91eb-4798-bf8e-d9ccfaf1bbcd.jpg
6,6,polyps,polyps,True,0.0036003391724079847,0.000533521466422826,7.360208087447973e-07,0.0005813521565869451,0.0006570641999132931,4.689580237027258e-06,0.9938619136810303,0.0007604826823808253,polyps/49f982fc-0156-4aa9-86cf-105fe3575179.jpg
1,1,dyed-resection-margins,dyed-resection-margins,True,0.0014792021829634905,0.9984853863716125,3.996569830633234e-06,3.161129313866695e-07,1.4790581417400972e-06,1.651416823733598e-05,4.993845323042478e-06,8.163163329300005e-06,dyed-resection-margins/2fd2588b-dd32-43ef-b9da-7dc323baf713.jpg
3,3,normal-cecum,normal-cecum,True,0.004209275357425213,0.0011901713442057371,2.273736936331261e-05,0.9591057896614075,0.0018674065358936787,0.0007434936123900115,0.025978732854127884,0.0068824151530861855,normal-cecum/62985062-872e-4d08-a9fa-d49bbc2383d8.jpg
7,7,ulcerative-colitis,ulcerative-colitis,True,0.0001824377104640007,0.00010699767153710127,8.54435347719118e-06,0.000905670109204948,1.2792523193638772e-05,1.8179483959102072e-05,0.003402142086997628,0.9953631162643433,ulcerative-colitis/d3c49708-d48f-4948-8616-cc2dbd1e0098.jpg
1,1,dyed-resection-margins,dyed-resection-margins,True,0.08456923812627792,0.9152134656906128,1.541692836326547e-05,2.3093789423001e-05,4.011263808934018e-05,5.738839172408916e-05,3.245094922021963e-05,4.882841676590033e-05,dyed-resection-margins/66a97d94-5515-4ebd-b31b-ae6c628f3cf5.jpg
6,6,polyps,polyps,True,0.010611291974782944,0.005113250110298395,0.0035847860854119062,0.07699671387672424,0.03319935500621796,0.0020960005931556225,0.6932576298713684,0.17514093220233917,polyps/3ded45db-1f47-4bc0-979e-1645d4fd98bd.jpg
5,5,normal-z-line,normal-z-line,True,0.0013223763089627028,0.0013366298517212272,0.37706512212753296,8.21642424853053e-06,0.0017599150305613875,0.6178219318389893,0.0004597505903802812,0.00022608587460126728,normal-z-line/de959b52-6dd9-40d3-b56c-ce4648d37468.jpg
5,5,normal-z-line,normal-z-line,True,4.914205874229083e-06,1.0061596185551025e-05,0.05108014866709709,2.2888164252776733e-08,0.00842066016048193,0.9404597878456116,1.868964136519935e-05,5.690948000847129e-06,normal-z-line/1f031a07-c11f-4cdd-96b8-01ee18b65909.jpg
6,6,polyps,polyps,True,0.0006876966217532754,3.537709199008532e-05,5.636221658278373e-07,9.800923726288602e-05,0.00013104308163747191,4.13543921240489e-06,0.9990228414535522,2.0229901565471664e-05,polyps/af8e5a0e-18ac-4daa-8b7c-e70d071bed03.jpg
3,3,normal-cecum,normal-cecum,True,0.001161467400379479,0.0006435996619984508,2.9711648039665306e-06,0.9755263924598694,0.0016752586234360933,4.2366180423414335e-05,0.01573949120938778,0.005208317190408707,normal-cecum/5ff34bb3-7472-4807-a501-9a0bf53c5d7e.jpg
0,0,dyed-lifted-polyps,dyed-lifted-polyps,True,0.7491270899772644,0.2452256679534912,0.0008784766541793942,2.5005595034599537e-06,2.406064231763594e-05,0.004064307548105717,0.0006665701512247324,1.1408555110392626e-05,dyed-lifted-polyps/e96c9662-5bef-497c-9c21-d322c82c2d2d.jpg
4,4,normal-pylorus,normal-pylorus,True,8.33328376756981e-05,0.00011472775804577395,0.000718823226634413,7.699441994191147e-06,0.9949107766151428,0.0016395288985222578,0.0012195545714348555,0.0013056177413091063,normal-pylorus/fe2c25f1-828a-4eee-b693-edd11d57c684.jpg
5,5,normal-z-line,normal-z-line,True,0.0003649100544862449,0.0009731699828989804,0.03482475131750107,0.00033404678106307983,0.024069203063845634,0.9385355114936829,0.0007267834735102952,0.00017163420852739364,normal-z-line/a5d1d3bb-cf8a-4ce0-b6a8-55dc740520f6.jpg
6,6,polyps,polyps,True,0.07182101905345917,0.015298068523406982,0.00012732254981528968,0.0067449272610247135,0.002247098833322525,0.010320245288312435,0.8892277479171753,0.004213656298816204,polyps/56c01d3b-5a75-4884-998d-578e8bfa4dfc.jpg
6,6,polyps,polyps,True,0.00015866114699747413,0.0004883722867816687,4.14023588746204e-06,2.0149025658611208e-05,0.0004351859970483929,6.83571670379024e-06,0.9985804557800293,0.00030612529371865094,polyps/54177c51-fda1-458e-8dac-f39dcfdc75e3.jpg
2,2,esophagitis,esophagitis,True,0.010558928363025188,0.002207777928560972,0.579073429107666,0.00012862725998274982,0.0025670018512755632,0.39723795652389526,0.00790263619273901,0.0003236101765651256,esophagitis/5eeb455d-db8b-4bb0-a485-1f4de1d2adaa.jpg
3,3,normal-cecum,normal-cecum,True,0.0007115143816918135,7.802597974659875e-05,1.3220083019405138e-05,0.9951506853103638,0.0007566956337541342,0.00021875083621125668,0.0022676452063024044,0.0008034211350604892,normal-cecum/8c80df3b-00de-4435-ba77-0c03533e2277.jpg
4,4,normal-pylorus,normal-pylorus,True,0.0003077125584241003,7.50502003938891e-05,0.007889564149081707,0.00022231254843063653,0.9575661420822144,0.0036893843207508326,0.01790603995323181,0.012343762442469597,normal-pylorus/540f8c33-89d5-4e44-a4ad-cabb0e6712ec.jpg
5,5,normal-z-line,normal-z-line,True,0.00011162739974679425,3.765619840123691e-05,0.06086764112114906,4.56894468925384e-07,0.000992444111034274,0.9378668069839478,0.00011922870180569589,4.132035883230856e-06,normal-z-line/8e6a38f3-ace4-4709-9e6e-f963a4850e86.jpg
3,3,normal-cecum,normal-cecum,True,0.0030301979277282953,0.0011908860178664327,4.395697033032775e-06,0.9816915392875671,3.5473593015922233e-05,3.832805305137299e-05,0.012763213366270065,0.0012459838762879372,normal-cecum/9eb2ac9b-440e-4717-abfd-001fa625e534.jpg
2,2,esophagitis,esophagitis,True,0.006459143944084644,0.004252749495208263,0.5523558259010315,0.0002086141030304134,0.053305454552173615,0.1668100655078888,0.14199429750442505,0.07461384683847427,esophagitis/68022cdd-499a-4ec1-a123-476be3863ccc.jpg
2,5,esophagitis,normal-z-line,False,0.0006462745368480682,0.00042104130261577666,0.44705912470817566,4.376704600872472e-05,0.009495512582361698,0.5338922142982483,0.0012051507364958525,0.007236996199935675,esophagitis/db8fbd54-6c06-4bb8-bac8-3b0f16ea34fb.jpg
5,5,normal-z-line,normal-z-line,True,2.6772866476676427e-05,3.718235529959202e-05,0.05295741558074951,2.3175850856205216e-06,0.0021291030570864677,0.944557249546051,8.244562923209742e-05,0.00020760537881869823,normal-z-line/21193411-8764-4d36-939f-b654f2815122.jpg
2,2,esophagitis,esophagitis,True,0.00018115951388608664,8.980755228549242e-05,0.803416907787323,2.864804628188722e-05,0.0005963853909634054,0.19336554408073425,0.0005046491860412061,0.0018168756505474448,esophagitis/e1d4308b-1fe9-4c50-ac3a-4fa0e38ef487.jpg
4,4,normal-pylorus,normal-pylorus,True,0.0002504325530026108,7.692431972827762e-05,0.0033173300325870514,0.0005747395916841924,0.9492583870887756,0.03846351429820061,0.006354866083711386,0.0017038248479366302,normal-pylorus/7f607ea9-1c1a-4e65-9888-7db35c807f59.jpg
2,2,esophagitis,esophagitis,True,0.0001416042068740353,0.0004982847021892667,0.9255880117416382,4.934785920340801e-06,0.0069407145492732525,0.06477658450603485,8.540978888049722e-05,0.00196442985907197,esophagitis/4d6969a5-91c2-4ea8-9251-c7718f6c156c.jpg
3,3,normal-cecum,normal-cecum,True,0.0001616533991182223,9.648375998949632e-05,6.7919830826213e-07,0.9964679479598999,8.844783587846905e-05,7.033136171230581e-06,0.0015794042265042663,0.0015984645579010248,normal-cecum/d839d136-1a65-489b-adcf-a2d33b7d3978.jpg
0,0,dyed-lifted-polyps,dyed-lifted-polyps,True,0.5473471283912659,0.11628365516662598,0.0006722513935528696,0.0017252984689548612,0.004208049736917019,0.0026618046686053276,0.3238326907157898,0.0032691429369151592,dyed-lifted-polyps/c975da7b-0089-43e1-9ca1-f9680ec1f81f.jpg
5,5,normal-z-line,normal-z-line,True,0.001421266351826489,0.002187971258535981,0.3627229332923889,1.5042310224089306e-06,0.013506768271327019,0.618643045425415,0.0014180549187585711,9.840060374699533e-05,normal-z-line/2e2447d1-29d0-4988-b9ca-16d4757e52f4.jpg
5,4,normal-z-line,normal-pylorus,False,0.0014500271063297987,0.000943065679166466,0.057539504021406174,4.214665023027919e-05,0.7270880341529846,0.20289471745491028,0.009913209825754166,0.00012935392442159355,normal-z-line/d7829204-5ea7-4551-909c-76aa9e5c181b.jpg
5,6,normal-z-line,polyps,False,0.06261053681373596,0.01511354185640812,0.07753568887710571,1.868975959951058e-05,0.2650221884250641,0.015086821280419827,0.5616039633750916,0.0030085155740380287,normal-z-line/1ba84b26-a412-4626-ab28-b90a468fbaee.jpg
5,5,normal-z-line,normal-z-line,True,0.00043440776062197983,0.002106565749272704,0.1353234499692917,1.9903331121895462e-05,0.0017278756713494658,0.8602796196937561,2.472077358106617e-05,8.352057921001688e-05,normal-z-line/724dfd93-0284-46ab-85f4-75fb2c477399.jpg
7,7,ulcerative-colitis,ulcerative-colitis,True,0.013362227939069271,0.018150389194488525,0.04501659423112869,0.010215921327471733,0.003198862075805664,0.2686450779438019,0.02284727245569229,0.618563711643219,ulcerative-colitis/64fe0dbe-3068-40a6-b148-b315b5078bbf.jpg
0,1,dyed-lifted-polyps,dyed-resection-margins,False,0.32309025526046753,0.6759059429168701,4.826337317354046e-05,0.00020972811034880579,7.136048225220293e-05,0.0002994972455780953,0.00022816240380052477,0.00014676639693789184,dyed-lifted-polyps/82a10160-c92b-4416-993c-bce9726bb5e3.jpg
0,0,dyed-lifted-polyps,dyed-lifted-polyps,True,0.9971591234207153,0.002702962141484022,2.9454158720909618e-05,7.684546403652348e-07,8.122322014969541e-07,1.0775008377095219e-05,9.545240754960105e-05,6.1856223965151e-07,dyed-lifted-polyps/12fb09b6-a6c2-4e78-81d0-8502f576e473.jpg
5,5,normal-z-line,normal-z-line,True,1.4762746104679536e-05,1.888969200081192e-05,0.052673082798719406,2.3316133468398448e-09,0.0032578071113675833,0.9440326690673828,2.3050572508509504e-06,4.902346972812666e-07,normal-z-line/4b56da9b-b26a-41e3-b212-f5d4a07731e5.jpg
6,6,polyps,polyps,True,0.15060138702392578,0.019361261278390884,0.0019747449550777674,0.008897032588720322,8.029730815906078e-05,0.008162150159478188,0.7551433444023132,0.05577976256608963,polyps/a89b6837-471d-4591-bb6a-9cad12145980.jpg
7,6,ulcerative-colitis,polyps,False,0.006167038809508085,0.004961644299328327,0.004082506988197565,0.3188750743865967,0.007649989798665047,0.014959423802793026,0.47045665979385376,0.17284776270389557,ulcerative-colitis/0450df79-728e-47f7-b7d7-5a32e40b686e.jpg
2,5,esophagitis,normal-z-line,False,0.0029412538278847933,0.0007932714652270079,0.4672236740589142,8.698749297764152e-06,0.0036896970123052597,0.5203143358230591,0.003374621970579028,0.0016544110840186477,esophagitis/ad7eae3c-17b2-4808-b50c-f4122918c18c.jpg
0,0,dyed-lifted-polyps,dyed-lifted-polyps,True,0.788144588470459,0.20835205912590027,0.001626968034543097,9.077493450604379e-05,7.219461622298695e-06,0.00021817410015501082,0.0009865806205198169,0.0005736397579312325,dyed-lifted-polyps/aa3978e4-6885-4919-88bc-bede64743e00.jpg
5,5,normal-z-line,normal-z-line,True,0.0014409328578040004,0.0011610613437369466,0.1922461837530136,0.00023218158457893878,0.03525529429316521,0.7487773299217224,0.019808048382401466,0.001078954664990306,normal-z-line/ded1000b-bf92-4220-b4ee-321af77f69b7.jpg
0,0,dyed-lifted-polyps,dyed-lifted-polyps,True,0.892131507396698,0.10685565322637558,8.514170076523442e-06,5.0444421503925696e-05,4.860810918216885e-07,2.0642850358854048e-05,0.0007282611331902444,0.00020440321532078087,dyed-lifted-polyps/60c8e31e-039e-4c2a-84ab-aa6529c0077f.jpg
5,5,normal-z-line,normal-z-line,True,0.0009653499582782388,0.0004298448620829731,0.3467649519443512,3.178026190653327e-06,0.00014712607662659138,0.6447784304618835,0.006886388175189495,2.47072985075647e-05,normal-z-line/d54dd474-a25e-4aeb-83e9-fe2220a0d46b.jpg
4,4,normal-pylorus,normal-pylorus,True,0.0004913397715426981,0.00034694818896241486,0.011149798519909382,0.000100158249551896,0.9145458936691284,0.06839321553707123,0.0012905560433864594,0.0036821048706769943,normal-pylorus/eb43ab19-02a6-4314-b7c3-a21678f7d124.jpg
7,7,ulcerative-colitis,ulcerative-colitis,True,0.0031153655145317316,0.02877204306423664,1.3485467206919566e-05,0.01189015805721283,0.0002100346318911761,6.2648805396747775e-06,0.010323651134967804,0.9456689953804016,ulcerative-colitis/1515780d-178b-42c7-b621-7ab445e3ad89.jpg
4,4,normal-pylorus,normal-pylorus,True,0.00010812294931383803,0.00031612685415893793,0.012117312289774418,0.000309097085846588,0.9005796909332275,0.05369357392191887,0.002106958534568548,0.030769143253564835,normal-pylorus/ca45f829-82ed-42ba-a5cb-a0d305f50cdb.jpg
4,4,normal-pylorus,normal-pylorus,True,5.3345811465987936e-06,1.715439611871261e-05,0.007136008236557245,1.635480941786227e-07,0.9908061623573303,0.0017475661588832736,7.166209252318367e-05,0.0002159493014914915,normal-pylorus/2639339e-a4b1-46e7-9313-51380f57341e.jpg
3,3,normal-cecum,normal-cecum,True,0.007475249003618956,0.0015541135799139738,1.1344933227519505e-05,0.9098579287528992,0.00015946998610161245,0.0001483872765675187,0.07994256168603897,0.0008508805767633021,normal-cecum/068d3dac-066b-47c2-8057-c5e9ceb48262.jpg
7,7,ulcerative-colitis,ulcerative-colitis,True,0.0007791206007823348,0.00023090756440069526,0.010831020772457123,5.290314948069863e-05,0.0001778515288606286,0.0024965964257717133,0.0021221081260591745,0.9833095669746399,ulcerative-colitis/184cd2c6-ebb4-4032-b509-0c580dcf2079.jpg
4,4,normal-pylorus,normal-pylorus,True,9.968571976060048e-05,0.00013178570952732116,0.0036113348323851824,1.3335217374788044e-07,0.9919931888580322,0.003991448320448399,0.00011310780246276408,5.9337628044886515e-05,normal-pylorus/1d9233e5-05fb-448f-aad6-25ca4c108967.jpg
1,1,dyed-resection-margins,dyed-resection-margins,True,0.09039171040058136,0.9081497192382812,6.404706073226407e-05,6.539060996146873e-05,3.898461727658287e-06,0.0006638049962930381,0.0005116942338645458,0.00014974740042816848,dyed-resection-margins/62bb7bca-5cc3-4a0a-94b3-3666e6cf004e.jpg
4,4,normal-pylorus,normal-pylorus,True,5.61008073418634e-06,1.1463718010418233e-06,0.00013543137174565345,4.004000118129625e-07,0.9996956586837769,9.494607365923002e-05,5.9480993513716385e-05,7.334838301176205e-06,normal-pylorus/54291ff2-da24-4aa4-b62e-8c280705b20f.jpg
1,1,dyed-resection-margins,dyed-resection-margins,True,0.29828232526779175,0.7015734314918518,8.379150676773861e-05,1.0882658898481168e-06,2.6169180600277286e-08,2.0294763089623302e-05,5.036209586251061e-06,3.405153984203935e-05,dyed-resection-margins/47743168-d69b-401e-83f2-987ea7afca9c.jpg
7,7,ulcerative-colitis,ulcerative-colitis,True,0.003908052574843168,0.00014288071542978287,0.0009543319465592504,0.0007352010579779744,0.003767071757465601,0.003756386460736394,0.08736051619052887,0.8993756771087646,ulcerative-colitis/873fa53a-0603-4cb9-b097-e0e542baae2f.jpg
7,7,ulcerative-colitis,ulcerative-colitis,True,0.08446803689002991,0.04384637251496315,0.0006540935719385743,0.0015166484517976642,1.041465930029517e-05,0.0005048171733506024,0.12702441215515137,0.7419751882553101,ulcerative-colitis/8165e7ed-993f-4f81-8b9c-6e0866f18fd6.jpg
0,0,dyed-lifted-polyps,dyed-lifted-polyps,True,0.8307077288627625,0.16922098398208618,7.176341114245588e-06,3.692301220326044e-07,1.5683362164509163e-07,6.029240921634482e-06,5.250005779089406e-05,4.9611694521445315e-06,dyed-lifted-polyps/96bfb62f-f2bd-4965-9b2c-4928b023b702.jpg
6,0,polyps,dyed-lifted-polyps,False,0.4324130713939667,0.0484636090695858,0.0132490498945117,0.009987897239625454,0.0008478861418552697,0.22429384291172028,0.25497937202453613,0.01576525904238224,polyps/c9ae1d7e-7a08-4176-931f-4110e2f9908a.jpg
2,2,esophagitis,esophagitis,True,0.0056327409110963345,0.03928615525364876,0.861434280872345,8.904996502678841e-05,0.00019644471467472613,0.02251318469643593,0.00020893212058581412,0.07063925266265869,esophagitis/4c1ac4ec-78a3-496e-b06a-466730633c6d.jpg
4,2,normal-pylorus,esophagitis,False,0.0038821662310510874,0.012324916198849678,0.5902665257453918,0.01515496801584959,0.17268085479736328,0.07858692109584808,0.12109815329313278,0.006005484145134687,normal-pylorus/e647bef7-a685-4c49-8b2c-77dc089e631c.jpg
1,1,dyed-resection-margins,dyed-resection-margins,True,0.07981543987989426,0.9199633002281189,2.3551605409011245e-05,1.4791105058975518e-05,6.341413723021105e-07,0.0001223530271090567,5.870439417776652e-05,1.1733820883819135e-06,dyed-resection-margins/918b1ec8-5d17-4b6e-bbf7-6577403e7d55.jpg
1,1,dyed-resection-margins,dyed-resection-margins,True,0.4392906129360199,0.5550485849380493,0.00017510965699329972,0.0009917095303535461,4.8767517000669613e-05,0.0024169362150132656,0.00010633768397383392,0.0019219567766413093,dyed-resection-margins/e9fb6239-1f6b-4c85-b289-650bf60bb0c7.jpg
5,5,normal-z-line,normal-z-line,True,0.011712518520653248,0.004656696692109108,0.09782377630472183,8.247177174780518e-05,0.050492849200963974,0.8301262259483337,0.005083133932203054,2.232560837001074e-05,normal-z-line/89d34997-0b47-48d7-ae5d-1f47de87cf85.jpg
5,5,normal-z-line,normal-z-line,True,6.467515777330846e-05,0.00010644009307725355,0.14496147632598877,2.5943623427338025e-07,0.0019242250127717853,0.8526918292045593,0.0001720878790365532,7.904112135292962e-05,normal-z-line/be13e423-b890-486e-98d7-692b12fe390f.jpg
5,5,normal-z-line,normal-z-line,True,2.6659095965442248e-05,1.1023327715520281e-05,0.09683077037334442,1.0049189569372174e-07,0.00021489537903107703,0.9028364419937134,2.5694540454423986e-05,5.4492436902364716e-05,normal-z-line/d274876d-7fc9-462f-acaa-e4c621ff4b8e.jpg
5,5,normal-z-line,normal-z-line,True,1.3432356809062185e-06,3.6434389585338067e-06,0.032527703791856766,2.6502737782152508e-08,0.00033834800706245005,0.9671247601509094,2.6296067971998127e-06,1.5115574569790624e-06,normal-z-line/a77e26c2-898d-4ee2-b113-caf39dbfa58c.jpg
5,5,normal-z-line,normal-z-line,True,0.0008349020499736071,0.006926712114363909,0.044561438262462616,2.1119738448760472e-05,0.018150435760617256,0.9293031692504883,5.8671423175837845e-05,0.00014346295210998505,normal-z-line/b5840b8b-e55e-4a49-bbda-1a2ae0befee9.jpg
5,5,normal-z-line,normal-z-line,True,2.4181541448342614e-05,8.861298556439579e-05,0.09852870553731918,2.9970467494422337e-06,0.0007730292854830623,0.9005498886108398,1.3541736734623555e-05,1.9129374777548946e-05,normal-z-line/c1da34c4-89e8-4318-8525-0a5f83af40da.jpg
5,5,normal-z-line,normal-z-line,True,0.0031903148628771305,0.0018727314891293645,0.03958667442202568,0.00042371571180410683,0.13804537057876587,0.7666181325912476,0.047179214656353,0.003083892399445176,normal-z-line/c9db476b-4fca-4b25-95d5-d1120b311bbd.jpg
3,3,normal-cecum,normal-cecum,True,0.008852574974298477,0.001115855062380433,8.304565562866628e-05,0.9755149483680725,0.00012044690811308101,0.0009591927519068122,0.008201664313673973,0.005152278114110231,normal-cecum/61f57795-b129-44f7-9100-a31f8a828071.jpg
0,0,dyed-lifted-polyps,dyed-lifted-polyps,True,0.6069670915603638,0.39050573110580444,0.00037560833152383566,0.00023520475951954722,6.712530739605427e-05,0.001107937889173627,0.0005266003427095711,0.00021470685896929353,dyed-lifted-polyps/1095b496-3ccc-4758-8429-fb85c59baf45.jpg
2,5,esophagitis,normal-z-line,False,0.0023296272847801447,0.0006620418862439692,0.1624281257390976,0.000589956936892122,0.03349900245666504,0.7933528423309326,0.005837458651512861,0.0013009451795369387,esophagitis/60e4f868-0b7e-4b1c-b78d-efb19c83e5ee.jpg
2,5,esophagitis,normal-z-line,False,0.0038683440070599318,0.002335486700758338,0.4680415689945221,0.00014496450603473932,0.007670684717595577,0.5033420920372009,0.013629852794110775,0.0009670339059084654,esophagitis/62b55a47-71df-46d9-8ff6-b8461702370c.jpg
1,1,dyed-resection-margins,dyed-resection-margins,True,0.14979293942451477,0.8424874544143677,8.07778360467637e-06,0.0052760872058570385,7.668882972211577e-06,2.913638854806777e-05,1.616787449165713e-05,0.0023824647068977356,dyed-resection-margins/3e36cd07-ae28-4db1-9b64-43d871d8c4d7.jpg
0,0,dyed-lifted-polyps,dyed-lifted-polyps,True,0.9958348274230957,0.00378973176702857,0.00011441564129199833,3.6425215057533933e-06,4.1309117904120285e-08,3.519547362884623e-06,0.0002514659718144685,2.448551185807446e-06,dyed-lifted-polyps/a6cc2ba2-b88f-4894-a35e-2339f4e63744.jpg
2,2,esophagitis,esophagitis,True,0.0009825247107073665,0.003287491388618946,0.7934117317199707,9.421177651347534e-07,0.00014098222891334444,0.19944466650485992,0.00015419648843817413,0.002577472012490034,esophagitis/a0b35d4d-d47e-427a-bd55-9f5cc5d652bc.jpg
0,0,dyed-lifted-polyps,dyed-lifted-polyps,True,0.7879105806350708,0.2118913233280182,4.883924248133553e-06,3.0145477012410993e-06,2.75566577556674e-07,2.0996072635171004e-05,0.0001323352917097509,3.6550914956023917e-05,dyed-lifted-polyps/1772420c-014c-4922-a54f-36308db05ce6.jpg
6,6,polyps,polyps,True,0.0017842083470895886,0.0005243352497927845,1.0423032108519692e-05,0.00036426199949346483,0.0055448985658586025,0.00036177437868900597,0.9909906387329102,0.000419449555920437,polyps/767b82aa-d0c6-4fea-9a3b-590d5bc1c534.jpg
0,0,dyed-lifted-polyps,dyed-lifted-polyps,True,0.7578462958335876,0.23702870309352875,0.00010273028601659462,0.0003191026044078171,0.0001371363759972155,0.0014340546913444996,0.000629199668765068,0.0025027799420058727,dyed-lifted-polyps/3d824e35-5593-4c11-a072-b7c85c0b8ae6.jpg
2,5,esophagitis,normal-z-line,False,0.00013864101492799819,0.0003275412309449166,0.3264599144458771,1.0165189934241425e-07,0.0015485984040424228,0.6711131930351257,0.0003593271831050515,5.268440872896463e-05,esophagitis/9b4b4a20-63e8-4511-92db-352e8c587a81.jpg
1,1,dyed-resection-margins,dyed-resection-margins,True,0.20973241329193115,0.7899002432823181,3.905969424522482e-05,1.4461711543845013e-05,7.5508160080062225e-06,3.3563101169420406e-05,0.0001785036438377574,9.42349579418078e-05,dyed-resection-margins/0a700cd0-d4ad-4a69-8e74-a22b0b028f7a.jpg
7,7,ulcerative-colitis,ulcerative-colitis,True,0.03257329761981964,0.1124081015586853,0.001527562621049583,0.0009697003406472504,4.1372477426193655e-05,0.0018182393396273255,0.010839791968464851,0.8398218750953674,ulcerative-colitis/663afdb6-38bb-450c-9f53-a5273c46ea77.jpg
1,1,dyed-resection-margins,dyed-resection-margins,True,0.014197511598467827,0.9857653975486755,5.534846422960982e-06,3.413559284126677e-07,2.882115495594917e-06,2.091434544126969e-05,3.754995987037546e-06,3.685730007418897e-06,dyed-resection-margins/58f7eec4-9506-4090-bb00-5ddbbbf6f6c8.jpg
4,4,normal-pylorus,normal-pylorus,True,7.115555035852594e-06,1.306841386394808e-05,8.047366281971335e-05,7.150489409468719e-07,0.9997122883796692,0.00014710157120134681,2.9365790396695957e-05,9.79099149844842e-06,normal-pylorus/30a96e35-08ef-4145-8f20-5a23babab16a.jpg
3,3,normal-cecum,normal-cecum,True,0.005134789273142815,0.001424059853889048,9.758001624504686e-07,0.9515047669410706,0.0008841408998705447,3.0516795959556475e-05,0.039366934448480606,0.0016538300551474094,normal-cecum/86f3d1e7-fc0e-4cf4-a4bf-95c10d6a8073.jpg
2,2,esophagitis,esophagitis,True,7.847822416806594e-06,7.145445124479011e-05,0.9952080845832825,4.4286670686233265e-07,0.00010332263627788052,0.003996846731752157,0.0004281997971702367,0.0001838199677877128,esophagitis/001fb927-4814-4ba5-851d-189db99291d8.jpg
2,2,esophagitis,esophagitis,True,0.00047710377839393914,0.00023950256581883878,0.6269668340682983,5.154853397471015e-07,0.002450409112498164,0.36977720260620117,8.268285455415025e-05,5.854937171534402e-06,esophagitis/172d405f-bced-4502-99c9-e50029244a8f.jpg
0,0,dyed-lifted-polyps,dyed-lifted-polyps,True,0.9732110500335693,0.02666540816426277,6.9795937633898575e-06,4.150806205416302e-07,5.872882411495084e-07,8.427183274761774e-06,0.00010553532047197223,1.5871444247750333e-06,dyed-lifted-polyps/e062f910-d08b-4a98-8e96-a0ad1a744154.jpg
7,7,ulcerative-colitis,ulcerative-colitis,True,0.007024080026894808,0.00522996811196208,4.9706915888236836e-05,0.46799540519714355,0.007817767560482025,0.0005549177876673639,0.039890043437480927,0.4714381992816925,ulcerative-colitis/3d1c6797-aaf0-4ac3-a1de-d0540d12569e.jpg
7,7,ulcerative-colitis,ulcerative-colitis,True,0.0011533849174156785,0.0006458911229856312,0.02276499941945076,0.00011219811131013557,0.00039028743049129844,0.05566379427909851,0.002567744581028819,0.9167016744613647,ulcerative-colitis/730728f7-3e9f-4b41-8bf9-522cdee43579.jpg
3,3,normal-cecum,normal-cecum,True,0.06331630051136017,0.007839602418243885,0.00013032850984018296,0.7136076092720032,0.0002480353869032115,0.00010252865467919037,0.07968445122241974,0.13507112860679626,normal-cecum/c255960a-0bbb-49b5-8fc9-ca20735a18ee.jpg
4,4,normal-pylorus,normal-pylorus,True,2.2550326320924796e-05,1.267596053367015e-05,0.00135629007127136,0.00010966965783154592,0.9553197026252747,0.013549397699534893,0.026862846687436104,0.0027667670510709286,normal-pylorus/a226af06-c56c-4438-8431-3078e4a10813.jpg
6,6,polyps,polyps,True,0.04722885414958,0.006070150062441826,0.000520410540048033,0.026988955214619637,0.0007904843660071492,0.0012287512654438615,0.9077113270759583,0.00946113932877779,polyps/7828e434-3a35-4f37-afa5-83485f30fbd4.jpg
2,2,esophagitis,esophagitis,True,0.0025184976402670145,0.0027778807561844587,0.9360643625259399,1.803234823682942e-07,2.915316872531548e-05,0.05625138059258461,0.0004868013202212751,0.0018717464990913868,esophagitis/7f7d27fb-fa49-483d-814d-eefea55f7be5.jpg
6,6,polyps,polyps,True,0.02021843194961548,0.004275527782738209,0.0003688241995405406,0.00028824229957535863,0.0003234749601688236,0.0006542791961692274,0.9727460741996765,0.0011251425603404641,polyps/724e98c7-1c03-4bc2-bfd4-92a57775437c.jpg
3,3,normal-cecum,normal-cecum,True,0.027729883790016174,0.03102874383330345,0.003682534908875823,0.7838544249534607,0.0172536913305521,0.017377784475684166,0.08474266529083252,0.03433028981089592,normal-cecum/a6f6df9b-c02c-4fa8-bddc-999ecadf00cd.jpg
6,6,polyps,polyps,True,0.1412671059370041,0.033960115164518356,0.014789223670959473,9.046523337019607e-05,0.00013137594214640558,0.006152712274342775,0.6045054793357849,0.19910360872745514,polyps/62bb1119-9682-4577-91e6-f15a2cf36e65.jpg
1,1,dyed-resection-margins,dyed-resection-margins,True,0.2347395420074463,0.7617965340614319,0.0025218622758984566,1.8652101516636321e-06,1.739447519355508e-08,6.221509829629213e-05,2.5738461772562005e-05,0.0008522010175511241,dyed-resection-margins/2f58484a-2a12-46b9-8846-641bf07a28fb.jpg
4,4,normal-pylorus,normal-pylorus,True,2.3661445993639063e-06,9.94529159470403e-07,0.0001876714959507808,3.987853745002212e-07,0.9990255832672119,0.0006856736144982278,9.152389975497499e-05,5.758657607657369e-06,normal-pylorus/8aed1005-b05d-4160-a7bd-afbb13e0abff.jpg
4,4,normal-pylorus,normal-pylorus,True,2.109123488480691e-05,4.3245481720077805e-06,1.5410294508910738e-05,0.00039362115785479546,0.9992202520370483,5.0734783144434914e-05,0.00015326029097195715,0.00014134317461866885,normal-pylorus/a684989c-4ed9-411a-804b-803d60b3b578.jpg
