true_label,predicted_label,true_class,predicted_class,correct,prob_dyed-lifted-polyps,prob_dyed-resection-margins,prob_esophagitis,prob_normal-cecum,prob_normal-pylorus,prob_normal-z-line,prob_polyps,prob_ulcerative-colitis,path
4,4,normal-pylorus,normal-pylorus,True,0.0006057278369553387,0.00012561371841002256,0.014654344879090786,0.00039023839053697884,0.8910941481590271,0.03493746370077133,0.05381094291806221,0.004381588660180569,normal-pylorus/40aae937-a28e-437e-8357-cf2ed5e13f51.jpg
7,6,ulcerative-colitis,polyps,False,0.012776816263794899,0.002719857031479478,1.9441082258708775e-05,0.09391799569129944,7.418321183649823e-05,2.2248044842854142e-05,0.6456359028816223,0.24483351409435272,ulcerative-colitis/eb1dd07c-7ecd-4f7c-a780-8a4596adf998.jpg
7,6,ulcerative-colitis,polyps,False,0.005770833697170019,0.0017588387709110975,1.1542183528945316e-05,0.09056076407432556,0.0005019468371756375,2.85769874608377e-05,0.6241765022277832,0.2771909832954407,ulcerative-colitis/6dd6cd7d-220c-40e3-917e-cde03237b7b2.jpg
6,6,polyps,polyps,True,0.006837836932390928,0.0008663357002660632,1.9250664990977384e-06,0.06790953874588013,9.033142850967124e-05,2.493877400411293e-05,0.9019767045974731,0.022292328998446465,polyps/e37e91fc-4256-4cca-81c7-3572a48f2e6a.jpg
2,2,esophagitis,esophagitis,True,9.261681952921208e-06,1.6465965018142015e-05,0.5562381148338318,3.290823863411063e-11,4.6744730752834585e-06,0.4437312185764313,1.0585305432186942e-07,8.527689487891621e-08,esophagitis/e93267ed-1d70-42bb-829d-e58bbe4213be.jpg
1,1,dyed-resection-margins,dyed-resection-margins,True,0.06962404400110245,0.9303759336471558,3.777406831773078e-09,1.4113581180488777e-12,3.690435815013188e-14,7.979929494972282e-10,1.155494428438375e-13,1.0697385089287331e-13,dyed-resection-margins/bbdb51fd-74c3-4dcc-9f2a-348992bd7656.jpg
5,5,normal-z-line,normal-z-line,True,4.5602359023177996e-05,5.333698936738074e-05,0.19909127056598663,6.796419427246292e-08,0.0020371018908917904,0.7986979484558105,4.927740155835636e-05,2.5425046260352246e-05,normal-z-line/00bee375-36d2-4ba9-89e5-bd6132d79c0c.jpg
7,6,ulcerative-colitis,polyps,False,0.027359427884221077,0.005472698248922825,0.00013547758862841874,0.01664196513593197,0.0007100592483766377,0.0002629244700074196,0.5173453092575073,0.43207210302352905,ulcerative-colitis/2ea3a7b4-2f13-4665-b6c3-6b2f510391b8.jpg
5,5,normal-z-line,normal-z-line,True,0.0005926930462010205,0.0004025658708997071,0.32345542311668396,1.204604842541812e-07,0.0002548588963691145,0.6750565767288208,0.00018583034398034215,5.190899537410587e-05,normal-z-line/904e5e4e-4acd-49f9-b2cc-b48d7f2ebc30.jpg
0,0,dyed-lifted-polyps,dyed-lifted-polyps,True,0.6182489991188049,0.38098105788230896,8.540088742847729e-07,0.0005020778044126928,2.1750150835941895e-07,2.0212087292748038e-06,0.0001691650686552748,9.552149276714772e-05,dyed-lifted-polyps/b9357cb6-83a3-4dea-9387-46effa1dfd14.jpg
5,5,normal-z-line,normal-z-line,True,0.0005321598728187382,0.0003184564411640167,0.4723379611968994,2.730063215494738e-06,0.008329924196004868,0.5162484645843506,0.00169110216666013,0.0005392128950916231,normal-z-line/c8fc5bef-13f0-46b5-af66-9e2d4b49e9c8.jpg
4,4,normal-pylorus,normal-pylorus,True,0.0006963711348362267,0.00042878519161604345,0.23097774386405945,0.0006642731605097651,0.6125115752220154,0.11996975541114807,0.0316816084086895,0.0030698913615196943,normal-pylorus/bbe363f1-166b-4836-9491-e81e125122f6.jpg
3,3,normal-cecum,normal-cecum,True,0.0009533027769066393,0.000274316145805642,8.07629341181837e-09,0.9364200234413147,1.8588678358355537e-05,3.319486552300077e-07,0.050657857209444046,0.01167557667940855,normal-cecum/a35c3092-2eb7-4669-8794-3c68764a764e.jpg
4,4,normal-pylorus,normal-pylorus,True,0.004029416479170322,0.000924793304875493,0.002187119098380208,0.005610923748463392,0.5198261141777039,0.018221018835902214,0.41401514410972595,0.03518540784716606,normal-pylorus/0ecbcefc-2fa0-4108-b560-1f779f2b3280.jpg
4,4,normal-pylorus,normal-pylorus,True,0.0005520826671272516,0.0001477392070228234,0.02333647571504116,0.0013970716390758753,0.8743164539337158,0.033715199679136276,0.0567290298640728,0.009805967099964619,normal-pylorus/ffdaa089-76f0-4547-8950-db6d256c6157.jpg
1,1,dyed-resection-margins,dyed-resection-margins,True,0.4448908269405365,0.555108904838562,2.6273750108884997e-07,2.6801354469085936e-09,1.151375383923181e-10,7.938567847531885e-08,7.325996698170911e-09,3.4667129167331723e-09,dyed-resection-margins/7ce8b8b3-6e36-4ad7-86ba-137a1cd5d2b6.jpg
7,7,ulcerative-colitis,ulcerative-colitis,True,3.2998406823026016e-05,4.2269866753485985e-06,1.0157638826058246e-05,1.872694888049864e-08,7.83233826950891e-06,8.330010132340249e-06,0.002290700562298298,0.9976456761360168,ulcerative-colitis/45b5dad4-c0e0-4d60-a07f-7ec93853c60b.jpg
0,0,dyed-lifted-polyps,dyed-lifted-polyps,True,0.6095883250236511,0.3904074728488922,7.688784080528421e-07,4.5671026782656554e-07,5.556083149116375e-09,3.49710688851701e-07,2.308936245754012e-06,3.293386896530137e-07,dyed-lifted-polyps/e59f1c09-34f7-4eda-8cec-36004b5835f2.jpg
7,7,ulcerative-colitis,ulcerative-colitis,True,8.422065729973838e-05,2.4888789994292893e-05,0.0015682304510846734,5.56234681425849e-07,0.001249167718924582,0.0008914986392483115,0.01198133360594511,0.9842000007629395,ulcerative-colitis/584f1fa0-9bb9-49d3-b412-c42819d0a200_00002458.jpg
1,1,dyed-resection-margins,dyed-resection-margins,True,0.24070730805397034,0.759292721748352,1.0193916821776838e-09,2.264356670916845e-12,2.4142485428348126e-14,5.511701650640077e-10,5.4903069666555754e-14,5.082190229635866e-14,dyed-resection-margins/6cc19876-fe6f-4496-ab13-614b0e281b6a.jpg
3,3,normal-cecum,normal-cecum,True,0.004060755018144846,0.0011495163198560476,5.40522592018533e-07,0.6615028977394104,2.5544781237840652e-05,3.132707206532359e-06,0.3071645200252533,0.026093125343322754,normal-cecum/df525885-1955-4e11-aead-fa8e746dd558.jpg
6,6,polyps,polyps,True,0.016641974449157715,0.0037304526194930077,0.001136617618612945,0.001573084737174213,0.0003933683328796178,0.0010494114831089973,0.9113172888755798,0.0641578808426857,polyps/354404bd-4f71-4a1a-b2a8-eb5eed98f975.jpg
4,4,normal-pylorus,normal-pylorus,True,8.260262984549627e-05,2.9997056117281318e-05,0.0063095116056501865,0.00012266777048353106,0.9679208397865295,0.017516838386654854,0.007830074988305569,0.00018737597565632313,normal-pylorus/ccc2ac87-89ea-4034-a656-86c4df504e6c.jpg
7,6,ulcerative-colitis,polyps,False,0.01417714823037386,0.0019511551363393664,1.0409096830699127e-05,0.020174242556095123,1.983545189432334e-05,1.2643507943721488e-05,0.5929186940193176,0.37073585391044617,ulcerative-colitis/1dad6ad6-57e3-448c-85d0-0508b05825e9.jpg
6,3,polyps,normal-cecum,False,0.005741366185247898,0.0019804267212748528,2.2279513359535486e-05,0.45707404613494873,0.0022887911181896925,0.00019346395856700838,0.4267427921295166,0.10595674812793732,polyps/ef6d9dfd-55ad-4a3e-b325-289fda4e3670.jpg
0,1,dyed-lifted-polyps,dyed-resection-margins,False,0.05873130261898041,0.9412686824798584,2.1244405346010353e-08,1.929150172941263e-10,1.8114124837684958e-13,1.2235686241979238e-08,4.7966609850735864e-11,3.6886182996909156e-10,dyed-lifted-polyps/fa6d6342-bfdb-43b1-9635-dc9d2bb5ed23.jpg
4,5,normal-pylorus,normal-z-line,False,0.0036154056433588266,0.0013569536386057734,0.30704614520072937,0.0003871085064020008,0.16878904402256012,0.3492649495601654,0.15650935471057892,0.013031010515987873,normal-pylorus/a9d6d275-0c6e-441b-8bc7-26d76afcd60f.jpg
6,6,polyps,polyps,True,0.004647493828088045,0.0006736029172316194,2.0349358237581328e-05,0.013909155502915382,0.0007857320015318692,5.2102703193668276e-05,0.8986894488334656,0.08122216165065765,polyps/6a2e9528-7abb-4456-9797-31f3c6b301bb.jpg
4,5,normal-pylorus,normal-z-line,False,0.0005192320677451789,0.00030530645744875073,0.3984815776348114,3.2588539511380077e-07,0.024800170212984085,0.575603723526001,0.0002436775976093486,4.6022825699765235e-05,normal-pylorus/2dc3de5b-5084-48c4-b699-43387319650c.jpg
3,3,normal-cecum,normal-cecum,True,0.005090421997010708,0.001248760148882866,7.031828630488235e-08,0.7175114154815674,2.577851773821749e-06,2.620821533128037e-07,0.24606426060199738,0.030082250013947487,normal-cecum/84021430-f577-447f-b103-215b82e12843.jpg
6,6,polyps,polyps,True,0.004551206715404987,0.0008944609435275197,2.085390633510542e-06,0.13463664054870605,2.734407280513551e-05,4.742316377814859e-06,0.7848623394966125,0.0750211700797081,polyps/c9b8f8bc-f7e1-4d59-a402-3e7643358008.jpg
7,6,ulcerative-colitis,polyps,False,0.007256282493472099,0.0022419909946620464,0.001345324795693159,0.06902135908603668,0.045369911938905716,0.001553021720610559,0.730556845664978,0.142655149102211,ulcerative-colitis/49ff4cda-64db-4d70-8b6d-eba41e5ac76a.jpg
5,2,normal-z-line,esophagitis,False,4.5391519961412996e-05,4.866596282226965e-05,0.8790461421012878,7.513717648066631e-09,0.0002702745550777763,0.1205761507153511,9.52898153627757e-06,3.839152668660972e-06,normal-z-line/9c396983-c8b5-4704-8dac-6e1d8a9589bf.jpg
5,5,normal-z-line,normal-z-line,True,1.9443841665633954e-05,3.0902050639269873e-05,0.1079854890704155,3.6610432463390907e-09,0.00020548496104311198,0.8917543888092041,2.3341322048509028e-06,1.8791122329275822e-06,normal-z-line/b503c99b-9f26-4bd4-a81c-b8e224fa9978.jpg
0,0,dyed-lifted-polyps,dyed-lifted-polyps,True,0.6533775329589844,0.32384127378463745,3.2311138056684285e-05,0.010476876050233841,7.833175186533481e-05,8.267581870313734e-05,0.011461637914180756,0.0006493094842880964,dyed-lifted-polyps/7518df1b-8570-4e12-b3a8-cbdfb00c142d.jpg
3,3,normal-cecum,normal-cecum,True,0.0022840972524136305,0.00033311714651063085,2.2045218983635095e-08,0.7682452201843262,2.027594564424362e-05,3.4463880638213595e-07,0.17269496619701385,0.056421928107738495,normal-cecum/1d096835-06b1-4649-ab10-c09824ef9732.jpg
6,6,polyps,polyps,True,0.025134321302175522,0.005336202681064606,0.0006173854926601052,0.002833631820976734,0.00031539989868178964,0.00035582995042204857,0.9383704662322998,0.02703677862882614,polyps/a1179a37-8cee-468c-8ac7-8ada22612e77.jpg
6,6,polyps,polyps,True,0.006107546854764223,0.0010425300570204854,2.264813929286902e-06,0.12179567664861679,0.0001244323211722076,2.0768449758179486e-05,0.8347557783126831,0.036150991916656494,polyps/e59eb196-7307-4d31-b3c9-8ef8167f1c9f.jpg
3,3,normal-cecum,normal-cecum,True,0.0008918651728890836,0.00022277605603449047,1.026733453812767e-08,0.9251524806022644,1.6808826330816373e-05,2.745241545198951e-07,0.06502153724431992,0.008694368414580822,normal-cecum/bd5b9d08-2b70-42cd-82b3-878a024be0d3.jpg
2,2,esophagitis,esophagitis,True,3.8968344597378746e-05,2.066762863250915e-05,0.8899356126785278,1.0989145149409296e-09,3.919483788195066e-05,0.10995561629533768,6.222454430826474e-06,3.6445269415708026e-06,esophagitis/ceb61e27-08b3-4887-8bde-3c8f6c537e28.jpg
1,1,dyed-resection-margins,dyed-resection-margins,True,0.18480801582336426,0.815191924571991,7.304271770758319e-11,6.86530277071995e-11,2.1938815713651132e-14,2.8400242227388794e-11,5.770340802402352e-13,3.795789908517949e-13,dyed-resection-margins/1d12c126-b90a-4409-8080-bac18f38cba3.jpg
2,2,esophagitis,esophagitis,True,0.001614539185538888,0.0007004578947089612,0.8680369257926941,2.754027839113604e-10,2.5562433165760012e-06,0.12963639199733734,8.158943273883779e-06,1.079320213648316e-06,esophagitis/eabc0ef8-fc37-4014-b741-c0a4932f58c7.jpg
0,0,dyed-lifted-polyps,dyed-lifted-polyps,True,0.60030198097229,0.3996722102165222,1.8599455415824195e-06,3.7961635825922713e-06,1.332907260120919e-07,2.2941167117096484e-06,6.526088327518664e-06,1.1143476513097994e-05,dyed-lifted-polyps/55162bcd-887f-4a5c-b868-e31cb5ffbbdf.jpg
6,6,polyps,polyps,True,0.035655125975608826,0.011625956743955612,0.002256847685202956,0.0008962654392234981,0.0003378696565050632,0.0007480558706447482,0.9253860712051392,0.02309384196996689,polyps/e3efbccd-ac8b-4ddf-b8bd-77ed0e18f99d.jpg
6,6,polyps,polyps,True,0.006791318766772747,0.0019050538539886475,1.2333299309830181e-05,0.28758493065834045,0.0009614764712750912,0.00013168535951990634,0.6391385197639465,0.06347470730543137,polyps/0720d335-17b7-4510-9331-5dcc4c54570f.jpg
7,7,ulcerative-colitis,ulcerative-colitis,True,0.009797866456210613,0.0017401691293343902,2.5779679617699003e-06,0.2586359679698944,0.00024952649255283177,2.3778622562531382e-05,0.2419579178094864,0.4875922203063965,ulcerative-colitis/aea245d6-2b16-43f7-b0c9-c5df9594fb75.jpg
6,6,polyps,polyps,True,0.004510391503572464,0.0017549300100654364,4.3648014980135486e-05,0.2186509072780609,0.0023510672617703676,0.00012480483565013856,0.6158005595207214,0.15676364302635193,polyps/58ac2091-613d-4c94-875c-c7d256aae6dd.jpg
2,2,esophagitis,esophagitis,True,0.0002506324090063572,0.0001789614761946723,0.8030030131340027,3.961280725661709e-08,0.0005896029761061072,0.19582012295722961,0.00011649688531178981,4.106198321096599e-05,esophagitis/ddafc78b-dbd8-49fb-a633-4c5daee5abc4.jpg
5,5,normal-z-line,normal-z-line,True,4.338889630162157e-05,8.50512005854398e-05,0.21613845229148865,1.4556851724023545e-08,0.0002557732805144042,0.7834702134132385,2.7957780730503146e-06,4.2858969209191855e-06,normal-z-line/eb37f500-f56a-4a26-a80a-8bada3c22399.jpg
2,2,esophagitis,esophagitis,True,0.0003070247475989163,0.00019477042951621115,0.766465425491333,4.094074412819282e-08,0.00020677382417488843,0.23255161941051483,0.000158579510753043,0.00011567399633349851,esophagitis/0cbddd47-c7f6-474b-9e9a-b5d2429a2312.jpg
7,7,ulcerative-colitis,ulcerative-colitis,True,0.01814175397157669,0.00413000863045454,3.092851329711266e-06,0.227176234126091,1.3737782865064219e-05,3.6618521335185505e-06,0.2875202000141144,0.4630112946033478,ulcerative-colitis/615ba22f-37fd-42b0-bbc5-6c56f692d983.jpg
2,5,esophagitis,normal-z-line,False,0.00033026409801095724,0.0002053417993010953,0.3111312985420227,2.263195028717746e-06,0.011869298294186592,0.6743318438529968,0.0013744526077061892,0.0007552964380010962,esophagitis/9827b5e6-dca1-45af-98c1-521fcb248fc9.jpg
7,7,ulcerative-colitis,ulcerative-colitis,True,0.01334037072956562,0.002829246921464801,1.8117688114216435e-06,0.007738633546978235,4.27955856139306e-05,6.416916676244e-06,0.3047584295272827,0.6712822318077087,ulcerative-colitis/a01c723e-a9c4-44b6-bd4c-ea2d8b796f32.jpg
5,5,normal-z-line,normal-z-line,True,0.002110114088281989,0.0013895119773223996,0.09882338345050812,1.5583997083012946e-05,0.06038963422179222,0.8141886591911316,0.007071237079799175,0.01601187326014042,normal-z-line/b87890df-74da-4270-a480-9b1ca2f92e17.jpg
7,7,ulcerative-colitis,ulcerative-colitis,True,0.003934598062187433,0.0010352187091484666,3.323903729324229e-05,0.0039017898961901665,0.00016944837989285588,2.0550089175230823e-05,0.2753834128379822,0.7155216932296753,ulcerative-colitis/c142db98-8e97-48df-88f8-862c4e941b41.jpg
6,6,polyps,polyps,True,0.004026045091450214,0.0013790815137326717,2.394932926108595e-05,0.014649059623479843,0.0014887299621477723,0.00012456408876460046,0.783991813659668,0.19431684911251068,polyps/ec2f87eb-d652-4296-9ca0-b60881ce8939.jpg
5,5,normal-z-line,normal-z-line,True,0.0004122817481402308,0.0003150305710732937,0.383417546749115,4.780524704983691e-07,0.002058460144326091,0.6129372119903564,0.000387352891266346,0.0004716013791039586,normal-z-line/df35e8e4-ab95-4194-b3b2-9b09ff8cce04.jpg
2,5,esophagitis,normal-z-line,False,0.0004737052950076759,0.0002453580964356661,0.16307547688484192,5.310374490363756e-06,0.041330866515636444,0.7901558876037598,0.002042408799752593,0.0026709132362157106,esophagitis/08fe1ae5-193b-4df3-bd6e-bc99d920537b.jpg
3,6,normal-cecum,polyps,False,0.009051011875271797,0.0025245745200663805,1.3038534234510735e-05,0.10255247354507446,4.643081865651766e-06,4.1869252527249046e-06,0.7211514115333557,0.164698526263237,normal-cecum/94e15c18-91c1-47d7-b96a-eab2bc76a995.jpg
0,0,dyed-lifted-polyps,dyed-lifted-polyps,True,0.5268803238868713,0.4731183350086212,6.424155571949086e-07,1.1230370411396962e-08,1.208831368337826e-09,6.447485247917939e-07,3.134245929459212e-08,1.0362075641978663e-08,dyed-lifted-polyps/1f171e07-ed73-4e39-b17e-9e6fc95459c9.jpg
6,6,polyps,polyps,True,0.011130043305456638,0.0033229643013328314,0.00044984364649280906,0.0018241044599562883,0.00028719735564664006,0.0003672035236377269,0.9030036926269531,0.07961495220661163,polyps/3e598537-e139-4845-94ba-1d7243aeaa14.jpg
2,2,esophagitis,esophagitis,True,0.0002803889219649136,0.00012115563004044816,0.7238661050796509,2.1097705804606903e-09,6.0155165556352586e-05,0.27566322684288025,7.866034138714895e-06,1.1080098829552298e-06,esophagitis/5edc1245-3a76-445d-9852-10a45d44ecb9.jpg
4,4,normal-pylorus,normal-pylorus,True,0.000942370155826211,0.00035193556686863303,0.003424288472160697,0.0016118886414915323,0.8470836281776428,0.04027507081627846,0.07241004705429077,0.03390078246593475,normal-pylorus/d04d902f-79c4-4bc6-bd39-c3873fc20e3e.jpg
3,6,normal-cecum,polyps,False,0.020171402022242546,0.013426615856587887,1.6054618754424155e-05,0.36498597264289856,2.3755173970130272e-05,3.83900769520551e-05,0.5559947490692139,0.0453430637717247,normal-cecum/791da276-ec04-4592-a20b-7f8431572676.jpg
4,4,normal-pylorus,normal-pylorus,True,0.00012471823720261455,3.6130928492639214e-05,0.011697839945554733,6.600882625207305e-05,0.9286924600601196,0.049276549369096756,0.009783847257494926,0.0003224071115255356,normal-pylorus/e6e5bb7a-0549-42ac-b9de-bab63f5d5165.jpg
7,7,ulcerative-colitis,ulcerative-colitis,True,0.005525577813386917,0.002028227783739567,0.0010690211784094572,0.0019491432467475533,0.00011148068733746186,0.0002362262166570872,0.23857082426548004,0.7505095601081848,ulcerative-colitis/34f52c7a-3978-4a4b-ae7f-d431f6e2b17d.jpg
3,3,normal-cecum,normal-cecum,True,0.0029190657660365105,0.0007863271166570485,1.1108029163153788e-08,0.7727444767951965,9.452168342249934e-06,5.22163816185639e-07,0.20856773853302002,0.014972478151321411,normal-cecum/5fc76e4d-eb8c-424b-9f37-b429c88c0d2a.jpg
7,7,ulcerative-colitis,ulcerative-colitis,True,0.004014289006590843,0.001607010024599731,0.00014350481797009706,0.013844081200659275,0.0022959972266107798,0.0004865555965807289,0.38146448135375977,0.5961441397666931,ulcerative-colitis/17b81d93-dcec-44ce-a23d-d9cf1b467230.jpg
6,3,polyps,normal-cecum,False,0.0066160461865365505,0.0022912651766091585,1.7502460991636326e-07,0.6633161306381226,3.0961516586103244e-06,1.0146455906578922e-06,0.30120038986206055,0.026571905240416527,polyps/3c37c058-de5c-4d50-a3da-3a70ed53bbb8.jpg
4,4,normal-pylorus,normal-pylorus,True,6.367822788888589e-05,1.7495871361461468e-05,0.004270767327398062,0.00011686311336234212,0.9760695099830627,0.010154643096029758,0.008736927062273026,0.0005701096961274743,normal-pylorus/656dae35-cefb-4362-8a31-e0160b8c0b17.jpg
5,2,normal-z-line,esophagitis,False,0.00031467428198084235,0.00019493659783620387,0.6169564723968506,2.0736085559747153e-07,0.01494011003524065,0.36747631430625916,0.00010828841186594218,8.930880539992359e-06,normal-z-line/52855f3b-add5-4c60-af4e-ecf7b12a2134.jpg
5,5,normal-z-line,normal-z-line,True,1.8982424080604687e-05,2.4000610210350715e-05,0.44331663846969604,3.654127694874276e-11,2.848013991751941e-06,0.5566373467445374,1.1596453930451389e-07,1.0926698479352126e-07,normal-z-line/6a199b51-6590-47a2-8790-9b23187e4084.jpg
5,5,normal-z-line,normal-z-line,True,0.008883855305612087,0.003897512098774314,0.4447327256202698,6.718638178426772e-05,0.04613674804568291,0.4638711214065552,0.028159063309431076,0.004251878242939711,normal-z-line/266da747-0ead-4a9c-9af8-c64a845450b0.jpg
4,4,normal-pylorus,normal-pylorus,True,0.00128594518173486,0.0004385518259368837,0.0012552222469821572,0.0022935429587960243,0.8047259449958801,0.02432859316468239,0.12428189069032669,0.041390374302864075,normal-pylorus/3e710c44-5105-4f4b-ac25-39f823eb6cb4.jpg
3,3,normal-cecum,normal-cecum,True,0.003209437243640423,0.000526596384588629,1.1993583015623699e-08,0.6810227036476135,1.2075800441380125e-05,2.730265862282977e-07,0.1353186070919037,0.17991022765636444,normal-cecum/4e5f0e54-da66-4d41-bcf9-1b3d71197ab2.jpg
3,3,normal-cecum,normal-cecum,True,0.0006989199318923056,0.0002223336196038872,4.459794755717894e-09,0.9269093871116638,2.9285436085046967e-06,1.0444309594959122e-07,0.06876194477081299,0.003404428716748953,normal-cecum/2909cac3-254e-4d0c-9e25-5bbe2a3f1608.jpg
0,0,dyed-lifted-polyps,dyed-lifted-polyps,True,0.7601648569107056,0.19526264071464539,0.0001228613400598988,0.0017190647777169943,0.00042261413182131946,0.0005173346726223826,0.038530800491571426,0.0032597798854112625,dyed-lifted-polyps/6198ac62-d11b-47fd-9488-13bab02fa5a8.jpg
6,6,polyps,polyps,True,0.03088817186653614,0.008072709664702415,4.752367749460973e-05,0.1115536242723465,9.623416190152057e-06,2.7246811441727914e-05,0.7945826649665833,0.05481833592057228,polyps/315a29dc-1d9e-4b1f-b754-407a376b994a.jpg
2,5,esophagitis,normal-z-line,False,0.00018364247807767242,0.00023966115259099752,0.20473909378051758,4.562552646802942e-08,0.00044528982834890485,0.7943242788314819,3.8863970985403284e-05,2.8990141800022684e-05,esophagitis/1f3349a1-216d-43b7-89f8-2e5cf547bbbc.jpg
4,4,normal-pylorus,normal-pylorus,True,6.413461960619316e-05,1.9089637135039084e-05,0.0037176269106566906,0.0001572504552314058,0.9635427594184875,0.019733013585209846,0.011443477123975754,0.0013226291630417109,normal-pylorus/c74012e7-45c7-4cf4-9462-9124c7acfcdb.jpg
1,1,dyed-resection-margins,dyed-resection-margins,True,0.18636800348758698,0.8136320114135742,6.9778369748974e-09,5.36355682090317e-10,8.207563860322675e-13,4.377542772715515e-09,7.846642086084543e-11,3.9451931305167776e-11,dyed-resection-margins/186375d6-f31d-405d-8326-f4005d9eea39.jpg
2,2,esophagitis,esophagitis,True,0.000300291896564886,0.000163545468240045,0.9642164707183838,8.825151165403611e-10,7.886352977948263e-05,0.03523632884025574,4.111214821023168e-06,3.852058796383062e-07,esophagitis/3ea0322d-cc11-4863-b4c1-1bab466d3547.jpg
4,5,normal-pylorus,normal-z-line,False,0.044637586921453476,0.006976282689720392,0.14649756252765656,0.00015581406478304416,0.2457451969385147,0.33302146196365356,0.2075532078742981,0.015412852168083191,normal-pylorus/3676032c-2c8c-4161-b91a-174f86dea256.jpg
7,6,ulcerative-colitis,polyps,False,0.016213752329349518,0.0039731962606310844,0.0003113688144367188,0.004244691226631403,0.0008116504759527743,0.0009393789223395288,0.7420020699501038,0.2315039485692978,ulcerative-colitis/ae68bef5-8ca4-42fd-a275-d34ee4ea8c14_00001172.jpg
0,1,dyed-lifted-polyps,dyed-resection-margins,False,0.43494707345962524,0.56505286693573,6.29546015318283e-09,2.238151886047035e-10,3.1696416324944465e-12,5.72838754209215e-09,1.934875523690316e-11,1.1678070836740329e-11,dyed-lifted-polyps/ce738b8c-c389-4db5-82f0-eacced58b152.jpg
3,3,normal-cecum,normal-cecum,True,0.0004302147717680782,0.000147388331242837,9.888051266671027e-09,0.9682053923606873,2.5854866180452518e-05,2.706377131289628e-07,0.010429175570607185,0.020761700347065926,normal-cecum/4b929428-a943-4be6-8ac0-eaf759d74434.jpg
7,6,ulcerative-colitis,polyps,False,0.027573157101869583,0.00848646555095911,0.0006940135499462485,0.056133028119802475,0.009036265313625336,0.0024610431864857674,0.829054594039917,0.06656152009963989,ulcerative-colitis/8085db7c-43c6-44d4-a9ce-01c725288a30.jpg
5,5,normal-z-line,normal-z-line,True,0.0004029902920592576,0.00035259913420304656,0.12745456397533417,7.056418382944685e-08,0.000410267966799438,0.8712364435195923,6.4592641138006e-05,7.846052176319063e-05,normal-z-line/c8045041-9930-4d96-8699-77f5682eecc0.jpg
3,3,normal-cecum,normal-cecum,True,0.0007868442917242646,0.0004106016713194549,5.009720283055685e-08,0.939709484577179,4.3762098357547075e-05,1.3692601896764245e-06,0.04234164580702782,0.016706161201000214,normal-cecum/9755aaad-a2ea-488b-b061-eca74459d38d.jpg
6,6,polyps,polyps,True,0.009667200967669487,0.0013246167218312621,4.3550408008741215e-06,0.05661875382065773,9.253071038983762e-05,2.5351673684781417e-05,0.8348563313484192,0.09741093218326569,polyps/a5095f5e-753b-4e31-b737-e424db22e9ad.jpg
5,5,normal-z-line,normal-z-line,True,0.00013470114208757877,0.00011715488653862849,0.2189132124185562,4.3133432825470663e-08,0.00040813293890096247,0.7803112864494324,4.071326839039102e-05,7.475949678337201e-05,normal-z-line/6516bf8c-e407-411b-b37e-19e237e85d20.jpg
0,0,dyed-lifted-polyps,dyed-lifted-polyps,True,0.5285096168518066,0.47145986557006836,1.2838893326261314e-06,6.4084674704645295e-06,2.9168157666958905e-08,1.8822333913703915e-07,1.8820379409589805e-05,3.836430551018566e-06,dyed-lifted-polyps/15e3cb6d-c5ed-4cae-82cf-742bfa8de45b.jpg
4,4,normal-pylorus,normal-pylorus,True,0.00022266530140768737,0.00010078638297272846,0.016524221748113632,0.00016667590534780174,0.9474807381629944,0.026982443407177925,0.007893888279795647,0.0006286004208959639,normal-pylorus/b9559ef9-163d-4d98-a8d4-5f058bfa8003.jpg
0,0,dyed-lifted-polyps,dyed-lifted-polyps,True,0.680586040019989,0.22434651851654053,1.146409090324596e-06,0.0746685266494751,2.118898009939585e-06,3.002519406436477e-06,0.012891096994280815,0.0075015476904809475,dyed-lifted-polyps/775cf098-e2c9-4006-8335-e744321223d1.jpg
5,5,normal-z-line,normal-z-line,True,9.20685943128774e-06,1.5022369552752934e-05,0.2734968364238739,9.968743608368413e-10,4.9184538511326537e-05,0.7264278531074524,7.447588359354995e-07,1.208175945066614e-06,normal-z-line/6c263f6e-5915-4a70-b184-f818fa54a18f.jpg
5,2,normal-z-line,esophagitis,False,1.830741166486405e-05,4.417911623022519e-05,0.6515212059020996,1.1022300151590503e-13,6.5889174116762206e-09,0.34841620922088623,2.5020017169197217e-09,1.4441527973474422e-09,normal-z-line/3bfe3c3d-2b9c-4c7c-a0f3-7ad73e6ab203.jpg
5,5,normal-z-line,normal-z-line,True,6.18332123849541e-05,5.1217553846072406e-05,0.4222024381160736,1.7572570243373775e-07,0.0059297760017216206,0.5716478824615479,6.2473067373503e-05,4.4171916670165956e-05,normal-z-line/2529ce9a-93f1-4dc7-8ee6-53f021604bc1.jpg
7,6,ulcerative-colitis,polyps,False,0.23982514441013336,0.04534085839986801,0.014007504098117352,0.0002575921535026282,9.584063082002103e-05,0.0024938976857811213,0.5559896230697632,0.1419895887374878,ulcerative-colitis/ae68bef5-8ca4-42fd-a275-d34ee4ea8c14_00000252.jpg
3,3,normal-cecum,normal-cecum,True,0.0006001022411510348,0.00017702467448543757,2.66150124161868e-09,0.9511355757713318,3.436022325331578e-06,1.0379014980799184e-07,0.04443599656224251,0.0036478471010923386,normal-cecum/7bf95fdd-0f8b-44f7-976d-fa91185ae8bc.jpg
5,5,normal-z-line,normal-z-line,True,4.378072389954468e-06,1.8784665371640585e-05,0.40883541107177734,1.8062395265046717e-15,1.0613810941251245e-09,0.5911413431167603,2.919617672625385e-11,4.178332332904766e-11,normal-z-line/1921043a-db5a-49e5-a5be-2b74ca7d35a4.jpg
5,2,normal-z-line,esophagitis,False,6.072794712963514e-05,4.4231834181118757e-05,0.5938612222671509,2.3021948791779323e-08,0.0017528054304420948,0.40426498651504517,1.1657853974611498e-05,4.291830919100903e-06,normal-z-line/ef2402f5-0439-4e5c-8715-225e031e1ed0.jpg
7,6,ulcerative-colitis,polyps,False,0.17557404935359955,0.12534549832344055,0.0004222666611894965,0.04693887382745743,0.0005277396994642913,0.0006844495073892176,0.4660910665988922,0.18441598117351532,ulcerative-colitis/bc7439ed-e848-459c-83b8-9643d99a2762.jpg
3,3,normal-cecum,normal-cecum,True,0.0026811358984559774,0.0005671603721566498,3.1532589872540484e-08,0.8137585520744324,1.1109311344625894e-05,3.190110930972878e-07,0.09089948982000351,0.092082180082798,normal-cecum/84feb5ea-2dff-49fc-8290-3d82f9e5ec95.jpg
0,0,dyed-lifted-polyps,dyed-lifted-polyps,True,0.7157367467880249,0.284003347158432,1.7588088667253032e-05,4.7798755986150354e-05,3.2273146644001827e-07,4.401823753141798e-05,0.00012694220640696585,2.3148448235588148e-05,dyed-lifted-polyps/a438893e-5870-4d11-9476-e47f63ef24b9.jpg
7,7,ulcerative-colitis,ulcerative-colitis,True,0.004289555829018354,0.0010371729731559753,2.7800411771750078e-05,0.016037125140428543,0.0012992654228582978,9.515073907095939e-05,0.10605689138174057,0.8711570501327515,ulcerative-colitis/c0f57402-ad88-44e2-a0dc-3f6cbef7a87b.jpg
7,3,ulcerative-colitis,normal-cecum,False,0.014537805691361427,0.005196799524128437,2.1541150999837555e-05,0.4583492577075958,0.00014460066449828446,4.462919241632335e-05,0.20215654373168945,0.31954890489578247,ulcerative-colitis/b5efb2cc-2e53-4ec7-87f7-fb08b47f34e3.jpg
2,2,esophagitis,esophagitis,True,5.392192178987898e-05,5.7765206292970106e-05,0.7829023599624634,1.1679650580020962e-09,4.005062146461569e-05,0.2169426828622818,2.6284319574187975e-06,5.824902586937242e-07,esophagitis/d55f27b0-d121-45b8-b1f9-219b32efdce2.jpg
4,4,normal-pylorus,normal-pylorus,True,2.058381141978316e-05,8.474238711642101e-06,0.002436970127746463,0.0002686145016923547,0.9856166839599609,0.006854655686765909,0.0035182409919798374,0.0012758385855704546,normal-pylorus/ae37c066-efe4-4589-9dda-7990ed79bbe6.jpg
0,0,dyed-lifted-polyps,dyed-lifted-polyps,True,0.6937839388847351,0.3044266402721405,4.496900601225207e-06,0.0006178591283969581,2.0203358872095123e-05,2.9563017960754223e-05,0.0006802231073379517,0.00043709209421649575,dyed-lifted-polyps/c3018dd0-26ad-4904-88fd-b14b2a8df0aa.jpg
1,1,dyed-resection-margins,dyed-resection-margins,True,0.3564484715461731,0.6435514092445374,1.1299437829848102e-08,1.554822404159495e-07,8.812326736384879e-12,1.0109816983572273e-08,2.1330297528265874e-09,1.2342251665131698e-09,dyed-resection-margins/87067da4-8aac-4f04-8641-9a67365510aa.jpg
0,6,dyed-lifted-polyps,polyps,False,0.08800087124109268,0.01541519071906805,0.00011092211934737861,0.011173061095178127,0.0015236594481393695,0.0003175079182256013,0.6191482543945312,0.2643105387687683,dyed-lifted-polyps/716d75fc-6dfe-400c-9149-4d20fa1b02e8.jpg
4,4,normal-pylorus,normal-pylorus,True,1.956340202013962e-05,1.5044699921418214e-06,0.00016306433826684952,1.3676119124284014e-05,0.9947099685668945,0.0013495278544723988,0.003713069250807166,2.971259891637601e-05,normal-pylorus/c9788cb8-912e-4136-af46-90211ae2ff13.jpg
5,2,normal-z-line,esophagitis,False,0.0003721406392287463,0.00014033066690899432,0.8646100163459778,7.328253559535369e-09,0.0003718873194884509,0.13447734713554382,2.6958987291436642e-05,1.2060743301844923e-06,normal-z-line/3a7485d3-4f59-4890-b253-81367345e134.jpg
4,4,normal-pylorus,normal-pylorus,True,2.047435009444598e-05,5.349606908566784e-06,0.001724816975183785,5.248621164355427e-05,0.9847080707550049,0.006356746423989534,0.00687174778431654,0.00026030067238025367,normal-pylorus/a47588f1-e876-4991-9304-b9cedfa292ab.jpg
6,3,polyps,normal-cecum,False,0.009083988144993782,0.0013787210918962955,1.5858398683121777e-07,0.6127018928527832,1.1060878932767082e-05,9.845356316873222e-07,0.3317852020263672,0.04503796249628067,polyps/561e992a-cb46-4e20-b959-be6fb0f8c481.jpg
0,1,dyed-lifted-polyps,dyed-resection-margins,False,0.26017093658447266,0.7398290038108826,6.2429252878359875e-09,1.0999416844015286e-07,2.553928477120465e-13,5.915464562633588e-09,8.866416489894391e-10,3.6679392856342474e-10,dyed-lifted-polyps/31604d8a-e8ac-4d98-969d-8627321ad8c7.jpg
1,1,dyed-resection-margins,dyed-resection-margins,True,0.1751566380262375,0.8248433470726013,2.2693008930319003e-11,6.747721825739461e-11,3.93516551868873e-16,4.235003406988236e-12,9.155670606430036e-14,1.5952598400245654e-13,dyed-resection-margins/256ae4b0-4bb0-4617-8f48-20164cc6b681.jpg
1,0,dyed-resection-margins,dyed-lifted-polyps,False,0.6261745095252991,0.2939525544643402,4.6038308028073516e-06,0.03801722452044487,1.4759152691112831e-06,1.1466778232716024e-05,0.03568841889500618,0.006149706430733204,dyed-resection-margins/2871b311-54de-4069-ba9b-c8eb3e3e1875.jpg
3,3,normal-cecum,normal-cecum,True,0.002886153757572174,0.0010863675270229578,3.569607542885933e-07,0.7265040278434753,2.6198613340966403e-06,5.843209578415554e-07,0.24697937071323395,0.022540433332324028,normal-cecum/84ab55b6-97d6-4bcc-af54-102f2438d045.jpg
1,0,dyed-resection-margins,dyed-lifted-polyps,False,0.5370520353317261,0.46294352412223816,2.241030870209215e-06,1.142564887146591e-08,6.6933250053580196e-09,2.090530642817612e-06,9.533300016073554e-08,3.67514125798607e-08,dyed-resection-margins/de582410-cd28-4236-9b46-37a10aa6064b.jpg
6,6,polyps,polyps,True,0.005261785816401243,0.0015572027768939734,0.000387748732464388,0.03424646705389023,0.11506413668394089,0.003253903705626726,0.806098461151123,0.03413037210702896,polyps/fe1145d1-4612-42bf-ba0b-717d7d46c793.jpg
7,6,ulcerative-colitis,polyps,False,0.011754946783185005,0.0015235930914059281,9.051424285644316e-07,0.05690421164035797,0.00014018653018865734,4.0010945667745546e-06,0.505162239074707,0.4245099425315857,ulcerative-colitis/5ec1cf46-a0eb-49f8-ad35-c933fcfcb126.jpg
1,1,dyed-resection-margins,dyed-resection-margins,True,0.48241114616394043,0.5175639390945435,1.4343557268148288e-05,1.7158535001726705e-06,1.1552469203479632e-08,1.1819516885225312e-06,5.05508705828106e-06,2.592730197648052e-06,dyed-resection-margins/c1a3e4e9-d9bd-4992-a54d-6e299ab61865.jpg
3,3,normal-cecum,normal-cecum,True,0.002958522643893957,0.0007784625049680471,1.657386121678428e-07,0.7200793623924255,0.00021348839800339192,4.018900199298514e-06,0.07646377384662628,0.19950217008590698,normal-cecum/80145f3c-94ed-4b02-93ff-f884977e0b55.jpg
4,4,normal-pylorus,normal-pylorus,True,0.0009166826494038105,0.00014939060201868415,0.3173501491546631,7.208280294435099e-06,0.45890188217163086,0.21578222513198853,0.00666838837787509,0.00022406784410122782,normal-pylorus/342a1c85-c028-4509-9f1c-b1ce76751f5c.jpg
0,0,dyed-lifted-polyps,dyed-lifted-polyps,True,0.7507666945457458,0.17002050578594208,8.404174877796322e-06,0.019391195848584175,7.4567351475707255e-06,1.3212282283348031e-05,0.04505223035812378,0.01474036555737257,dyed-lifted-polyps/0de004f5-2c4e-4f45-9439-a0f7fd5fb3a0.jpg
2,2,esophagitis,esophagitis,True,2.1909543647780083e-05,2.1788233425468206e-05,0.9400116205215454,9.087293363543164e-14,4.7830862826003795e-08,0.05994465574622154,4.923285779057096e-09,1.6235427446886774e-09,esophagitis/cfc0198f-a0e4-41e7-89a7-1760e2511a4b.jpg
7,6,ulcerative-colitis,polyps,False,0.005939774215221405,0.002119481796398759,2.0447132556000724e-05,0.3912327289581299,0.0006507199141196907,5.499140388565138e-05,0.4754541516304016,0.12452773749828339,ulcerative-colitis/06428c8f-5d5c-4069-bc93-b89c0a0156ee.jpg
0,0,dyed-lifted-polyps,dyed-lifted-polyps,True,0.7492568492889404,0.24535611271858215,1.4156074712445843e-06,0.002814285457134247,2.8463907710829517e-06,2.0908696569676977e-06,0.0009164799703285098,0.0016498984768986702,dyed-lifted-polyps/1d443d7c-f332-4da4-bc96-56fff7e51fd4.jpg
1,0,dyed-resection-margins,dyed-lifted-polyps,False,0.6345812082290649,0.35141241550445557,3.8186411188689817e-07,0.011752600781619549,1.018034367916698e-06,9.373090961162234e-07,0.0014579874696210027,0.0007934625027701259,dyed-resection-margins/380fb71f-1f30-4de6-9ed4-33951e35e9ba.jpg
6,6,polyps,polyps,True,0.006003529764711857,0.0019041667692363262,2.3006670744507574e-05,0.09341748058795929,0.00016333702660631388,5.5022381275193766e-05,0.8063046336174011,0.09212886542081833,polyps/a61eb3af-9bb4-4ca3-8741-a1423284ae3c.jpg
2,5,esophagitis,normal-z-line,False,2.8454253424570197e-06,1.1075861038989387e-05,0.26087772846221924,1.2320958869046356e-13,1.689674711258249e-08,0.7391083836555481,6.138438091163323e-10,1.0936229699609612e-09,esophagitis/398368d8-b3b5-40c8-b106-02aea843ddb4.jpg
4,4,normal-pylorus,normal-pylorus,True,4.2022758862003684e-05,1.4414554243558086e-05,0.0026261608581990004,0.00032726017525419593,0.9701449871063232,0.013354990631341934,0.01272253505885601,0.0007676604436710477,normal-pylorus/e7d4b6b8-38fe-4932-afc1-a6109e52078b.jpg
6,6,polyps,polyps,True,0.0042738844640553,0.0016327626071870327,0.0004970459267497063,0.0080622099339962,0.005204539746046066,0.0010555940680205822,0.7460458278656006,0.2332281619310379,polyps/561d488e-a314-4c27-bade-d26b52d1a2b0.jpg
4,4,normal-pylorus,normal-pylorus,True,0.0006461123703047633,9.542425686959177e-05,0.038631536066532135,9.099733870243654e-05,0.8801062703132629,0.057977013289928436,0.020196473225951195,0.0022561433725059032,normal-pylorus/67e53744-100e-476a-ba56-91bc5b0341fe.jpg
7,7,ulcerative-colitis,ulcerative-colitis,True,0.0023121165577322245,0.0004101440717931837,2.9995351269462844e-07,0.0016863635974004865,3.4844626497942954e-05,1.2592255416166154e-06,0.10377146303653717,0.8917835354804993,ulcerative-colitis/42bdc7fc-bba3-4149-a72f-10345a4ac6f0.jpg
0,0,dyed-lifted-polyps,dyed-lifted-polyps,True,0.5971549153327942,0.4027947187423706,4.3612537581338984e-08,4.480765346670523e-05,4.603204573072617e-08,6.272352237601808e-08,4.251276095601497e-06,1.0551466402830556e-06,dyed-lifted-polyps/927bb7b7-7d03-475e-abde-3d1f4b691f7e.jpg
5,5,normal-z-line,normal-z-line,True,0.00026078542578034103,0.00017522586858831346,0.3858606219291687,1.0426014540598771e-07,0.0008536020177416503,0.6125460863113403,0.00016073144797701389,0.00014285760698840022,normal-z-line/d87678ae-47c4-4e2e-9288-caebb9471490.jpg
2,2,esophagitis,esophagitis,True,5.698009772459045e-05,4.725965118268505e-05,0.5324386358261108,1.0048173848531405e-08,0.00029930155142210424,0.4671369791030884,1.512511425971752e-05,5.718017746403348e-06,esophagitis/8de2192c-f0e8-46ad-8162-18f5b27d206f.jpg
2,2,esophagitis,esophagitis,True,2.421965473331511e-05,2.1954148905933835e-05,0.9833848476409912,2.118669145288396e-13,3.798177772296185e-08,0.01656896062195301,1.3878477034268144e-08,3.838867002059487e-09,esophagitis/2727547e-69ba-43f6-ba24-cf4e95150045.jpg
1,1,dyed-resection-margins,dyed-resection-margins,True,0.4500521719455719,0.5499462485313416,9.783591394807445e-07,2.9258867551007484e-10,2.8789376438353997e-10,5.693084972335782e-07,2.778057506258591e-10,7.819299374656197e-11,dyed-resection-margins/75f0d19e-778c-4016-bea4-22f46546e0b1.jpg
6,3,polyps,normal-cecum,False,0.0018590933177620173,0.0007386634242720902,1.7366297697662958e-06,0.5626931190490723,0.005761061795055866,4.6235840272856876e-05,0.320302814245224,0.10859721153974533,polyps/1b1f0087-190d-4073-bbc1-b69aef862199.jpg
1,1,dyed-resection-margins,dyed-resection-margins,True,0.4520515501499176,0.5479462146759033,1.3512312762031797e-06,4.713926671229274e-08,6.537673957751622e-09,6.029361543369305e-07,2.3131373438900482e-07,4.0611638496557134e-08,dyed-resection-margins/6b203ae8-b43e-4b4b-90dc-a52804a85fa6.jpg
2,5,esophagitis,normal-z-line,False,0.001351395039819181,0.0006640330539084971,0.49157074093818665,6.966848076217502e-08,0.00018254536553286016,0.505989670753479,0.00018430354248266667,5.7258268498117104e-05,esophagitis/7a0140e4-5a86-4691-a1a9-ec5a5d55a5d7.jpg
6,6,polyps,polyps,True,0.011988182552158833,0.0037786471657454967,0.0001322503521805629,0.010456349700689316,2.77544586424483e-05,7.026409730315208e-05,0.9031481742858887,0.07039843499660492,polyps/6dc8180d-a942-4c50-b421-143e63492189.jpg
0,0,dyed-lifted-polyps,dyed-lifted-polyps,True,0.5150320529937744,0.4849672317504883,1.5644245365820098e-07,2.712229161261348e-07,6.956310194539128e-09,2.1314413345407957e-07,7.892239750617591e-08,1.3965082423794684e-08,dyed-lifted-polyps/cd64102b-51f3-4f60-90f2-53792e4cf3c3.jpg
3,3,normal-cecum,normal-cecum,True,0.002754627726972103,0.000826657866127789,2.734533381953952e-07,0.7094038724899292,0.0006536695873364806,1.536839408800006e-05,0.23310565948486328,0.05323980748653412,normal-cecum/8c0fde21-cb42-4b90-907d-a29381698635.jpg
7,7,ulcerative-colitis,ulcerative-colitis,True,0.003772389842197299,0.0007598060765303671,1.2835820371037698e-06,0.021221419796347618,0.00013069102715235204,5.094158495921874e-06,0.24263733625411987,0.7314719557762146,ulcerative-colitis/da185292-8d49-4291-a673-1053632d2fdc.jpg
2,2,esophagitis,esophagitis,True,3.0532250093529e-05,3.1751511414768174e-05,0.7565227150917053,7.270951961173278e-13,3.376444794866984e-07,0.2434147149324417,7.871016727278857e-09,3.663352288185706e-09,esophagitis/4ba88d9a-45ca-4488-9074-02207c23fe71.jpg
0,6,dyed-lifted-polyps,polyps,False,0.11991222202777863,0.018480215221643448,0.0007316215196624398,0.01033103559166193,3.401239882805385e-05,9.536947618471459e-05,0.7900341153144836,0.06038150563836098,dyed-lifted-polyps/d010f922-c1d0-42ad-8c52-ccf3d2d54691.jpg
0,1,dyed-lifted-polyps,dyed-resection-margins,False,0.47373446822166443,0.5262652039527893,8.286061614626306e-08,1.652399816975958e-07,4.5469232545780613e-11,1.0974945752195708e-07,5.646430878414321e-09,3.598281450578611e-09,dyed-lifted-polyps/6953a4c5-9be7-48e8-a396-77c55e274ff1.jpg
2,2,esophagitis,esophagitis,True,2.9479990189429373e-05,1.8561970136943273e-05,0.9317942261695862,3.521967162356532e-10,1.8997172446688637e-05,0.06813567131757736,2.0377519831527025e-06,1.1539538036231534e-06,esophagitis/a7ab94d8-529f-484f-b130-d9ebf6c8cb24.jpg
7,7,ulcerative-colitis,ulcerative-colitis,True,0.0020926555152982473,0.0005430083838291466,1.1631413144641556e-05,0.0021598648745566607,1.8849297703127377e-05,2.6312011414120207e-06,0.2680456042289734,0.7271257042884827,ulcerative-colitis/fe0d4ab0-001f-4bf8-be46-cd9463a100b8.jpg
4,4,normal-pylorus,normal-pylorus,True,0.0013083755038678646,0.00021846266463398933,0.0006576648447662592,0.0011236215941607952,0.8024852871894836,0.013562612235546112,0.15393228828907013,0.026711663231253624,normal-pylorus/0301983f-0196-45ff-b376-0faa61d551e6.jpg
5,5,normal-z-line,normal-z-line,True,7.751411612844095e-05,7.858925528125837e-05,0.20263242721557617,9.316146076798759e-09,0.00013075499737169594,0.7970636487007141,7.952667147037573e-06,9.09696700546192e-06,normal-z-line/d071cc90-4f5b-4134-bba9-ffc613d5a001.jpg
0,0,dyed-lifted-polyps,dyed-lifted-polyps,True,0.6531939506530762,0.34105369448661804,3.8065393255237723e-06,0.003647184232249856,1.2553939541248837e-06,8.288152457680553e-06,0.0017451232997700572,0.0003467234200797975,dyed-lifted-polyps/0714e5ee-8308-43b2-8092-cc2c7b3378fd.jpg
0,0,dyed-lifted-polyps,dyed-lifted-polyps,True,0.6694084405899048,0.3302385210990906,0.00010493916488485411,5.766539743490284e-07,1.2753039300150704e-06,0.00021832084166817367,1.869711013569031e-05,9.256958946934901e-06,dyed-lifted-polyps/c13d815d-4193-4580-91ae-1ba23fedefcc.jpg
7,6,ulcerative-colitis,polyps,False,0.0075128511525690556,0.0032001512590795755,1.8845901649910957e-05,0.19235529005527496,5.530820635613054e-05,2.3254367988556623e-05,0.5155636668205261,0.2812705636024475,ulcerative-colitis/a22de489-2d84-4c35-93fe-4af32b0a1331.jpg
1,0,dyed-resection-margins,dyed-lifted-polyps,False,0.5488208532333374,0.4508069157600403,3.2536329399590613e-06,0.00023134837101679295,1.3312963176304038e-07,3.6023056964040734e-06,0.00012640291242860258,7.513328910135897e-06,dyed-resection-margins/5ee4d0af-22d1-42cf-a599-6d5a64606e0d.jpg
6,6,polyps,polyps,True,0.3940611779689789,0.08387044072151184,6.818219844717532e-05,0.0025285056326538324,0.0010016534943133593,0.0004152066831011325,0.4272841513156891,0.09077060967683792,polyps/1ed1df93-8140-40f1-a690-7048fdf4c269.jpg
1,1,dyed-resection-margins,dyed-resection-margins,True,0.201702281832695,0.7982975244522095,1.0740815525878133e-07,2.083313299650058e-09,2.4716962851445423e-11,2.983828650826581e-08,6.468086066746537e-10,5.728308383190495e-10,dyed-resection-margins/cf5d9149-c61a-4250-8104-5cdbb6e457da.jpg
3,3,normal-cecum,normal-cecum,True,0.0016633057966828346,0.0005211751558817923,1.0028212926727065e-07,0.9254928827285767,2.591713928268291e-05,1.729488303681137e-06,0.04336211830377579,0.02893279865384102,normal-cecum/82ad99f3-0982-4c4b-99bb-e46dbc747acb.jpg
6,6,polyps,polyps,True,0.007213813252747059,0.003025185549631715,9.691764716990292e-06,0.12571679055690765,0.00031680657411925495,0.00015464425086975098,0.8236171007156372,0.039945896714925766,polyps/38653258-f2dc-4b45-b411-ce8f263df122.jpg
1,0,dyed-resection-margins,dyed-lifted-polyps,False,0.5542820692062378,0.4457123279571533,1.8507297454561922e-06,1.6028107552301663e-07,1.4056686836738663e-07,1.9722815522982273e-06,4.900542194263835e-07,9.671542784417397e-07,dyed-resection-margins/58fe221b-73e5-4c17-b1bf-98198efd9d97.jpg
5,5,normal-z-line,normal-z-line,True,8.885144779924303e-05,7.607829320477322e-05,0.3877103328704834,7.863607720537402e-07,0.006755257491022348,0.6050493121147156,0.0002220429596491158,9.738303924677894e-05,normal-z-line/20714e70-30f8-4419-bb58-66bfa7f48761.jpg
1,1,dyed-resection-margins,dyed-resection-margins,True,0.3394453823566437,0.6605545878410339,2.2944318445183853e-08,4.854785323749056e-11,1.651058456619836e-11,8.875702839361566e-09,1.127458959526706e-10,3.212559038234808e-11,dyed-resection-margins/94aaec39-2b33-4c51-b4f0-11c70f4cd7b5.jpg
1,1,dyed-resection-margins,dyed-resection-margins,True,0.2770628333091736,0.7229371070861816,2.6470048375415445e-10,5.3082636952694884e-08,2.7418593721959157e-14,2.8658964090766403e-10,2.2582795008996293e-11,1.8003749532868873e-11,dyed-resection-margins/27953276-75db-45ca-b29a-e2b82bf682bd.jpg
4,4,normal-pylorus,normal-pylorus,True,5.9827241784660146e-05,4.7537316277157515e-05,0.0035599120892584324,0.0010077235056087375,0.9599433541297913,0.016038401052355766,0.015098615549504757,0.0042446572333574295,normal-pylorus/5a0c239c-d2f2-4056-9819-ab93148773f0.jpg
4,4,normal-pylorus,normal-pylorus,True,7.174148777266964e-05,3.060391827602871e-05,0.029272209852933884,4.0054866985883564e-05,0.8969680070877075,0.06726580113172531,0.0061431466601789,0.00020845007384195924,normal-pylorus/c45a475e-60fb-4552-8862-19b9f7d5ec2f.jpg
0,0,dyed-lifted-polyps,dyed-lifted-polyps,True,0.6546608209609985,0.13349957764148712,1.8548047592048533e-05,0.0397440567612648,0.00031353323720395565,0.0001110333323595114,0.07380922138690948,0.09784313291311264,dyed-lifted-polyps/301718e9-bbdf-4cdd-a665-908c36ae31ea.jpg
7,7,ulcerative-colitis,ulcerative-colitis,True,0.00036864966386929154,0.00012929853983223438,0.000527646450791508,0.00014814680616836995,0.011236759833991528,0.001309586688876152,0.029308486729860306,0.9569713473320007,ulcerative-colitis/584f1fa0-9bb9-49d3-b412-c42819d0a200_00000601.jpg
7,7,ulcerative-colitis,ulcerative-colitis,True,0.006503845099359751,0.0010236166417598724,5.000235432817135e-06,0.006690304726362228,1.754743243509438e-05,2.515977030270733e-06,0.2372027337551117,0.7485544681549072,ulcerative-colitis/a9ff108d-0bd1-4dde-a268-9055fdd2b1cf.jpg
3,3,normal-cecum,normal-cecum,True,0.001004280406050384,0.0002949215704575181,1.3367805529185262e-08,0.9458516836166382,1.700477696431335e-05,3.423031387228548e-07,0.039537616074085236,0.013294077478349209,normal-cecum/5578ca30-6b02-4627-bcc6-fc7f9d73d7e0.jpg
0,0,dyed-lifted-polyps,dyed-lifted-polyps,True,0.5188144445419312,0.4811854660511017,4.329643843448139e-08,3.646023216674621e-08,2.606238141966699e-11,3.4661702841276565e-08,2.7983448891433227e-09,1.7049229805721211e-09,dyed-lifted-polyps/22fe9ac9-68c0-4344-91dd-12495657d17a.jpg
7,7,ulcerative-colitis,ulcerative-colitis,True,0.012492324225604534,0.0027024145238101482,3.4582888019940583e-06,0.1897236704826355,2.5873254344332963e-05,3.939693669963162e-06,0.1917736530303955,0.6032747030258179,ulcerative-colitis/fa08a6ce-516e-442f-9a88-b57ce593de31.jpg
6,6,polyps,polyps,True,0.0065445504151284695,0.001166702015325427,1.4442015299209743e-06,0.10486727952957153,0.0007877140305936337,1.9595292542362586e-05,0.8120583295822144,0.07455437630414963,polyps/e59a6182-3075-4f7b-93ea-c6963c9b5649.jpg
5,5,normal-z-line,normal-z-line,True,0.0016694966470822692,0.001091496436856687,0.4550635516643524,4.31562563463217e-09,7.185689355537761e-06,0.542125403881073,3.550513065420091e-05,7.429132438119268e-06,normal-z-line/73433e34-3924-4b86-8ffb-693aaea48a76.jpg
3,3,normal-cecum,normal-cecum,True,0.002762435469776392,0.0010191334877163172,8.898207966012706e-07,0.8206519484519958,6.51638547424227e-05,9.00155555427773e-06,0.160158172249794,0.015333247371017933,normal-cecum/111c85ee-0d80-45cf-ad41-53f4126d7ba4.jpg
2,2,esophagitis,esophagitis,True,1.1458780136308633e-05,2.4371933250222355e-05,0.5682864189147949,2.8506608532041788e-11,2.0747775124618784e-06,0.4316754639148712,7.148046421434628e-08,5.696604787885917e-08,esophagitis/2d4c51c5-d311-4fa8-bf07-6b63edc5c43f.jpg
4,4,normal-pylorus,normal-pylorus,True,0.00016698554100003093,6.988404493313283e-05,0.00680634006857872,0.0013722534058615565,0.9304903745651245,0.015918411314487457,0.041257597506046295,0.003918151371181011,normal-pylorus/abc7edf2-1c65-48ff-84d9-42b0c11bf0ad.jpg
2,2,esophagitis,esophagitis,True,0.0011580545688048005,0.0004246676398906857,0.9117262363433838,2.1923452209193783e-07,0.0004437810566741973,0.08514784276485443,0.0008698636083863676,0.00022937038738746196,esophagitis/0d5a10c4-1d99-449b-a866-2a78d291d391.jpg
4,4,normal-pylorus,normal-pylorus,True,0.005182808730751276,0.0024926760233938694,0.08826716989278793,0.0008343707304447889,0.36404478549957275,0.3383606970310211,0.16830822825431824,0.03250933811068535,normal-pylorus/b69e0ef6-4c59-48f5-b83e-a8d1c5b761ae.jpg
4,4,normal-pylorus,normal-pylorus,True,0.008511439897119999,0.0024334958288818598,0.02223432995378971,0.0021978304721415043,0.518893837928772,0.1556531935930252,0.2823493480682373,0.0077265785075724125,normal-pylorus/b27a98ee-d1df-4a18-afad-a22597273235.jpg
0,0,dyed-lifted-polyps,dyed-lifted-polyps,True,0.7500082850456238,0.23764656484127045,1.5424717275891453e-05,0.003964719828218222,0.00010072712757391855,9.706188575364649e-05,0.005216500721871853,0.0029507118742913008,dyed-lifted-polyps/d34c3e47-1765-4e93-8fd8-208b0b2f3437.jpg
3,6,normal-cecum,polyps,False,0.005226650275290012,0.001814040937460959,9.153707765108265e-07,0.1287539005279541,3.5170792216376867e-06,1.8292660115548642e-06,0.8444453477859497,0.019753778353333473,normal-cecum/ecd32bd0-b4d7-49d2-9264-298b381ba1be.jpg
7,6,ulcerative-colitis,polyps,False,0.006750904954969883,0.0007834125426597893,2.487845222276519e-06,0.02164420112967491,0.00013877140008844435,4.658445959648816e-06,0.7796220183372498,0.19105352461338043,ulcerative-colitis/1fef5c9f-4e19-4dee-92af-0a693f3ab435.jpg
1,1,dyed-resection-margins,dyed-resection-margins,True,0.3363424837589264,0.6636564135551453,8.127728392537392e-07,7.992809886170349e-11,6.039671540669644e-10,2.612515572764096e-07,1.9174303811375637e-10,9.622595775748977e-11,dyed-resection-margins/9802a7cf-7707-4091-81fb-6cbea1877043.jpg
6,6,polyps,polyps,True,0.001264292630366981,0.00032339926110580564,7.226152547445963e-07,0.1802889108657837,0.006386957131326199,1.7969759937841445e-05,0.7722351551055908,0.03948257490992546,polyps/1c97e7d0-2ad6-430c-92dd-bf37f5b80538.jpg
4,4,normal-pylorus,normal-pylorus,True,0.002364395186305046,0.0010980918304994702,0.013956665992736816,0.0019407313084229827,0.6699857711791992,0.10369600355625153,0.11737451702356339,0.08958372473716736,normal-pylorus/d4b1830c-6c66-460b-94e6-c29afca389ad.jpg
1,0,dyed-resection-margins,dyed-lifted-polyps,False,0.5532717108726501,0.44667884707450867,2.2783573513152078e-05,5.500066890817834e-07,4.754045619392855e-07,2.2405205527320504e-05,2.826795707733254e-06,4.24298690404612e-07,dyed-resection-margins/8a32fa44-6ed6-476c-b9e8-9ef2c3dbdd0d.jpg
3,3,normal-cecum,normal-cecum,True,0.0008245661738328636,0.00026791682466864586,1.0977721842664323e-08,0.9415984153747559,4.3176310100534465e-06,1.4966060746246512e-07,0.04674442484974861,0.010560215450823307,normal-cecum/01c6ae3a-6ee5-4a98-a792-c7f59a1c2fc4.jpg
6,6,polyps,polyps,True,0.014365075156092644,0.004297906998544931,2.7958960345131345e-05,0.017059480771422386,1.8750952222035266e-05,7.925320824142545e-05,0.910162091255188,0.053989510983228683,polyps/2ca1039b-7ba8-4df2-8421-45730a0127d0.jpg
6,6,polyps,polyps,True,0.017493704333901405,0.0040798494592309,1.7455024590162793e-06,0.057936638593673706,1.6775817357483902e-06,3.677001586765982e-06,0.8781267404556274,0.04235586151480675,polyps/7f2130f8-cf67-4644-a4a6-133d9accbf63.jpg
4,4,normal-pylorus,normal-pylorus,True,0.00010379742161603644,1.908444937726017e-05,0.00446329265832901,0.00010142448445549235,0.9560644626617432,0.026126375421881676,0.012400447390973568,0.0007210619514808059,normal-pylorus/e779bfdd-2e69-4e11-82f7-9b8dc54e6376.jpg
4,4,normal-pylorus,normal-pylorus,True,0.0008014526101760566,0.00034981462522409856,0.016717977821826935,0.000995317124761641,0.7903240919113159,0.10374994575977325,0.07280702888965607,0.014254365116357803,normal-pylorus/e55c00fa-c254-4550-a2f3-5a7836f05c92.jpg
6,6,polyps,polyps,True,0.003755508689209819,0.0009324458078481257,9.926330676535144e-06,0.051594577729701996,0.006973657291382551,0.00017846202536020428,0.7172646522521973,0.21929074823856354,polyps/9131f0b4-8824-413e-b135-fa27957cbf8f.jpg
5,5,normal-z-line,normal-z-line,True,1.6758154743001796e-05,2.095700619975105e-05,0.49410831928253174,9.97684296288881e-11,1.771293864294421e-05,0.5058358907699585,2.2907144625605724e-07,1.163513232427249e-07,normal-z-line/693de672-7931-484f-a634-ce74d30c9c0a.jpg
6,3,polyps,normal-cecum,False,0.0020454940386116505,0.0005394606268964708,2.6675785136376362e-08,0.8799830079078674,9.64584069151897e-06,5.069312578598328e-07,0.10432296991348267,0.013098928146064281,polyps/25e2f3ad-3518-4b97-96cf-abdd666112e6.jpg
5,2,normal-z-line,esophagitis,False,0.00011899035598617047,8.127774344757199e-05,0.6120615005493164,1.174688293303916e-07,0.0031842226162552834,0.38445183634757996,7.534855103585869e-05,2.6680727387429215e-05,normal-z-line/e32e40ad-dd84-45d0-a1d5-137fcea39093.jpg
1,1,dyed-resection-margins,dyed-resection-margins,True,0.4213143587112427,0.5786852836608887,5.576437089871433e-08,1.3640732277053758e-07,1.5485168702866758e-09,5.213468767806262e-08,3.7894480442446365e-08,9.639294695773515e-09,dyed-resection-margins/9f68ecd9-b57c-4d44-b171-d076fb049291.jpg
6,6,polyps,polyps,True,0.003844649065285921,0.0006324341520667076,3.6391065805219114e-07,0.026121051982045174,7.490884308936074e-05,2.9101486234139884e-06,0.8377600908279419,0.13156355917453766,polyps/59a337b3-7eef-4e79-a634-a01e2c4a2bad.jpg
1,0,dyed-resection-margins,dyed-lifted-polyps,False,0.661706268787384,0.33765003085136414,0.0003405660099815577,9.948602155418484e-07,5.692414561053738e-06,0.00023410598805639893,5.752408833359368e-05,4.720554443338187e-06,dyed-resection-margins/39ff68c5-a654-44f8-bef4-116b31258ddb.jpg
2,2,esophagitis,esophagitis,True,0.00025129379355348647,0.0001566482533235103,0.9253439903259277,4.159171567152953e-06,0.004562160465866327,0.06673423200845718,0.001606037374585867,0.0013414490967988968,esophagitis/59ed5461-f108-4889-9b19-b9eb0bb49597.jpg
3,3,normal-cecum,normal-cecum,True,0.0008760539931245148,0.0003066134231630713,1.0872555833429942e-07,0.9401821494102478,4.912556323688477e-05,8.530398645234527e-07,0.024533268064260483,0.03405192494392395,normal-cecum/9e0ec683-382b-4bed-a9a9-0891847bb5db.jpg
4,4,normal-pylorus,normal-pylorus,True,3.4393226087559015e-05,1.1476206054794602e-05,0.00015736225759610534,0.0020243420731276274,0.9630194306373596,0.0008273012354038656,0.03334297612309456,0.0005826751003041863,normal-pylorus/6a3003e2-3ab1-4ef6-aedd-62162a06f13c.jpg
5,5,normal-z-line,normal-z-line,True,1.752673415467143e-05,2.4931165171437897e-05,0.4364836812019348,1.108373393066131e-10,1.0420932085253298e-05,0.5634632110595703,1.5000118480656965e-07,1.6748944631217455e-07,normal-z-line/ec60235f-7093-4d1b-b957-89e60597ebb2.jpg
0,0,dyed-lifted-polyps,dyed-lifted-polyps,True,0.48467305302619934,0.12332016974687576,4.219250968162669e-06,0.25162628293037415,1.2966483154741582e-05,7.675246706639882e-06,0.12401675432920456,0.016338849440217018,dyed-lifted-polyps/a1c517e2-c120-4337-941b-2da693b198ae.jpg
3,3,normal-cecum,normal-cecum,True,0.0015359553508460522,0.00042928167385980487,3.529522452083711e-09,0.9027888178825378,4.0338545659324154e-06,8.40920719724636e-08,0.019872304052114487,0.07536949217319489,normal-cecum/62443cd8-14f2-4b8f-bea0-03212c270ba0.jpg
5,2,normal-z-line,esophagitis,False,0.0018473301315680146,0.0010059480555355549,0.5264652371406555,1.0392904314926454e-09,4.521678874880308e-06,0.4706612229347229,1.3448368008539546e-05,2.2708454707753845e-06,normal-z-line/79233d65-18fa-432e-984d-9a5d1b7400cc.jpg
1,0,dyed-resection-margins,dyed-lifted-polyps,False,0.6549460887908936,0.2552787959575653,0.030153755098581314,4.206366429571062e-05,0.004105547908693552,0.046524640172719955,0.008643396198749542,0.00030573541880585253,dyed-resection-margins/4d103175-0836-4ca2-a589-b0e0ee4321ac.jpg
3,3,normal-cecum,normal-cecum,True,0.0005544972373172641,0.00017836553161032498,1.4233624279214041e-09,0.9599177837371826,3.3127817005151883e-06,4.8806782615429256e-08,0.028919128701090813,0.010426955297589302,normal-cecum/c4f2d60d-a3b6-4557-8b98-7e65d12d5dc4.jpg
4,4,normal-pylorus,normal-pylorus,True,0.00014745471708010882,7.435632142005488e-05,0.04777546972036362,0.00047201395500451326,0.8838163614273071,0.03434451296925545,0.027924759313464165,0.005444966722279787,normal-pylorus/3b2df768-a38c-4c91-a7c3-f86bc327c70b.jpg
3,3,normal-cecum,normal-cecum,True,0.0007566048298031092,0.00016955808678176254,1.0874978695341042e-09,0.91959547996521,2.2875424292578828e-06,4.406498987918894e-08,0.06556808203458786,0.013907973654568195,normal-cecum/a25ece32-f0d1-4408-95ae-d003f71358f7.jpg
2,2,esophagitis,esophagitis,True,3.2391144486609846e-05,2.5399087462574244e-05,0.8244293928146362,6.5493483032696975e-12,9.56704070631531e-07,0.17551173269748688,1.089870451664865e-07,2.1536086691753553e-08,esophagitis/49cf77e8-4793-4c5a-b398-8e8128e1a03e.jpg
5,5,normal-z-line,normal-z-line,True,0.0005914891953580081,0.0004236157692503184,0.3121204376220703,6.347476755763637e-06,0.0213013906031847,0.6589493155479431,0.002778965514153242,0.0038284386973828077,normal-z-line/963b2eae-3480-4e59-9151-57379d44cdfc.jpg
4,4,normal-pylorus,normal-pylorus,True,0.00014887982979416847,4.43960634584073e-05,0.007610393222421408,0.00024717568885535,0.9255592226982117,0.04939088970422745,0.014558875001966953,0.0024402521084994078,normal-pylorus/9287bda1-6e4f-4cde-84c5-f9fd9ccc1316.jpg
5,5,normal-z-line,normal-z-line,True,0.00028202348039485514,0.00022247406013775617,0.235377699136734,5.489355316967703e-06,0.04801022261381149,0.709463894367218,0.002386310137808323,0.004251847509294748,normal-z-line/4fa6d3e5-dfb9-466f-b682-aab7527d4687.jpg
0,0,dyed-lifted-polyps,dyed-lifted-polyps,True,0.6223160624504089,0.37736889719963074,2.9449454359564697e-06,0.0001214837611769326,2.7807006972579984e-06,6.198226856213296e-06,5.748882540501654e-05,0.00012409583723638207,dyed-lifted-polyps/fd3f0c13-3262-473a-914c-82562d7c0e3f.jpg
2,2,esophagitis,esophagitis,True,0.00011180373257957399,8.092807547654957e-05,0.857589602470398,1.085210046825047e-11,1.0210080745309824e-06,0.14221633970737457,2.109303665065454e-07,5.277505366052537e-08,esophagitis/d7c9e4e6-89bd-4ca6-9c67-f11e0a8249bd.jpg
4,4,normal-pylorus,normal-pylorus,True,7.084242497512605e-06,2.538050011935411e-06,0.0035202440340071917,2.3861119188950397e-05,0.980587899684906,0.014844234101474285,0.0008535999804735184,0.00016048920224420726,normal-pylorus/fbbc74d2-5144-4450-8ba3-855a83dd6df4.jpg
2,2,esophagitis,esophagitis,True,0.0001706630428088829,0.00011246999201830477,0.8755064606666565,2.2112287751951953e-06,0.008352196775376797,0.11466845870018005,0.0007997530628927052,0.0003877734416164458,esophagitis/a7078721-b8a8-4b7b-8f52-c3dbf92332ff.jpg
2,2,esophagitis,esophagitis,True,0.00016835247515700758,5.372351370169781e-05,0.8024064898490906,7.535724044771541e-09,0.000433505920227617,0.1969098448753357,2.3493914341088384e-05,4.555637133307755e-06,esophagitis/b416631b-a5ab-40b7-ab0a-ce3d1031130d.jpg
2,2,esophagitis,esophagitis,True,0.00016063771909102798,9.91790002444759e-05,0.8377188444137573,1.1526752885515634e-08,0.00039101942093111575,0.16160668432712555,2.0816069081774913e-05,2.889554934881744e-06,esophagitis/4b4e5497-8172-4dcc-a671-ac8087cf1b3c.jpg
5,2,normal-z-line,esophagitis,False,2.8471918994910084e-05,3.544063292792998e-05,0.6637089252471924,3.2297120533542056e-10,1.948737735801842e-05,0.3362065255641937,8.130394917316153e-07,3.858975503590045e-07,normal-z-line/3ee89ee1-78c0-43e1-9d47-45eda44b40ef.jpg
6,6,polyps,polyps,True,0.03927192836999893,0.009800391271710396,0.003905498655512929,0.0031872300896793604,0.012593156658113003,0.01473754271864891,0.5572688579559326,0.3592354357242584,polyps/fe6bccc1-c6ff-4ecd-9d7a-caf4d9fc1165.jpg
1,0,dyed-resection-margins,dyed-lifted-polyps,False,0.596754252910614,0.3958538770675659,1.5235679029501625e-07,0.007234181277453899,5.518181112051934e-08,6.142994948277192e-07,0.00012580289330799133,3.1003961339592934e-05,dyed-resection-margins/8c3646ed-1744-4092-8a56-69dce680a593.jpg
0,0,dyed-lifted-polyps,dyed-lifted-polyps,True,0.6138015389442444,0.3860418498516083,2.5036433726199903e-05,1.945565418282058e-05,8.208848498725274e-07,1.2092727956769522e-05,8.732159767532721e-05,1.1917243682546541e-05,dyed-lifted-polyps/5915160a-17e8-4fe9-af28-d53de0ef94fc.jpg
2,2,esophagitis,esophagitis,True,0.0009416903485544026,0.0004953279276378453,0.5872171521186829,8.13371025287779e-06,0.011304905638098717,0.39370134472846985,0.005230508279055357,0.0011009654263034463,esophagitis/0e726fff-6a8b-46d8-a757-9b8758cb2ff5.jpg
3,3,normal-cecum,normal-cecum,True,0.0048605455085635185,0.0014342034701257944,2.840269814896601e-07,0.605349063873291,6.2401677496382035e-06,1.9284736936242552e-06,0.3713836073875427,0.016964105889201164,normal-cecum/efe01b9a-a131-4a2c-adcd-c5cc27efd1d4.jpg
0,0,dyed-lifted-polyps,dyed-lifted-polyps,True,0.5826677680015564,0.41722938418388367,4.531727245193906e-05,3.3441699542891e-07,2.102405005643959e-06,4.796515349880792e-05,4.059423645230709e-06,3.061976030949154e-06,dyed-lifted-polyps/131bed9f-da09-4ffb-b7c5-e3a59d59e33d.jpg
7,7,ulcerative-colitis,ulcerative-colitis,True,0.0023003299720585346,0.0004023434885311872,1.1453553270257544e-06,0.004953225143253803,3.477189238765277e-05,1.8849602838599822e-06,0.09242305904626846,0.8998833298683167,ulcerative-colitis/918c95d7-9a2d-4bd5-ab73-195ada6cb2a6.jpg
7,7,ulcerative-colitis,ulcerative-colitis,True,0.06134384870529175,0.011809006333351135,0.00019454122229944915,0.09588310867547989,0.0003539228637237102,0.0003068876685574651,0.3212081491947174,0.50890052318573,ulcerative-colitis/fb3836d2-d0a4-4626-945a-e24170d0f921.jpg
3,3,normal-cecum,normal-cecum,True,0.002888159826397896,0.0006983876810409129,5.639621747377532e-08,0.953083336353302,8.901504770619795e-05,8.562730613448366e-07,0.02036559395492077,0.022874603047966957,normal-cecum/9cc49e68-02dc-4bec-814f-d347d011d433.jpg
1,0,dyed-resection-margins,dyed-lifted-polyps,False,0.605562686920166,0.39441657066345215,4.586088380165165e-06,6.082493655412691e-07,3.183953083407687e-07,1.0957852282444946e-05,2.561379687904264e-06,1.6838484953041188e-06,dyed-resection-margins/a2c2c932-09bd-4e45-868c-690f92543881.jpg
5,5,normal-z-line,normal-z-line,True,5.5998934840317816e-06,1.2874002095486503e-05,0.1990557163953781,3.321953476187467e-11,5.04980835103197e-06,0.8009206056594849,4.046092172416138e-08,6.329246815539591e-08,normal-z-line/8adfd836-2320-4258-acf1-730d3da295f4.jpg
0,0,dyed-lifted-polyps,dyed-lifted-polyps,True,0.6442456841468811,0.35569483041763306,2.329757535335375e-06,2.8251955882296897e-05,2.840739732334896e-08,1.964076545846183e-06,2.2931317289476283e-05,4.056656962347915e-06,dyed-lifted-polyps/dd4dcad0-b45a-4343-ac3d-fdd72c5cc34a.jpg
6,6,polyps,polyps,True,0.008788571693003178,0.0028162652160972357,2.11886981560383e-05,0.10645285993814468,0.00010028501128545031,9.136907465290278e-05,0.8608777523040771,0.020851757377386093,polyps/761d8c84-df68-4a34-aa87-8462058de155.jpg
4,4,normal-pylorus,normal-pylorus,True,2.2397101929527707e-05,9.329220119980164e-06,0.0015518622240051627,8.070583862718195e-05,0.9920535087585449,0.004614313133060932,0.0015740621602162719,9.392635547555983e-05,normal-pylorus/ea510ea5-8697-4a6f-a86e-f8720c761e53.jpg
7,7,ulcerative-colitis,ulcerative-colitis,True,0.00831455085426569,0.0016461986815556884,1.179872742795851e-05,0.005971602629870176,9.812587813939899e-05,3.892085806000978e-05,0.39076781272888184,0.5931509137153625,ulcerative-colitis/2496651d-e8b9-4567-ade8-0c84498dd5ae.jpg
6,6,polyps,polyps,True,0.01943035051226616,0.005242857616394758,4.2653322452679276e-05,0.06891203671693802,1.1388900020392612e-05,2.9825418096152134e-05,0.8410581350326538,0.06527277082204819,polyps/b5328507-f591-4b02-96f7-29d3b83d828f.jpg
0,0,dyed-lifted-polyps,dyed-lifted-polyps,True,0.56257563829422,0.4374155104160309,3.135948645649478e-06,5.492793775374594e-09,3.134288917294725e-08,5.670524842571467e-06,2.660006082066957e-08,2.23482032879474e-08,dyed-lifted-polyps/70e590a6-cc4f-4b78-b7ef-14f5f8036225.jpg
5,5,normal-z-line,normal-z-line,True,0.00018811026529874653,0.00013146584387868643,0.4469712972640991,5.349882940208772e-06,0.032873284071683884,0.5183888077735901,0.0007989057339727879,0.0006428540800698102,normal-z-line/07fb76fd-2986-416a-974d-02e78d750cde.jpg
6,6,polyps,polyps,True,0.034615516662597656,0.009811917319893837,0.0002515337255317718,0.05655275657773018,4.975936462869868e-05,0.00019538102787919343,0.7706925868988037,0.1278306245803833,polyps/ccd07ae5-4037-4f6c-a6ad-d9372d8580bf.jpg
4,4,normal-pylorus,normal-pylorus,True,5.4209085647016764e-05,3.062962423427962e-05,0.006070602685213089,9.22007966437377e-05,0.9494884610176086,0.040522653609514236,0.002807116135954857,0.0009342336561530828,normal-pylorus/e1c6f789-06c0-4580-99de-a76d9cdadc03.jpg
1,1,dyed-resection-margins,dyed-resection-margins,True,0.2619016468524933,0.7380983233451843,1.2960147399709854e-09,1.3672400017705755e-11,2.3947215534885803e-14,4.3430933849286646e-10,6.118650508132872e-13,8.436582053621133e-13,dyed-resection-margins/b632c863-30af-4fd1-9ab6-6f9de205cfe6.jpg
0,1,dyed-lifted-polyps,dyed-resection-margins,False,0.27938225865364075,0.7206177115440369,2.1804991590101963e-08,2.7220482812229108e-11,3.085740755796873e-13,1.1430660862288278e-08,1.846479132788792e-12,8.202348305771934e-13,dyed-lifted-polyps/273e99cc-b078-4568-a393-55e0ab869fb0.jpg
3,3,normal-cecum,normal-cecum,True,0.0011505666188895702,0.00032506653224118054,1.885182143723796e-08,0.9176928400993347,4.855779479839839e-06,3.0417001539717603e-07,0.07304146885871887,0.007784941233694553,normal-cecum/096174d5-24ca-40e3-8fff-7feb3f74f0ac.jpg
3,3,normal-cecum,normal-cecum,True,0.002964066807180643,0.0005955346277914941,8.999797529440912e-08,0.7213072776794434,8.542868454242125e-05,2.272675146741676e-06,0.21124379336833954,0.063801608979702,normal-cecum/fc31861e-2a50-4920-90ef-02c8132493b5.jpg
1,1,dyed-resection-margins,dyed-resection-margins,True,0.31399956345558167,0.6860002875328064,5.6414222626699484e-08,3.0079977397790003e-10,2.8008359520548254e-12,5.4842104191266117e-08,4.0620871250007795e-11,2.8725504613857922e-11,dyed-resection-margins/1d423f77-a9ec-4964-bf35-c1f06ba68e4d.jpg
2,5,esophagitis,normal-z-line,False,0.00017756754823494703,0.0001144496927736327,0.3466046154499054,6.406755233001604e-07,0.0029062700923532248,0.6494138836860657,0.00013488004333339632,0.0006477088900282979,esophagitis/67475ab5-8be7-45e7-a03a-0e80263e81ed.jpg
6,6,polyps,polyps,True,0.004842307418584824,0.0010268924525007606,2.6526354304223787e-06,0.10820627957582474,0.00013445044169202447,3.5004290111828595e-05,0.838999330997467,0.046753089874982834,polyps/804a8813-5b56-49c8-b5e7-950ccce8d30c.jpg
5,2,normal-z-line,esophagitis,False,0.0008571984944865108,0.0005213948315940797,0.5137264728546143,5.045744377873973e-10,2.1351443137973547e-06,0.4848853051662445,5.6837729971448425e-06,1.7798197404772509e-06,normal-z-line/ba1016c4-c9fd-41b3-9df8-3b9a14ba6944.jpg
7,6,ulcerative-colitis,polyps,False,0.008560879155993462,0.0017476438079029322,1.922314595503849e-06,0.35755226016044617,3.759334867936559e-05,5.294082257023547e-06,0.5164454579353333,0.11564894765615463,ulcerative-colitis/e8e08030-9ae5-49d0-9134-0309c31e3a93.jpg
0,0,dyed-lifted-polyps,dyed-lifted-polyps,True,0.6607689261436462,0.338985413312912,4.9913516704691574e-05,1.296144205298333e-06,2.551796853822452e-07,1.8039520000456832e-05,0.00016195733041968197,1.426897961209761e-05,dyed-lifted-polyps/0a542bb0-0172-4bc4-890d-327fa45b85b3.jpg
3,3,normal-cecum,normal-cecum,True,0.0024355098139494658,0.0007673969375900924,6.996883428200817e-08,0.7498229742050171,1.815984069253318e-05,1.5753328170831082e-06,0.22739467024803162,0.01955959014594555,normal-cecum/ed73c679-7ead-4590-9ef6-66d1ab89de94.jpg
2,2,esophagitis,esophagitis,True,0.007115824613720179,0.003164159134030342,0.5434694290161133,7.183345474004454e-07,0.00046511628897860646,0.4441688656806946,0.0013880988117307425,0.00022779520077165216,esophagitis/d60e2332-abfd-43bd-8072-df0de26ed52c.jpg
3,3,normal-cecum,normal-cecum,True,0.0002462780976202339,8.803864329820499e-05,1.1857634873990719e-09,0.989021360874176,4.995844847144326e-06,3.591939545799505e-08,0.006114461924880743,0.004524855874478817,normal-cecum/a6a5bfbc-694b-4699-bc89-157df82d6a5e.jpg
2,2,esophagitis,esophagitis,True,4.3884436308871955e-05,4.236632594256662e-05,0.9344905018806458,7.485120162575853e-12,7.72302314544504e-07,0.06542234867811203,8.000749573966459e-08,2.1033493169397843e-08,esophagitis/254ae3cd-e51b-4fc9-a25a-a0e60bd0a654.jpg
4,4,normal-pylorus,normal-pylorus,True,0.0025985415559262037,0.0005311709828674793,0.12246985733509064,0.00010732926602941006,0.7574428915977478,0.09695786237716675,0.01770428940653801,0.0021880860440433025,normal-pylorus/94e47d85-ea52-4438-9817-f70f17cc9837.jpg
1,1,dyed-resection-margins,dyed-resection-margins,True,0.28353017568588257,0.7164695858955383,7.298790016818657e-09,1.998560605898092e-07,1.7826289055999922e-11,5.387871038209369e-09,1.0197388711219446e-08,7.619433972649858e-09,dyed-resection-margins/2dc61ada-994b-4b10-8009-130f5bfa4753.jpg
0,0,dyed-lifted-polyps,dyed-lifted-polyps,True,0.571972668170929,0.4280233383178711,1.245205112354597e-06,1.9046696309032995e-07,7.890462683235455e-08,2.3235181743075373e-06,1.3937930987140135e-07,2.0667176414690402e-08,dyed-lifted-polyps/e6c793fe-0e40-4597-87b5-d9733cbaf3de.jpg
7,6,ulcerative-colitis,polyps,False,0.012894186191260815,0.0027237352915108204,7.586283754790202e-05,0.014437912032008171,0.0032350230030715466,0.0007480659405700862,0.825223982334137,0.14066125452518463,ulcerative-colitis/ae68bef5-8ca4-42fd-a275-d34ee4ea8c14_00001064.jpg
7,6,ulcerative-colitis,polyps,False,0.015083031728863716,0.0027411989867687225,0.0005723598296754062,0.0032910953741520643,0.0006500944728031754,0.00037047642399556935,0.6311799883842468,0.3461117446422577,ulcerative-colitis/f96c26c7-a79f-45e2-b6f8-e3b69780e974.jpg
4,4,normal-pylorus,normal-pylorus,True,0.0002720119373407215,9.046624472830445e-05,0.053744539618492126,0.00010998790094163269,0.8389892578125,0.09255204349756241,0.011477327905595303,0.0027643165085464716,normal-pylorus/93a1a84f-f101-45a0-8a63-a4dd56a065f4.jpg
3,3,normal-cecum,normal-cecum,True,0.0005588074564002454,0.0001910231076180935,5.173059314245165e-09,0.9624594449996948,1.56182413775241e-05,2.0127140487602446e-07,0.022953176870942116,0.013821704313158989,normal-cecum/b788c952-e510-4c41-99e6-c0eeb84c8f14.jpg
6,6,polyps,polyps,True,0.002963000675663352,0.0010861015180125833,0.00010302638838766143,0.08661127090454102,0.02510882169008255,0.0009900324512273073,0.8320876955986023,0.05105001851916313,polyps/2bb8698d-c65e-46e1-91b9-910a526768b1.jpg
7,7,ulcerative-colitis,ulcerative-colitis,True,0.001572344684973359,0.00041919673094525933,5.795892320747953e-06,0.006256449036300182,0.00025902598281390965,1.3766943993687164e-05,0.10561464726924896,0.8858587741851807,ulcerative-colitis/9bf37da2-4bd1-4a8a-aff9-66bdcc918ea9.jpg
3,3,normal-cecum,normal-cecum,True,0.0012035878608003259,0.0004920214996673167,4.641224791157583e-07,0.9181051254272461,0.00013483420480042696,9.688538739283103e-06,0.059177543967962265,0.02087678201496601,normal-cecum/2b9dad7c-1697-4608-b1c0-370f88a230f6.jpg
0,0,dyed-lifted-polyps,dyed-lifted-polyps,True,0.5211932063102722,0.4788031578063965,4.215794433548581e-07,1.5461185967069468e-06,4.283655741232906e-08,5.080008236291178e-07,7.769095304865914e-07,3.4281097782695724e-07,dyed-lifted-polyps/6ae07709-2df1-4ce0-8a10-d7f40261efd6.jpg
1,1,dyed-resection-margins,dyed-resection-margins,True,0.2773268520832062,0.7226583957672119,1.2456888725864701e-05,4.242879381166631e-09,9.524775412828035e-10,2.2396209260477917e-06,6.411858777255475e-08,3.469457254823283e-08,dyed-resection-margins/ecc596e7-a3bb-4d09-8ed5-c45055205460.jpg
5,2,normal-z-line,esophagitis,False,0.0043028960935771465,0.0016394411213696003,0.5730466246604919,1.6864446195086202e-07,0.00026823775260709226,0.4199516475200653,0.0006713600014336407,0.00011961439304286614,normal-z-line/032d6b45-f706-444d-b4d9-c11a4df4d364.jpg
6,6,polyps,polyps,True,0.011498669162392616,0.0019060459453612566,6.352852778945817e-06,0.184751957654953,0.00019737528054974973,3.766703957808204e-05,0.6102058291435242,0.19139616191387177,polyps/88a3bc25-37e3-4aef-81fb-e2b3710157eb.jpg
0,1,dyed-lifted-polyps,dyed-resection-margins,False,0.4075123369693756,0.5924874544143677,4.167446476799341e-08,8.203376467008638e-08,8.924195604720353e-09,9.560017844023605e-08,2.762653572574436e-08,1.3778922003382377e-08,dyed-lifted-polyps/fe8e6330-7424-4934-b002-916b9b7b1454.jpg
0,0,dyed-lifted-polyps,dyed-lifted-polyps,True,0.5198131799697876,0.4801677167415619,7.994050065462943e-06,1.1449539982777424e-07,3.0807555617684557e-08,1.0035452760348562e-05,8.722174698050367e-07,8.941264439954466e-08,dyed-lifted-polyps/3b77b2f5-5a77-47b9-9475-477c26ec78d7.jpg
5,5,normal-z-line,normal-z-line,True,0.006970240268856287,0.0023547129239887,0.4241933524608612,2.739964770626102e-07,0.0008874516934156418,0.5648921728134155,0.0005985356401652098,0.00010337246931158006,normal-z-line/2c18b67b-4362-4cb7-95df-2245a881f9bf.jpg
0,0,dyed-lifted-polyps,dyed-lifted-polyps,True,0.5714426040649414,0.42855700850486755,1.8395698475615063e-07,5.3474931149821714e-08,2.470492976858196e-10,7.242938693252654e-08,2.127065634738301e-08,7.111187194652757e-09,dyed-lifted-polyps/68384b44-8987-44a3-ac81-d98b24a5237f.jpg
1,1,dyed-resection-margins,dyed-resection-margins,True,0.09856200218200684,0.9014379978179932,1.4521174263038006e-09,8.75588490600876e-09,1.3313988278561891e-14,5.697756155775835e-10,2.2792415524386378e-11,1.8115221128711667e-11,dyed-resection-margins/e06c5574-3d71-463b-99f8-f9ee9d57d42d.jpg
5,2,normal-z-line,esophagitis,False,1.5424355297000147e-05,2.893459895858541e-05,0.5350059270858765,1.3700189420429165e-11,4.857718636230857e-07,0.4649491012096405,7.229145637666079e-08,1.1292083712532985e-07,normal-z-line/bb362c4d-c3c6-4563-a9c2-3adb987103f5.jpg
6,7,polyps,ulcerative-colitis,False,0.00940959993749857,0.0028070437256246805,7.436254236381501e-06,0.3437235951423645,0.0004968131543137133,5.064065771875903e-05,0.20763269066810608,0.4358721375465393,polyps/e3e4c9ce-18f3-4a65-a24f-f8f6553d547b.jpg
3,3,normal-cecum,normal-cecum,True,0.0005275268340483308,0.00014602486044168472,3.0303757281302524e-09,0.9656230807304382,1.0745076906459872e-05,8.808012808003696e-08,0.02414545789361,0.009547054767608643,normal-cecum/a6fbe86a-22e6-4864-be48-20572c5ecaf9.jpg
1,0,dyed-resection-margins,dyed-lifted-polyps,False,0.5401764512062073,0.45982086658477783,5.7290325372605366e-08,2.3931659143272555e-06,3.844010873499393e-11,5.3244235687088803e-08,5.569548733319607e-08,1.5713800038952286e-08,dyed-resection-margins/47882781-a8ab-4ffd-ab30-6bb295b1d925.jpg
1,1,dyed-resection-margins,dyed-resection-margins,True,0.3254950940608978,0.6744532585144043,5.262890567792056e-07,4.177615119260736e-05,1.2995675369165127e-10,9.778318599273916e-08,7.520607141486835e-06,1.781781975296326e-06,dyed-resection-margins/6e56918a-d07d-4d09-bb5a-d833642965b1.jpg
5,2,normal-z-line,esophagitis,False,4.381147664389573e-05,2.4816901714075357e-05,0.5768309831619263,4.076176285394695e-09,0.0002751748834270984,0.42281651496887207,6.2830968090565875e-06,2.4997464151965687e-06,normal-z-line/ce74ee89-5f1f-410c-a848-7379c2520184.jpg
0,0,dyed-lifted-polyps,dyed-lifted-polyps,True,0.6814473271369934,0.31696778535842896,1.493265062890714e-05,0.00017534082871861756,3.3481330774520757e-07,8.609105861978605e-06,0.0013107790146023035,7.489017298212275e-05,dyed-lifted-polyps/b063c0e5-ae07-480c-bad4-efb70d47de0c.jpg
7,7,ulcerative-colitis,ulcerative-colitis,True,0.003932839259505272,0.0012281587114557624,1.3941747056378517e-05,0.018793471157550812,0.0010115857003256679,8.499178511556238e-05,0.28448688983917236,0.6904481053352356,ulcerative-colitis/09ba9acf-521a-4a81-9459-0598994cc543.jpg
0,0,dyed-lifted-polyps,dyed-lifted-polyps,True,0.6351357102394104,0.3648083806037903,2.061748283210818e-08,5.118314584251493e-05,9.486040841721888e-10,4.6601378755894984e-08,3.9006972656352445e-06,7.280983709279099e-07,dyed-lifted-polyps/ce0203f0-f6f4-4aed-aa9b-657b640fc162.jpg
3,3,normal-cecum,normal-cecum,True,0.0029006353579461575,0.0012140125036239624,4.1860023003437163e-08,0.9334251880645752,3.429756588957389e-06,6.328162953650462e-07,0.04989831894636154,0.012557758018374443,normal-cecum/1ce802d6-ae50-40db-bf54-55612e195525.jpg
2,2,esophagitis,esophagitis,True,0.0010335911065340042,0.0007257499382831156,0.9592759013175964,1.392854276360822e-09,2.582486195024103e-05,0.038935258984565735,2.7617591058515245e-06,9.149467246061249e-07,esophagitis/c873acd1-dcbb-491a-a2f9-d54cac60bae9.jpg
7,6,ulcerative-colitis,polyps,False,0.0023716366849839687,0.0005648435326293111,3.9935713402883266e-07,0.21443262696266174,0.001134563353843987,6.291934823821066e-06,0.6201111674308777,0.16137857735157013,ulcerative-colitis/9e387b65-f56d-405e-9261-f5dfe22862f7.jpg
7,6,ulcerative-colitis,polyps,False,0.013028843328356743,0.002521200804039836,8.992549737740774e-06,0.07593721896409988,0.0009100079187192023,7.775419362587854e-05,0.6371291279792786,0.2703869044780731,ulcerative-colitis/46a1688e-14b2-41f9-9990-ce999bc34aa1.jpg
2,5,esophagitis,normal-z-line,False,0.00210709311068058,0.0011647648643702269,0.30234646797180176,5.715191218769178e-05,0.0722324475646019,0.5870391726493835,0.0224855225533247,0.012567386962473392,esophagitis/4b480f49-cae9-4a30-83b1-981c24f1f3e9.jpg
7,6,ulcerative-colitis,polyps,False,0.0040938109159469604,0.001262750942260027,4.495192115427926e-06,0.32452815771102905,0.0011110141640529037,8.518202230334282e-05,0.614944338798523,0.05397028848528862,ulcerative-colitis/04df0028-f9ef-4cfe-aad8-4c3a8f6c43ce.jpg
2,2,esophagitis,esophagitis,True,4.299609281588346e-05,5.712829079129733e-05,0.5702781081199646,2.16810819297919e-10,7.246594122989336e-06,0.42961403727531433,2.958422271603922e-07,1.9859919575537788e-07,esophagitis/e6ed3ffe-2151-4101-ada6-9d8eed640580.jpg
2,2,esophagitis,esophagitis,True,0.016271866858005524,0.004532055463641882,0.6248117089271545,5.59629540930473e-07,0.002394634997472167,0.34932079911231995,0.0024029116611927748,0.00026553633506409824,esophagitis/adcf33d3-c19a-45f2-8138-aaee4b19fc1b.jpg
5,5,normal-z-line,normal-z-line,True,5.785710982308956e-06,9.758309715834912e-06,0.459506630897522,4.922650828631525e-12,1.60080367095361e-06,0.5404762029647827,1.791951831364713e-08,1.4821866400893668e-08,normal-z-line/e581d6cc-5c8f-463e-9974-729e59b974db.jpg
1,1,dyed-resection-margins,dyed-resection-margins,True,0.2518385648727417,0.7481614351272583,3.1340299244675407e-09,1.0864068755722656e-08,1.5501970096042789e-13,2.0241497367123884e-09,9.009300250273355e-11,7.74118269486479e-11,dyed-resection-margins/4cccd59e-ec5e-45d5-8265-fe72c0b4cf30.jpg
3,3,normal-cecum,normal-cecum,True,0.0002883360721170902,8.025013084989041e-05,3.439302731500504e-10,0.9851374626159668,2.509444584575249e-06,1.4971265116514587e-08,0.006538329180330038,0.007953095249831676,normal-cecum/03550347-3223-4e52-8f48-976f430e18b0.jpg
7,6,ulcerative-colitis,polyps,False,0.00736332219094038,0.0018750265007838607,2.459188692682801e-07,0.15796637535095215,0.0006042779423296452,8.311409146699589e-06,0.5699177980422974,0.262264609336853,ulcerative-colitis/698f130b-41ff-414d-908c-8d8c0f82d4a8_00001997.jpg
5,5,normal-z-line,normal-z-line,True,8.892692676454317e-06,9.747747753863223e-06,0.22995448112487793,3.876668708269193e-10,5.6870936532504857e-05,0.7699688673019409,6.684827553726791e-07,5.456819280880154e-07,normal-z-line/50109847-a84d-4682-a10e-4e7d8c4ad4bf.jpg
1,0,dyed-resection-margins,dyed-lifted-polyps,False,0.5540801882743835,0.4457418918609619,4.0998469330588705e-07,0.0001407516683684662,2.2112848441224742e-08,6.254400091165735e-07,3.370050399098545e-05,2.41786619881168e-06,dyed-resection-margins/8f5a0e4a-0a33-491f-abac-18a053ea95c4.jpg
1,1,dyed-resection-margins,dyed-resection-margins,True,0.34579581022262573,0.6541964411735535,6.70300792648959e-08,6.8090271270193625e-06,7.123885370496907e-10,5.085567877927133e-08,6.316558369690028e-07,1.497823802765197e-07,dyed-resection-margins/d47c78a2-4dc9-4831-9797-3140ec34ea47.jpg
5,2,normal-z-line,esophagitis,False,0.00031903566559776664,0.0002597476704977453,0.5537388324737549,5.787766781395476e-07,0.0017952595371752977,0.44282475113868713,0.0006185529055073857,0.00044330948730930686,normal-z-line/c8f12307-308a-44e1-b55e-7d2373eb340f.jpg
3,3,normal-cecum,normal-cecum,True,0.0007561572128906846,0.00018558707961346954,7.01391167368115e-09,0.964771032333374,2.433787813060917e-05,1.4617056365295866e-07,0.024568049237132072,0.009694627486169338,normal-cecum/5fcaa233-af5f-41c5-86ec-9f2864fc2c27.jpg
3,3,normal-cecum,normal-cecum,True,0.001577524933964014,0.0005217828438617289,5.535446323534643e-09,0.8122680187225342,3.7285371945472434e-06,1.3376249796692719e-07,0.17679265141487122,0.008836101740598679,normal-cecum/49692354-184b-418e-a8ee-111ddfee7af2.jpg
2,5,esophagitis,normal-z-line,False,3.500936145428568e-05,4.158848605584353e-05,0.4096713662147522,1.232129537287463e-10,1.7180169379571453e-05,0.5902342796325684,4.702370119957777e-07,1.405544907129297e-07,esophagitis/6c1420b4-ffb3-4e13-a9be-ce87417be3e4.jpg
6,6,polyps,polyps,True,0.003423548536375165,0.0011611437657848,4.239017653162591e-05,0.08163603395223618,0.005200296174734831,0.00035060261143371463,0.8817213773727417,0.026464730501174927,polyps/e711f21c-9095-4f4c-b2af-83fb029dede5.jpg
1,1,dyed-resection-margins,dyed-resection-margins,True,0.05819028615951538,0.9418097138404846,5.22239640421418e-10,1.8101718041174664e-11,1.2814463938687587e-15,2.3716476005297693e-10,2.1305555247558977e-13,3.26174146286079e-13,dyed-resection-margins/dd57ac54-066a-44af-90f2-1108f13824db.jpg
6,6,polyps,polyps,True,0.003697049105539918,0.0015975943533703685,2.801085611281451e-05,0.36648985743522644,0.0008762057987041771,0.0002400967787252739,0.6136400699615479,0.013431217521429062,polyps/756cf101-9215-450e-8bd3-31c4b25af51e.jpg
2,2,esophagitis,esophagitis,True,0.0002626293571665883,0.00015828045434318483,0.8945354223251343,1.5487734358887728e-11,3.585225385904778e-06,0.10503982752561569,1.659086592553649e-07,1.7377290717490723e-08,esophagitis/aea30cff-1b64-49c0-8fe7-cdead4cf48bb.jpg
7,6,ulcerative-colitis,polyps,False,0.003264881670475006,0.0007845713407732546,0.0003708258445840329,0.005326249171048403,0.011428926140069962,0.0016093982849270105,0.6454880833625793,0.3317270874977112,ulcerative-colitis/a2a5092f-e025-43ea-a738-f3df4be222b7.jpg
1,0,dyed-resection-margins,dyed-lifted-polyps,False,0.46477773785591125,0.32057422399520874,0.000579898536670953,0.011021965183317661,3.395211388124153e-05,0.0001384361821692437,0.19285592436790466,0.01001785695552826,dyed-resection-margins/88a8055d-cce7-4868-8647-b389f8d0b316.jpg
0,0,dyed-lifted-polyps,dyed-lifted-polyps,True,0.3395383656024933,0.08078739792108536,3.639080659922911e-06,0.3093106746673584,8.549813173885923e-06,1.0354247024224605e-05,0.21270492672920227,0.05763610452413559,dyed-lifted-polyps/8f7e100e-a53d-4b6c-ab54-cb315aa6cae5.jpg
1,0,dyed-resection-margins,dyed-lifted-polyps,False,0.610419750213623,0.11846678704023361,0.00027208894607611,0.00765585619956255,6.123577622929588e-05,0.0013749469071626663,0.2208290696144104,0.04092024266719818,dyed-resection-margins/e3eb1b61-c4b0-4c4b-905d-f39124161570.jpg
7,6,ulcerative-colitis,polyps,False,0.003697955049574375,0.001663319068029523,0.00015992444241419435,0.0038460385985672474,0.0004976742784492671,0.00019963730301242322,0.8200392723083496,0.169896200299263,ulcerative-colitis/5c6fab43-d52c-4ced-ad4f-14548e59bba9.jpg
3,3,normal-cecum,normal-cecum,True,0.0020414823666214943,0.0007341064047068357,8.316289950016653e-07,0.8381069302558899,0.00043301130062900484,1.3769759789283853e-05,0.08506827056407928,0.07360170781612396,normal-cecum/95c48d5c-1bba-4f39-9b97-6518700e46d4.jpg
7,3,ulcerative-colitis,normal-cecum,False,0.011350372806191444,0.002653688658028841,2.558299229349359e-06,0.6344422101974487,5.074994624010287e-05,6.633920293097617e-06,0.20894955098628998,0.14254425466060638,ulcerative-colitis/6e35335c-f5d8-44c4-b153-995431701d7f.jpg
2,2,esophagitis,esophagitis,True,0.00012839036935474724,0.0001276541588595137,0.7435017824172974,4.880098061765814e-12,6.428385859180707e-07,0.2562413513660431,8.243547711117571e-08,1.49549990169362e-08,esophagitis/d58618e1-a51f-4590-97d1-858ff448dfad.jpg
6,6,polyps,polyps,True,0.008994964882731438,0.001553002861328423,8.336798629215991e-08,0.2716904282569885,4.6830723476887215e-06,5.369657856135746e-07,0.5854447484016418,0.1323116421699524,polyps/0bef2e62-ebbb-4a07-b7fc-763b585fe039.jpg
6,6,polyps,polyps,True,0.0026248192880302668,0.0005899085663259029,2.936250496077264e-07,0.011884084902703762,2.9587652079499094e-06,2.38833905541469e-07,0.8808884024620056,0.10400921106338501,polyps/7155fd18-a11b-4fad-a1f7-d6d82b43baf8.jpg
6,6,polyps,polyps,True,0.011076019145548344,0.0015690959990024567,2.145214011761709e-06,0.04737945273518562,2.020473766606301e-05,5.092952051199973e-06,0.6898356080055237,0.250112384557724,polyps/b2028b2f-0826-4242-b7bb-d26bca700d67.jpg
6,6,polyps,polyps,True,0.02517118863761425,0.0065588210709393024,4.6378896513488144e-05,0.10516324639320374,0.0032191877253353596,0.00019243345013819635,0.7835853695869446,0.07606331259012222,polyps/1f81e8f8-c4e3-4d4b-af76-e5b29addbc4d.jpg
1,0,dyed-resection-margins,dyed-lifted-polyps,False,0.664079487323761,0.18530359864234924,0.0003315848298370838,0.010132905095815659,7.887969331932254e-06,8.365220128325745e-05,0.12135086208581924,0.01871008798480034,dyed-resection-margins/7e486c2a-1820-4321-bf84-f7b2c3a2183b.jpg
2,2,esophagitis,esophagitis,True,0.0014157454716041684,0.0006059063016436994,0.881266176700592,5.101341571389639e-08,0.00023658016289118677,0.11638455837965012,5.116072861710563e-05,3.9791764720575884e-05,esophagitis/32fbe887-9509-4d35-91a2-2fdfa8a8831b.jpg
3,3,normal-cecum,normal-cecum,True,0.0006415113457478583,0.0002827692369464785,6.360638593605472e-08,0.9532034397125244,5.3861484047956765e-05,1.558220105835062e-06,0.03470459207892418,0.011112164705991745,normal-cecum/8c24abe1-240c-4633-89a2-eec6ea2f55f5.jpg
4,4,normal-pylorus,normal-pylorus,True,0.000651643262244761,0.00011484605784062296,0.3146366775035858,8.05180116003612e-06,0.3809778690338135,0.2992009222507477,0.004151518922299147,0.0002584484755061567,normal-pylorus/95040a61-e19a-48a4-8e02-624f4e75018f.jpg
1,1,dyed-resection-margins,dyed-resection-margins,True,0.4443494975566864,0.5556504130363464,1.3963291856100568e-08,1.5078407855639853e-08,1.874281632674446e-11,6.014936992926323e-09,7.841665983221446e-09,4.148915433432876e-09,dyed-resection-margins/4de79970-c67f-4f85-aa3e-21b3c59debec.jpg
1,1,dyed-resection-margins,dyed-resection-margins,True,0.18268923461437225,0.8173107504844666,4.2092729302112275e-09,1.9750991953060293e-08,2.4354942975562954e-13,4.094704131318849e-09,3.296901085469983e-10,4.827895860870512e-10,dyed-resection-margins/6a1bc4ac-e3d7-4ede-8b60-9e22af4067bb.jpg
4,4,normal-pylorus,normal-pylorus,True,0.0006924932822585106,0.00013173077604733407,0.056828491389751434,6.054517507436685e-05,0.8545375466346741,0.07647915184497833,0.010151305235922337,0.0011187178315594792,normal-pylorus/07b2ab85-9b8d-4082-af8f-0a9223c95d05.jpg
0,0,dyed-lifted-polyps,dyed-lifted-polyps,True,0.8246803283691406,0.15048250555992126,0.00015389609325211495,9.810089250095189e-05,3.229216963518411e-05,0.0003711027675308287,0.020498670637607574,0.0036831190809607506,dyed-lifted-polyps/3751f149-a96f-4c78-865c-1db82f9b5499.jpg
1,1,dyed-resection-margins,dyed-resection-margins,True,0.35599827766418457,0.6440000534057617,3.168501905292942e-07,6.522446369672252e-07,1.1820100453974192e-08,3.259387142406922e-07,4.1292119590252696e-07,3.5937659959017765e-08,dyed-resection-margins/622b5c30-78c5-4330-beaf-d4cfcb7c8ce0.jpg
5,5,normal-z-line,normal-z-line,True,0.0019604340195655823,0.0010588059667497873,0.23275482654571533,4.572118086798582e-06,0.013680421747267246,0.7435751557350159,0.0038097265642136335,0.003156134160235524,normal-z-line/c3c0d1d5-9a7f-4011-82e5-406a68503baa.jpg
1,1,dyed-resection-margins,dyed-resection-margins,True,0.49378249049186707,0.5062146186828613,1.015104658108612e-06,1.0958802931781975e-07,6.60719479128602e-09,1.211822450386535e-06,4.927063628201722e-07,4.9274369473550905e-08,dyed-resection-margins/ca43d12c-2d66-4121-ba8a-ff9029981ef9.jpg
2,2,esophagitis,esophagitis,True,0.00011001228995155543,7.222699059639126e-05,0.8505194783210754,1.249111676315806e-07,0.0006498805014416575,0.14848986268043518,7.94340085121803e-05,7.902960351202637e-05,esophagitis/36b38ffd-15bd-4bb5-801f-21a97932025f.jpg
5,2,normal-z-line,esophagitis,False,4.642184649128467e-05,5.881246761418879e-05,0.6342114210128784,1.9045480470492038e-10,1.7207399650942534e-05,0.3656654953956604,4.266148607712239e-07,1.1347869843802982e-07,normal-z-line/b16b4c03-a573-4977-b983-32c0091d9ef2.jpg
4,4,normal-pylorus,normal-pylorus,True,6.968065281398594e-05,1.4359682609210722e-05,0.0003513686533551663,0.0001355157291982323,0.9935101866722107,0.002124057151377201,0.003559175878763199,0.0002357329212827608,normal-pylorus/9ba54c25-74ee-45f6-ac00-fb93fcf1a079.jpg
1,0,dyed-resection-margins,dyed-lifted-polyps,False,0.5378233194351196,0.454785019159317,5.449065270113351e-07,0.006240858696401119,1.271393784918473e-06,1.9585877453209832e-06,0.0009337877854704857,0.00021324354747775942,dyed-resection-margins/e22f3cd4-b014-42a2-b83a-50e94d69e5bc.jpg
3,3,normal-cecum,normal-cecum,True,0.00031607161508873105,0.00011011712194886059,4.595908986715358e-09,0.9688856601715088,5.817067631141981e-06,1.1021402457345175e-07,0.02667563408613205,0.004006659612059593,normal-cecum/2038e263-3a8c-4288-b752-c07a84a36b4d.jpg
1,1,dyed-resection-margins,dyed-resection-margins,True,0.26738929748535156,0.7326107025146484,1.8040030580479538e-09,2.4429876788190086e-08,9.935116423130663e-14,1.327765231096123e-09,8.247737215416606e-11,7.266867663169307e-11,dyed-resection-margins/8166fbdd-b7dc-4b97-8aa4-b2968633228c.jpg
4,4,normal-pylorus,normal-pylorus,True,0.00010005469812313095,7.026493403827772e-05,0.13576024770736694,0.00012659466301556677,0.766537606716156,0.07465322315692902,0.010346535593271255,0.012405522167682648,normal-pylorus/df58d6ca-842d-48f4-8f57-a15a2e104bdd.jpg
1,0,dyed-resection-margins,dyed-lifted-polyps,False,0.5436224937438965,0.45636677742004395,4.052157692058245e-06,7.741825811535819e-07,1.860153986399382e-08,2.3639679511688882e-06,3.0827104637864977e-06,4.3446593167573155e-07,dyed-resection-margins/0be67e5f-f416-404c-8488-ca77de133eb7.jpg
4,4,normal-pylorus,normal-pylorus,True,0.005622622556984425,0.004153084009885788,0.027388863265514374,0.002596433972939849,0.41559290885925293,0.18783624470233917,0.175914004445076,0.1808958351612091,normal-pylorus/05b22295-3cdd-4eb0-b4d8-09a501a41c8c.jpg
1,1,dyed-resection-margins,dyed-resection-margins,True,0.3281068205833435,0.6718909740447998,1.2191052292109816e-06,1.3535281784271547e-09,1.0410487749634711e-10,9.390537911713182e-07,4.203478454201104e-09,9.046488891328863e-09,dyed-resection-margins/247fc9a1-0148-48b8-bf0c-01144c3aca8e.jpg
3,3,normal-cecum,normal-cecum,True,0.001801219186745584,0.0004305550828576088,1.4227286015966456e-08,0.9333901405334473,2.7367927941668313e-06,1.2764286339006503e-07,0.0479520820081234,0.016423005610704422,normal-cecum/8cf24fd9-23c4-4cc5-8d94-fc220d058383.jpg
5,5,normal-z-line,normal-z-line,True,7.21120477464865e-06,2.8469887183746323e-05,0.40089890360832214,4.453529559023117e-13,6.859253431912293e-08,0.5990653038024902,1.5501793182437495e-09,2.2440147517954756e-09,normal-z-line/097f09c8-c8b5-4f9d-b4d7-2adf2d2ec381.jpg
6,6,polyps,polyps,True,0.01285976730287075,0.0031056066509336233,2.392276655882597e-05,0.010698552243411541,0.0004138562362641096,0.00020381550712045282,0.7810279726982117,0.19166655838489532,polyps/1faa7a49-7b21-43d9-951a-0727bc236d8a.jpg
5,5,normal-z-line,normal-z-line,True,0.0008017586660571396,0.0005537642282433808,0.26857924461364746,4.683391580329044e-06,0.011262786574661732,0.7142931222915649,0.0038672969676554203,0.0006373829673975706,normal-z-line/d08203a8-8b74-4477-92b7-9724a0332f46.jpg
4,4,normal-pylorus,normal-pylorus,True,0.0003543875354807824,6.787072925362736e-05,0.01792176626622677,8.280140173155814e-05,0.9508949518203735,0.022572970017790794,0.007596972864121199,0.000508373137563467,normal-pylorus/b163a3aa-43e6-4190-ba87-1ec88494a12a.jpg
7,6,ulcerative-colitis,polyps,False,0.013891153037548065,0.003770501120015979,5.6135199884010945e-06,0.07173415273427963,0.0003232359595131129,3.4029526432277635e-05,0.7449856996536255,0.16525569558143616,ulcerative-colitis/e875083b-c1da-40cf-a1c8-e9a99ee7eda6.jpg
2,2,esophagitis,esophagitis,True,4.7161596739897504e-05,3.8471149309771135e-05,0.8543219566345215,2.5055322400158175e-12,2.1516238746244198e-07,0.14559216797351837,3.6300068728678525e-08,6.654911288705989e-09,esophagitis/97867a53-bb29-425d-a288-56f703bfda58.jpg
7,6,ulcerative-colitis,polyps,False,0.00843551754951477,0.0025760952848941088,0.0020711009856313467,0.015503265894949436,0.003449152922257781,0.001041691517457366,0.882753312587738,0.0841698944568634,ulcerative-colitis/4c0eac86-5559-4834-a718-4d55f1af1378.jpg
6,2,polyps,esophagitis,False,0.021750323474407196,0.0059004188515245914,0.5748165845870972,0.00022240601538214833,0.16915825009346008,0.1606321483850479,0.06583989411592484,0.0016799097647890449,polyps/e23cd4e9-f77c-4163-a1d8-dfc9a9a01ebf.jpg
7,6,ulcerative-colitis,polyps,False,0.00812416523694992,0.0019222068367525935,3.0471503578155534e-06,0.19537459313869476,0.000721327553037554,2.055562799796462e-05,0.49832016229629517,0.2955140173435211,ulcerative-colitis/38c3932a-1dc3-420e-81f6-1c4b026f7f56.jpg
7,7,ulcerative-colitis,ulcerative-colitis,True,0.00021619124163407832,6.995727017056197e-05,0.0003350303741171956,4.21120275859721e-05,0.008351660333573818,0.0012377301463857293,0.01953827403485775,0.9702089428901672,ulcerative-colitis/584f1fa0-9bb9-49d3-b412-c42819d0a200_00000653.jpg
0,0,dyed-lifted-polyps,dyed-lifted-polyps,True,0.637621283531189,0.3623656630516052,4.4169069042254705e-06,7.473223817555663e-09,1.0499569214061921e-08,8.674455784785096e-06,2.737369086958097e-08,1.957989326228926e-08,dyed-lifted-polyps/726a2ff4-bc9c-402c-9b35-29052da7ee6b.jpg
1,1,dyed-resection-margins,dyed-resection-margins,True,0.1689860224723816,0.8310139775276184,7.703723770013937e-11,1.6391370483148648e-09,6.529356862041563e-14,3.095687942100689e-11,2.0886502163225407e-12,1.7174509427467233e-12,dyed-resection-margins/b087df42-ccf1-4aae-8b49-94d27781b21c.jpg
3,3,normal-cecum,normal-cecum,True,0.001861652941443026,0.0004180436080787331,6.4223000251217854e-09,0.8843061923980713,2.770396531559527e-05,2.869459763132909e-07,0.04512151703238487,0.0682646781206131,normal-cecum/9c0f2998-4464-40ee-b2bb-a82dd34af7a3.jpg
4,4,normal-pylorus,normal-pylorus,True,3.417226253077388e-05,7.090714916557772e-06,0.0003880654985550791,9.366910671815276e-05,0.9937779903411865,0.0015971144894137979,0.004030556418001652,7.140568050090224e-05,normal-pylorus/0b59508a-be33-4c29-841b-42cd1712e01e.jpg
3,3,normal-cecum,normal-cecum,True,0.0012880376307293773,0.0005095030646771193,3.006495319368696e-07,0.9071024656295776,0.00014248651859816164,4.840599558519898e-06,0.0478094182908535,0.04314291477203369,normal-cecum/a50ad7c4-9138-4ae5-9805-bf173bcd1d9f.jpg
7,6,ulcerative-colitis,polyps,False,0.02170226164162159,0.005606130696833134,0.00023994552611839026,0.03910967707633972,0.002507105702534318,0.00043388729682192206,0.8222408294677734,0.10816013067960739,ulcerative-colitis/bcef5805-6373-43d6-af4e-b1279cd84c61.jpg
3,3,normal-cecum,normal-cecum,True,0.0015111869433894753,0.0009748705779202282,7.413927249899643e-08,0.9297106266021729,1.3962285265733954e-05,1.513723304924497e-06,0.05002417042851448,0.017763502895832062,normal-cecum/2e313668-d14b-448a-a19f-8afd55a6ceca.jpg
2,2,esophagitis,esophagitis,True,4.878589970758185e-05,3.7517664168262854e-05,0.7674697637557983,8.097436610121633e-10,8.610635995864868e-05,0.23235498368740082,2.5135027499345597e-06,4.235448614053894e-07,esophagitis/3e9b1095-1b88-435e-a4da-d37a700ca9ce.jpg
6,6,polyps,polyps,True,0.005137849133461714,0.001224064384587109,4.7201738198054954e-06,0.08416902273893356,0.0019711144268512726,6.46180851617828e-05,0.8185937404632568,0.08883486688137054,polyps/62399a1c-3f4e-4655-bc47-cacf54cab091.jpg
7,3,ulcerative-colitis,normal-cecum,False,0.004150857217609882,0.0009937030263245106,1.9404922113608336e-06,0.5040673613548279,0.0005231046816334128,8.833179890643805e-06,0.11639884859323502,0.37385547161102295,ulcerative-colitis/810106a4-84fe-4de5-8f7f-596f4a0312e3.jpg
6,6,polyps,polyps,True,0.009533337317407131,0.0036617284640669823,0.00015969232481438667,0.0010901340283453465,0.00016908423276618123,0.00031709345057606697,0.8291401267051697,0.15592879056930542,polyps/08afaf00-7cae-4c91-a88e-70aaa0034de9.jpg
3,3,normal-cecum,normal-cecum,True,0.004181355237960815,0.0012110158568248153,1.3993941649914632e-07,0.6963508129119873,1.5561501641059294e-05,1.5880951877988991e-06,0.27061450481414795,0.027625003829598427,normal-cecum/5708e661-fd83-4124-85d1-4ce7450eae2e.jpg
0,0,dyed-lifted-polyps,dyed-lifted-polyps,True,0.7518393993377686,0.2470131665468216,7.537136639257369e-07,0.0006720827659592032,9.843905957040988e-08,8.87715827957436e-07,0.0004172205226495862,5.63745888939593e-05,dyed-lifted-polyps/1484493f-b6a9-43d1-82dc-a7a78ddd2490.jpg
6,6,polyps,polyps,True,0.024640068411827087,0.010796728543937206,0.00026694126427173615,0.11959119141101837,0.00019546480325516313,0.000699229771271348,0.7864850759506226,0.05732537433505058,polyps/b48b4ed9-e44a-47e9-9241-35b844ef4604.jpg
7,7,ulcerative-colitis,ulcerative-colitis,True,0.007306455168873072,0.001083170878700912,2.4208427475969074e-06,0.038925837725400925,1.0734072930063121e-05,3.982192993134959e-06,0.26088500022888184,0.6917824149131775,ulcerative-colitis/78606314-b5d0-457d-9f9d-db7271e67150.jpg
3,3,normal-cecum,normal-cecum,True,0.0002273253194289282,6.512128311442211e-05,8.118588024075279e-10,0.9875989556312561,1.1508750503708143e-05,3.828653305504304e-08,0.006302064284682274,0.005795037839561701,normal-cecum/09c54f81-dbc0-4e30-abbc-a617102f6fc8.jpg
5,2,normal-z-line,esophagitis,False,0.00030657256138511,0.0002253277343697846,0.9144980907440186,3.4256077974248456e-09,0.0001333581021754071,0.08482877165079117,7.2626057772140484e-06,5.54008579456422e-07,normal-z-line/760837bc-70f4-4375-9a2a-386127029858.jpg
5,2,normal-z-line,esophagitis,False,2.2800619262852706e-05,2.0904595658066683e-05,0.5689312815666199,6.997514789830461e-10,0.00011388747952878475,0.43090906739234924,1.4213158010534244e-06,6.6874417825602e-07,normal-z-line/44d08bdd-1ec6-40b5-a58b-ec10b356290f.jpg
0,0,dyed-lifted-polyps,dyed-lifted-polyps,True,0.7521944046020508,0.2476295679807663,5.3847079470870085e-06,3.547300730133429e-05,1.0051102208308293e-06,7.216077392513398e-06,9.817089448915794e-05,2.8820602892665192e-05,dyed-lifted-polyps/8ba3968c-e27d-4536-ad92-8591883e1571.jpg
1,1,dyed-resection-margins,dyed-resection-margins,True,0.12077726423740387,0.8792227506637573,2.0441483172817243e-08,4.1834093291283694e-14,1.42465477349224e-12,2.7255648848978353e-09,9.226213543156447e-14,7.843803596007878e-14,dyed-resection-margins/c5413dd6-9410-4bcf-8f24-89022f0a516a.jpg
6,6,polyps,polyps,True,0.006444633472710848,0.0014359013875946403,3.779719008889515e-06,0.30747663974761963,0.0008175093098543584,6.230160943232477e-05,0.5813000798225403,0.10245908051729202,polyps/6420161a-b4e1-4940-a6e1-acd23c28fe99.jpg
2,2,esophagitis,esophagitis,True,3.531475886120461e-05,2.769503953459207e-05,0.9332069158554077,1.7156253848127356e-11,1.3009184840484522e-06,0.06672847270965576,2.5904950007316074e-07,1.2088398193554895e-07,esophagitis/e776865d-dc19-4f83-9e5a-00d8ba3f0508.jpg
1,1,dyed-resection-margins,dyed-resection-margins,True,0.39191514253616333,0.6080276966094971,2.7531600110819454e-08,5.604886246146634e-05,9.838203168799353e-11,3.306799101210345e-08,7.514198614444467e-07,3.1189907190309896e-07,dyed-resection-margins/4550d269-401e-4ef3-b26b-84ea334d01ed.jpg
6,6,polyps,polyps,True,0.027173811569809914,0.0025139539502561092,2.4256842152681202e-05,0.0013290448114275932,4.6126533561619e-05,2.6006349798990414e-05,0.9290381669998169,0.03984867408871651,polyps/c1ccc033-0e98-4ce7-8171-0af81b863778.jpg
5,5,normal-z-line,normal-z-line,True,1.2928747310070321e-05,2.223201227025129e-05,0.4041481018066406,2.4949368959692464e-11,4.088974037586013e-06,0.5958124399185181,5.932871260938555e-08,3.7313455436560616e-08,normal-z-line/b774b33c-0d05-4b31-b776-14eeb9d3586b.jpg
7,7,ulcerative-colitis,ulcerative-colitis,True,0.007264795713126659,0.0014491119654849172,2.494803652552946e-07,0.09647904336452484,5.90284398640506e-05,4.6813338485662825e-06,0.26253676414489746,0.6322062611579895,ulcerative-colitis/28db4e2a-2b48-43b7-88b2-5eaba2eb41f4.jpg
6,6,polyps,polyps,True,0.006718380376696587,0.0011318949982523918,6.471094820881262e-05,0.011763052083551884,0.0008473173948004842,0.00013077569019515067,0.9624687433242798,0.01687505841255188,polyps/9a9fbcdf-04e1-4713-bccb-c39cf9996d5d.jpg
6,6,polyps,polyps,True,0.05936853587627411,0.016308818012475967,0.00012305706331972033,0.11092522740364075,0.0002524369047023356,0.00041163942660205066,0.7193240523338318,0.09328629076480865,polyps/b5af7a66-7f29-4942-89d2-d6a02126c123.jpg
6,6,polyps,polyps,True,0.0025370740331709385,0.000772030558437109,3.910891609848477e-05,0.015169947408139706,0.007374657783657312,0.0006500870222225785,0.9548150897026062,0.018641993403434753,polyps/e3d87692-d69b-4be7-abac-15b2cffc4624.jpg
6,6,polyps,polyps,True,0.004321398213505745,0.0014149260241538286,5.128482371219434e-06,0.21340344846248627,0.0007558923098258674,2.802093149512075e-05,0.5715834498405457,0.20848773419857025,polyps/2f2e2195-558b-47c2-93d9-c92b76271906.jpg
0,0,dyed-lifted-polyps,dyed-lifted-polyps,True,0.6622568368911743,0.337367445230484,1.3736707842326723e-06,4.4887819967698306e-05,2.45161572820507e-06,2.387064796494087e-06,0.00019079988123849034,0.00013386542559601367,dyed-lifted-polyps/1042e62d-2f9b-4a7d-84e1-a3cd491d6a43.jpg
5,2,normal-z-line,esophagitis,False,0.0024139678571373224,0.001396363484673202,0.7683194279670715,5.52675370746325e-11,4.853031327911594e-07,0.2278680056333542,1.6572683989579673e-06,1.3441739099562255e-07,normal-z-line/a7bd2163-31a9-4f10-9799-22c992dabff4.jpg
4,4,normal-pylorus,normal-pylorus,True,2.6970732506015338e-05,7.65266850066837e-06,0.0016186214052140713,0.00010480972559889778,0.9841513633728027,0.006712909787893295,0.00703700864687562,0.0003405996540095657,normal-pylorus/b725d9ef-aec5-4088-9060-fa6788e3a508.jpg
3,3,normal-cecum,normal-cecum,True,0.0006848244229331613,0.00022555928444489837,2.455707859283507e-09,0.9516288042068481,9.158965440292377e-06,1.8720120920079353e-07,0.03947346284985542,0.007978036068379879,normal-cecum/19611980-f69f-4508-b358-6a828515ac90.jpg
2,5,esophagitis,normal-z-line,False,0.0008906064904294908,0.0005639313603751361,0.37190258502960205,6.869129265396623e-06,0.017869379371404648,0.602591872215271,0.003109315177425742,0.0030654086731374264,esophagitis/e9741710-cc9c-4a8b-9b57-12ddd83b03df.jpg
2,5,esophagitis,normal-z-line,False,0.0006892188685014844,0.00038313222466968,0.3883456885814667,2.039525725194835e-06,0.005320454481989145,0.6023523211479187,0.0014827852137386799,0.0014243510086089373,esophagitis/3c765504-c30e-4c45-ba70-59c4cb4a126c.jpg
2,2,esophagitis,esophagitis,True,0.0011616513365879655,0.0004991985042579472,0.7140763998031616,2.247704742330825e-06,0.005380670540034771,0.2751348614692688,0.0028629526495933533,0.0008820327348075807,esophagitis/ee48c182-c168-4bd2-896b-baa7785348c9.jpg
1,1,dyed-resection-margins,dyed-resection-margins,True,0.4137662947177887,0.5862329006195068,3.423612895403494e-07,1.4087664368389596e-08,2.2831529999933764e-09,1.7496645909886865e-07,1.4522613867029577e-07,1.0061632593760805e-07,dyed-resection-margins/921ab5ee-41cf-4cfc-a300-46b4a2770e68.jpg
3,3,normal-cecum,normal-cecum,True,0.00013974349712952971,5.510859773494303e-05,2.6686612988879865e-11,0.9920475482940674,3.810491762124002e-07,1.983867514709914e-09,0.006144414655864239,0.001612850814126432,normal-cecum/e8a4ffdc-4d9d-4aef-80c0-a599615ac53d.jpg
5,5,normal-z-line,normal-z-line,True,0.0032355471048504114,0.001833839458413422,0.10832171142101288,5.727450843551196e-05,0.058829136192798615,0.7896958589553833,0.010492159053683281,0.027534469962120056,normal-z-line/65c2d5a7-53d4-4b06-bd01-da971d073f18.jpg
7,7,ulcerative-colitis,ulcerative-colitis,True,0.01003249455243349,0.0022418349981307983,6.873379606986418e-05,0.017481278628110886,0.0008251722319982946,9.725973359309137e-05,0.4799046516418457,0.48934853076934814,ulcerative-colitis/b090985b-6d12-4087-b9c6-7ba0d33de35e.jpg
7,7,ulcerative-colitis,ulcerative-colitis,True,0.0033582504838705063,0.0013406669022515416,5.512206917046569e-05,0.07030373066663742,0.036652810871601105,0.0007238842663355172,0.22726470232009888,0.6603007912635803,ulcerative-colitis/de363345-17a0-4645-9c5d-05227548f3aa.jpg
2,2,esophagitis,esophagitis,True,0.0227801613509655,0.006463923957198858,0.39144784212112427,0.0012036880943924189,0.05035562813282013,0.10176029801368713,0.3796158730983734,0.046372637152671814,esophagitis/a1cb7a98-420e-4bfc-a33d-2f6210710d87.jpg
1,1,dyed-resection-margins,dyed-resection-margins,True,0.48022809624671936,0.5197696089744568,1.5400848951685475e-06,2.896916040384667e-10,1.964249457531153e-10,7.141803166632599e-07,1.049828557420085e-09,6.572453692399449e-10,dyed-resection-margins/87f2a46a-976e-4406-a976-b0259b48629a.jpg
3,3,normal-cecum,normal-cecum,True,0.001704336842522025,0.0004469974373932928,1.3166162382560742e-08,0.8612475395202637,3.2520033528271597e-06,1.8454538519563357e-07,0.1293879747390747,0.007209599483758211,normal-cecum/73bb2cb9-0bed-4dc6-9609-402ac77e5197.jpg
0,1,dyed-lifted-polyps,dyed-resection-margins,False,0.3397935926914215,0.6602063775062561,2.1197152477725467e-08,1.257797954679063e-08,3.5665401187934265e-10,3.194304554199334e-08,3.740049603351281e-09,5.522753920850221e-10,dyed-lifted-polyps/551ee3c0-f8d3-48d5-98ef-6a884ca63af0.jpg
3,3,normal-cecum,normal-cecum,True,0.0023723486810922623,0.0006949571543373168,3.823379657319492e-08,0.7927265763282776,1.4998003280197736e-05,7.374570145657344e-07,0.1674523502588272,0.03673795983195305,normal-cecum/1a52b990-5326-4be3-be18-7e832d476343.jpg
6,6,polyps,polyps,True,0.01960056833922863,0.010568524710834026,2.9694663680857047e-05,0.19686537981033325,5.064453580416739e-05,7.633209315827116e-05,0.6884308457374573,0.08437799662351608,polyps/c9cb5bb0-5e95-49c9-8c12-979c75c04b6a.jpg
2,5,esophagitis,normal-z-line,False,3.303480480099097e-05,5.1594688557088375e-05,0.45525410771369934,1.9375104298724466e-10,6.112969458627049e-06,0.5446545481681824,2.443716766720172e-07,2.7711649863704224e-07,esophagitis/99092657-db96-49e2-8190-5a79beb997ce.jpg
2,2,esophagitis,esophagitis,True,2.312716969754547e-05,2.9055230697849765e-05,0.6099820733070374,4.877354076171514e-10,2.6721838366938755e-05,0.38993772864341736,5.61441936497431e-07,6.618254815293767e-07,esophagitis/93afc191-1fe1-4f0b-a5a7-8ec2e10d0e80.jpg
2,2,esophagitis,esophagitis,True,4.349297159933485e-05,5.2424824389163405e-05,0.5771870613098145,3.346494747979989e-10,2.428524567221757e-05,0.42269185185432434,5.468543804454384e-07,3.4711086982497363e-07,esophagitis/354b009d-d5fa-4362-a0e4-d311bd007399.jpg
3,3,normal-cecum,normal-cecum,True,0.001109303324483335,0.00025915069272741675,3.1234744568564565e-08,0.9363020062446594,4.371408431325108e-05,5.094785819892422e-07,0.048380255699157715,0.013904993422329426,normal-cecum/7bec02fe-3223-451b-b3f3-9bef853d0ebe.jpg
3,3,normal-cecum,normal-cecum,True,0.0017838750500231981,0.00037057255394756794,3.946147852929016e-09,0.9010042548179626,3.17186413667514e-06,9.676549694859204e-08,0.08164612203836441,0.015191887505352497,normal-cecum/4a274621-8973-477c-926a-f04736f07d0a.jpg
2,5,esophagitis,normal-z-line,False,0.0008340720669366419,0.0003849206550512463,0.29555195569992065,6.062129159545293e-06,0.0206171665340662,0.6772899031639099,0.004200664348900318,0.0011152818333357573,esophagitis/a674e2f8-1f44-4133-be82-37f688d13a1a.jpg
4,4,normal-pylorus,normal-pylorus,True,0.001263642916455865,0.00033036587410606444,0.0076946658082306385,0.0010164205450564623,0.7536969780921936,0.049177397042512894,0.1819441318511963,0.004876421298831701,normal-pylorus/2ebef6f4-e2e5-4778-a669-5e509d8af503.jpg
6,3,polyps,normal-cecum,False,0.0033399518579244614,0.0006070552044548094,3.540487014674909e-08,0.7841095924377441,2.929597940237727e-05,4.7587181484232133e-07,0.12248243391513824,0.08943115919828415,polyps/cb689d4e-e046-47e6-831c-b142c34e5cf8.jpg
6,6,polyps,polyps,True,0.00605161814019084,0.0019509115954861045,1.7790196579881012e-05,0.3944862186908722,0.00045765432878397405,9.578516619512811e-05,0.44940558075904846,0.14753438532352448,polyps/e2d8c9fd-6345-425c-b2eb-d176a3c3931b.jpg
6,6,polyps,polyps,True,0.0021089513320475817,0.0005793899763375521,2.6088366666954244e-07,0.3512962758541107,8.62585729919374e-05,5.594603408098919e-06,0.63206547498703,0.013857821933925152,polyps/b1c1b0ea-e720-4ce6-aca6-2bef7ccea234.jpg
5,5,normal-z-line,normal-z-line,True,2.6033712856587954e-06,1.2349172720860224e-05,0.24322648346424103,2.304070901627299e-14,2.5239825784950654e-09,0.7567585706710815,2.1529500404682267e-10,6.804735108723037e-10,normal-z-line/fa375814-efcb-451c-b192-b0265ea5378b.jpg
3,3,normal-cecum,normal-cecum,True,0.002020824234932661,0.0006156125455163419,1.0166149166934701e-07,0.8810678124427795,4.2790885345311835e-05,1.5316685448851786e-06,0.05896179750561714,0.0572894848883152,normal-cecum/d68aa2ce-0929-4cad-9845-1e4046cee3ff.jpg
2,2,esophagitis,esophagitis,True,2.9993319913046435e-05,2.1252957594697364e-05,0.8728126287460327,3.262068046239186e-11,7.574825303890975e-06,0.12712813913822174,2.9464402473422524e-07,1.0027684282931659e-07,esophagitis/b138e72a-1687-4288-974d-297a57660508.jpg
3,3,normal-cecum,normal-cecum,True,0.004465861711651087,0.0015233445446938276,5.577071988227544e-06,0.5082946419715881,0.00010752748494269326,3.1963314540917054e-05,0.47564950585365295,0.009921610355377197,normal-cecum/a51ac5e3-db34-42d3-a134-d7093d5cd440.jpg
1,1,dyed-resection-margins,dyed-resection-margins,True,0.2834796905517578,0.7165203094482422,9.52157463984804e-10,3.7098221383757846e-08,1.5770658433680862e-13,8.771987580757923e-10,2.9950323471306106e-11,1.0415829657106634e-11,dyed-resection-margins/41ae11e5-c7e4-46db-a5b1-859281a76cce.jpg
3,3,normal-cecum,normal-cecum,True,0.004080056678503752,0.0025176829658448696,5.97092821408296e-07,0.8848175406455994,2.5558385459589772e-05,1.1283412277407479e-05,0.06866677105426788,0.03988061100244522,normal-cecum/1bbf25b7-be2c-4d54-9166-59feeff9c234.jpg
2,2,esophagitis,esophagitis,True,4.994260234525427e-05,7.929543062346056e-05,0.6459202766418457,3.283334021331186e-11,3.544160449564515e-07,0.35394978523254395,2.691584199965291e-07,1.3397587395047594e-07,esophagitis/0dbd8e31-6676-42f2-b71a-6cb8b728adf6.jpg
6,3,polyps,normal-cecum,False,0.0028581428341567516,0.0005036393995396793,2.5931091940378792e-08,0.7616003751754761,5.380913535191212e-06,3.429682635669451e-07,0.22150416672229767,0.01352783478796482,polyps/b3ac7cdb-c121-4537-80cc-60b1af4eda26.jpg
4,4,normal-pylorus,normal-pylorus,True,0.0017177468398585916,0.0005604386096820235,0.02074965462088585,0.0005224447813816369,0.768293559551239,0.08876903355121613,0.07184609770774841,0.047541044652462006,normal-pylorus/b64e16f9-6465-49e0-9927-e8b7a5d01338.jpg
3,3,normal-cecum,normal-cecum,True,0.0011563505977392197,0.0002603683969937265,3.433393658269779e-08,0.9386144876480103,3.4192304156022146e-05,6.351509114210785e-07,0.04696279764175415,0.012970995157957077,normal-cecum/1ab067f8-bd10-4937-9a85-6617541144bf.jpg
4,4,normal-pylorus,normal-pylorus,True,0.0016827484359964728,0.0006708144210278988,0.00408432399854064,0.002346624620258808,0.73271244764328,0.04656298831105232,0.1887662261724472,0.023173820227384567,normal-pylorus/6959a8bd-0159-4f1f-94f1-ecabc0d807e7.jpg
4,4,normal-pylorus,normal-pylorus,True,0.000215946274693124,8.610655640950426e-05,0.018435591831803322,0.0001086864504031837,0.9520363211631775,0.020627722144126892,0.008231340907514095,0.00025837228167802095,normal-pylorus/6af184b7-861d-46aa-95ec-c94fbf70461b.jpg
3,3,normal-cecum,normal-cecum,True,0.0005006409483030438,0.00017508807650301605,6.1011542484834536e-09,0.9636547565460205,6.979825229791459e-06,1.0096956515326383e-07,0.010397029109299183,0.025265419855713844,normal-cecum/27c3b2c6-5a19-4c5f-ac94-ae90d2e2d8aa.jpg
4,4,normal-pylorus,normal-pylorus,True,0.00010474854207132012,3.328043385408819e-05,0.04968109726905823,2.988210144394543e-05,0.7564186453819275,0.18606257438659668,0.007094269152730703,0.0005754794692620635,normal-pylorus/d7def39b-0efe-42cf-9d0e-625a1c24938e.jpg
2,2,esophagitis,esophagitis,True,0.00047659638221375644,0.00027378182858228683,0.7352846264839172,3.440975504531707e-08,0.0003704702539835125,0.26355841755867004,3.139410546282306e-05,4.6633499550807755e-06,esophagitis/9946a997-9246-4892-a485-2878e315ccfd.jpg
4,4,normal-pylorus,normal-pylorus,True,2.120452882081736e-05,5.77117998545873e-06,0.001419841661117971,0.00011982575961155817,0.9807064533233643,0.006307363044470549,0.011072596535086632,0.00034693043562583625,normal-pylorus/19a37731-d52f-4cfe-92f7-d620f876f532.jpg
5,5,normal-z-line,normal-z-line,True,6.258538633119315e-05,2.4949602448032238e-05,0.4497336447238922,1.966519391771726e-07,0.01229403167963028,0.5376389026641846,0.00020829509594477713,3.740071406355128e-05,normal-z-line/3b2fa55c-a6a7-4d10-95de-1cbf98f119c2.jpg
7,7,ulcerative-colitis,ulcerative-colitis,True,0.00132296746596694,0.00035736392601393163,1.9183664790034527e-06,0.0023312559351325035,0.0003809721383731812,1.4834135072305799e-05,0.04296230897307396,0.9526284337043762,ulcerative-colitis/fc79c489-b358-4368-b965-330615af73d4_00000002.jpg
6,6,polyps,polyps,True,0.055477552115917206,0.006223663687705994,4.0262202674057335e-05,0.04312386363744736,0.00012366542068775743,7.735744293313473e-05,0.8051685094833374,0.08976514637470245,polyps/898aeeed-3ee0-410c-b773-595313b2e807.jpg
3,3,normal-cecum,normal-cecum,True,0.0024198279716074467,0.0008335943566635251,1.244884174411709e-06,0.6839017271995544,0.0006775535875931382,1.8622196876094677e-05,0.17688412964344025,0.13526329398155212,normal-cecum/02b728cd-f151-44ba-8014-b7772949eb15.jpg
5,5,normal-z-line,normal-z-line,True,0.00041598055395297706,0.0003484135086182505,0.2273990511894226,1.676129068073351e-05,0.02978844754397869,0.7359813451766968,0.0036174205597490072,0.0024325214326381683,normal-z-line/ddcbc2b7-f0ff-4423-89b8-9eb58c1492c7.jpg
7,3,ulcerative-colitis,normal-cecum,False,0.005896422546356916,0.0024351058527827263,1.138157404056983e-05,0.5928102135658264,0.0001684327726252377,1.8389411707175896e-05,0.20840542018413544,0.19025470316410065,ulcerative-colitis/93dbad0b-d4b9-411a-bc97-a750a6e5937b.jpg
1,1,dyed-resection-margins,dyed-resection-margins,True,0.2868896424770355,0.7131101489067078,1.1151470147297005e-07,1.0413506168482911e-10,1.3398568712852388e-11,6.572086874712113e-08,6.531441498758284e-10,2.954346489669746e-10,dyed-resection-margins/d77d059e-a1a0-4e5b-83c0-6f157de53ab3.jpg
6,6,polyps,polyps,True,0.005216761026531458,0.0010716062970459461,4.785853889188729e-05,0.002369848545640707,0.0005539272679015994,5.9113805036759004e-05,0.6491979956626892,0.3414829671382904,polyps/40487a26-1975-4d8d-bf8e-728e82bf7416.jpg
0,0,dyed-lifted-polyps,dyed-lifted-polyps,True,0.674010694026947,0.32598793506622314,4.437735015017097e-07,1.9097419112767966e-07,1.1927211440720953e-09,6.476637963714893e-07,7.575376770319053e-08,2.796062936738508e-08,dyed-lifted-polyps/81a28ce5-df24-41ca-8341-2c300ce9404d.jpg
2,2,esophagitis,esophagitis,True,0.0013728488702327013,0.0004463715013116598,0.9101034998893738,1.069173549694824e-08,0.0011921791592612863,0.08682788163423538,5.519582191482186e-05,1.9974888800788904e-06,esophagitis/170708d1-58c7-4b37-b20b-bc78203f4593.jpg
2,5,esophagitis,normal-z-line,False,0.000861243112012744,0.00044937810162082314,0.13947980105876923,0.00015485812036786228,0.402908593416214,0.410923570394516,0.028112683445215225,0.017109816893935204,esophagitis/a0fbae96-ba9d-4668-a423-d5b211a52fb6.jpg
7,7,ulcerative-colitis,ulcerative-colitis,True,0.009364231489598751,0.001347093260847032,3.2150658171303803e-06,0.01126466877758503,1.230399630003376e-05,5.1725860430451576e-06,0.4835306406021118,0.4944727122783661,ulcerative-colitis/6c8b8c2e-731c-469b-b690-0bbc846efd53.jpg
0,0,dyed-lifted-polyps,dyed-lifted-polyps,True,0.7689579129219055,0.2307557612657547,6.513295147669851e-07,0.00015004606393631548,3.4260663142049452e-06,3.7635122680512723e-06,8.888206502888352e-05,3.95506685890723e-05,dyed-lifted-polyps/c4c6a103-88c2-406e-be13-95e6a8c2643d.jpg
2,2,esophagitis,esophagitis,True,0.00019485967641230673,0.00015098226140253246,0.9239805936813354,6.204920133257019e-09,2.776208748400677e-05,0.07560651749372482,2.343646156077739e-05,1.5849602277739905e-05,esophagitis/26b22522-6a0f-4c30-9417-e7b2c5335d5a.jpg
4,4,normal-pylorus,normal-pylorus,True,5.1071187044726685e-05,1.4082586858421564e-05,0.005899894516915083,5.574282840825617e-05,0.9583925604820251,0.02965456247329712,0.005316971801221371,0.0006151341367512941,normal-pylorus/a1848bec-c39f-4f33-bb2c-6b8fe472bcb9.jpg
4,4,normal-pylorus,normal-pylorus,True,0.00021166616352275014,1.674526538408827e-05,0.003993859048932791,2.7663963919621892e-05,0.968393862247467,0.009221022948622704,0.017993198707699776,0.0001419272884959355,normal-pylorus/7ef433e7-5005-404e-be61-ea83e534f4e7.jpg
3,3,normal-cecum,normal-cecum,True,0.001800570753403008,0.000488624325953424,8.312000687737964e-08,0.8806959986686707,5.702888302039355e-05,7.269355251082743e-07,0.06549619138240814,0.051460836082696915,normal-cecum/7e26c11d-ecfb-4a0b-a6e4-15c1c993e70b.jpg
2,2,esophagitis,esophagitis,True,0.00011657883442239836,9.712966857478023e-05,0.8679613471031189,1.866003884742895e-08,0.00014447621651925147,0.1315610557794571,6.182204379001632e-05,5.760315616498701e-05,esophagitis/34dd24b5-e521-4c90-bf72-dc2adf970c77.jpg
1,0,dyed-resection-margins,dyed-lifted-polyps,False,0.6571231484413147,0.34222930669784546,1.8772342400552589e-06,0.00021241707145236433,1.0389415194822504e-07,2.4915034373407252e-06,0.0003980022156611085,3.2635911338729784e-05,dyed-resection-margins/c862fa6c-6c8c-4e6f-bdbe-f7c71d382746.jpg
4,4,normal-pylorus,normal-pylorus,True,0.00018691387958824635,3.168788680341095e-05,0.005899809300899506,0.00020141422282904387,0.9488718509674072,0.027612855657935143,0.016097143292427063,0.0010983380489051342,normal-pylorus/b433a9c0-8b22-41f0-8f5c-29212d090338.jpg
0,0,dyed-lifted-polyps,dyed-lifted-polyps,True,0.7155995965003967,0.26942527294158936,1.9256700056757836e-07,0.01351655088365078,5.734713148797255e-09,1.955431656597284e-07,0.0011562658473849297,0.0003018180141225457,dyed-lifted-polyps/1b996aa4-c81b-4157-93e0-55a0aaa78089.jpg
0,1,dyed-lifted-polyps,dyed-resection-margins,False,0.4598880410194397,0.5397738814353943,1.1428460311435629e-06,0.00015453787636943161,4.843858647518573e-08,1.499470386079338e-06,8.15364473965019e-05,9.931615204550326e-05,dyed-lifted-polyps/a6ec9dbf-4e31-4535-b625-f96df8db6125.jpg
1,1,dyed-resection-margins,dyed-resection-margins,True,0.4527275264263153,0.5471442937850952,1.413296013197396e-05,3.356291199452244e-05,7.152676175792294e-07,7.673499567317776e-06,3.6766821722267196e-05,3.5410172131378204e-05,dyed-resection-margins/c093b987-02d8-499d-8c1f-eb53dd4aec5f.jpg
2,2,esophagitis,esophagitis,True,3.252592068747617e-05,3.0879557016305625e-05,0.8330774307250977,1.8635314125159397e-10,1.6408817828050815e-05,0.16684098541736603,1.3045614650764037e-06,4.6317217083924334e-07,esophagitis/b28b9699-359b-4cc7-b164-de1156b5f566.jpg
3,3,normal-cecum,normal-cecum,True,0.0005483423010446131,0.0001615296641830355,2.9690290226369598e-09,0.9642049074172974,6.018945441610413e-06,5.924770718479522e-08,0.015365908853709698,0.019713159650564194,normal-cecum/61324eab-b29f-4299-ba41-024ec5e21fc5.jpg
7,7,ulcerative-colitis,ulcerative-colitis,True,0.004147629719227552,0.0010540250223129988,4.082037605712685e-07,0.18227311968803406,0.00012012040679110214,1.8597835378386662e-06,0.14902539551258087,0.6633774638175964,ulcerative-colitis/7de1d9ce-3704-4d48-8830-150edbe90492.jpg
0,0,dyed-lifted-polyps,dyed-lifted-polyps,True,0.6161127686500549,0.3749317228794098,2.636837052705232e-05,0.002251101192086935,7.446561085089343e-06,6.170093547552824e-05,0.005550675559788942,0.001058208872564137,dyed-lifted-polyps/3a9ee4cd-7a55-4cf1-8d82-006cc0d05b87.jpg
2,2,esophagitis,esophagitis,True,5.1358467317186296e-05,3.960356843890622e-05,0.8006873726844788,5.735082981433992e-12,6.907043257342593e-07,0.19922085106372833,1.0805113248579801e-07,1.798439086542203e-08,esophagitis/31a8e88e-8705-4e99-9202-5ab74f76fd4a.jpg
0,0,dyed-lifted-polyps,dyed-lifted-polyps,True,0.7895442247390747,0.19406087696552277,2.407154852335225e-06,0.007952257059514523,8.952825965025113e-07,3.330775143695064e-06,0.007157918531447649,0.0012780122924596071,dyed-lifted-polyps/366b8309-68e4-4762-9309-87d5e2ae8a08.jpg
1,1,dyed-resection-margins,dyed-resection-margins,True,0.20679092407226562,0.7932067513465881,1.838257048802916e-06,9.045934834528424e-11,3.2812810801807757e-10,4.7391409907504567e-07,5.674554715007218e-10,9.408131218524574e-11,dyed-resection-margins/0c1f49d8-c21d-45c8-85a4-087f4a4c5895.jpg
4,4,normal-pylorus,normal-pylorus,True,6.120314992585918e-06,2.639181957420078e-06,0.00017115524678956717,0.0003134691796731204,0.9958769083023071,0.0009155419538728893,0.0018410655902698636,0.0008729249821044505,normal-pylorus/bc8550b7-9f26-4668-8ccf-0aaa106abb8a.jpg
5,5,normal-z-line,normal-z-line,True,0.000516036874614656,0.0004540358204394579,0.1588914841413498,1.4309914604382357e-06,0.005437453743070364,0.8331710696220398,0.0007403711206279695,0.0007881886558607221,normal-z-line/7974ec23-9b7e-432b-ac1e-cc8cef163116.jpg
4,4,normal-pylorus,normal-pylorus,True,0.00016089456039480865,7.092210580594838e-05,0.012713700532913208,0.0006281633395701647,0.9005782604217529,0.04840292036533356,0.017864873632788658,0.019580263644456863,normal-pylorus/d9c67c63-5c4a-487a-9b3e-abaa476f4c6a.jpg
5,2,normal-z-line,esophagitis,False,0.0003529317327775061,0.00017957115778699517,0.5284520983695984,5.9595345192065e-07,0.02236577495932579,0.4483766555786133,0.00023850580328144133,3.3857428206829354e-05,normal-z-line/0d6e8654-1216-4974-a9ca-9cd339d78c69.jpg
4,4,normal-pylorus,normal-pylorus,True,0.0019874873105436563,0.00036702881334349513,0.0013250375632196665,0.001850187312811613,0.8298606276512146,0.012549451552331448,0.11629175394773483,0.035768426954746246,normal-pylorus/7ac3a14e-fe8e-4bc3-b01e-a33cf9fc96c2.jpg
7,7,ulcerative-colitis,ulcerative-colitis,True,0.006864873226732016,0.0017092665657401085,4.232331411913037e-05,0.02875889278948307,0.007172421086579561,0.00048349195276387036,0.3224209249019623,0.6325478553771973,ulcerative-colitis/9b917fd1-13d7-46a4-9558-4272af599b59.jpg
1,0,dyed-resection-margins,dyed-lifted-polyps,False,0.5410105586051941,0.45898157358169556,4.322492259234423e-06,1.6621376275338662e-08,1.315047182259832e-08,3.4878883070632583e-06,7.414130465122071e-08,2.359734985191153e-08,dyed-resection-margins/6c1f1b20-6f67-4491-b153-adc8e3936bce.jpg
3,3,normal-cecum,normal-cecum,True,0.0015192888677120209,0.0005867852596566081,1.4720614061047854e-08,0.9041147232055664,8.926979830903292e-07,1.1446995529240667e-07,0.08284053951501846,0.010937717743217945,normal-cecum/daccebe8-465f-4c94-ba86-79ea44801164.jpg
0,0,dyed-lifted-polyps,dyed-lifted-polyps,True,0.5955271124839783,0.404472291469574,4.001537590170301e-08,3.5533216191652173e-07,3.0447073751105336e-09,1.5271164954810956e-07,7.210877583929687e-08,1.5406836695319726e-08,dyed-lifted-polyps/5bc3f392-f00f-4978-8f0d-02bb1f54f4c0.jpg
6,6,polyps,polyps,True,0.139535054564476,0.022124147042632103,0.00012549270468298346,0.017558636143803596,0.00033474949304945767,0.00041292092646472156,0.788047194480896,0.03186176344752312,polyps/45dd52c5-2ab3-489b-9508-e4ccc8705a3d.jpg
2,5,esophagitis,normal-z-line,False,0.0014417381025850773,0.0006259403307922184,0.251228004693985,1.2389524272293784e-05,0.020052501931786537,0.7182974219322205,0.005599034950137138,0.0027429109904915094,esophagitis/b0768234-5fd3-42a5-ad88-940fc8159ca2.jpg
2,2,esophagitis,esophagitis,True,5.326434620656073e-05,4.193452696199529e-05,0.6051722764968872,1.078236833151891e-09,4.525490294327028e-05,0.394684374332428,1.909881348183262e-06,9.179805147141451e-07,esophagitis/e5d89fd0-30d1-425a-8dd7-2e7fa8d48734.jpg
1,0,dyed-resection-margins,dyed-lifted-polyps,False,0.5117699503898621,0.4839857816696167,4.874525257037021e-05,0.0008390776347368956,6.31613438599743e-05,0.00010792084503918886,0.0028161536902189255,0.00036914434167556465,dyed-resection-margins/9a7965e1-8106-47ae-888d-690b3e33adc2.jpg
5,5,normal-z-line,normal-z-line,True,0.004909072071313858,0.0016135078622028232,0.375515878200531,6.386277391356998e-07,0.0018855256494134665,0.6143703460693359,0.001452977885492146,0.0002520549460314214,normal-z-line/fde68ca4-2c9f-4f81-9c7b-b3d161704013.jpg
5,5,normal-z-line,normal-z-line,True,4.8677375161787495e-05,7.623239798704162e-05,0.10606975853443146,6.94389434841014e-10,8.908564268494956e-06,0.8937938213348389,1.1406801831981284e-06,1.5051034552016063e-06,normal-z-line/da417a53-d2ff-4628-8045-b4eb9f9df16c.jpg
2,2,esophagitis,esophagitis,True,0.0020615209359675646,0.0007152207545004785,0.6711350083351135,4.485797955311455e-09,1.5425815945491195e-05,0.32601144909858704,4.4911575969308615e-05,1.6437210433650762e-05,esophagitis/23c13ff7-738c-43a3-936d-8b2d1214f5ba.jpg
1,0,dyed-resection-margins,dyed-lifted-polyps,False,0.6358351111412048,0.3622685670852661,8.285966032417491e-05,0.00010091529838973656,9.708071047498379e-06,0.0002369517897022888,0.0013432679697871208,0.00012259733921382576,dyed-resection-margins/94205883-6ad0-4a23-bd51-cb941abc1d53.jpg
3,3,normal-cecum,normal-cecum,True,0.011494426056742668,0.004017004277557135,1.3974872103972302e-07,0.6458423733711243,1.6851940927153919e-06,8.02061492777284e-07,0.2738543748855591,0.06478910893201828,normal-cecum/6c435879-0cce-44e0-ab49-1051782a5250.jpg
5,5,normal-z-line,normal-z-line,True,0.0001705880422377959,0.00020907043654005975,0.12485479563474655,2.3638929746994108e-07,0.0024435119703412056,0.8719518780708313,0.0001429920957889408,0.0002269518154207617,normal-z-line/2732933f-972a-410b-97cc-c6634f01b6c9.jpg
0,0,dyed-lifted-polyps,dyed-lifted-polyps,True,0.5165721774101257,0.4834235608577728,3.7086202997471673e-09,3.935474524041638e-06,1.7602451718445877e-09,1.295519957977831e-08,9.955672197747845e-08,2.3521170078311116e-07,dyed-lifted-polyps/81997271-6b0d-4903-9c7b-af829e31a03a.jpg
1,1,dyed-resection-margins,dyed-resection-margins,True,0.22048039734363556,0.7795194983482361,9.713749449247189e-08,3.90492194135561e-10,7.828508349384811e-13,2.0668299072212903e-08,2.2061359683522852e-10,4.133239861481286e-10,dyed-resection-margins/ac48aa4f-c157-4133-8052-91a498abb8a5.jpg
1,1,dyed-resection-margins,dyed-resection-margins,True,0.4132019877433777,0.5836490392684937,0.002791227772831917,1.077550777495162e-07,5.11343330344971e-07,0.0002805324911605567,3.801963976002298e-05,3.860164724756032e-05,dyed-resection-margins/91c7512c-b400-4049-b35b-10ef5d16d193.jpg
1,1,dyed-resection-margins,dyed-resection-margins,True,0.36601006984710693,0.6339817643165588,3.48995649801509e-06,1.40924624400518e-11,6.147855557969706e-09,4.675229320127983e-06,2.1414883755177527e-10,1.9023518871286171e-10,dyed-resection-margins/dd5e6c27-c680-44ef-a29f-2421d567bd17.jpg
1,1,dyed-resection-margins,dyed-resection-margins,True,0.42923998832702637,0.5706469416618347,6.131671398179606e-05,6.025432526257646e-07,1.7015324260682974e-08,4.906792310066521e-05,1.6760299104134901e-06,4.072690558132308e-07,dyed-resection-margins/9725d9e1-e677-4dbc-b919-840af1e5e36f.jpg
3,3,normal-cecum,normal-cecum,True,0.0004565008566714823,0.0001265569735551253,1.0437782860250877e-09,0.9684915542602539,1.3817423223372316e-06,1.8486316477606124e-08,0.0236141886562109,0.0073097627609968185,normal-cecum/fcb5a6b7-9a2f-45cc-a400-930e32d070c1.jpg
1,1,dyed-resection-margins,dyed-resection-margins,True,0.20155847072601318,0.798441469669342,3.464581155299129e-08,1.1347985268486682e-12,1.932097017098844e-11,1.96015808029415e-08,2.6105632412731783e-12,3.79424876933987e-12,dyed-resection-margins/6dd01c33-66b5-42ca-90a3-68812fdf7d8d.jpg
4,4,normal-pylorus,normal-pylorus,True,3.4352284274064004e-05,2.9247948987176642e-05,0.00014012824976816773,0.013761957176029682,0.9636809825897217,0.0009272393654100597,0.012440286576747894,0.0089858528226614,normal-pylorus/1a5809f8-a660-4b09-8faf-c994e0c5fdd2.jpg
5,2,normal-z-line,esophagitis,False,0.00028837466379627585,0.0001458380720578134,0.5808838605880737,2.272449961537859e-08,0.00020802367362193763,0.41842538118362427,2.9202627047197893e-05,1.929805875988677e-05,normal-z-line/dd6df2cc-4085-4e5d-ae33-f4bf260910b0.jpg
5,5,normal-z-line,normal-z-line,True,3.0187307856976986e-05,4.1595325456000865e-05,0.1995340883731842,3.1112543652511704e-09,6.787935126340017e-05,0.8003240823745728,1.165634444078023e-06,1.0823539469129173e-06,normal-z-line/27f3ea80-e85d-42ea-8db0-d64d050c61c1.jpg
4,4,normal-pylorus,normal-pylorus,True,0.001375703257508576,0.0006110531976446509,0.0073661794885993,0.00874365959316492,0.6789186000823975,0.02679593674838543,0.22348682582378387,0.05270207300782204,normal-pylorus/d0380ca5-8e5d-4014-a497-aa4361c2a148.jpg
5,5,normal-z-line,normal-z-line,True,1.790407441149e-05,7.596473733428866e-05,0.2154114842414856,1.3213322797023253e-11,4.964052209288639e-07,0.784494161605835,1.6782747636057138e-08,2.695645306971528e-08,normal-z-line/68156912-cfbc-4fde-b96d-06b10e8bf18e.jpg
6,6,polyps,polyps,True,0.01125869806855917,0.0029932339675724506,0.003130603116005659,0.005766713060438633,0.0010862501803785563,0.004801459610462189,0.9151455163955688,0.055817581713199615,polyps/1ec57a41-f50e-4be1-a202-0de24c9d084b.jpg
1,1,dyed-resection-margins,dyed-resection-margins,True,0.15669742226600647,0.8433021903038025,1.2470239596495958e-07,1.5562356736609217e-07,4.2236570144127406e-12,2.9458675498972298e-08,1.0009722828385748e-08,1.573555508116442e-08,dyed-resection-margins/883e2ae7-b1c6-4702-b30d-5585a106ccf6.jpg
4,4,normal-pylorus,normal-pylorus,True,0.0022354095708578825,0.0010635037906467915,0.004111402668058872,0.01340945903211832,0.7552167773246765,0.02094801515340805,0.1011425033211708,0.10187289118766785,normal-pylorus/6fe5ab5b-38e4-4037-8f36-b3ba6b16663c.jpg
4,4,normal-pylorus,normal-pylorus,True,3.1995274184737355e-05,2.464582576067187e-05,0.0022275482770055532,0.0005873457994312048,0.9775094985961914,0.011730996891856194,0.004217395558953285,0.003670561360195279,normal-pylorus/e18181c6-fb1e-4732-87cc-28197a8ac341.jpg
0,0,dyed-lifted-polyps,dyed-lifted-polyps,True,0.5170179605484009,0.4829632043838501,1.239796074514743e-05,1.4133511028191492e-09,8.636120263361136e-09,6.354975539579755e-06,1.0536440697705984e-07,2.6440870826149876e-08,dyed-lifted-polyps/803b682d-7517-4224-bb19-f86b8f8bd6e9.jpg
3,3,normal-cecum,normal-cecum,True,0.0025262171402573586,0.0006282580434344709,4.060824565499388e-08,0.897362470626831,2.1924513930571266e-05,6.386189284057764e-07,0.056008629500865936,0.043451834470033646,normal-cecum/979d3b74-7be8-4c53-996e-ee7742c283f4.jpg
5,2,normal-z-line,esophagitis,False,1.6545862308703363e-05,3.290478343842551e-05,0.651596188545227,2.2682845185473255e-12,3.9709706811663636e-07,0.3483539819717407,1.2251308412203343e-08,8.32514324144995e-09,normal-z-line/64299f5e-c264-44dc-8d9a-ab9c96e7911b.jpg
0,0,dyed-lifted-polyps,dyed-lifted-polyps,True,0.7473704814910889,0.229318767786026,1.1616770052569336e-06,0.018390173092484474,1.1003022336808499e-05,6.725929324602475e-06,0.002047996036708355,0.0028537465259432793,dyed-lifted-polyps/69fec0d7-0807-49fc-a86a-b1aa0268867b.jpg
6,6,polyps,polyps,True,0.013593129813671112,0.0034346256870776415,8.652452379465103e-05,0.09013206511735916,0.0023010876029729843,0.00022055653971619904,0.7220631241798401,0.16816890239715576,polyps/394a1183-22b9-4353-8117-1c6a636d28e0.jpg
6,6,polyps,polyps,True,0.006481626536697149,0.0012029580539092422,8.33306785352761e-06,0.10250824689865112,9.801357373362407e-05,4.243406874593347e-05,0.8583239912986755,0.031334467232227325,polyps/a569ce25-f216-48c7-8226-124db06a45b7.jpg
5,2,normal-z-line,esophagitis,False,7.502848166041076e-05,6.612424476770684e-05,0.5235865116119385,2.858975001185371e-10,1.1141846698592417e-05,0.47626015543937683,5.696689981959935e-07,3.96681684833311e-07,normal-z-line/c9628aca-3183-471a-b0dc-f43c1f12f482.jpg
6,6,polyps,polyps,True,0.002600893145427108,0.0007038412149995565,4.044187335239258e-06,0.08614207059144974,0.0005188730428926647,6.8121757976769e-06,0.7508127093315125,0.15921081602573395,polyps/99bae3ba-bbe5-415d-8f7d-9492fa3bc28e.jpg
6,3,polyps,normal-cecum,False,0.004044987726956606,0.0011608274653553963,4.059175182646868e-07,0.6849203109741211,2.908668466261588e-05,2.219243015133543e-06,0.22219127416610718,0.08765096217393875,polyps/1caca1a6-78cb-44c0-9a5b-644566067523.jpg
6,6,polyps,polyps,True,0.011312169954180717,0.0022280781995505095,3.0828853141429136e-06,0.11457870155572891,8.280217298306525e-05,1.9038016034755856e-05,0.6845211386680603,0.18725496530532837,polyps/946ff5c8-74bf-4c4b-93f5-b32145d5d10f.jpg
0,1,dyed-lifted-polyps,dyed-resection-margins,False,0.4777313470840454,0.522255539894104,1.13645273813745e-05,3.038518547882063e-09,4.575987588850694e-09,1.5278187674994115e-06,1.9393255001887155e-07,1.77934413869707e-08,dyed-lifted-polyps/ea7466bf-616c-4098-9913-cf85fa58cfaf.jpg
2,2,esophagitis,esophagitis,True,0.0011142105795443058,0.0006597763276658952,0.762005627155304,1.931503902596887e-06,0.0011315448209643364,0.229818195104599,0.0033629408571869135,0.0019058152101933956,esophagitis/8a9f6a2f-94a7-4764-93dd-a07afd3e310d.jpg
4,4,normal-pylorus,normal-pylorus,True,0.02068983018398285,0.0024564452469348907,0.006414302624762058,0.001145535963587463,0.5822693109512329,0.04062433913350105,0.3169932961463928,0.029407048597931862,normal-pylorus/fa1b84f6-c1de-4efb-b5e1-91e3d154262d.jpg
4,4,normal-pylorus,normal-pylorus,True,2.9914202968939207e-05,1.773808617144823e-05,0.008493492379784584,0.0001325929770246148,0.9388989806175232,0.047894276678562164,0.003083871677517891,0.0014491357142105699,normal-pylorus/e23c3114-5975-4036-a62c-76706420aa8d.jpg
7,7,ulcerative-colitis,ulcerative-colitis,True,0.006291716825217009,0.002180230338126421,0.004633594769984484,0.0024256117176264524,0.07683799415826797,0.013831808231770992,0.2153206318616867,0.678478479385376,ulcerative-colitis/6dd5186a-a6a1-4a2e-bc43-979b21966ee2.jpg
5,5,normal-z-line,normal-z-line,True,1.5212474863801617e-05,6.55485491733998e-05,0.4087311625480652,4.1148442292415766e-11,4.303136392991291e-06,0.5911836624145508,6.181306133612452e-08,9.872915285313866e-08,normal-z-line/20bae89d-177a-442e-96f3-1d21932e70a6.jpg
3,3,normal-cecum,normal-cecum,True,0.0011676312424242496,0.00039538240525871515,4.500155270648065e-08,0.8945938944816589,2.2665168216917664e-05,7.01318697338138e-07,0.08768525719642639,0.01613440178334713,normal-cecum/1aae61d3-5603-4866-97b7-78bc68cbdc3d.jpg
1,0,dyed-resection-margins,dyed-lifted-polyps,False,0.5513473153114319,0.44865256547927856,3.889853417149425e-08,1.7259201845476468e-09,4.65510963110205e-12,2.689493427965317e-08,1.1978283642744003e-10,3.107854806838617e-10,dyed-resection-margins/c6f589db-1f28-4efe-9bd9-f539900856cc.jpg
5,5,normal-z-line,normal-z-line,True,3.277470023022033e-05,5.429063457995653e-05,0.19336766004562378,3.586504604413676e-08,0.00038700379082001746,0.8061188459396362,6.333392775559332e-06,3.311934779048897e-05,normal-z-line/0e2a225c-b1f1-44cc-aa18-824ef1852ea3.jpg
1,0,dyed-resection-margins,dyed-lifted-polyps,False,0.7497385740280151,0.2333875447511673,9.022062295116484e-05,0.0009696264169178903,3.765559449675493e-05,0.00024801387917250395,0.014710541814565659,0.0008179066935554147,dyed-resection-margins/dcd399c9-b08b-4ee7-8411-5ea1b1b73541.jpg
4,4,normal-pylorus,normal-pylorus,True,0.0008260536706075072,0.00043719453969970345,0.04284147173166275,0.0002352026494918391,0.6852602958679199,0.22429047524929047,0.01995396800339222,0.026155276224017143,normal-pylorus/3c94b36e-b9c7-474c-9167-52442e392875.jpg
6,6,polyps,polyps,True,0.002592689823359251,0.0007635321235284209,1.3481350833899342e-05,0.07264343649148941,0.0030314275063574314,0.0003031385422218591,0.8889449238777161,0.031707387417554855,polyps/96b241e4-c180-4e17-90b9-a4eaee89ea8b.jpg
6,6,polyps,polyps,True,0.034331630915403366,0.0046618920750916,2.549820601416286e-05,0.017271285876631737,6.06498997512972e-06,1.4216746421880089e-05,0.8209309577941895,0.12275844067335129,polyps/ca0af930-ae62-46bb-a19f-6a97bab5569d.jpg
6,3,polyps,normal-cecum,False,0.0018421068089082837,0.00040774501394480467,7.326719675404547e-09,0.9072245955467224,2.2685781004838645e-05,2.380998154194458e-07,0.06033683195710182,0.03016580641269684,polyps/b7359f3a-a69f-41e1-abbe-1a2e834eebd4.jpg
5,5,normal-z-line,normal-z-line,True,0.001281619886867702,0.0006563260685652494,0.39663922786712646,6.350767023377557e-09,3.399969500605948e-05,0.6013520956039429,2.4805203793221153e-05,1.1991993233095855e-05,normal-z-line/50e400f1-96b5-4911-a88f-68cde34977a5.jpg
2,2,esophagitis,esophagitis,True,0.00025490103871561587,0.0001464665838284418,0.683597981929779,2.808307897339546e-08,0.00039899800322018564,0.3154396414756775,0.0001005756639642641,6.146161467768252e-05,esophagitis/3ac8affa-19d4-4f2c-a71b-49b96cb4588b.jpg
6,6,polyps,polyps,True,0.009080557152628899,0.00176200398709625,1.4576492503692862e-05,0.13441377878189087,0.00010592772741802037,4.651537165045738e-05,0.8308260440826416,0.023750638589262962,polyps/fd4870a5-7b01-4241-91cf-3f7dc3d655fe.jpg
1,1,dyed-resection-margins,dyed-resection-margins,True,0.09932456910610199,0.9006754159927368,3.0060969269385396e-09,4.737815473276896e-08,6.666260425614023e-14,1.040537100926997e-09,5.594411600640115e-10,1.7949221275959104e-10,dyed-resection-margins/a23145ee-93cc-44b8-b3f9-d4adfca011b4.jpg
5,5,normal-z-line,normal-z-line,True,9.027302439790219e-05,5.299670738168061e-05,0.39671072363853455,3.246661250955185e-08,0.0005362138617783785,0.6025651097297668,2.4482220396748744e-05,2.0121055058552884e-05,normal-z-line/ac848959-22b3-4e8d-8806-36aa9a7e5b20.jpg
7,7,ulcerative-colitis,ulcerative-colitis,True,0.0008370455470867455,0.00024252705043181777,0.0008266023942269385,8.839942165650427e-05,0.0007688464247621596,0.00017133211076725274,0.05541635677218437,0.9416489601135254,ulcerative-colitis/584f1fa0-9bb9-49d3-b412-c42819d0a200_00001002.jpg
0,1,dyed-lifted-polyps,dyed-resection-margins,False,0.39940547943115234,0.6005862951278687,5.349143975763582e-06,3.021373018441409e-08,7.754571207385652e-09,2.4918520011851797e-06,1.5138131459480064e-07,2.0960328583896626e-07,dyed-lifted-polyps/d05e2037-9c4c-4dc6-8203-edd176ef1a7b.jpg
3,3,normal-cecum,normal-cecum,True,0.0006710108136758208,0.00017933777417056262,4.6811252651934865e-09,0.9463208317756653,4.649600668926723e-06,1.2681230998623505e-07,0.04647427052259445,0.006349732633680105,normal-cecum/3f1a68b4-9a63-40d5-8375-f9bc7fc2fb5b.jpg
1,0,dyed-resection-margins,dyed-lifted-polyps,False,0.7615580558776855,0.1389167457818985,6.426172330975533e-05,0.002938978374004364,0.00045353631139732897,0.0002072068746201694,0.030060376971960068,0.0658007487654686,dyed-resection-margins/bf649a47-f5cc-4492-8227-475476821fbf.jpg
0,0,dyed-lifted-polyps,dyed-lifted-polyps,True,0.7054900527000427,0.29437360167503357,1.3269493592815707e-06,4.1699400753714144e-05,1.9825542096896243e-08,7.343459174080635e-07,8.201445598388091e-05,1.0626315997797064e-05,dyed-lifted-polyps/20fc8fba-6440-4808-be5c-695556d7a59d.jpg
1,1,dyed-resection-margins,dyed-resection-margins,True,0.20517711341381073,0.7948228716850281,4.6611123849515934e-08,2.7075314646546333e-12,1.4851684118633024e-11,4.2966888713635853e-08,6.960698510638519e-12,3.653242205275964e-12,dyed-resection-margins/6e720482-b66c-43d4-a0bb-7ea235f9b54b.jpg
1,1,dyed-resection-margins,dyed-resection-margins,True,0.23322319984436035,0.7667768001556396,2.1379429782086845e-08,1.422637008197114e-09,9.627387862615189e-13,1.1545508549204442e-08,4.347999391085544e-11,2.269691205813995e-11,dyed-resection-margins/583038eb-5984-4784-a30d-8e69785eb221.jpg
1,0,dyed-resection-margins,dyed-lifted-polyps,False,0.6688110828399658,0.33114075660705566,1.112406494030438e-06,2.236259388155304e-05,1.564923053365419e-07,1.1902701544386218e-06,1.948278622876387e-05,3.867638952215202e-06,dyed-resection-margins/eed9a32d-8fc8-4a1e-9961-fd8ccfe0c160.jpg
6,6,polyps,polyps,True,0.010278323665261269,0.002701908815652132,3.827868204098195e-05,0.00269925850443542,0.00019400144810788333,0.00012753307237289846,0.806629478931427,0.17733117938041687,polyps/8294989f-111d-426b-9edc-e02bb1f9a0c4.jpg
6,4,polyps,normal-pylorus,False,0.003199314931407571,0.0015965629136189818,0.00024986665812321007,0.13746590912342072,0.5594709515571594,0.002386256121098995,0.1838913857936859,0.11173977702856064,polyps/51070da5-1986-45f3-8037-9ddfebee285b.jpg
2,2,esophagitis,esophagitis,True,2.1306012058630586e-05,2.5641544198151678e-05,0.8665245771408081,4.05557011584623e-11,1.005725334835006e-05,0.13341809809207916,2.2646823083505296e-07,8.179873134395166e-08,esophagitis/6fe39322-4a5c-494a-a2d4-bdc2bbea8200.jpg
3,3,normal-cecum,normal-cecum,True,0.01012025773525238,0.0013699859846383333,1.2481204691994208e-07,0.5720449686050415,1.749813964124769e-05,8.437786505055556e-07,0.2684039771556854,0.14804238080978394,normal-cecum/aaf64694-4396-4af5-866a-43c787756f72.jpg
6,6,polyps,polyps,True,0.01051429845392704,0.0019499012269079685,2.0687350570369745e-06,0.1104569137096405,1.7348584151477553e-05,8.712291673873551e-06,0.7973609566688538,0.07968974113464355,polyps/1858f55c-b3a5-4554-891e-a63143121bf5.jpg
2,2,esophagitis,esophagitis,True,0.0001879667688626796,8.253482519648969e-05,0.7193394899368286,7.981123317790662e-09,0.0002065823064185679,0.2801586985588074,1.600750874786172e-05,8.696950317244045e-06,esophagitis/aa83ea57-1f1b-4033-9cdd-df40f2173989.jpg
0,0,dyed-lifted-polyps,dyed-lifted-polyps,True,0.7177175283432007,0.2821350395679474,3.814183219219558e-05,4.337674909038469e-06,1.0832372936420143e-06,6.597347964998335e-05,3.4755237720673904e-05,3.14573503601423e-06,dyed-lifted-polyps/0f25cccc-84cc-4965-9179-ad0749a53bbd.jpg
5,5,normal-z-line,normal-z-line,True,2.8054519134457223e-05,2.400925768597517e-05,0.4014970362186432,1.0824952045851433e-10,8.27742951514665e-06,0.5984422564506531,2.2322582537981361e-07,1.714197708224674e-07,normal-z-line/b488e18b-eb1e-4fd7-a9be-05fb8e22d24e.jpg
6,3,polyps,normal-cecum,False,0.005533880088478327,0.001447293208912015,1.1405639952499769e-06,0.553587019443512,2.5805242330534384e-05,3.2791106150398264e-06,0.3566626310348511,0.08273886889219284,polyps/4758ac1e-7b98-48dd-8f5b-76a650221792.jpg
6,6,polyps,polyps,True,0.00852695107460022,0.0035265572369098663,0.00040015371632762253,0.006257425528019667,0.0011815009638667107,0.00041276152478531003,0.8411261439323425,0.1385684609413147,polyps/0e5ef0b5-934c-4da6-bca9-2a607f5664f5.jpg
6,7,polyps,ulcerative-colitis,False,0.04912349581718445,0.009620538912713528,8.457100193481892e-05,0.0034571769647300243,0.0001511508016847074,0.00010358823055867106,0.4136400520801544,0.5238194465637207,polyps/42b9fa83-2871-431d-bb0a-7c14979ac9d4.jpg
0,0,dyed-lifted-polyps,dyed-lifted-polyps,True,0.6998053193092346,0.29737216234207153,1.6246775658146362e-07,0.002583571942523122,2.9501291010092245e-07,1.1686306606861763e-06,0.0002038695674855262,3.343460411997512e-05,dyed-lifted-polyps/6e713570-afd6-47dd-9a11-a56fa147f045.jpg
1,1,dyed-resection-margins,dyed-resection-margins,True,0.47148770093917847,0.5284814834594727,3.2977428787717145e-08,2.9130984330549836e-05,1.370709518111468e-10,3.933459069571654e-08,1.3860739045412629e-06,1.4064379172396002e-07,dyed-resection-margins/414962c9-e87b-487f-8fc1-1e93e12235ce.jpg
5,5,normal-z-line,normal-z-line,True,0.0002875823702197522,0.00020284962374716997,0.34145498275756836,4.564088271763467e-07,0.002180088311433792,0.6551268100738525,0.0004243499133735895,0.00032293336698785424,normal-z-line/0a6bdc13-99b5-4287-8380-b469e7a397cf.jpg
3,3,normal-cecum,normal-cecum,True,0.0004346506902948022,0.00024148412921931595,1.1642851127646736e-09,0.9812577962875366,2.176207772208727e-06,4.393708508132477e-08,0.014170210808515549,0.0038936487399041653,normal-cecum/a3d63aab-1c94-4abc-b4eb-5e52a5f3dbfd.jpg
1,0,dyed-resection-margins,dyed-lifted-polyps,False,0.6418270468711853,0.35813766717910767,3.026109496317986e-08,3.441374428803101e-05,3.0219707292111764e-10,3.560402461744161e-08,4.7000295921861834e-07,2.782946921797702e-07,dyed-resection-margins/859de4f3-6247-4278-85c4-5dc28f20dffa.jpg
3,3,normal-cecum,normal-cecum,True,0.00144129095133394,0.0004907511756755412,5.4998583465248885e-08,0.8474056720733643,1.3527606824936811e-05,1.0984905429722858e-06,0.14345496892929077,0.007192595861852169,normal-cecum/ae372464-ab73-4649-b60d-5f84704c9e46.jpg
6,6,polyps,polyps,True,0.0048438687808811665,0.0005643789772875607,6.89310490997741e-06,0.013364182785153389,0.000563078501727432,2.2663069103145972e-05,0.9279656410217285,0.05266924574971199,polyps/7ceb79e3-a709-4439-b4e7-858b56924e41.jpg
0,0,dyed-lifted-polyps,dyed-lifted-polyps,True,0.5384613275527954,0.461538165807724,2.0160624103482405e-07,8.731686307328346e-08,3.6007286041694897e-10,1.4481199173133064e-07,2.7756929199540537e-08,1.5417089826996744e-08,dyed-lifted-polyps/8376af61-5329-49b4-9bac-539237222251.jpg
0,0,dyed-lifted-polyps,dyed-lifted-polyps,True,0.5770817995071411,0.4229075014591217,3.244524862111575e-07,9.22205981623847e-06,4.313146784173938e-10,8.05486592980742e-07,2.4039533741415653e-07,7.892651154861596e-08,dyed-lifted-polyps/a2d26215-1dbb-4841-a16b-efe500629471.jpg
2,5,esophagitis,normal-z-line,False,0.001427921000868082,0.0007534208125434816,0.2741825580596924,1.1987854122708086e-05,0.015255911275744438,0.699884295463562,0.0043703592382371426,0.004113602917641401,esophagitis/ada7de2d-de8b-4616-a33d-e0a03c6af9e5.jpg
0,1,dyed-lifted-polyps,dyed-resection-margins,False,0.39503297209739685,0.6049644351005554,1.2963350854988676e-06,2.1518876958115385e-10,1.5426123711748119e-09,1.3039182249485748e-06,2.6957533427740543e-10,1.3178610980268957e-10,dyed-lifted-polyps/96b9cb2d-0b8e-4439-881b-ecfce8dddfe5.jpg
6,5,polyps,normal-z-line,False,0.009739757515490055,0.004585955757647753,0.19092635810375214,0.000632716401014477,0.21845342218875885,0.2623242139816284,0.1650613397359848,0.14827628433704376,polyps/007e4d46-c617-418f-8a04-d34716adcb65.jpg
6,6,polyps,polyps,True,0.01592671312391758,0.0017495533684268594,4.2671363189583644e-06,0.024098599329590797,4.564193204714684e-06,5.0908420234918594e-06,0.8278559446334839,0.13035520911216736,polyps/e8263143-69e2-4ad9-b075-95b3367441ca.jpg
0,0,dyed-lifted-polyps,dyed-lifted-polyps,True,0.7027645111083984,0.26166924834251404,5.69707019337784e-08,0.032999344170093536,2.302923434172044e-07,3.357704088102764e-07,0.001177684753201902,0.0013886619126424193,dyed-lifted-polyps/fe36c92b-51e4-4d18-84a4-8b35d48bd866.jpg
2,5,esophagitis,normal-z-line,False,0.001390825374983251,0.0011844686232507229,0.27411267161369324,1.544624637972447e-06,0.002255756873637438,0.7162972092628479,0.0012992508709430695,0.003458378603681922,esophagitis/502b7045-d48e-472b-87fc-c7fda0e0f763.jpg
6,6,polyps,polyps,True,0.012495296075940132,0.0029628393240273,0.006242034956812859,0.01215316727757454,0.03434204310178757,0.008521750569343567,0.8284003138542175,0.09488245099782944,polyps/37fce2a5-dd3c-4312-8e80-475475f9b160.jpg
4,4,normal-pylorus,normal-pylorus,True,0.0003385272284504026,5.819166835863143e-05,0.05427331104874611,4.156106660957448e-05,0.8380736112594604,0.09528325498104095,0.010434749536216259,0.0014969249023124576,normal-pylorus/8a1bc319-0eb3-46d6-84d4-ef9eb5259b28.jpg
3,3,normal-cecum,normal-cecum,True,0.0007535565528087318,0.0002891873591579497,3.701631001717942e-08,0.9019240736961365,2.469605897204019e-05,1.2462691074688337e-06,0.09231853485107422,0.00468875328078866,normal-cecum/968d0fc0-9e59-409c-b44e-6d9d491ed50b.jpg
6,6,polyps,polyps,True,0.007436342537403107,0.0012265871046110988,3.2144777151188464e-07,0.4401927888393402,1.3865582332073245e-05,1.7057778904927545e-06,0.5150864124298096,0.03604196012020111,polyps/03c0f024-7226-424f-830b-2f273afa4a45.jpg
7,7,ulcerative-colitis,ulcerative-colitis,True,0.0044662682339549065,0.0019108870765194297,0.00035062627284787595,0.004433369264006615,0.00682408083230257,0.0017918564844876528,0.34313449263572693,0.6370884776115417,ulcerative-colitis/55d1491a-0daf-48af-ba23-09fdb81e6dbd.jpg
3,3,normal-cecum,normal-cecum,True,0.0023611197248101234,0.0006349154864437878,1.513128822239196e-08,0.8964633941650391,2.43314048020693e-06,2.7081185294264287e-07,0.08773699402809143,0.012800803408026695,normal-cecum/9b5b4ae6-ad01-41da-bd5c-539bd868a192.jpg
7,3,ulcerative-colitis,normal-cecum,False,0.0041112531907856464,0.001711048185825348,1.5750989405205473e-05,0.5395746231079102,0.00046349578769877553,3.950078462366946e-05,0.2917290925979614,0.1623552441596985,ulcerative-colitis/e86f63eb-e498-428e-9e52-884efca82817.jpg
0,0,dyed-lifted-polyps,dyed-lifted-polyps,True,0.6553980112075806,0.34428417682647705,1.124673119079489e-07,0.00027176865842193365,1.105269475942805e-08,2.2995509141310322e-07,3.7971876736264676e-05,7.799385457474273e-06,dyed-lifted-polyps/3a5ef56b-2d9a-45d1-8bcf-94da028b2c99.jpg
5,5,normal-z-line,normal-z-line,True,3.187139373039827e-05,4.0026920032687485e-05,0.3940775394439697,1.4069989617837564e-10,7.60257535148412e-06,0.6058421730995178,5.681007451130426e-07,2.226807396255026e-07,normal-z-line/5ce4bb3b-54a0-42fb-98b1-49265f28551c.jpg
1,0,dyed-resection-margins,dyed-lifted-polyps,False,0.5888362526893616,0.4108212888240814,6.874656264699297e-06,0.00010152988397749141,9.051174743035517e-08,1.7243042748305015e-05,0.00012401666026562452,9.279326332034543e-05,dyed-resection-margins/24e245a1-6bb5-4775-bba9-e38b50eef28c.jpg
0,0,dyed-lifted-polyps,dyed-lifted-polyps,True,0.6029044985771179,0.3968757092952728,9.328953638032544e-06,3.169737829011865e-05,8.577044354751706e-07,3.6662613638327457e-06,0.00013089373533148319,4.3387739424360916e-05,dyed-lifted-polyps/2f90b37f-c482-471c-8a4a-10f1ffa3a7eb.jpg
1,1,dyed-resection-margins,dyed-resection-margins,True,0.18458542227745056,0.815414547920227,3.165050443953987e-08,3.966384443110371e-10,2.9962492990170952e-12,7.79675257689405e-09,3.920546526314794e-11,5.647084189153162e-11,dyed-resection-margins/7089e84a-f213-4983-b9da-4b7016bbca27.jpg
0,0,dyed-lifted-polyps,dyed-lifted-polyps,True,0.5446537137031555,0.4553367793560028,4.636403971858272e-08,8.816482477413956e-06,1.703486796067466e-10,1.986136233256275e-08,4.4390293396645575e-07,1.1119714571350414e-07,dyed-lifted-polyps/10d78f91-9f3c-42c4-bca3-a8f8c91fccd7.jpg
7,6,ulcerative-colitis,polyps,False,0.006693645846098661,0.001637588837184012,0.00011219724547117949,0.015932179987430573,0.0024697170592844486,0.0002614411059767008,0.650200605392456,0.3226925730705261,ulcerative-colitis/bfc6efd7-8e62-421f-bd20-d691c10b8782.jpg
2,2,esophagitis,esophagitis,True,0.0033321762457489967,0.0017146848840638995,0.5750948786735535,1.9170731320627965e-05,0.00850685965269804,0.39446860551834106,0.008736352436244488,0.008127287030220032,esophagitis/8583d96d-f435-4dbe-8d53-707c21408252.jpg
7,7,ulcerative-colitis,ulcerative-colitis,True,0.0031721012201160192,0.00039485192974098027,1.156429760840183e-07,0.010975057259202003,9.639516974857543e-06,6.568687922481331e-07,0.05613565072417259,0.9293120503425598,ulcerative-colitis/d35c9226-f489-40b7-852e-20fafa1a5e98.jpg
4,4,normal-pylorus,normal-pylorus,True,0.0011267192894592881,0.00048629031516611576,0.0138451112434268,0.0010471269488334656,0.7718822360038757,0.12172465771436691,0.06875216960906982,0.021135680377483368,normal-pylorus/daeda9f9-6938-4f5e-85df-ae1d8724ab50.jpg
2,2,esophagitis,esophagitis,True,0.00021793217456433922,0.00014724557695444673,0.6867443323135376,6.8466592395566295e-09,3.359805850777775e-05,0.3127977252006531,3.202801235602237e-05,2.7232990760239772e-05,esophagitis/fdcc6c6c-02e9-4b69-b73d-701f295fd210.jpg
0,1,dyed-lifted-polyps,dyed-resection-margins,False,0.28026190400123596,0.7197381258010864,2.1770879543581145e-10,2.9598057945529055e-12,4.412367281443619e-13,1.705097729676197e-10,1.4247148382925956e-13,1.6316997395165317e-13,dyed-lifted-polyps/3ed4035a-f294-4e16-aba5-b13747c0208f.jpg
5,2,normal-z-line,esophagitis,False,0.00016281010175589472,8.803903619991615e-05,0.8531588315963745,9.629816388745382e-11,4.880887445324333e-06,0.1465843915939331,9.459659509047924e-07,1.4061494368888816e-07,normal-z-line/851d921c-2db7-48d8-92b4-8ba29ae8fc50.jpg
4,4,normal-pylorus,normal-pylorus,True,0.00010549020225880668,1.6633308405289426e-05,4.817971421289258e-05,0.0018146656220778823,0.9810981750488281,0.00030779384542256594,0.014231103472411633,0.002377960132434964,normal-pylorus/0d78332f-fd97-4fd7-8931-edc6494133d6.jpg
7,6,ulcerative-colitis,polyps,False,0.013924386352300644,0.0022324782330542803,5.968429945824028e-07,0.023022377863526344,4.937057747156359e-05,2.8076326543668984e-06,0.6437124013900757,0.3170555531978607,ulcerative-colitis/a5c6110d-67f4-4a56-826f-6cc1b9df981a.jpg
5,5,normal-z-line,normal-z-line,True,1.2909753422718495e-05,1.3636158655572217e-05,0.24409794807434082,2.5712527662591356e-09,0.0001817958545871079,0.7556901574134827,1.4439461892834515e-06,2.1530993308260804e-06,normal-z-line/b7d186c5-440c-4a28-a76f-f56c8a2e53f2.jpg
5,5,normal-z-line,normal-z-line,True,0.0013241623528301716,0.0005188410286791623,0.1323031336069107,7.905222446424887e-06,0.03819376602768898,0.8184419274330139,0.003920137416571379,0.005290142260491848,normal-z-line/e1a1a80c-3998-414a-98fb-996b86c12908.jpg
0,0,dyed-lifted-polyps,dyed-lifted-polyps,True,0.6662309765815735,0.33340659737586975,1.0882446076720953e-05,0.00011099639959866181,5.493900061992463e-06,3.721010216395371e-05,0.00016819039592519403,2.9669536161236465e-05,dyed-lifted-polyps/7b44f463-00dc-4910-8d02-142ef4b2c845.jpg
0,1,dyed-lifted-polyps,dyed-resection-margins,False,0.314631849527359,0.6853675842285156,4.614821875748021e-07,4.343119641703197e-09,1.387463338664574e-10,1.1079281136971986e-07,5.949954751116593e-09,7.362149223588688e-10,dyed-lifted-polyps/68e53c3d-1c18-4027-93be-ec6446f68e90.jpg
2,2,esophagitis,esophagitis,True,1.247839281859342e-05,1.939994763233699e-05,0.8287054896354675,4.793468207542513e-14,2.5602666653412598e-08,0.17126259207725525,1.4675023418675437e-09,9.695899638728633e-10,esophagitis/9a9f6975-fa2d-4f9c-a0a7-b9071bed912d.jpg
2,2,esophagitis,esophagitis,True,0.0005967495962977409,0.0002779723145067692,0.5925285220146179,1.036811340782151e-06,0.0027414376381784678,0.4023803472518921,0.001054830034263432,0.00041895100730471313,esophagitis/dc4c18e2-3dd4-462b-9974-07318d2a8516.jpg
0,0,dyed-lifted-polyps,dyed-lifted-polyps,True,0.6523333787918091,0.3460058569908142,1.4009942788106855e-05,0.00024794184719212353,9.091456377063878e-06,2.451780528645031e-05,0.0008269663667306304,0.0005382522940635681,dyed-lifted-polyps/bd692b79-20ac-48cd-ae96-7b5220738ae1.jpg
6,6,polyps,polyps,True,0.005902661941945553,0.0011321292258799076,5.2159080951241776e-05,0.008496907539665699,0.002324100583791733,0.00015274935867637396,0.5761664509773254,0.4057728350162506,polyps/e3d4325f-48ae-4342-a5c5-cf5a6d71ac88.jpg
7,6,ulcerative-colitis,polyps,False,0.004586576484143734,0.0009295828058384359,8.288560024993785e-07,0.2120867669582367,3.8122161640785635e-05,2.7794342258857796e-06,0.5932098627090454,0.18914544582366943,ulcerative-colitis/d5ff2b83-ed55-4539-bfaf-1ea9c791e484.jpg
4,4,normal-pylorus,normal-pylorus,True,5.5929147492861375e-05,1.2609280020114966e-05,0.01856439746916294,2.5258768800995313e-05,0.9503695368766785,0.025047192350029945,0.0055816140957176685,0.000343420630088076,normal-pylorus/8fbdb889-ddf7-4b84-ab0a-2b01f867a4f6.jpg
2,2,esophagitis,esophagitis,True,0.0002250613470096141,0.0001329038932453841,0.8308455348014832,3.666952252956435e-08,0.0007042943616397679,0.16804537177085876,4.0021950553637e-05,6.803468750149477e-06,esophagitis/9a0d45e1-cbf9-4878-b34f-833c57d8cf09.jpg
3,3,normal-cecum,normal-cecum,True,0.000915443291887641,0.00026008623535744846,1.1087072371296358e-09,0.9036248326301575,3.6408159758138936e-06,6.257353390992648e-08,0.09145408868789673,0.0037417826242744923,normal-cecum/3a8cc8a8-2ca6-45dd-97aa-375c72a1e190.jpg
5,5,normal-z-line,normal-z-line,True,0.00442182831466198,0.0015389639884233475,0.37411701679229736,8.393403163609037e-07,0.0018698270432651043,0.6166115403175354,0.0012222380610182881,0.00021771395404357463,normal-z-line/a65c165d-016d-49f5-ab61-5f4637e8e91e.jpg
6,6,polyps,polyps,True,0.002974250353872776,0.0004233113140799105,1.3415350395007408e-06,0.017931193113327026,0.00011535631347214803,2.6200359570793808e-06,0.8467422723770142,0.13180974125862122,polyps/1840de85-d6d3-4bff-9bd2-707b0d74ad2e.jpg
1,0,dyed-resection-margins,dyed-lifted-polyps,False,0.6670075058937073,0.3326273560523987,1.1789874406531453e-05,0.00016236693772953004,1.2642134379348136e-06,9.84357757261023e-06,0.00015661877114325762,2.3265363779501058e-05,dyed-resection-margins/159383c5-6b19-4019-a827-29d8e2c567e1.jpg
3,3,normal-cecum,normal-cecum,True,0.000969996559433639,0.0002615876728668809,1.9511309901076856e-08,0.9382617473602295,2.854283775377553e-05,3.977918368036626e-07,0.03448251634836197,0.025995200499892235,normal-cecum/03db5a24-7c4f-4275-8f5c-eea7b92c80df.jpg
2,2,esophagitis,esophagitis,True,0.0023058950901031494,0.0009560855105519295,0.8102644085884094,3.085385287704412e-06,0.0017959261313080788,0.17897017300128937,0.004736183676868677,0.0009682743693701923,esophagitis/18318e38-9d98-4536-8632-491401c0769c.jpg
1,0,dyed-resection-margins,dyed-lifted-polyps,False,0.7569298148155212,0.24265728890895844,4.14752003052854e-06,0.00011067232844652608,2.74086602303214e-07,6.324236437649233e-06,0.00027055596001446247,2.0957690139766783e-05,dyed-resection-margins/414ad138-2ac8-4f15-96d2-33a6c69c3f6d.jpg
7,6,ulcerative-colitis,polyps,False,0.005197026766836643,0.002054010983556509,1.2471155969251413e-05,0.2521863877773285,0.0030421593692153692,0.00011532608914421871,0.5433330535888672,0.19405950605869293,ulcerative-colitis/55cc5ece-3ce9-4245-850d-c5e0074ee299.jpg
7,7,ulcerative-colitis,ulcerative-colitis,True,0.0010997280478477478,0.0003518841112963855,3.4295819204999134e-05,0.002884069923311472,0.0017944396240636706,0.0001325777848251164,0.0726848915219307,0.9210181832313538,ulcerative-colitis/584f1fa0-9bb9-49d3-b412-c42819d0a200_00000052.jpg
7,6,ulcerative-colitis,polyps,False,0.031498003751039505,0.014969014562666416,1.6949581549852155e-05,0.19751589000225067,0.001615610090084374,0.00013500794011633843,0.6254882216453552,0.12876129150390625,ulcerative-colitis/131f7bc8-e111-44e0-9c3a-ab34a6e64f7e.jpg
3,3,normal-cecum,normal-cecum,True,0.0003483777691144496,0.00010022835340350866,1.3798283349242269e-10,0.9808489680290222,1.8745292891253484e-06,1.0232942493360042e-08,0.015106525272130966,0.0035940613597631454,normal-cecum/ad63a023-c4ee-4b71-8f23-5a864e1c2d02.jpg
4,6,normal-pylorus,polyps,False,0.005331023130565882,0.001969004515558481,0.015161784365773201,0.0040050107054412365,0.38921549916267395,0.07540834695100784,0.49006912112236023,0.018840204924345016,normal-pylorus/bc59a619-bee6-454c-976e-620fe40254e7.jpg
0,0,dyed-lifted-polyps,dyed-lifted-polyps,True,0.7270240187644958,0.2724205553531647,4.1324590711155906e-05,0.00011599653225857764,3.007659188369871e-06,2.4691953512956388e-05,0.0003243488317821175,4.61013478343375e-05,dyed-lifted-polyps/5e573dd1-acbb-4f2d-aa5c-27721afa81cc.jpg
1,1,dyed-resection-margins,dyed-resection-margins,True,0.175423264503479,0.824576735496521,3.0233723857797656e-10,9.200341226714426e-13,1.6524454059859556e-14,6.917832279240699e-11,3.1031082515847394e-14,2.0002830433143125e-14,dyed-resection-margins/eea5092a-0117-4383-80a1-dae6ddeb0b74.jpg
1,0,dyed-resection-margins,dyed-lifted-polyps,False,0.5210157632827759,0.4789782762527466,4.6395322783610027e-07,1.2702132607955718e-06,4.764921790467724e-09,3.4911050761365914e-07,3.2862290026969276e-06,5.515211114470731e-07,dyed-resection-margins/45fc69bc-6372-4c27-933e-ff0c9f31b268.jpg
4,4,normal-pylorus,normal-pylorus,True,1.2919952496304177e-05,3.0766314011998475e-06,0.0009387765894643962,4.1187417082255706e-05,0.9924790859222412,0.003950076177716255,0.002449305960908532,0.00012550655810628086,normal-pylorus/03a686f8-f603-41e0-94c1-caeb3d821394.jpg
3,6,normal-cecum,polyps,False,0.004604592453688383,0.0013816675636917353,2.0871898414043244e-06,0.4591596722602844,4.1545303247403353e-05,1.239177981915418e-05,0.5233355164527893,0.011462518945336342,normal-cecum/d84a2ea9-27b8-495d-92a8-7e7fd2f513f5.jpg
1,1,dyed-resection-margins,dyed-resection-margins,True,0.2864462733268738,0.7135180234909058,1.7590686240964715e-08,3.49131842085626e-05,4.7779696865646315e-12,5.5901350215492585e-09,6.540980166391819e-07,1.5330167002503003e-07,dyed-resection-margins/2a38ed92-ab6d-4843-ac20-f9002ed39395.jpg
4,4,normal-pylorus,normal-pylorus,True,0.00028621655656024814,6.39902355032973e-05,0.0005831588641740382,0.000612578121945262,0.9270212650299072,0.010576293803751469,0.05786566063761711,0.0029908176511526108,normal-pylorus/a3591c76-0762-4671-9d02-7c52c83cfb36.jpg
0,0,dyed-lifted-polyps,dyed-lifted-polyps,True,0.7222738862037659,0.27768075466156006,1.3408665836323053e-05,3.776249059228576e-06,3.534951886763338e-08,1.627624806133099e-05,1.0140000085812062e-05,1.8066413076667232e-06,dyed-lifted-polyps/a6d1bb4f-e9fb-46b7-bdbf-babaf0b06581.jpg
7,6,ulcerative-colitis,polyps,False,0.006924237124621868,0.0016225299332290888,8.016791639420262e-07,0.04849455878138542,2.763596967270132e-05,1.0648443549143849e-06,0.4898315370082855,0.4530976712703705,ulcerative-colitis/34a043b2-c1fb-42d0-90a4-39369b9ef619.jpg
0,0,dyed-lifted-polyps,dyed-lifted-polyps,True,0.6186227798461914,0.3810167908668518,4.2839670641114935e-05,5.7283508795080706e-05,2.1601535991067067e-05,9.675304318079725e-05,0.0001313290122197941,1.0521956937736832e-05,dyed-lifted-polyps/e8c38517-0943-439b-aff2-1070c4b31b6d.jpg
7,7,ulcerative-colitis,ulcerative-colitis,True,0.018038608133792877,0.003755047684535384,1.4883337826177012e-05,0.03851725161075592,0.001765253720805049,0.00011681469914037734,0.2891792356967926,0.6486130356788635,ulcerative-colitis/698f130b-41ff-414d-908c-8d8c0f82d4a8_00000859.jpg
2,2,esophagitis,esophagitis,True,8.563032315578312e-05,7.289591303560883e-05,0.8964359164237976,9.83413871169514e-13,2.0454772311495617e-06,0.10340358316898346,1.3478774540942595e-08,1.4672592030251508e-09,esophagitis/6745903f-52e3-45fb-9c26-7e3d7a7b31bd.jpg
1,1,dyed-resection-margins,dyed-resection-margins,True,0.14713846147060394,0.8528615236282349,8.2925355471275e-10,3.421870078956779e-11,2.3875712401610384e-14,3.510390034211497e-10,6.125074948105935e-13,6.260491799449375e-13,dyed-resection-margins/da355995-b77b-4d5c-a07f-a72fe6ff20bb.jpg
7,6,ulcerative-colitis,polyps,False,0.006012594792991877,0.0015460296999663115,9.0859784904751e-06,0.011904114857316017,2.3875734768807888e-05,7.364971679635346e-06,0.8570133447647095,0.12348351627588272,ulcerative-colitis/a4b755f8-8f6a-4456-a914-4d36d2728eef.jpg
7,6,ulcerative-colitis,polyps,False,0.011720038950443268,0.002487028716132045,0.00012610122212208807,0.02536085806787014,2.473835957061965e-05,2.8194708647788502e-05,0.7854506373405457,0.17480240762233734,ulcerative-colitis/797e3c48-c31f-47a6-b4c5-c1d7e02183c6.jpg
2,2,esophagitis,esophagitis,True,5.650502862408757e-05,6.867745105409995e-05,0.5462936758995056,7.717250172234458e-10,1.6211008187383413e-05,0.4535551071166992,2.861254870367702e-06,6.944641882000724e-06,esophagitis/cfc39f0a-8aad-4d91-9cf6-899abc19fb43.jpg
7,7,ulcerative-colitis,ulcerative-colitis,True,0.0060600703582167625,0.0018386971205472946,0.00017351192946080118,0.001151521923020482,0.0003430717042647302,0.0001567883009556681,0.35965317487716675,0.6306231617927551,ulcerative-colitis/2053bb5e-29cd-4e3e-a5ab-2787fe8a7db2.jpg
4,4,normal-pylorus,normal-pylorus,True,3.2041505619417876e-05,2.9304594136192463e-05,0.0005699329194612801,0.006496088579297066,0.9789509177207947,0.0022921450436115265,0.006595191545784473,0.0050342450849711895,normal-pylorus/5d39a365-3511-42f3-8fa1-e5bced973643.jpg
1,0,dyed-resection-margins,dyed-lifted-polyps,False,0.5987302660942078,0.40125468373298645,1.7356425985326496e-07,1.2453588169591967e-05,2.294465506480492e-09,1.46973306414111e-07,1.901001155601989e-06,3.9748124436300714e-07,dyed-resection-margins/a51eb0c8-4591-408f-8777-e2a079662242.jpg
4,4,normal-pylorus,normal-pylorus,True,1.2488712854974438e-05,1.0902046597038861e-05,0.0016420457977801561,0.0007900908240117133,0.9890817403793335,0.004574226215481758,0.002865035319700837,0.0010234685614705086,normal-pylorus/e42ec491-62e6-4da6-ad99-a040fd7d8b15.jpg
1,0,dyed-resection-margins,dyed-lifted-polyps,False,0.6361653208732605,0.3558591902256012,1.1632703717623372e-05,0.0012282237876206636,3.702775757119525e-07,4.651149083656492e-06,0.006041362881660461,0.000689310603775084,dyed-resection-margins/a0a5fdf9-7ba5-4a5b-95c2-189892631b07.jpg
6,6,polyps,polyps,True,0.009853636845946312,0.002491638995707035,3.321996473459876e-06,0.1383742243051529,2.215975291619543e-05,5.307330411596922e-06,0.549396812915802,0.2998528778553009,polyps/1fd7cca6-1b0d-48f3-a2b2-359aed922873.jpg
7,6,ulcerative-colitis,polyps,False,0.010470363311469555,0.0018096204148605466,2.0778823000000557e-06,0.008993101306259632,4.35000256402418e-05,4.738752977573313e-06,0.49122118949890137,0.4874553084373474,ulcerative-colitis/ae68bef5-8ca4-42fd-a275-d34ee4ea8c14_00000352.jpg
2,2,esophagitis,esophagitis,True,1.531679299660027e-05,2.235355532320682e-05,0.5956788659095764,7.298114478200557e-13,1.0389133819899143e-07,0.40428340435028076,1.3640527818381543e-08,1.1793460430453706e-08,esophagitis/3662a9bc-b209-432b-9ab4-ca8ccd540b7c.jpg
0,0,dyed-lifted-polyps,dyed-lifted-polyps,True,0.5429768562316895,0.456571102142334,2.473780114087276e-05,6.060747182345949e-05,2.181433984560499e-07,2.649439193191938e-05,0.00015068627544678748,0.00018931266095023602,dyed-lifted-polyps/769dcf76-059c-4b1a-b3f3-61c2c1f2dafb.jpg
2,5,esophagitis,normal-z-line,False,6.0287486121524125e-05,6.089200542191975e-05,0.3834809362888336,8.313608645948989e-08,0.0036367177963256836,0.6127228140830994,2.60360957327066e-05,1.2188601431262214e-05,esophagitis/11f4cc55-0412-40b7-9dc9-2dab87de0c35.jpg
4,4,normal-pylorus,normal-pylorus,True,0.00018797135271597654,5.7027951697818935e-05,0.013779665343463421,0.00023109650646802038,0.9427794218063354,0.030152326449751854,0.011776439845561981,0.001035955618135631,normal-pylorus/5d5a9983-89d6-4736-8016-bac267afb656.jpg
7,3,ulcerative-colitis,normal-cecum,False,0.0020648406352847815,0.0007796325371600688,3.0802758033132704e-07,0.864886462688446,0.00014726052177138627,5.4924712458159775e-06,0.03339097648859024,0.0987250804901123,ulcerative-colitis/b3844c5b-2f79-42aa-b841-c5bec427d925.jpg
0,0,dyed-lifted-polyps,dyed-lifted-polyps,True,0.5641463994979858,0.4357016384601593,3.4267489468220447e-07,0.00012742195394821465,2.7821847936593258e-08,3.0652273608211544e-07,9.725488780532032e-06,1.406933461112203e-05,dyed-lifted-polyps/2d49d0a3-549b-4fd0-bf3a-33f8456ee98f.jpg
0,0,dyed-lifted-polyps,dyed-lifted-polyps,True,0.7320271730422974,0.2489575296640396,0.00016930421406868845,0.001651959610171616,0.00012234048335812986,0.00019834066915791482,0.015921922400593758,0.0009514969424344599,dyed-lifted-polyps/28b91fe1-d987-45cf-8204-6b1ddf8a56f7.jpg
3,3,normal-cecum,normal-cecum,True,0.0015202501090243459,0.00043934318819083273,3.50094353507302e-08,0.7332963943481445,1.8007787730311975e-05,9.132645004683582e-07,0.2560777962207794,0.008647275157272816,normal-cecum/8c54899b-27ba-42d3-8b03-17785fb84a59.jpg
0,1,dyed-lifted-polyps,dyed-resection-margins,False,0.4697383940219879,0.530256450176239,3.692645123010152e-06,3.4079850053103655e-11,6.693010035085933e-10,1.5374353097286075e-06,6.944777530826229e-10,2.0335468031706938e-10,dyed-lifted-polyps/9cc0c58a-3e37-4369-8ea7-0c8009ab8d0c.jpg
6,6,polyps,polyps,True,0.011661016382277012,0.002563165035098791,0.0002058860845863819,0.008611099794507027,0.0007921916549094021,0.00034758407855406404,0.6887454390525818,0.28707361221313477,polyps/0f776c8b-039b-4748-8229-8ed9f78e6200.jpg
4,4,normal-pylorus,normal-pylorus,True,0.0005661529721692204,0.00029280452872626483,0.006103082560002804,0.0011216195998713374,0.846937358379364,0.06575542688369751,0.05256469547748566,0.02665882371366024,normal-pylorus/2a88818c-62cb-49a2-b9cd-a9f6d56b0641.jpg
6,6,polyps,polyps,True,0.006028166972100735,0.0011471727630123496,8.410269174419227e-07,0.2364119589328766,3.495969212963246e-05,6.1374516917567234e-06,0.7097242474555969,0.04664653539657593,polyps/9feba352-f0b3-47c5-8a34-4b0c0fac1e15.jpg
5,5,normal-z-line,normal-z-line,True,0.00047856176388449967,0.00038177656824700534,0.4600681662559509,2.751261490629986e-06,0.007477296516299248,0.528441309928894,0.0024620438925921917,0.00068816845305264,normal-z-line/d1d77c9b-2614-4755-a51d-6601034df455.jpg
2,2,esophagitis,esophagitis,True,8.715968760952819e-06,2.2949856429477222e-05,0.5652444958686829,5.148249881958833e-12,5.994909315631958e-07,0.4347231686115265,1.9302772713558625e-08,2.347582928052816e-08,esophagitis/24fcbe39-f60c-442e-8b18-166482fd5819.jpg
3,3,normal-cecum,normal-cecum,True,0.0009475874830968678,0.000343804043950513,8.480511581865358e-08,0.9296889901161194,1.5311081369873136e-05,8.451224289274251e-07,0.062266021966934204,0.006737319752573967,normal-cecum/a672d9ad-7172-432a-a767-c3d3f4e895ee.jpg
2,2,esophagitis,esophagitis,True,3.203119194949977e-05,4.345930210547522e-05,0.8471172451972961,3.4522359200917646e-14,2.6089308491350494e-08,0.1528073251247406,1.3908585394517559e-09,3.721816188573257e-10,esophagitis/e4216c39-46ff-47f3-8395-d2c5fdc5d0a4.jpg
0,0,dyed-lifted-polyps,dyed-lifted-polyps,True,0.6646367907524109,0.33347442746162415,2.476729150657775e-06,0.0008313225698657334,1.1317252983644721e-06,2.7012160899175797e-06,0.0008665604400448501,0.00018469191854819655,dyed-lifted-polyps/0a7bdce4-ac0d-44ef-93ee-92dfc8fe0b81.jpg
1,1,dyed-resection-margins,dyed-resection-margins,True,0.41261735558509827,0.5873825550079346,7.340620999940484e-09,1.5144768994446167e-08,7.56865837364673e-12,7.920936795358102e-09,3.704664353065823e-10,1.3515213947989935e-10,dyed-resection-margins/4d97b0f5-b0fd-45d6-b870-daf7dded1ba9.jpg
1,1,dyed-resection-margins,dyed-resection-margins,True,0.16478975117206573,0.8352090120315552,1.1213439954360638e-08,1.1786681852754555e-06,1.0655336205381283e-12,6.489147885702096e-09,8.943509932635152e-09,2.3673998317264022e-09,dyed-resection-margins/609ab64c-7c47-410e-ae2a-17a3d58acc2a.jpg
1,1,dyed-resection-margins,dyed-resection-margins,True,0.4304162561893463,0.569580078125,2.446276539558312e-06,5.954247095374399e-10,1.8550335711964294e-09,1.2359446373011451e-06,2.3045614305772233e-09,7.39583450037884e-10,dyed-resection-margins/fd320991-c3e7-49fa-b058-e47cc6f26f44.jpg
5,2,normal-z-line,esophagitis,False,0.00040720944525673985,0.00015417386020999402,0.5855063199996948,1.1254064347099302e-09,7.927151455078274e-05,0.41384583711624146,6.5094291130662896e-06,6.819470854679821e-07,normal-z-line/e261f887-a2c0-4539-991b-10f36069c711.jpg
3,3,normal-cecum,normal-cecum,True,0.007766129914671183,0.0021019503474235535,4.4002309351753865e-08,0.6531049013137817,3.3789810913731344e-06,5.162652314538718e-07,0.1662909984588623,0.17073212563991547,normal-cecum/128c324f-5c44-4534-b32b-45b2bd4a672e.jpg
0,1,dyed-lifted-polyps,dyed-resection-margins,False,0.036825425922870636,0.96317458152771,6.438039545919594e-10,2.2617517667772313e-12,3.257670758041557e-14,3.1483807227949967e-10,1.3061601767620085e-13,3.684893102456899e-12,dyed-lifted-polyps/bdf72151-94c3-4e7f-953f-93b400f5967b.jpg
2,5,esophagitis,normal-z-line,False,0.0004474502056837082,0.000328226073179394,0.4163762927055359,2.228392759207054e-06,0.00774506526067853,0.572589635848999,0.001708019757643342,0.0008030779426917434,esophagitis/2f6b8639-58e4-4f3c-b651-42646de546f7.jpg
7,3,ulcerative-colitis,normal-cecum,False,0.0006318978266790509,0.00020813073206227273,4.390805941056897e-09,0.9338627457618713,6.901014330651378e-06,7.013681369016922e-08,0.008899323642253876,0.05639100819826126,ulcerative-colitis/41da6f0b-31a4-40f3-833c-061762702265.jpg
2,2,esophagitis,esophagitis,True,7.852531416574493e-05,5.579643402597867e-05,0.739402711391449,1.928427417752232e-09,0.00011299688776489347,0.26034533977508545,3.3712412914610468e-06,1.2296276281631435e-06,esophagitis/bca40f5f-7e06-42a9-bd97-5ebf969884e9.jpg
2,2,esophagitis,esophagitis,True,0.0011009933659806848,0.0003887519415002316,0.953842282295227,6.355099912980222e-08,0.0001136993887485005,0.044265661388635635,0.0002181672170991078,7.030046253930777e-05,esophagitis/05e390bf-b7bf-4bc9-919a-ca9abc61803f.jpg
3,3,normal-cecum,normal-cecum,True,0.0007407700177282095,0.00022895260190125555,1.829295293021005e-08,0.9653050303459167,5.751488515670644e-06,1.5289445798316592e-07,0.018453285098075867,0.015266017988324165,normal-cecum/63e1fa66-06d4-461f-bd10-f917472539ae.jpg
7,7,ulcerative-colitis,ulcerative-colitis,True,0.013308132998645306,0.0051544830203056335,9.523134212940931e-05,0.047107044607400894,0.0013181797694414854,0.0002728668332565576,0.3207109868526459,0.6120330095291138,ulcerative-colitis/0229c3b4-2414-4bcf-a729-ce15007f63b5.jpg
7,7,ulcerative-colitis,ulcerative-colitis,True,0.003052323590964079,0.0003767576417885721,1.5572645395423024e-08,0.01155826635658741,1.094593699235702e-06,9.918840504496984e-08,0.0861716940999031,0.8988397717475891,ulcerative-colitis/31bce929-ab0f-475f-985d-c1843cab8f58.jpg
7,6,ulcerative-colitis,polyps,False,0.00490810489282012,0.0017592574004083872,1.3019268408243079e-05,0.07128404825925827,0.00033863872522488236,3.67256325262133e-05,0.7247327566146851,0.19692733883857727,ulcerative-colitis/b12a8fc9-fa77-46ca-b2bf-a39b48bd6416.jpg
4,4,normal-pylorus,normal-pylorus,True,0.0008754316950216889,0.0004023761139251292,0.024213425815105438,0.0005960724083706737,0.7240015268325806,0.17142707109451294,0.061409108340740204,0.01707504875957966,normal-pylorus/fd71fe32-c46b-4924-8c6c-cb3d35467a3c.jpg
4,4,normal-pylorus,normal-pylorus,True,0.000262805784586817,0.00010147508146474138,0.19965162873268127,9.436291293241084e-05,0.4684155583381653,0.3199016749858856,0.010001425631344318,0.0015710550360381603,normal-pylorus/3f6d770a-3004-44df-88bc-fe9ded65876a.jpg
5,5,normal-z-line,normal-z-line,True,1.0381799256720114e-05,5.045111902290955e-05,0.24497218430042267,1.1089472439287928e-12,4.158047417490707e-08,0.7549669146537781,2.944898547241337e-09,8.65598348553931e-09,normal-z-line/2fa3a452-1ad5-49cd-a5e9-0fdbf96e0b6e.jpg
2,2,esophagitis,esophagitis,True,3.053143518627621e-05,2.5117729819612578e-05,0.8726893663406372,8.460353251305008e-11,5.789813258161303e-06,0.1272483915090561,6.151717570901383e-07,1.509907150420986e-07,esophagitis/9cf73cf0-82ff-4d70-83d4-e46b3649192b.jpg
5,2,normal-z-line,esophagitis,False,2.2881076802150346e-05,2.424743252049666e-05,0.739621102809906,3.4754855243734895e-12,1.6486146705574356e-06,0.26033011078834534,2.997862580400579e-08,6.937938223927631e-09,normal-z-line/ca362559-797c-482a-a097-0ffb3ecbcec1.jpg
2,2,esophagitis,esophagitis,True,3.48597823176533e-05,3.9694241422694176e-05,0.9913596510887146,4.787292229302409e-10,2.7000925911124796e-05,0.008535807020962238,1.630315750844602e-06,1.3004842003283557e-06,esophagitis/a80c23d9-b0d6-4c2a-8776-21006dbf22aa.jpg
3,3,normal-cecum,normal-cecum,True,0.0004886334645561874,0.00016923269140534103,4.88379292562513e-09,0.9665975570678711,1.0872167877096217e-05,1.5038615686080448e-07,0.02376946620643139,0.008964156731963158,normal-cecum/b90dc70a-2775-457e-9620-cca840f8c49b.jpg
1,1,dyed-resection-margins,dyed-resection-margins,True,0.4650425910949707,0.5349435806274414,3.5792972141734936e-08,1.2623902875930071e-05,4.444901391398304e-11,7.766786325191788e-09,8.243539468821837e-07,2.2740431404599803e-07,dyed-resection-margins/b18e7b6b-8a3c-4d3f-aede-42cef78ec091.jpg
7,6,ulcerative-colitis,polyps,False,0.006466252263635397,0.0014317817986011505,2.4852770366123877e-06,0.1595887988805771,0.0005362700903788209,4.484115197556093e-05,0.644292950630188,0.18763665854930878,ulcerative-colitis/ce143cf5-4cdf-4645-9bba-ef8a026c9409.jpg
4,4,normal-pylorus,normal-pylorus,True,0.00035796244628727436,0.00015245014219544828,0.026671508327126503,0.00039134721737354994,0.9243130683898926,0.031433627009391785,0.01511329784989357,0.001566717284731567,normal-pylorus/76cf6249-7425-4454-bc1d-4d2cb8f6647a.jpg
3,3,normal-cecum,normal-cecum,True,0.0006437904667109251,0.0002604482288006693,5.2167813180403755e-08,0.9538924098014832,1.5030828762974124e-05,7.13909912519739e-07,0.03418174758553505,0.011005756445229053,normal-cecum/9af88d49-0168-4fe7-a884-ed3eeb49d185.jpg
4,5,normal-pylorus,normal-z-line,False,0.0022848716471344233,0.0015700063668191433,0.41753339767456055,0.00011518623068695888,0.09403986483812332,0.4245385229587555,0.05386084318161011,0.00605729641392827,normal-pylorus/3c5e4f93-4779-44fe-8c68-0e4f30439597.jpg
4,4,normal-pylorus,normal-pylorus,True,1.0062091860163491e-05,7.682385330554098e-06,0.0008832283201627433,0.00031014878186397254,0.9914416670799255,0.003784010885283351,0.003361394163221121,0.00020173279335722327,normal-pylorus/0dfd69cb-16d7-4e0b-8dc0-2c6b29f37b98.jpg
4,4,normal-pylorus,normal-pylorus,True,4.265391544322483e-05,2.9354689104366116e-05,0.0010421398328617215,0.004152365028858185,0.9717004299163818,0.0026959043461829424,0.016932854428887367,0.0034043334890156984,normal-pylorus/06d2ed44-a965-4b57-82b9-e3c3624a221a.jpg
0,0,dyed-lifted-polyps,dyed-lifted-polyps,True,0.6284891963005066,0.37085527181625366,2.0557692550937645e-05,2.681057230802253e-05,4.444575267825712e-07,1.0065103197121061e-05,0.00055970303947106,3.793975702137686e-05,dyed-lifted-polyps/2b4f4b47-38af-456d-a718-5aa60c8eb86d.jpg
7,7,ulcerative-colitis,ulcerative-colitis,True,0.004377332516014576,0.0015049435896798968,8.02596696303226e-05,0.004415012896060944,0.0005933351349085569,0.00015627400716766715,0.33465641736984253,0.6542163491249084,ulcerative-colitis/e2641bec-5209-4b96-a5d8-d4b8c81e095c.jpg
2,2,esophagitis,esophagitis,True,2.930521804955788e-05,2.1282885427353904e-05,0.868244469165802,4.1104716852480294e-10,2.2921629351912998e-05,0.1316787600517273,2.2851752419228433e-06,9.339692610410566e-07,esophagitis/fe5a3239-dbd4-41e1-81cb-b7fe25e8b930.jpg
4,4,normal-pylorus,normal-pylorus,True,0.000979642034508288,0.0003871106309816241,0.13258042931556702,0.00014833311433903873,0.658358633518219,0.17669393122196198,0.023303406313061714,0.007548586465418339,normal-pylorus/c4593b17-defc-4346-8070-0a5a5bea1dae.jpg
4,4,normal-pylorus,normal-pylorus,True,0.000837119878269732,0.00040249640005640686,0.005432387813925743,0.0010570022277534008,0.8217107057571411,0.06419604271650314,0.05266265571117401,0.05370156466960907,normal-pylorus/e7b6a704-2e98-4755-88d1-a26dcc29d57f.jpg
7,6,ulcerative-colitis,polyps,False,0.0055830772034823895,0.0013357752468436956,4.814413614440127e-07,0.014439951628446579,3.6074048693990335e-05,3.413327021917212e-06,0.7070916295051575,0.2715094983577728,ulcerative-colitis/c7203d20-f57a-406d-ae02-8a1331a703c1.jpg
4,4,normal-pylorus,normal-pylorus,True,0.0004371058021206409,0.00018152700795326382,0.01838228479027748,0.0002883276902139187,0.933537483215332,0.0294352900236845,0.0171054694801569,0.0006325078429654241,normal-pylorus/c445633a-d1dc-4726-b2b5-5ff717143ba7.jpg
1,1,dyed-resection-margins,dyed-resection-margins,True,0.0290372297167778,0.9709628224372864,1.2964030890461054e-11,1.6288780102513556e-08,4.405126363913385e-18,3.962760241477126e-12,4.263616098631323e-13,2.1974705041727383e-12,dyed-resection-margins/1b615739-8d24-4d34-b009-548c2d7dd9ab.jpg
7,7,ulcerative-colitis,ulcerative-colitis,True,0.006995981093496084,0.0010877072345465422,8.224107546084269e-07,0.007992393337190151,1.9035753211937845e-05,8.472272270410031e-07,0.43003058433532715,0.5538725256919861,ulcerative-colitis/bce05b8c-b330-435c-bfd2-decbbf5819fb.jpg
3,6,normal-cecum,polyps,False,0.002964521525427699,0.001107754884287715,1.8486392150407482e-07,0.412885457277298,3.4128672268707305e-05,4.190168965578778e-06,0.5620999932289124,0.02090371586382389,normal-cecum/17b277d1-ffa1-4b77-abc1-75503bea4330.jpg
5,5,normal-z-line,normal-z-line,True,4.7911598812788725e-05,5.070719635114074e-05,0.21402984857559204,1.4857706176485408e-08,0.0005023676785640419,0.7853303551673889,2.045083965640515e-05,1.831035115174018e-05,normal-z-line/cc33f8fe-483c-4f76-8a00-1e28d52b81f2.jpg
3,3,normal-cecum,normal-cecum,True,0.0004203102143947035,0.00015110820822883397,1.1521303910910774e-09,0.9771560430526733,8.376793516617909e-07,2.5168167994138457e-08,0.016679195687174797,0.0055924816988408566,normal-cecum/e667ee83-4435-42c6-b69c-c9618dda2aa5.jpg
5,5,normal-z-line,normal-z-line,True,1.0782779099827167e-05,2.225628668384161e-05,0.11543650180101395,1.6853440518160845e-11,2.229357733085635e-06,0.8845282196998596,4.195993952293975e-08,2.8201267099348115e-08,normal-z-line/c478c477-5f90-4156-972d-d5851cb3050e.jpg
6,6,polyps,polyps,True,0.014764673076570034,0.003839965211227536,7.954148895805702e-05,0.02833571285009384,0.003236468881368637,0.0009053179528564215,0.8701402544975281,0.07869813591241837,polyps/3c36e788-4795-4078-bb14-f2aa1605855d.jpg
5,5,normal-z-line,normal-z-line,True,0.00029741431353613734,0.00025502810603938997,0.312162846326828,1.2850857729063137e-06,0.00453604944050312,0.6816616654396057,0.0007959959330037236,0.0002897524682339281,normal-z-line/a96e3f08-9f1f-43b7-934f-4b6bf34ec046.jpg
0,0,dyed-lifted-polyps,dyed-lifted-polyps,True,0.556796133518219,0.4432031512260437,3.282875979948585e-07,7.055873663119883e-09,4.842779954827847e-09,3.2079415746011364e-07,1.7558107856530114e-08,2.4693067590675355e-09,dyed-lifted-polyps/fda47e17-cfb3-4fc1-8d67-c423b8c2d192.jpg
1,1,dyed-resection-margins,dyed-resection-margins,True,0.16734552383422852,0.8326544165611267,3.298927103712046e-11,8.059338613142231e-11,9.166089111681264e-15,2.5438802106481084e-11,3.7033185762772036e-13,5.453319545066504e-13,dyed-resection-margins/387b2c72-8ec0-4c48-b2f6-0334b80cb7c2.jpg
7,7,ulcerative-colitis,ulcerative-colitis,True,0.0041157640516757965,0.0012973888078704476,8.897891530068591e-05,0.00920725055038929,0.0011874032206833363,0.00018237208132632077,0.17672917246818542,0.8071916699409485,ulcerative-colitis/02039406-18b3-4f10-95ab-f2f7280ef351.jpg
3,3,normal-cecum,normal-cecum,True,0.0019340908620506525,0.0007642254931852221,3.2068135169538436e-06,0.49651840329170227,0.011241993866860867,6.467185448855162e-05,0.41388848423957825,0.07558492571115494,normal-cecum/1252b352-50d0-4b13-a827-9df06cd43607.jpg
4,4,normal-pylorus,normal-pylorus,True,0.0004785903438460082,0.00032124249264597893,0.004442707169800997,0.0018510512309148908,0.9199930429458618,0.010392362251877785,0.06177791208028793,0.0007430370314978063,normal-pylorus/5b5116aa-3b84-43a6-bf3e-4b851d0d124c.jpg
7,6,ulcerative-colitis,polyps,False,0.027623610571026802,0.003872242523357272,5.471459371619858e-05,0.018211685121059418,1.6816395145724528e-05,4.1415994928684086e-05,0.601444661617279,0.34873485565185547,ulcerative-colitis/c5571b03-4d92-4866-a823-528634d4a9cf.jpg
4,4,normal-pylorus,normal-pylorus,True,5.257390148472041e-05,2.1707674022763968e-05,0.013694112189114094,6.922958709765226e-05,0.9340208172798157,0.04775527864694595,0.0033354677725583315,0.0010508029954507947,normal-pylorus/ebaa74f4-a586-4efb-b035-4dbfc84b67a5.jpg
7,7,ulcerative-colitis,ulcerative-colitis,True,0.007500908803194761,0.0008126736502163112,9.999498615798075e-06,0.0058804964646697044,0.00023522725678049028,1.1894101589859929e-05,0.29988574981689453,0.685663104057312,ulcerative-colitis/34dd46e6-b875-4823-ad18-5ed1ad93c822.jpg
7,6,ulcerative-colitis,polyps,False,0.01046809647232294,0.002823717426508665,3.4062820759572787e-06,0.0955568328499794,0.0002864271809812635,2.2591677407035604e-05,0.6445340514183044,0.2463049441576004,ulcerative-colitis/d8526b7b-8f97-4c40-a5cf-40d9fa9603db.jpg
5,5,normal-z-line,normal-z-line,True,8.570204954594374e-06,1.0519317584112287e-05,0.3908812701702118,1.511189957892345e-11,4.2445822145964485e-06,0.6090951561927795,9.913935627992032e-08,3.699652495470218e-08,normal-z-line/65fb8539-f1c1-4088-9811-c9b4238079f1.jpg
5,5,normal-z-line,normal-z-line,True,2.282759487570729e-05,6.16314573562704e-05,0.15119025111198425,3.111216562157182e-10,5.25657424077508e-06,0.8487194180488586,2.482910304024699e-07,3.3272698374275933e-07,normal-z-line/a81ec55f-7560-40b0-953c-cb09f2baa169.jpg
2,2,esophagitis,esophagitis,True,0.006145718041807413,0.001062476891092956,0.618869423866272,5.3830586693948135e-05,0.09100669622421265,0.12198138236999512,0.049357593059539795,0.1115228608250618,esophagitis/10b9522f-f3d7-40c0-bfff-c82f2228850a.jpg
2,2,esophagitis,esophagitis,True,1.3028026842221152e-05,1.735357363941148e-05,0.5141709446907043,1.3061576993600443e-11,4.2033793761220295e-06,0.48579439520835876,4.471091230584534e-08,3.0896416092218715e-08,esophagitis/5db4f1db-0aac-4207-aefb-a56f3b90f410.jpg
5,5,normal-z-line,normal-z-line,True,3.1184616091195494e-05,7.279907731572166e-05,0.260373055934906,7.781015276542291e-10,4.803921183338389e-05,0.7394740581512451,4.797996098204749e-07,3.687877381253202e-07,normal-z-line/4c780ff4-b373-4a81-a09f-a8f2fe5a56e0.jpg
5,2,normal-z-line,esophagitis,False,8.569061174057424e-05,6.976929580559954e-05,0.5929024815559387,5.306082240252863e-09,0.00023819251509848982,0.40669313073158264,8.787395927356556e-06,1.9854733182000928e-06,normal-z-line/d56e2d07-6c3e-4de8-b8f2-a07054e4558e.jpg
0,0,dyed-lifted-polyps,dyed-lifted-polyps,True,0.5842427015304565,0.4157571494579315,6.591655221654946e-08,4.420656907200282e-08,3.320376473769926e-10,1.0194440847044461e-07,1.2433625684593608e-08,4.1668331007826964e-09,dyed-lifted-polyps/b8ba70d6-bfa4-4ac1-9042-7b7cdfccc55b.jpg
3,3,normal-cecum,normal-cecum,True,0.0028783276211470366,0.0009562444756738842,7.519106048903268e-08,0.8241991400718689,5.96257159486413e-05,2.295812919328455e-06,0.07717721909284592,0.0947270542383194,normal-cecum/8b7e4f1e-5266-4fff-9563-9309e104dcd4.jpg
5,5,normal-z-line,normal-z-line,True,0.0029458855278789997,0.0016907491954043508,0.374315083026886,3.238990871068381e-07,0.0006520902388729155,0.6198840737342834,0.00043354250374250114,7.825306965969503e-05,normal-z-line/67c7029d-3b5f-4312-8233-4ea7cda8c6ad.jpg
5,5,normal-z-line,normal-z-line,True,5.9937359765172005e-05,4.963861283613369e-05,0.4361645579338074,1.7504270255486176e-09,6.315558857750148e-05,0.5636574029922485,3.865680355374934e-06,1.4008579682922573e-06,normal-z-line/e506fd95-eb45-4443-ac85-3c9d74bbc212.jpg
1,1,dyed-resection-margins,dyed-resection-margins,True,0.3055495619773865,0.694450318813324,2.207176841295677e-08,5.514677781093269e-08,7.61984832869933e-12,3.855685548614929e-08,1.0013245788087488e-09,9.706874193327053e-10,dyed-resection-margins/9a6f4254-3cf2-4922-87f8-0e70293780df.jpg
0,0,dyed-lifted-polyps,dyed-lifted-polyps,True,0.6881375908851624,0.3109094202518463,9.78992920863675e-06,4.183201235719025e-05,6.746996632500668e-07,7.675757842662279e-06,0.0007682785508222878,0.00012469546345528215,dyed-lifted-polyps/a409312b-8b26-41a3-b1e1-2acd84041696.jpg
4,4,normal-pylorus,normal-pylorus,True,0.0012653612066060305,0.0005074782529845834,0.004888436291366816,0.0013953755842521787,0.8113111853599548,0.03951147198677063,0.07315579056739807,0.06796486675739288,normal-pylorus/026715f1-d01e-47c7-ae95-93b46695a7e8.jpg
4,4,normal-pylorus,normal-pylorus,True,3.415961691644043e-05,4.777818958245916e-06,0.006524382159113884,7.870712579460815e-06,0.9808335304260254,0.009957028552889824,0.002564476104453206,7.373644621111453e-05,normal-pylorus/0668ef5b-b6d7-4ea0-a753-19fb8fb35403.jpg
6,3,polyps,normal-cecum,False,0.011243938468396664,0.0023221552837640047,1.6252221257673227e-06,0.5259339213371277,0.00010007395758293569,1.8489783542463556e-05,0.38615843653678894,0.07422135770320892,polyps/7bc879b1-41a0-46cb-9c2b-72302353821b.jpg
4,4,normal-pylorus,normal-pylorus,True,0.0008142704609781504,0.0005193128017708659,0.0316159762442112,0.0003981303016189486,0.6244863271713257,0.2851516008377075,0.046075284481048584,0.010939101688563824,normal-pylorus/e11e8c02-40ee-479b-8a92-89a08eb96ca1.jpg
7,6,ulcerative-colitis,polyps,False,0.00655624782666564,0.0014729683753103018,1.3406637663138099e-05,0.02190190739929676,0.0010564388940110803,5.623096876661293e-05,0.6336584687232971,0.3352843225002289,ulcerative-colitis/4691b176-a499-435f-96c2-ea18221be30a.jpg
3,3,normal-cecum,normal-cecum,True,0.0002620131126604974,0.00010015098087023944,5.093079846751891e-10,0.9838582873344421,1.997351319005247e-06,1.9203282519697495e-08,0.010655365884304047,0.005122150760143995,normal-cecum/5e898ee3-2d11-4f7f-9a10-528eef1197c3.jpg
5,5,normal-z-line,normal-z-line,True,0.00025006209034472704,0.0001848449610406533,0.42564722895622253,1.663479167746118e-07,0.0009376339730806649,0.5727536082267761,0.00014975712110754102,7.666386954952031e-05,normal-z-line/da446ca4-65a4-4f78-95d2-bc83705791a3.jpg
0,1,dyed-lifted-polyps,dyed-resection-margins,False,0.10421162843704224,0.895788311958313,2.2216185488477258e-11,2.2469767474615765e-13,3.2506003199209415e-15,5.944891714321221e-12,6.5769219971946284e-15,3.845632495037615e-15,dyed-lifted-polyps/6f1ee301-8bb8-4cda-b04f-5f11593b528b.jpg
1,0,dyed-resection-margins,dyed-lifted-polyps,False,0.7072553038597107,0.1977839469909668,0.0018125660717487335,0.006806253455579281,0.004916204605251551,0.009026538580656052,0.05783376470208168,0.014565435238182545,dyed-resection-margins/4e0741ee-d57b-4d2b-b532-0535e4cb00d4.jpg
4,4,normal-pylorus,normal-pylorus,True,5.221192623139359e-05,3.0074543246882968e-05,0.024000544100999832,0.00013120044604875147,0.8742902874946594,0.09138034284114838,0.006823881529271603,0.003291511442512274,normal-pylorus/a4271b8a-90d7-436e-aa81-ceaeb25d081e.jpg
3,3,normal-cecum,normal-cecum,True,0.005301544908434153,0.0015441763680428267,1.2541563592094462e-06,0.7727762460708618,8.53978781378828e-06,2.243832796011702e-06,0.18456272780895233,0.03580324724316597,normal-cecum/2029d77f-86c4-49ee-bfe8-352d7deb171e.jpg
7,7,ulcerative-colitis,ulcerative-colitis,True,0.005464321933686733,0.0008912364719435573,8.501415322825778e-07,0.03960441052913666,5.607321145362221e-05,7.091979568940587e-06,0.47376322746276855,0.4802128076553345,ulcerative-colitis/24e3b8b5-5a1f-43f8-b4df-39adcd372360.jpg
4,6,normal-pylorus,polyps,False,0.009319375269114971,0.002704247832298279,0.11833357810974121,0.002765983808785677,0.16930639743804932,0.07103446125984192,0.5651527643203735,0.06138318032026291,normal-pylorus/2cb59460-3851-4a63-ac53-2575fc705d91.jpg
6,6,polyps,polyps,True,0.0032369159162044525,0.0008652755059301853,8.689342212164775e-05,0.00489897420629859,0.0006898604333400726,0.0002950126363430172,0.9741389751434326,0.015788042917847633,polyps/585ed425-f88e-4866-92c9-847ea9dd279f.jpg
3,3,normal-cecum,normal-cecum,True,0.005587476771324873,0.0016612239414826035,2.058526888504275e-06,0.4712444841861725,0.00024069281062111259,3.0667004466522485e-05,0.4488941729068756,0.07233922928571701,normal-cecum/7dedfd42-79ba-446d-86d1-bb78350e14bf.jpg
7,7,ulcerative-colitis,ulcerative-colitis,True,0.004921087063848972,0.0010156361386179924,1.2674871641138452e-07,0.1670912504196167,7.246813765959814e-05,1.1146311180709745e-06,0.23081089556217194,0.5960873961448669,ulcerative-colitis/60d47817-2a44-49e4-ad6a-a85413b5089f.jpg
7,6,ulcerative-colitis,polyps,False,0.007082800846546888,0.0012165098451077938,1.5754422975078342e-06,0.08903457969427109,0.0008048130548559129,1.688470183580648e-05,0.7027434706687927,0.19909940659999847,ulcerative-colitis/698f130b-41ff-414d-908c-8d8c0f82d4a8_00001725.jpg
7,6,ulcerative-colitis,polyps,False,0.0026242644526064396,0.0011704961070790887,0.005533798132091761,0.005347284488379955,0.011790022253990173,0.0037005911581218243,0.7600705623626709,0.20976300537586212,ulcerative-colitis/475ccd47-8da2-4d36-b960-9b5f98a6e9bd.jpg
1,1,dyed-resection-margins,dyed-resection-margins,True,0.22550301253795624,0.774495005607605,2.6228459404364912e-09,1.95326379071048e-06,4.189491201872508e-12,4.9418700243109015e-09,9.240274323474296e-09,2.3325850140309967e-09,dyed-resection-margins/90aab213-c306-4571-872f-ca64de8663cc.jpg
6,6,polyps,polyps,True,0.003263611113652587,0.0005992518272250891,1.169859660876682e-05,0.07395745813846588,0.000721732503734529,3.315157300676219e-05,0.8063923120498657,0.11502078175544739,polyps/1ca07a42-56c0-45fd-b00d-0a012ea0aa25.jpg
2,2,esophagitis,esophagitis,True,0.00013960892101749778,0.00010998327343259007,0.895597517490387,7.619174041684218e-11,2.168529363189009e-06,0.10414920002222061,1.2660324273383594e-06,1.7957185605155246e-07,esophagitis/448fe4c5-3828-4b16-b19c-96c36fafe375.jpg
7,7,ulcerative-colitis,ulcerative-colitis,True,0.004746509715914726,0.0010358910076320171,2.6469811928109266e-05,0.002374500036239624,8.081206033239141e-05,7.102691597538069e-05,0.20450817048549652,0.7871566414833069,ulcerative-colitis/5414d2a8-be45-4d37-9443-fcd95b23f694.jpg
7,6,ulcerative-colitis,polyps,False,0.0034737377427518368,0.0014924353454262018,6.405916064977646e-05,0.1356426328420639,0.01238251756876707,0.00038038211641833186,0.4617565870285034,0.38480764627456665,ulcerative-colitis/29fa25de-290b-475d-a1c5-423a0f2d8ce0.jpg
2,2,esophagitis,esophagitis,True,0.000333718053298071,0.0001049271595547907,0.822077751159668,3.589603636555694e-07,0.002034406643360853,0.1748766005039215,0.00041829567635431886,0.00015390336920972914,esophagitis/967e3bf2-ede9-4af8-b601-17389642ed1d.jpg
2,2,esophagitis,esophagitis,True,0.001045447075739503,0.00045496440725401044,0.6270744800567627,1.3287849753851333e-07,0.000841753208078444,0.3702375292778015,0.00022703128342982382,0.00011865693522850052,esophagitis/1f6f6180-0dca-4140-bbac-d52b948ccc72.jpg
0,0,dyed-lifted-polyps,dyed-lifted-polyps,True,0.7499626874923706,0.1921973079442978,1.1881463251484092e-05,0.03370148316025734,2.538931403250899e-05,2.298855542903766e-05,0.017665119841694832,0.006413112860172987,dyed-lifted-polyps/6f2c5da1-0274-4423-89a3-fee48dad9a70.jpg
5,2,normal-z-line,esophagitis,False,1.7046058928826824e-05,3.7393212551251054e-05,0.5501455068588257,2.923265741885256e-13,3.226925855415175e-07,0.4497997462749481,2.444372260157479e-09,9.49652134707435e-10,normal-z-line/27620e07-5a2f-4e4f-924a-d0593dc28083.jpg
2,2,esophagitis,esophagitis,True,0.00011549338523764163,9.125821088673547e-05,0.9199045896530151,9.445162750879033e-13,3.059782898162666e-07,0.07988836616277695,1.3666281439839167e-08,2.4087110084280994e-09,esophagitis/a8509083-57f3-4269-baca-7aedb26178e5.jpg
7,6,ulcerative-colitis,polyps,False,0.03126321732997894,0.005365049000829458,6.243422831175849e-06,0.1715254783630371,6.029314317856915e-05,1.980826345970854e-05,0.4939400255680084,0.29781991243362427,ulcerative-colitis/e143d501-fa31-4cc9-a052-81f717a9639f.jpg
3,3,normal-cecum,normal-cecum,True,0.0014385731192305684,0.0003923152689822018,2.324880732373913e-08,0.8738032579421997,1.5263403838616796e-05,6.862740065116668e-07,0.11172545701265335,0.01262442022562027,normal-cecum/249777ea-7b95-4286-9337-c710d010e787.jpg
6,6,polyps,polyps,True,0.005408075172454119,0.0009821096900850534,2.9934474241599673e-06,0.07437147945165634,6.591132842004299e-05,1.2057164894940797e-05,0.7488917708396912,0.17026552557945251,polyps/b3c0d01f-c298-4f5a-823b-9f301df6482d.jpg
5,5,normal-z-line,normal-z-line,True,4.0480183088220656e-05,4.8130306822713464e-05,0.46689510345458984,1.7375564875798943e-10,7.430417554132873e-06,0.5330080986022949,3.2589582588116173e-07,4.284085548533767e-07,normal-z-line/b0c2b334-bc9f-4d3c-a554-a7300ee41d4a.jpg
7,7,ulcerative-colitis,ulcerative-colitis,True,0.004640819504857063,0.001135546714067459,4.6588582335971296e-05,0.02439710684120655,0.0006048433133400977,5.224500273470767e-05,0.3509170413017273,0.6182059049606323,ulcerative-colitis/a41907b6-55dc-4f8a-8b17-a6de4958413a.jpg
4,4,normal-pylorus,normal-pylorus,True,0.0018460432766005397,0.0007442045607604086,0.002869540126994252,0.0024795678909868,0.7201053500175476,0.03998161479830742,0.13919970393180847,0.09277402609586716,normal-pylorus/6c9be005-9c6e-4ae7-bf9f-8d0e4742ca0a.jpg
7,3,ulcerative-colitis,normal-cecum,False,0.013922181911766529,0.0062041813507676125,4.919762091049051e-07,0.34789761900901794,1.2138841157138813e-05,2.8441227186704054e-06,0.33205756545066833,0.2999029755592346,ulcerative-colitis/9a659d5d-d3c9-4724-986c-a52a8832ea8e.jpg
7,7,ulcerative-colitis,ulcerative-colitis,True,0.00274476851336658,0.0008936306112445891,4.922891821479425e-05,0.040555089712142944,0.0434185229241848,0.0005933518987149,0.16599240899085999,0.7457529902458191,ulcerative-colitis/fbe9d724-770a-4aca-9c35-4ceb6ec980be.jpg
2,5,esophagitis,normal-z-line,False,5.385874828789383e-06,2.2209904273040593e-05,0.17246663570404053,4.069636988512926e-12,1.6602892571881966e-07,0.8275055885314941,4.9183737083069445e-09,1.626080781136352e-08,esophagitis/3d9254af-0f00-4eab-9933-28ae1a8fa07e.jpg
1,0,dyed-resection-margins,dyed-lifted-polyps,False,0.6105482578277588,0.38811540603637695,0.00022235463256947696,8.437899668933824e-05,5.952056199021172e-06,0.00039499884587712586,0.0005989379133097827,2.973384289362002e-05,dyed-resection-margins/8b2cd3ae-0b47-4c83-a093-4e8de0586d96.jpg
6,6,polyps,polyps,True,0.0069794366136193275,0.001283500692807138,7.3441660788375884e-06,0.006187148857861757,0.00013222091365605593,3.14495773636736e-05,0.8588457703590393,0.12653298676013947,polyps/e6d1a3ac-871f-4f01-8a00-fbba205bedbf.jpg
0,0,dyed-lifted-polyps,dyed-lifted-polyps,True,0.6077495217323303,0.39120036363601685,0.0006224778480827808,3.974088542690879e-07,3.1560443858325016e-06,0.0003384556621313095,4.9573034630157053e-05,3.603018922149204e-05,dyed-lifted-polyps/2153159c-1c3c-4cb3-9880-e376d2a13456.jpg
3,3,normal-cecum,normal-cecum,True,0.0023426648695021868,0.0013386429054662585,8.317931587953353e-07,0.9013733863830566,0.00036501686554402113,8.523834367224481e-06,0.016709960997104645,0.0778610035777092,normal-cecum/494bf464-b95e-4ba8-a7d5-3bda5ebe7099.jpg
2,5,esophagitis,normal-z-line,False,0.0007815778371877968,0.0004017992177978158,0.3592034578323364,5.79264360567322e-06,0.0126357302069664,0.6203199028968811,0.002873492194339633,0.003778191516175866,esophagitis/3b7a4e13-6ad5-49e4-ad17-60705dd5fb43.jpg
6,6,polyps,polyps,True,0.006618322804570198,0.0014389806892722845,7.793449185555801e-05,0.006253624800592661,0.00024812450283207,7.264224404934794e-05,0.8759671449661255,0.10932331532239914,polyps/8e2e4a61-cd16-4d20-a872-72bdc0bc855d.jpg
0,1,dyed-lifted-polyps,dyed-resection-margins,False,0.22273266315460205,0.777267336845398,1.2836055773846056e-08,3.1920232516219338e-12,3.707023403520804e-12,6.7856542607103165e-09,9.424595435666983e-13,7.434026809936822e-13,dyed-lifted-polyps/d3c71b77-a9fd-4099-a297-76bbc3960a22.jpg
2,5,esophagitis,normal-z-line,False,6.7724467953667045e-06,2.2992162485024892e-05,0.45155590772628784,3.0383485170090013e-14,2.2615491701571955e-08,0.5484142303466797,3.0401342554498e-10,2.766844253709877e-10,esophagitis/56990aa3-2a8d-4493-ba6e-b73cb17d24d2.jpg
5,2,normal-z-line,esophagitis,False,6.801004929002374e-05,6.021323861205019e-05,0.6734058856964111,1.801876876872388e-11,2.5418139557586983e-06,0.32646307349205017,1.9903293946299527e-07,4.22477910433372e-08,normal-z-line/3ff0fdbb-ff96-42b6-823e-6fc57a66a426.jpg
7,6,ulcerative-colitis,polyps,False,0.005056512542068958,0.0035041405353695154,0.0018289457075297832,0.02028695121407509,0.005179579835385084,0.002261621179059148,0.9027413725852966,0.05914079770445824,ulcerative-colitis/ae68bef5-8ca4-42fd-a275-d34ee4ea8c14_00003005.jpg
4,4,normal-pylorus,normal-pylorus,True,4.583304689731449e-05,1.1854783224407583e-05,0.0003192717267666012,0.0008752906578592956,0.9716543555259705,0.002484704600647092,0.022832021117210388,0.0017765479860827327,normal-pylorus/faaf601c-5fa9-4b0f-9562-7c1ce2eff572.jpg
6,6,polyps,polyps,True,0.007882921025156975,0.0020114672370254993,9.36076230573235e-06,0.09057150781154633,0.00013496897008735687,0.00010092871525557712,0.8771365880966187,0.022152209654450417,polyps/1f05bae6-ff57-4c42-8648-715e3f60b387.jpg
1,0,dyed-resection-margins,dyed-lifted-polyps,False,0.5551848411560059,0.4447309970855713,6.183317395880294e-07,3.3925014577107504e-05,1.6762561472205562e-07,6.146443070065288e-07,4.406304651638493e-05,4.673044713854324e-06,dyed-resection-margins/3899a73d-f7cd-4ea8-b643-e189bf94f6fb.jpg
4,4,normal-pylorus,normal-pylorus,True,4.499170609051362e-05,1.3669868167198729e-05,0.012727959081530571,2.4070935978670605e-05,0.9463701248168945,0.03744729980826378,0.0032129925675690174,0.0001588854647707194,normal-pylorus/dee117e6-b8c9-48e0-ab14-86fd7174b10a.jpg
7,3,ulcerative-colitis,normal-cecum,False,0.011597654782235622,0.0038491517771035433,2.7399723876442295e-06,0.7053778171539307,1.3797348401567433e-05,6.997018772381125e-06,0.2248813658952713,0.05427047237753868,ulcerative-colitis/45f2bb33-9a0c-4ab1-bfd2-01326ed4578d.jpg
2,2,esophagitis,esophagitis,True,2.5285131414420903e-05,3.4917815355584025e-05,0.6686110496520996,5.042066417160207e-11,1.886207792267669e-05,0.3313097059726715,1.216002800674687e-07,4.3925602710714884e-08,esophagitis/17e2a780-7946-4cd5-8400-492d08b3ccea.jpg
6,6,polyps,polyps,True,0.007450643461197615,0.00105269905179739,4.780094513989752e-06,0.02783549390733242,0.00018959055887535214,2.1407722670119256e-05,0.6570447087287903,0.3064006567001343,polyps/a8057fb6-2c32-4c72-ac7f-9c0501ff845a.jpg
5,5,normal-z-line,normal-z-line,True,4.5006043364992365e-05,8.171628724085167e-05,0.41846638917922974,1.5463774705182232e-09,2.717587813094724e-05,0.5813771486282349,1.09224959032872e-06,1.5106128330444335e-06,normal-z-line/1b5968d2-ab34-4ac1-8cfb-e477081da1ef.jpg
2,5,esophagitis,normal-z-line,False,0.0008046218426898122,0.0005591585650108755,0.408069372177124,1.3396762597039924e-06,0.004579477943480015,0.58372563123703,0.0012066864874213934,0.0010536706540733576,esophagitis/172131a5-6777-4c63-b16d-cf3963ce7c5d.jpg
6,6,polyps,polyps,True,0.003221523016691208,0.0009571528062224388,0.00020908861188217998,0.00883898138999939,0.0011888013686984777,0.0005109661142341793,0.9692971706390381,0.015776239335536957,polyps/ae94e672-677c-449c-a035-815f36b932ee.jpg
3,3,normal-cecum,normal-cecum,True,0.0018968635704368353,0.0006139648612588644,1.183936291226928e-07,0.7754148840904236,3.0059112759772688e-05,2.441928472762811e-06,0.21682792901992798,0.005213813856244087,normal-cecum/e01c9722-f201-417c-85fe-ec7f217a203d.jpg
6,6,polyps,polyps,True,0.002551650395616889,0.0007902043289504945,2.0319030227256007e-06,0.15816143155097961,0.0013081590877845883,2.273422978760209e-05,0.746565043926239,0.09059873968362808,polyps/0e45e027-bdcf-4ca4-9b12-d9e2bc00245a.jpg
7,6,ulcerative-colitis,polyps,False,0.023026755079627037,0.0014440992381423712,1.2123728083679453e-06,0.0020288859959691763,7.511184776376467e-07,9.931097793014487e-07,0.8490664958953857,0.1244308352470398,ulcerative-colitis/007dcc7c-1f16-49ee-a8a1-5e752596abd5.jpg
0,0,dyed-lifted-polyps,dyed-lifted-polyps,True,0.7536730170249939,0.2432907521724701,8.238930604420602e-06,0.0017872353782877326,5.267371307127178e-06,3.581866985769011e-05,0.0008444637642242014,0.00035523681435734034,dyed-lifted-polyps/8435d203-4e3e-49e8-a3ab-484edfef3d07.jpg
3,3,normal-cecum,normal-cecum,True,0.000587809772696346,0.00033095531398430467,7.64189849178365e-08,0.9403781890869141,2.30845053010853e-05,1.0310818652214948e-06,0.04569653049111366,0.012982404790818691,normal-cecum/77e77c38-2678-4855-a485-61b68d421218.jpg
4,4,normal-pylorus,normal-pylorus,True,3.545431809470756e-06,1.059215151144599e-06,5.570716893998906e-05,0.000133730674860999,0.99837327003479,0.00031173034221865237,0.0010123656829819083,0.00010859357280423865,normal-pylorus/5f89687c-f488-40cb-96d6-78f5e52f40b8.jpg
0,0,dyed-lifted-polyps,dyed-lifted-polyps,True,0.6911002397537231,0.29087111353874207,0.0013210485922172666,0.00021424777514766902,0.00045668630627915263,0.0026504441630095243,0.012791450135409832,0.0005948035977780819,dyed-lifted-polyps/84a2005e-b11b-41ee-b212-ec0b7600ea62.jpg
1,1,dyed-resection-margins,dyed-resection-margins,True,0.16445250809192657,0.8355475068092346,1.264208269319278e-11,4.716888338252012e-12,7.095745876893004e-16,7.473888695430642e-12,5.030123791994502e-15,4.4690402738873074e-15,dyed-resection-margins/d4217886-9b0f-4abf-9e62-31b1d55ac1e0.jpg
1,6,dyed-resection-margins,polyps,False,0.4331386089324951,0.06455759704113007,0.0010045911185443401,0.00258255866356194,0.0005195121048018336,0.000798428023699671,0.4801754355430603,0.0172232985496521,dyed-resection-margins/6ee47ae4-8ece-4bfa-bdc7-daf03faa4238.jpg
1,1,dyed-resection-margins,dyed-resection-margins,True,0.45632877945899963,0.5436710715293884,3.2304050989750976e-08,1.0405374695210412e-07,5.910701095235282e-11,2.1852054388205033e-08,9.844796977631631e-09,2.739349636016186e-09,dyed-resection-margins/74db78a1-30d0-48a5-aa32-da804fc77c1e.jpg
3,6,normal-cecum,polyps,False,0.014365549199283123,0.0035706625785678625,1.9362221337360097e-06,0.35103529691696167,1.0256857422064058e-05,7.43149848858593e-06,0.5768126845359802,0.05419614911079407,normal-cecum/770fa1a7-b493-4bba-add5-446689911724.jpg
1,1,dyed-resection-margins,dyed-resection-margins,True,0.40755370259284973,0.5924462080001831,3.386439928476648e-08,8.222184738615468e-11,1.0163597394252655e-11,2.337924165374261e-08,2.2844684477441035e-11,3.8489298553878726e-11,dyed-resection-margins/e72c9ae6-a57d-48ac-ade7-6e92dd552a6d.jpg
2,2,esophagitis,esophagitis,True,3.165175803587772e-05,3.35018994519487e-05,0.6427015066146851,2.6714392850624158e-11,2.1292125893523917e-06,0.35723093152046204,1.6350347209481697e-07,8.861496070267094e-08,esophagitis/dbf45d72-58cb-4743-a02d-61bc601c7f1e.jpg
3,3,normal-cecum,normal-cecum,True,0.003309041727334261,0.0009875691030174494,2.0348554130578123e-07,0.8942963480949402,7.309234206331894e-06,7.709271017120045e-07,0.07004410028457642,0.03135457634925842,normal-cecum/54e7440d-9726-435f-a27f-245244a02c4f.jpg
0,0,dyed-lifted-polyps,dyed-lifted-polyps,True,0.7154762148857117,0.28397032618522644,1.3947907063993625e-05,0.0003439519787207246,3.7460459623162023e-08,3.4844406400225125e-06,0.00016202099504880607,3.0114899345790036e-05,dyed-lifted-polyps/b22efb41-24cb-4daf-9057-0b19742ac42c.jpg
2,2,esophagitis,esophagitis,True,0.00025182755780406296,0.0002094078517984599,0.6467325091362,6.148393794092044e-09,0.0004196431254968047,0.3523781895637512,7.451866622432135e-06,1.0397628784630797e-06,esophagitis/5a623300-3aa2-4b64-a96c-eb9b4bc7f3bf.jpg
4,4,normal-pylorus,normal-pylorus,True,8.352352597285062e-05,2.906181907746941e-05,0.01568305306136608,0.00013885948283132166,0.8926709890365601,0.0769549012184143,0.011818262748420238,0.002621403196826577,normal-pylorus/e5881299-214f-40d0-b9ef-aac22d8fe805.jpg
5,2,normal-z-line,esophagitis,False,0.00031850283266976476,0.00017892000323627144,0.61112380027771,4.210607187360438e-07,0.0025182063691318035,0.3851515054702759,0.00036102838930673897,0.0003475709818303585,normal-z-line/eade4a2c-fe15-4385-9592-134c9ed2954d.jpg
6,6,polyps,polyps,True,0.02480880357325077,0.010173928923904896,5.559214514505584e-06,0.023449065163731575,4.267622352926992e-05,2.114708513545338e-05,0.6790787577629089,0.262420117855072,polyps/006338df-e61e-4725-bb6c-dd0620f11cdc.jpg
5,5,normal-z-line,normal-z-line,True,5.519689239008585e-06,9.721600690681953e-06,0.31137099862098694,4.0704761783416643e-10,5.169007636141032e-05,0.6885609030723572,4.087516458639584e-07,8.061438165896107e-07,normal-z-line/a06940e3-5cf4-404d-a900-a6b2ba8b00fc.jpg
5,6,normal-z-line,polyps,False,0.029787741601467133,0.011305350810289383,0.17729882895946503,0.001813310431316495,0.024021582677960396,0.13956759870052338,0.6027536988258362,0.01345185935497284,normal-z-line/64b4309b-a916-4b22-8edb-14c6e030c926.jpg
0,0,dyed-lifted-polyps,dyed-lifted-polyps,True,0.6038627028465271,0.39611780643463135,7.944845492602326e-06,5.591546710093098e-07,1.7275075592237954e-08,3.820305209956132e-06,5.49962896911893e-06,1.6353156979675987e-06,dyed-lifted-polyps/9b26369a-22bd-4118-add3-16223837b40d.jpg
0,0,dyed-lifted-polyps,dyed-lifted-polyps,True,0.6727403402328491,0.32724496722221375,3.1124848192121135e-06,5.2369159675436094e-06,7.445901228919638e-09,3.02684452435642e-06,2.632769565025228e-06,6.432600230255048e-07,dyed-lifted-polyps/11b7ca25-7985-4755-ae8e-9f66c2c97545.jpg
0,0,dyed-lifted-polyps,dyed-lifted-polyps,True,0.7243889570236206,0.16168999671936035,1.4795306924497709e-05,0.01678985171020031,9.760503417055588e-06,1.7786313037504442e-05,0.06942898035049438,0.027659891173243523,dyed-lifted-polyps/0bf20651-4369-41e5-b62d-7689a682e994.jpg
2,2,esophagitis,esophagitis,True,0.002133286092430353,0.001084478572010994,0.7820908427238464,1.6654817954986356e-05,0.007197012659162283,0.18834112584590912,0.016929658129811287,0.0022069374099373817,esophagitis/949a67c8-2a8d-463f-8b60-a9741cd9975f.jpg
4,4,normal-pylorus,normal-pylorus,True,1.28414258142584e-05,4.439964868652169e-06,0.003530552377924323,3.7747729948023334e-05,0.9828550815582275,0.011752733029425144,0.001626939745619893,0.0001796651049517095,normal-pylorus/1becd2d2-27d4-467d-b534-a0513ec61fa8.jpg
2,2,esophagitis,esophagitis,True,5.441963003249839e-05,5.1623508625198156e-05,0.7199454307556152,8.658557204554995e-10,8.342015644302592e-05,0.2798626124858856,2.025597495958209e-06,5.331521606422029e-07,esophagitis/4c5f4e85-adea-4fc5-9270-32d94f6cd10c.jpg
1,1,dyed-resection-margins,dyed-resection-margins,True,0.3633784055709839,0.6366214752197266,6.930883245104269e-08,2.7561719573299115e-09,2.0321893039881855e-12,4.9573333882335646e-08,1.405927180231359e-10,1.6419438031434197e-10,dyed-resection-margins/3263b1a2-7e01-4055-bda4-166f4c413f20.jpg
5,5,normal-z-line,normal-z-line,True,0.0005900628166273236,0.00041675573447719216,0.395617812871933,4.7580041950823215e-07,0.0012610150733962655,0.6013718247413635,0.0004786465142387897,0.0002634950797073543,normal-z-line/8e8e200c-545d-4cd8-96ba-c003b46f56f3.jpg
2,2,esophagitis,esophagitis,True,4.101589729543775e-05,0.00015030745998956263,0.792992889881134,1.3800738980426774e-13,3.862727737669047e-08,0.20681573450565338,1.6014181092316448e-09,3.6285707771810394e-09,esophagitis/eeac41bd-363d-4a6e-bf4a-b5fd34ba992b.jpg
3,3,normal-cecum,normal-cecum,True,0.012705596163868904,0.002475040964782238,1.2306260259720148e-06,0.5562478303909302,1.3656289411301259e-05,2.736376018219744e-06,0.3725479543209076,0.05600586161017418,normal-cecum/3f3eacce-e63b-45f4-a890-ade671eb1135.jpg
5,2,normal-z-line,esophagitis,False,0.00011722494673449546,7.2318478487432e-05,0.6389038562774658,1.4612235865740786e-09,0.00014610712241847068,0.3607560396194458,3.656098670035135e-06,8.823020039017138e-07,normal-z-line/763600b9-ac84-452e-9d56-c070c17477bf.jpg
4,4,normal-pylorus,normal-pylorus,True,0.0011948627652600408,0.0004930800059810281,0.0019786059856414795,0.002922775223851204,0.789475679397583,0.02597026526927948,0.15959109365940094,0.018373627215623856,normal-pylorus/d7a787d4-abb9-48f5-a144-e8819362a551.jpg
7,3,ulcerative-colitis,normal-cecum,False,0.0020484367851167917,0.0009238889906555414,1.2343648450041655e-06,0.7399254441261292,0.00023478880757465959,1.2987995432922617e-05,0.16663521528244019,0.09021803736686707,ulcerative-colitis/17f2d1a8-48e5-4cb5-a76b-57897b6161fd.jpg
4,2,normal-pylorus,esophagitis,False,0.0010062536457553506,0.0004401021869853139,0.4423595666885376,0.00011922721023438498,0.3793742060661316,0.1410466432571411,0.03246116265654564,0.003192743519321084,normal-pylorus/cd5bfd00-a60f-48b9-b892-222f509e7388.jpg
3,3,normal-cecum,normal-cecum,True,0.005334408953785896,0.002964872168377042,1.5747230008855695e-07,0.912624180316925,1.8077437289321097e-06,1.1220544138268451e-06,0.06611413508653641,0.012959208339452744,normal-cecum/806b485d-f403-4eab-b405-14d19bd9665e.jpg
6,3,polyps,normal-cecum,False,0.002032669261097908,0.0006477226852439344,2.0239865250459843e-07,0.7415753602981567,0.000385371211450547,1.0435147487442009e-05,0.226055309176445,0.029292965307831764,polyps/88614fc5-d141-42e4-bfb1-5bb43476f8ca.jpg
6,6,polyps,polyps,True,0.002837472129613161,0.0008205257472582161,1.2925618648296222e-05,0.04684751480817795,0.0011419575894251466,5.884252823307179e-05,0.8974246978759766,0.050856124609708786,polyps/445dd4f8-9fc7-4144-a8c7-be8cdb1a3113.jpg
0,0,dyed-lifted-polyps,dyed-lifted-polyps,True,0.5552714467048645,0.4447106420993805,5.136736035638023e-06,1.074564579539583e-07,1.513254659357699e-07,1.0139300684386399e-05,2.2762715161661617e-06,1.7358387083277194e-07,dyed-lifted-polyps/19092f6c-bb96-44ed-819c-8ff7eab7b238.jpg
4,4,normal-pylorus,normal-pylorus,True,0.004555117338895798,0.0014177128905430436,0.0040772524662315845,0.008591236546635628,0.6535117626190186,0.0328202024102211,0.182193785905838,0.11283306032419205,normal-pylorus/eb5a4cc2-ba85-4a93-a43d-6a32db465e15.jpg
6,6,polyps,polyps,True,0.0019273420330137014,0.0006976450677029788,1.2899751027362072e-06,0.05885973572731018,0.001826935214921832,3.729331001522951e-05,0.8873738050460815,0.049275994300842285,polyps/746c187e-9943-41e4-a6e7-1667881b2735.jpg
4,4,normal-pylorus,normal-pylorus,True,0.0005867204163223505,0.00018638931214809418,0.0031757561955600977,0.0005848760483786464,0.8597978353500366,0.04729341343045235,0.08082350343465805,0.007551522459834814,normal-pylorus/b99a41fe-1c10-4020-a67b-eefc32529e95.jpg
6,6,polyps,polyps,True,0.0430583693087101,0.009665176272392273,0.00041148587479256094,0.003936948720365763,0.00023801079078111798,0.0003668805002234876,0.8555749654769897,0.0867481380701065,polyps/36afa3ba-ad19-467a-af3a-549250e5b473.jpg
7,7,ulcerative-colitis,ulcerative-colitis,True,0.0028435951098799706,0.0009767678566277027,3.10017385345418e-05,0.008329177275300026,0.001344857970252633,0.0001261388824786991,0.38304007053375244,0.6033084392547607,ulcerative-colitis/88035563-df5b-4f9b-8289-b2a8e4e8ef4a.jpg
3,3,normal-cecum,normal-cecum,True,0.0015554736601188779,0.0003840237914118916,2.6319089130311113e-08,0.8936739563941956,1.2240395335538778e-05,6.928831339791941e-07,0.09542354196310043,0.008950031362473965,normal-cecum/3238cd25-1518-4165-9d90-e2be06312a76.jpg
5,5,normal-z-line,normal-z-line,True,0.0002635721757542342,0.00025087958783842623,0.24378801882266998,3.140243052257574e-07,0.001443036599084735,0.7538881301879883,0.00026240479201078415,0.0001036976755131036,normal-z-line/2c79764a-6ea8-4cd8-8d84-a8d87b7b53b1.jpg
5,5,normal-z-line,normal-z-line,True,0.0021336597856134176,0.0008624234469607472,0.270562082529068,7.119032670743763e-05,0.09956410527229309,0.5968591570854187,0.021155761554837227,0.008791704662144184,normal-z-line/391aa9af-07ae-4ae3-8a6c-ddf967145603.jpg
0,1,dyed-lifted-polyps,dyed-resection-margins,False,0.4827885329723358,0.5172020196914673,8.533901564078405e-06,1.565556040361571e-08,8.006023621831559e-10,6.479727403529978e-07,2.0545871848298702e-07,3.653604352393813e-08,dyed-lifted-polyps/73932b1b-fd8d-48bd-a788-efd3b7f7409b.jpg
7,6,ulcerative-colitis,polyps,False,0.06345422565937042,0.013063209131360054,0.0030483626760542393,0.003899965900927782,0.0014909005258232355,0.0028895081486552954,0.5514137148857117,0.36074015498161316,ulcerative-colitis/ae68bef5-8ca4-42fd-a275-d34ee4ea8c14_00000636.jpg
2,2,esophagitis,esophagitis,True,0.00020883280376438051,6.626128015341237e-05,0.8970300555229187,5.5516935049126914e-08,0.0023391074500977993,0.10022121667861938,0.00012046914343954995,1.3960004253021907e-05,esophagitis/ec2bd839-2704-4101-9704-8fb0e9c6524a.jpg
7,6,ulcerative-colitis,polyps,False,0.003551211440935731,0.0009320350945927203,1.3904421791721688e-07,0.458654522895813,0.00011017166980309412,4.659460046241293e-06,0.48318591713905334,0.053561389446258545,ulcerative-colitis/7a1032e2-84e3-44cb-b570-16c697a80ae4.jpg
3,3,normal-cecum,normal-cecum,True,0.0020396828185766935,0.0005572995287366211,4.4733937443197647e-08,0.7776545882225037,1.4260234820540063e-05,8.909145776669902e-07,0.20493623614311218,0.014797111973166466,normal-cecum/21fb4d5e-ca0d-45a7-9c6c-780e2591b57e.jpg
7,6,ulcerative-colitis,polyps,False,0.009836635552346706,0.00251393741928041,1.2648152733163442e-05,0.11975613236427307,0.00040596656617708504,6.306605064310133e-05,0.5629065632820129,0.3045051395893097,ulcerative-colitis/2dcadd3f-12d3-4cbf-b5d0-2f4b1bfe51b9.jpg
1,0,dyed-resection-margins,dyed-lifted-polyps,False,0.7117043137550354,0.2870139479637146,8.2279002526775e-05,1.7463115000282414e-05,1.9015881207451457e-06,2.0750365365529433e-05,0.0009715619380585849,0.00018788641318678856,dyed-resection-margins/6bc45c69-8764-4380-bae9-9181692739b9.jpg
2,2,esophagitis,esophagitis,True,0.00010009688412537798,8.382347732549533e-05,0.8567556738853455,5.549774417801245e-09,0.00024135394778568298,0.1428055465221405,1.2282144780328963e-05,1.2532865412140382e-06,esophagitis/cf6f6ddd-7133-4daf-89c6-2c967bd08969.jpg
7,7,ulcerative-colitis,ulcerative-colitis,True,0.005399011075496674,0.0011438974179327488,7.930254469101783e-06,0.0003507440269459039,8.366389920411166e-06,2.504924168533762e-06,0.3604685068130493,0.6326191425323486,ulcerative-colitis/c8546c4f-3fe5-4274-b5c8-5f40993d50a8.jpg
3,3,normal-cecum,normal-cecum,True,0.0053855241276323795,0.0008936097729019821,7.283302494442978e-08,0.5324974656105042,1.3217922059993725e-05,9.69260213423695e-07,0.19043764472007751,0.27077141404151917,normal-cecum/34a3ba05-50ed-4e0d-b02c-3b32a720279b.jpg
2,2,esophagitis,esophagitis,True,3.962600203522015e-06,8.78321679920191e-06,0.7747567296028137,3.708020557811366e-15,9.1061513884938e-09,0.22523054480552673,1.4389944791304288e-10,8.583472127510205e-11,esophagitis/c7ea0395-7b19-4451-939a-e5f99c41a680.jpg
3,3,normal-cecum,normal-cecum,True,0.0015471051447093487,0.00045769099961034954,1.1554286416526338e-08,0.7797873616218567,2.3920269995869603e-06,1.1963135193582275e-07,0.2079111635684967,0.010294154286384583,normal-cecum/dc7130b5-34c7-4169-9b9c-57b962625b22.jpg
4,4,normal-pylorus,normal-pylorus,True,4.722630819742335e-06,1.3653133237312431e-06,0.0014264238998293877,1.679470733506605e-05,0.9894709587097168,0.007865301333367825,0.0011532490607351065,6.126387597760186e-05,normal-pylorus/fce1f69b-f46a-41c7-9424-487aed1b69c2.jpg
2,2,esophagitis,esophagitis,True,0.0020908808801323175,0.0007909447303973138,0.6995604038238525,9.258475984097458e-06,0.010849680751562119,0.2791242003440857,0.00612725829705596,0.0014472401235252619,esophagitis/936144be-2bd4-4cc5-9fe5-1d79b4edea25.jpg
6,6,polyps,polyps,True,0.011633206158876419,0.0020126427989453077,8.183530553651508e-06,0.02145340107381344,4.138519670959795e-06,3.5990178730571643e-06,0.9352239370346069,0.02966088056564331,polyps/fe59cfff-f9ea-42d6-bf6a-f7138bd7ae97.jpg
0,6,dyed-lifted-polyps,polyps,False,0.36419886350631714,0.09936892986297607,0.0009904789039865136,0.004001545254141092,0.023705771192908287,0.004619748331606388,0.48653823137283325,0.016576511785387993,dyed-lifted-polyps/8cd0e7d2-661f-4de6-8755-ac4b086e7d86.jpg
5,2,normal-z-line,esophagitis,False,1.7780092093744315e-05,2.79042524198303e-05,0.5286094546318054,4.687685239979089e-10,2.5676614313852042e-05,0.47131794691085815,6.34703951618576e-07,5.949098635937844e-07,normal-z-line/d58e4d2d-0bff-4529-ac26-d4af1c0869d2.jpg
3,3,normal-cecum,normal-cecum,True,0.0013422591146081686,0.0003951996623072773,4.686443233481441e-08,0.9189479351043701,6.168656000227202e-06,3.6040228224010207e-07,0.0687389075756073,0.010569115169346333,normal-cecum/5da558c7-0e7e-40ab-8363-e263e22b64f9.jpg
1,0,dyed-resection-margins,dyed-lifted-polyps,False,0.634208619594574,0.29819586873054504,6.60884040826204e-07,0.05170883983373642,4.377925506560132e-06,4.195856035948964e-06,0.014849791303277016,0.0010276403045281768,dyed-resection-margins/16ce4c26-8983-46cc-be67-43f809211334.jpg
1,0,dyed-resection-margins,dyed-lifted-polyps,False,0.5415598750114441,0.45836836099624634,3.10950234450047e-08,6.108247180236503e-05,1.8835261128558045e-10,2.24654872482688e-08,8.474321475659963e-06,2.0821692032768624e-06,dyed-resection-margins/6bdfadc1-6ccb-4040-a1b1-825c1a1292b5.jpg
0,1,dyed-lifted-polyps,dyed-resection-margins,False,0.4507552981376648,0.549241840839386,1.0900113238676568e-06,3.4080889221854704e-09,3.220878452836473e-09,1.7597589021534077e-06,1.0298066399627714e-08,2.2482707251469947e-08,dyed-lifted-polyps/48c4bde0-ad74-4007-bcda-1582fe870b06.jpg
5,5,normal-z-line,normal-z-line,True,0.0003347904421389103,0.00031606931588612497,0.17747507989406586,9.293624714246107e-08,0.0005977278924547136,0.8209387063980103,9.141757618635893e-05,0.00024605164071545005,normal-z-line/c38ae957-4556-4993-b0e0-7e2cde4f62c1.jpg
5,5,normal-z-line,normal-z-line,True,7.365737019426888e-06,9.646475518820807e-06,0.2688301205635071,3.072862797548481e-10,3.666111661004834e-05,0.7311154007911682,3.802512082984322e-07,4.608918686699326e-07,normal-z-line/e9db23b7-b19c-4bd4-9b2d-2166b036d095.jpg
2,2,esophagitis,esophagitis,True,9.755665814736858e-05,5.842861355631612e-05,0.9215574264526367,7.783079736256582e-11,6.029313681210624e-06,0.07827991992235184,4.977139838047151e-07,1.245011418404829e-07,esophagitis/942c3b8a-7b96-4722-8b49-cdb582d6fdf7.jpg
4,4,normal-pylorus,normal-pylorus,True,0.0007806677604094148,0.0003484840563032776,0.002356917830184102,0.01241501048207283,0.8921549320220947,0.003887149738147855,0.06766650080680847,0.02039031684398651,normal-pylorus/8a26ecf7-2a97-4c74-8ecb-b1806b362131.jpg
7,7,ulcerative-colitis,ulcerative-colitis,True,0.01545589417219162,0.004153224173933268,3.0533940389432246e-06,0.016927385702729225,5.804315151181072e-05,7.476561222574674e-06,0.22361460328102112,0.7397803068161011,ulcerative-colitis/ae68bef5-8ca4-42fd-a275-d34ee4ea8c14_00000224.jpg
1,0,dyed-resection-margins,dyed-lifted-polyps,False,0.5456384420394897,0.45434942841529846,2.135323484253604e-06,7.840574767215003e-07,7.682140079623423e-08,6.211695563251851e-06,2.67093696493248e-06,3.1435854452865897e-07,dyed-resection-margins/2431034c-f6e2-48af-9f81-c16681ab7654.jpg
1,0,dyed-resection-margins,dyed-lifted-polyps,False,0.5214923620223999,0.47850725054740906,2.9866095019315253e-07,9.355875185690365e-09,5.910807954201402e-11,4.840665468464067e-08,6.764629745248385e-09,5.144305870175003e-09,dyed-resection-margins/36d2ba41-d489-4bee-a164-97cded7319b6.jpg
1,1,dyed-resection-margins,dyed-resection-margins,True,0.24551650881767273,0.7544835209846497,7.578293548249349e-09,3.639417933687383e-11,3.403378056807127e-12,4.826676391900264e-09,4.974795315276781e-12,2.3072416373282056e-12,dyed-resection-margins/1d396354-b660-47ab-9d7c-330c1260e6f6.jpg
6,6,polyps,polyps,True,0.025609731674194336,0.004897914826869965,0.0009539705934002995,0.00875185988843441,0.000680403143633157,0.00032256869599223137,0.6882168054580688,0.2705667018890381,polyps/b7c6d24e-d670-4012-9def-23d4429d9a19.jpg
7,7,ulcerative-colitis,ulcerative-colitis,True,0.003531248541548848,0.0009396172827109694,2.293371608175221e-07,0.3329484760761261,0.0011997962137684226,1.01958839877625e-05,0.2892262637615204,0.3721441924571991,ulcerative-colitis/0046dd24-a4c0-4923-a07a-15be898182e2.jpg
1,0,dyed-resection-margins,dyed-lifted-polyps,False,0.5392458438873291,0.4605514109134674,8.779205806774826e-09,0.00019243461429141462,1.3862460512825692e-08,4.4161566847833456e-08,7.168260708567686e-06,3.023396175194648e-06,dyed-resection-margins/3a01ac6e-a859-44fd-9858-4281ed868f74.jpg
7,7,ulcerative-colitis,ulcerative-colitis,True,0.005303151905536652,0.0016591420862823725,1.4559749672571343e-07,0.24862530827522278,8.83338216226548e-05,1.3985032865093672e-06,0.25628694891929626,0.4880356192588806,ulcerative-colitis/13c874a6-6508-4870-a569-0949f4ff1ab7.jpg
3,3,normal-cecum,normal-cecum,True,0.0009210658026859164,0.00032072776230052114,2.8243924532489473e-08,0.9441496133804321,3.9081227441783994e-05,1.165970161309815e-06,0.03417763486504555,0.02039070427417755,normal-cecum/ae4a6a20-cc3f-4e91-884f-0b5dc21001d3.jpg
4,4,normal-pylorus,normal-pylorus,True,0.003228323068469763,0.0007931388099677861,0.0007700356072746217,0.01211155392229557,0.5287690758705139,0.012031100690364838,0.40778887271881104,0.03450788930058479,normal-pylorus/7da4b6f7-6a5d-4ae2-8d2f-08542725080f.jpg
7,7,ulcerative-colitis,ulcerative-colitis,True,0.010743540711700916,0.0013904357329010963,2.1033389202784747e-05,0.017644673585891724,0.00039513016236014664,2.5238383386749774e-05,0.4208207428455353,0.5489591956138611,ulcerative-colitis/4289c63c-6ca8-42e9-aa54-dbdf7fdad3a8.jpg
3,3,normal-cecum,normal-cecum,True,0.001433529076166451,0.0002879469539038837,2.7281421566272e-09,0.9178227186203003,1.4251688753574854e-06,3.522899305608007e-08,0.036710355430841446,0.04374396428465843,normal-cecum/c47b27b9-e9ca-40c7-8888-e28407130720.jpg
2,5,esophagitis,normal-z-line,False,0.0007690821657888591,0.000252923637162894,0.3273056745529175,1.2411977650117478e-06,0.0067475358955562115,0.6628351211547852,0.0013492997968569398,0.0007391381659545004,esophagitis/06bf814c-3ade-4a4c-812e-a4bd2ff569d9.jpg
0,1,dyed-lifted-polyps,dyed-resection-margins,False,0.2396840900182724,0.7603158950805664,1.4741901921411227e-08,1.5358395111242373e-11,9.12321216836598e-13,2.552618116880012e-09,2.6614010474601546e-12,1.1110824716872858e-12,dyed-lifted-polyps/4b5b559b-2603-4181-b0e6-433b9365f68e.jpg
1,1,dyed-resection-margins,dyed-resection-margins,True,0.3739524781703949,0.6260438561439514,2.580036607469083e-06,6.224713522406944e-10,2.917688535220009e-09,1.02803483059688e-06,7.88851028943327e-09,1.3343712801372476e-09,dyed-resection-margins/14110694-9cf3-4dc6-a63c-b2e10c19633b.jpg
1,0,dyed-resection-margins,dyed-lifted-polyps,False,0.5552754998207092,0.44469934701919556,7.157649406508426e-08,2.4590994144091383e-05,7.020388437251057e-11,1.2298879425998166e-07,2.779064516289509e-07,1.066130721483205e-07,dyed-resection-margins/9faf1303-c0e4-482b-a25a-11f39c8e0f33.jpg
2,2,esophagitis,esophagitis,True,0.0004136012867093086,0.00022497879399452358,0.8226169943809509,1.5287660914964363e-07,0.0013506961986422539,0.17523741722106934,0.0001265856990357861,2.9554676075349562e-05,esophagitis/5bc98f3f-7bde-4163-b936-5c80c847d5c3.jpg
2,2,esophagitis,esophagitis,True,0.00142532994505018,0.00048301892820745707,0.7559500336647034,2.501819153621909e-06,0.003572026500478387,0.23325112462043762,0.0039634695276618,0.0013524785172194242,esophagitis/a3d9f1de-d7bb-4e24-8676-5c7c6f1ef0cf.jpg
0,0,dyed-lifted-polyps,dyed-lifted-polyps,True,0.5248852372169495,0.4749760329723358,0.00011734472354874015,3.252331026715183e-08,4.22220836071574e-08,1.548435648146551e-05,4.128584805584978e-06,1.6397304989368422e-06,dyed-lifted-polyps/df7bdf5b-167f-4ab4-b418-496a6538d475.jpg
1,0,dyed-resection-margins,dyed-lifted-polyps,False,0.5183393359184265,0.4816591739654541,7.438339366672153e-07,9.202856432466433e-08,4.491048422039512e-09,6.103510941102286e-07,6.223164916718815e-08,1.5896842953111445e-08,dyed-resection-margins/0a3e9cb8-fb1b-4849-97e0-dbf433bad813.jpg
3,3,normal-cecum,normal-cecum,True,0.0010093323653563857,0.0003469001385383308,9.093498398726751e-09,0.9332152009010315,1.007040191325359e-05,2.6851793677451496e-07,0.05230037495493889,0.01311776414513588,normal-cecum/0ee6110f-c4dc-4fd6-9bad-bd2240f84849.jpg
7,6,ulcerative-colitis,polyps,False,0.0052424329333007336,0.0016707935137674212,5.620536740025273e-06,0.21917377412319183,0.0009781370172277093,2.344580934732221e-05,0.3953823745250702,0.3775234520435333,ulcerative-colitis/16f78b82-2015-4006-966d-c95ccee181ae.jpg
6,6,polyps,polyps,True,0.009992866776883602,0.002201271243393421,5.086114015284693e-06,0.1877918243408203,1.3670897715201136e-05,7.963706593727693e-06,0.7747381925582886,0.025249207392334938,polyps/2647375e-0e9a-4b90-9f05-dc537c572448.jpg
5,5,normal-z-line,normal-z-line,True,1.4599050700780936e-05,2.383976425335277e-05,0.37830621004104614,1.9850851518121715e-10,1.680862987996079e-05,0.6216380596160889,2.2294736368166923e-07,2.3543084637367429e-07,normal-z-line/7b43791a-6a4f-4699-8d80-3a673b62637e.jpg
5,2,normal-z-line,esophagitis,False,0.0002418495569145307,0.00021251567522995174,0.7421556115150452,3.25135914636121e-07,0.003796325996518135,0.2533544600009918,0.00018296668713446707,5.5907956266310066e-05,normal-z-line/5fbceba3-f8d3-48bc-966a-eec03b425fb2.jpg
2,2,esophagitis,esophagitis,True,0.00028481738991104066,0.0001281530421692878,0.9736547470092773,5.304614081325099e-09,4.0417853597318754e-05,0.02587279863655567,1.7414995454601012e-05,1.737219008646207e-06,esophagitis/ee9948d8-36f7-47b8-9424-999071cc0c7a.jpg
3,3,normal-cecum,normal-cecum,True,0.0005325909587554634,0.000166105484822765,3.4750786692683278e-09,0.9639706015586853,1.0470802408235613e-05,9.90746045204105e-08,0.01584823615849018,0.019472014158964157,normal-cecum/2522f32b-d8e1-4821-83d4-40b66d4dfc79.jpg
4,4,normal-pylorus,normal-pylorus,True,0.002222189214080572,0.0004298971616663039,0.004661112558096647,0.002576334634795785,0.58212810754776,0.06777264922857285,0.29297372698783875,0.04723600298166275,normal-pylorus/5f01c7bb-cb96-47ec-bb6f-95bbaaf6592b.jpg
6,6,polyps,polyps,True,0.010756499134004116,0.002202004427090287,1.784692926776188e-06,0.31223154067993164,9.354351277579553e-06,2.4931175630626967e-06,0.6153863072395325,0.059410084038972855,polyps/4ef71fd3-2d23-4d6a-92b7-a41b2a42c506.jpg
6,6,polyps,polyps,True,0.0165204219520092,0.003962179645895958,6.431951078411657e-06,0.1765352487564087,0.00040721200639382005,6.35555261396803e-05,0.6249827742576599,0.177522212266922,polyps/55cbb2b1-779a-42cf-bec8-5b9647740fab.jpg
4,6,normal-pylorus,polyps,False,0.0016370780067518353,0.0005477503291331232,0.0012583242496475577,0.0508413203060627,0.09606264531612396,0.0010668630711734295,0.7735971212387085,0.07498884946107864,normal-pylorus/7b90f671-e163-4c78-93c4-604ef72b8d3d.jpg
6,6,polyps,polyps,True,0.006755962036550045,0.001910288236103952,0.0003961451002396643,0.001864567049778998,0.0021230748388916254,0.0005524290027096868,0.7033314108848572,0.283066064119339,polyps/c6b88fab-1a32-4e2c-a192-83bc8a4c9e96.jpg
3,3,normal-cecum,normal-cecum,True,0.0006449668435379863,0.00018339826783630997,1.5673485620482097e-08,0.9661664962768555,2.0013847461086698e-05,2.580624993697711e-07,0.015594800934195518,0.017390109598636627,normal-cecum/e8437829-a5d6-4dd5-a2bb-be094b311ee8.jpg
3,3,normal-cecum,normal-cecum,True,0.0025498662143945694,0.0006453902460634708,2.197530690750682e-08,0.6745502352714539,8.231652464019135e-05,4.6153459720699175e-07,0.10888136923313141,0.21329030394554138,normal-cecum/9f0d036c-d792-4876-ab8a-cf86bb4f804d.jpg
2,2,esophagitis,esophagitis,True,0.010873514227569103,0.0028532673604786396,0.5534897446632385,0.00017135709640569985,0.07503289729356766,0.18662337958812714,0.08814495801925659,0.08281084895133972,esophagitis/cc4ea119-4407-483f-af61-96c18d5a525a.jpg
2,2,esophagitis,esophagitis,True,0.0021183148492127657,0.0004951615119352937,0.8454694747924805,1.5268433628534694e-07,0.0021062965970486403,0.14913327991962433,0.0006419083219952881,3.531960828695446e-05,esophagitis/ceb91887-a328-4d20-8792-d4626d726a9f.jpg
0,0,dyed-lifted-polyps,dyed-lifted-polyps,True,0.7553737163543701,0.24208182096481323,0.00011833064490929246,7.458552136085927e-05,2.0277857402106747e-05,0.0001482424995629117,0.0020093671046197414,0.0001735836558509618,dyed-lifted-polyps/ede60e54-62b9-415f-88d0-c7629204a535.jpg
6,6,polyps,polyps,True,0.01271773036569357,0.0031986567191779613,7.231659401440993e-05,0.011087905615568161,0.0005062028649263084,9.0225221356377e-05,0.882168173789978,0.09015873819589615,polyps/5736b0a2-ff0f-4e02-8caa-5be2d0373f17.jpg
6,6,polyps,polyps,True,0.005070128478109837,0.0006544566713273525,1.6299726439683582e-06,0.003022911958396435,4.8593265091767535e-06,6.762698490092589e-07,0.8526031374931335,0.13864217698574066,polyps/1c236874-556c-402d-9709-c5c1672ec14a.jpg
1,0,dyed-resection-margins,dyed-lifted-polyps,False,0.6390292644500732,0.3070754408836365,0.0012878176057711244,0.0044236513786017895,1.6311405488522723e-05,0.0005963463336229324,0.04527253285050392,0.0022986235562711954,dyed-resection-margins/026c7b7a-f09e-424a-a27f-3b6081ed8187.jpg
2,2,esophagitis,esophagitis,True,0.0005406860145740211,0.00037118938053026795,0.9483134150505066,1.599391453055432e-06,0.007537798024713993,0.04232477396726608,0.0008180622244253755,9.244438115274534e-05,esophagitis/71a4671e-3257-4b64-9a8b-2d0b154ed7d0.jpg
0,0,dyed-lifted-polyps,dyed-lifted-polyps,True,0.5891680121421814,0.4108318090438843,3.3316553071927046e-08,1.3372051022031428e-08,3.043008733882857e-09,1.0098535341285242e-07,4.489245419847521e-09,5.779993372811987e-09,dyed-lifted-polyps/be11d2cd-bbcd-4386-9ca5-1a593e0abeb7.jpg
1,1,dyed-resection-margins,dyed-resection-margins,True,0.3951698839664459,0.6048296093940735,1.549174299952938e-08,5.124258564137563e-07,2.9678956774831233e-12,8.251930694314069e-09,1.5472334524702092e-09,7.820191161300727e-10,dyed-resection-margins/7bf3b766-0faf-44cb-8a6b-a43dcfd747c6.jpg
7,6,ulcerative-colitis,polyps,False,0.006910455878823996,0.0010411058319732547,3.5729781302507035e-06,0.0842331200838089,0.0002511570055503398,3.471304080449045e-05,0.6093880534172058,0.2981377840042114,ulcerative-colitis/4779a0e4-c0bf-4d57-b368-e302066453fc.jpg
3,3,normal-cecum,normal-cecum,True,0.0039984420873224735,0.0015506859635934234,4.136479390126624e-07,0.6862061023712158,2.5248875317629427e-05,5.808532023365842e-06,0.2633550763130188,0.044858284294605255,normal-cecum/ef369301-5dab-4ac2-b904-21b2b76c7af2.jpg
1,0,dyed-resection-margins,dyed-lifted-polyps,False,0.7047638297080994,0.2952258288860321,1.133777459472185e-06,3.1056040370458504e-06,2.1521161741588912e-08,2.891154508688487e-06,2.1909640963713173e-06,9.80244863058033e-07,dyed-resection-margins/98c057ef-0b40-4856-ba3f-4fffd9cf7523.jpg
1,1,dyed-resection-margins,dyed-resection-margins,True,0.45260265469551086,0.5473965406417847,3.720994641298603e-07,8.417387675763166e-08,1.3265071263646178e-09,2.765830799944524e-07,9.764656283550721e-08,8.475411483743756e-09,dyed-resection-margins/cc5b2860-feeb-44d5-a63b-6ecf53c284a1.jpg
6,6,polyps,polyps,True,0.01593184843659401,0.002059290651232004,1.1541392268554773e-06,0.04238024726510048,2.576314955149428e-06,1.2376440281514078e-06,0.878405749797821,0.06121782213449478,polyps/dda7130c-c4e6-4af6-bb36-e0f014cbd1b4.jpg
0,0,dyed-lifted-polyps,dyed-lifted-polyps,True,0.6193512678146362,0.3801185190677643,1.169270262835198e-06,0.0004928134148940444,2.8462652235106134e-09,1.4960158978283289e-06,2.596670492494013e-05,8.715700460015796e-06,dyed-lifted-polyps/0d53b1bb-ed38-4458-8e88-729d5fe4939e.jpg
3,3,normal-cecum,normal-cecum,True,0.003280485048890114,0.0010631210170686245,5.531596158903085e-08,0.6744760870933533,4.30612635682337e-06,3.026883348411502e-07,0.22941415011882782,0.0917615070939064,normal-cecum/4d9dce53-63cd-48ad-b17c-53aa9e618b1f.jpg
2,2,esophagitis,esophagitis,True,0.0016565084224566817,0.0006841231952421367,0.7028957605361938,3.051612111448776e-06,0.006596334278583527,0.2824934422969818,0.0046817101538181305,0.0009891558438539505,esophagitis/c193c807-efb9-4478-9bca-26d4834d19ef.jpg
2,2,esophagitis,esophagitis,True,6.681376544293016e-05,4.3641171941999346e-05,0.6013098955154419,1.1740088012857086e-08,0.00023652524396311492,0.3983120024204254,1.4208848369889893e-05,1.6864543795236386e-05,esophagitis/20fe3c22-9cac-4196-aa4a-aabf6d015bfa.jpg
2,2,esophagitis,esophagitis,True,3.247724816901609e-05,3.548396489350125e-05,0.6119992136955261,1.2420986982009108e-11,1.6897804471227573e-06,0.3879310190677643,5.745058473394238e-08,3.275696514037918e-08,esophagitis/9a8c5e49-24d9-4d03-bc17-3f81fef07add.jpg
0,6,dyed-lifted-polyps,polyps,False,0.41487300395965576,0.05796147137880325,0.0009276581113226712,0.002267813077196479,0.0065187131986021996,0.0024874156806617975,0.42881453037261963,0.08614937216043472,dyed-lifted-polyps/e79b8bda-a6df-42a0-8e72-ede05e1e8263.jpg
3,3,normal-cecum,normal-cecum,True,0.0020640648435801268,0.0005820635124109685,1.7234320637271594e-08,0.8646265864372253,2.726198772506905e-06,1.7168186161597987e-07,0.1149626225233078,0.01776168867945671,normal-cecum/249eb342-8e7d-4dab-9813-cc6983538d6c.jpg
1,1,dyed-resection-margins,dyed-resection-margins,True,0.43134617805480957,0.5686535835266113,2.4589385816398135e-07,2.028807122300691e-09,1.0773119896168026e-10,6.177553757424903e-08,5.34648947336791e-09,1.65774427518528e-09,dyed-resection-margins/b520d99c-7330-4c7a-a2d8-8dc031ea70de.jpg
7,7,ulcerative-colitis,ulcerative-colitis,True,0.00795869529247284,0.0023085572756826878,1.6106147086247802e-05,0.24691462516784668,0.001238067401573062,0.00017482141265645623,0.3088768720626831,0.4325122535228729,ulcerative-colitis/cd67c8de-0523-4751-bffa-a62f485b6836.jpg
6,6,polyps,polyps,True,0.011874362826347351,0.0016158049693331122,3.5042164654441876e-06,0.07393588125705719,0.0011891740141436458,2.9590366466436535e-05,0.8266628384590149,0.08468880504369736,polyps/7c5031b5-5f93-479b-a2bd-61736f1ee140.jpg
3,3,normal-cecum,normal-cecum,True,0.0031897476874291897,0.0015254109166562557,7.789293476889725e-08,0.8826978802680969,1.087649343389785e-05,1.6688728692315635e-06,0.09025289118289948,0.022321538999676704,normal-cecum/a98d59d6-8d81-4a17-89da-0974dcf69314.jpg
7,6,ulcerative-colitis,polyps,False,0.004550081677734852,0.0008384374668821692,1.253135360457236e-05,0.0008397658239118755,2.1912367174081737e-06,1.2975691561223357e-06,0.7964734435081482,0.19728225469589233,ulcerative-colitis/ae68bef5-8ca4-42fd-a275-d34ee4ea8c14_00001262.jpg
7,7,ulcerative-colitis,ulcerative-colitis,True,0.001417880062945187,0.00039458792889490724,0.00026592350332066417,0.00015802713460288942,0.0028494042344391346,0.0009372727945446968,0.13973696529865265,0.854239821434021,ulcerative-colitis/399fdb43-e36d-41ec-8e1a-44b19a40fcd3.jpg
2,2,esophagitis,esophagitis,True,0.00014999827544670552,7.180337706813589e-05,0.9667860269546509,2.3598702991733944e-09,4.553322651190683e-05,0.03293449804186821,9.382432835991494e-06,2.7409341782913543e-06,esophagitis/3bc675d6-d621-4ade-b2ec-547ac0190c55.jpg
7,3,ulcerative-colitis,normal-cecum,False,0.0023953865747898817,0.0009751029429025948,4.7162199479089395e-08,0.8739937543869019,4.6586878852394875e-06,2.816507276293123e-07,0.03950594738125801,0.0831247866153717,ulcerative-colitis/149de8d0-1ba3-46d4-b73c-e0630f0089cc.jpg
4,4,normal-pylorus,normal-pylorus,True,9.828856855165213e-05,5.665788194164634e-05,0.02080005407333374,0.0005977178225293756,0.9270804524421692,0.03475633263587952,0.015306049957871437,0.0013044604565948248,normal-pylorus/d502f96d-1c6b-4acd-9979-41368802afe2.jpg
5,2,normal-z-line,esophagitis,False,0.0015249300049617887,0.0006766639417037368,0.6852614879608154,4.042743512400193e-06,0.007860301062464714,0.29914751648902893,0.005037601571530104,0.00048749035340733826,normal-z-line/22ab6f07-f4c3-4afa-a42f-06d43bc901be.jpg
3,3,normal-cecum,normal-cecum,True,0.0004176094080321491,0.00012258272909093648,9.485623397864629e-10,0.9781399965286255,2.4116950498864753e-06,4.2658083287960835e-08,0.015052868984639645,0.0062644463032484055,normal-cecum/7ba25e62-95ef-4dcf-812d-b81c6edd2f96.jpg
0,0,dyed-lifted-polyps,dyed-lifted-polyps,True,0.7226687073707581,0.2645723819732666,3.516467768349685e-05,0.0014060111716389656,6.581124125659699e-06,7.133955659810454e-05,0.01076700259000063,0.00047286858898587525,dyed-lifted-polyps/4eadf508-81de-4705-9738-6ac33abc1cb0.jpg
6,6,polyps,polyps,True,0.007307012565433979,0.0016575208865106106,7.124351100173953e-07,0.22197403013706207,0.0005922214477322996,4.54713954241015e-05,0.5347508192062378,0.23367220163345337,polyps/74cfb908-fdb4-42d1-ad51-1c9ec68a8186.jpg
5,5,normal-z-line,normal-z-line,True,9.321399375039618e-06,1.3010172551730648e-05,0.33664262294769287,7.2736001249795734e-12,5.880162916582776e-07,0.6633344292640686,4.2489944007684244e-08,2.734246784541483e-08,normal-z-line/cfcb08a4-7687-4cc1-a165-cf8489c84609.jpg
1,1,dyed-resection-margins,dyed-resection-margins,True,0.3476513624191284,0.652348518371582,2.5147883775389346e-08,4.25289448102717e-09,5.239274569746044e-10,4.262869168769612e-08,1.038103825123926e-09,3.2196334487366585e-10,dyed-resection-margins/1965c755-1ba7-4e4f-86cc-39623f740fc5.jpg
3,3,normal-cecum,normal-cecum,True,0.0011517740786075592,0.00021606837981380522,9.946942824967664e-09,0.8911351561546326,1.720005093375221e-05,1.5647401596652344e-07,0.030689073726534843,0.07679057866334915,normal-cecum/aeaa8d18-4313-49b0-b88c-273c9400707d.jpg
7,7,ulcerative-colitis,ulcerative-colitis,True,0.006776733323931694,0.00206392421387136,0.000671199057251215,0.003416119609028101,0.005778063554316759,0.0007217941456474364,0.13807950913906097,0.8424926996231079,ulcerative-colitis/15828fa5-ee5b-404e-8c4a-d710f1a0f54a.jpg
6,6,polyps,polyps,True,0.01997925527393818,0.00281493179500103,0.00014556058158632368,0.007903764955699444,0.0008978560799732804,0.0003978666791226715,0.8768215775489807,0.09103907644748688,polyps/cb91e19e-83b2-474b-b7ee-cf283ea21d7a.jpg
4,4,normal-pylorus,normal-pylorus,True,0.0039950646460056305,0.0011726162629202008,0.02282274141907692,0.001037644688040018,0.6302360892295837,0.09598816931247711,0.13396574556827545,0.11078197509050369,normal-pylorus/6755bb82-8580-4d64-857f-d456facf8685.jpg
0,1,dyed-lifted-polyps,dyed-resection-margins,False,0.47823676466941833,0.5217536091804504,4.8797214731166605e-06,1.531929143538946e-07,1.3769445672551228e-07,3.886529611918377e-06,5.285853603709256e-07,1.0776145131785597e-07,dyed-lifted-polyps/23b2f181-4cd7-4a89-b157-16a6d275c0e1.jpg
1,1,dyed-resection-margins,dyed-resection-margins,True,0.3952329456806183,0.6047669649124146,1.853389264283578e-08,2.840933738257334e-11,1.96111286931977e-11,2.0142424617120014e-08,1.5439998238275798e-11,9.001572057187879e-12,dyed-resection-margins/c078c82b-1fbd-47a5-b8c4-b77140b51e8f.jpg
5,2,normal-z-line,esophagitis,False,3.852007648674771e-05,4.228436591802165e-05,0.5915259718894958,3.884696564426804e-09,0.00036517236731015146,0.40802010893821716,5.143220278114313e-06,2.7656988095259294e-06,normal-z-line/7f82012e-69ff-45ed-9a52-95e87cc4558b.jpg
3,3,normal-cecum,normal-cecum,True,0.001675712177529931,0.00039562294841744006,5.14998959033619e-08,0.7729440331459045,3.0259307095548138e-05,1.1073536825279007e-06,0.18788357079029083,0.037069641053676605,normal-cecum/e58c6c77-634b-4495-b602-fbc71501ebe1.jpg
2,2,esophagitis,esophagitis,True,0.0003658779023680836,0.00016527166008017957,0.8443964719772339,1.2303675589464547e-07,0.0003181926440447569,0.15449978411197662,0.00021780768292956054,3.6371799069456756e-05,esophagitis/b3f7e1e1-14c2-4e28-869d-4e53ff96cb7c.jpg
2,2,esophagitis,esophagitis,True,7.284312596311793e-05,5.67344504815992e-05,0.8482538461685181,1.5115931617515344e-08,0.0001511405862402171,0.15143297612667084,1.4600824215449393e-05,1.78298450919101e-05,esophagitis/9f8809a0-b6cb-440c-a031-a52f260002b6.jpg
4,4,normal-pylorus,normal-pylorus,True,0.0009631054126657546,0.00047632885980419815,0.004458207171410322,0.0012484155595302582,0.7453916072845459,0.07737419754266739,0.1434718817472458,0.026616260409355164,normal-pylorus/9d648e67-48f2-4b9e-a376-b64bc51e2c66.jpg
5,5,normal-z-line,normal-z-line,True,0.00099583447445184,0.0005824082181788981,0.3496302366256714,1.897709080367349e-05,0.030581051483750343,0.6004061698913574,0.010741538368165493,0.007043821271508932,normal-z-line/dc9b693e-e9f6-45a0-a593-3c1482f45f70.jpg
1,6,dyed-resection-margins,polyps,False,0.0832715854048729,0.019477535039186478,0.00012983805208932608,0.004425964318215847,9.319182936451398e-07,1.849528052844107e-05,0.7729892134666443,0.11968645453453064,dyed-resection-margins/995ee031-9a2c-4568-87e3-269b8bb7db1e.jpg
4,4,normal-pylorus,normal-pylorus,True,0.004813827108591795,0.001480626524426043,0.005925489589571953,0.002056505298241973,0.5522697567939758,0.06361178308725357,0.2961214780807495,0.0737205296754837,normal-pylorus/d7d8577a-a9da-488e-bde8-f1d5e6fbce05.jpg
3,3,normal-cecum,normal-cecum,True,0.005177925806492567,0.001654581748880446,7.356368314503925e-08,0.687073826789856,7.618082236149348e-07,1.2897180567961186e-07,0.2651281952857971,0.04096446931362152,normal-cecum/06847293-7b3b-4b4e-96f1-aa144a5c725d.jpg
3,3,normal-cecum,normal-cecum,True,0.0025921196211129427,0.0010885867523029447,3.53433080135801e-07,0.7460497617721558,3.193344582541613e-06,6.83336452311778e-07,0.23234465718269348,0.01792062260210514,normal-cecum/5b41e2b1-7211-476b-8503-d69e0a4ac65b.jpg
6,3,polyps,normal-cecum,False,0.003639829810708761,0.0012659311760216951,6.273235158005264e-07,0.7075259685516357,8.57969371281797e-06,1.4007689514983213e-06,0.24590320885181427,0.041654445230960846,polyps/3bae4b0c-3fa7-4b05-9375-a342758b0b7f.jpg
3,3,normal-cecum,normal-cecum,True,0.001094490522518754,0.0003881040611304343,6.881272440750763e-08,0.9334790706634521,1.1914620699826628e-05,1.1404274573578732e-06,0.05827799066901207,0.006747209466993809,normal-cecum/626bff52-4732-4b19-b6f6-8d863b27f509.jpg
7,6,ulcerative-colitis,polyps,False,0.0018563588382676244,0.0006606514216400683,4.49975459559937e-06,0.16049295663833618,0.0025094314478337765,3.5605786251835525e-05,0.7064753770828247,0.12796513736248016,ulcerative-colitis/7b484d6b-9018-4971-98c1-c7818abff639.jpg
5,2,normal-z-line,esophagitis,False,0.00022342804004438221,6.1018774431431666e-05,0.5152453184127808,1.403505223152024e-07,0.004266590811312199,0.4799879789352417,0.00016577844507992268,4.980790981790051e-05,normal-z-line/8d8a4b72-68e9-4ed5-9160-32fb74fcef23.jpg
7,6,ulcerative-colitis,polyps,False,0.024470575153827667,0.006573615595698357,0.0004616448422893882,0.013586105778813362,0.0008780595962889493,0.0005259684985503554,0.7045519948005676,0.24895210564136505,ulcerative-colitis/698f130b-41ff-414d-908c-8d8c0f82d4a8_00001607.jpg
1,0,dyed-resection-margins,dyed-lifted-polyps,False,0.6105120778083801,0.3894422948360443,8.986452485260088e-06,9.103570164370467e-07,1.4894371247464733e-07,2.309351884832722e-06,3.0821502150502056e-05,2.48144624492852e-06,dyed-resection-margins/5f1123af-e58f-46f4-96c4-83e16179cbd5.jpg
0,1,dyed-lifted-polyps,dyed-resection-margins,False,0.2728743553161621,0.7271255850791931,1.6763827659360686e-08,1.0794965810134727e-08,6.61723117707097e-13,2.211373839600128e-08,1.948367300830256e-10,2.7057109330819173e-10,dyed-lifted-polyps/db83bddf-4368-4572-8e66-d52832ba1133.jpg
1,1,dyed-resection-margins,dyed-resection-margins,True,0.3079853057861328,0.6920143365859985,3.1591735449865155e-08,2.05196755587167e-07,1.8246276017874763e-11,8.862280687083057e-09,8.05612287990698e-08,1.5337054293240726e-08,dyed-resection-margins/a19ca4be-1887-4c78-b8e2-28c115fb1543.jpg
1,1,dyed-resection-margins,dyed-resection-margins,True,0.1930914968252182,0.8069084882736206,3.960075378728334e-09,8.909174701416615e-15,2.207231115545702e-13,7.935589962926315e-10,5.142876582768258e-15,4.35902890524734e-15,dyed-resection-margins/400af79d-4386-4d62-b755-94acc38f1d3b.jpg
1,1,dyed-resection-margins,dyed-resection-margins,True,0.1048697680234909,0.8951302170753479,4.1103176418033627e-11,4.012740118485014e-13,1.0295936195628408e-14,2.194378186104462e-11,4.878488377293511e-15,4.439203961836748e-15,dyed-resection-margins/8513d335-0b58-43eb-8668-f6f836d1c8c1.jpg
4,4,normal-pylorus,normal-pylorus,True,8.739144686842337e-05,1.4747813111171126e-05,0.004587844479829073,5.453005724120885e-05,0.9741637706756592,0.011216930113732815,0.008319639600813389,0.0015551629476249218,normal-pylorus/7f5c1bbf-91da-4f41-a93f-97aae48334d0.jpg
7,6,ulcerative-colitis,polyps,False,0.03817245364189148,0.011817778460681438,0.004245185758918524,0.003364270320162177,0.00015812802303116769,0.000300507148494944,0.7477486729621887,0.19419296085834503,ulcerative-colitis/209fd40a-5ded-4949-85d4-0f2b5e4e9b55.jpg
3,3,normal-cecum,normal-cecum,True,0.0032242536544799805,0.0011268635280430317,3.565857468856848e-06,0.7868692874908447,0.0007073088781908154,3.630593710113317e-05,0.14143072068691254,0.06660175323486328,normal-cecum/7770186e-096c-4f6c-aa2b-6cb65eb01ebe.jpg
5,2,normal-z-line,esophagitis,False,9.951338142855093e-05,6.32840019534342e-05,0.5259483456611633,5.493823729274538e-10,1.3623825907416176e-05,0.47387269139289856,1.8183906149715767e-06,7.479731607418216e-07,normal-z-line/bcbf5d0a-b3fb-49e4-b552-52d27ba85d17.jpg
0,0,dyed-lifted-polyps,dyed-lifted-polyps,True,0.7451881170272827,0.24962376058101654,0.0004169812018517405,5.988547854940407e-05,8.172154048224911e-05,0.003503264393657446,0.0007622528355568647,0.0003639691276475787,dyed-lifted-polyps/a5302d7a-18f8-4c15-9daa-9b0777f855eb.jpg
6,6,polyps,polyps,True,0.005044509656727314,0.0007330322987399995,3.447393282840494e-06,0.10569503903388977,0.00023402145598083735,2.6159375920542516e-05,0.8497637510299683,0.038500066846609116,polyps/ae4323eb-7c93-4b2f-9ac1-4f1a63a416a8.jpg
5,5,normal-z-line,normal-z-line,True,0.0001704239402897656,0.00013998904614709318,0.3232854902744293,4.088182947725727e-08,0.0005289249238558114,0.6757470369338989,6.022220622980967e-05,6.790416227886453e-05,normal-z-line/f9482c46-c4d3-40f2-b8dd-c1b493ce2806.jpg
3,3,normal-cecum,normal-cecum,True,0.0011326397070661187,0.00035926178679801524,4.542476972346776e-08,0.9107059240341187,2.011918149946723e-05,8.574917274017935e-07,0.07452000677585602,0.013261191546916962,normal-cecum/68b57fc7-e33b-46f0-9c41-a64845b99638.jpg
4,4,normal-pylorus,normal-pylorus,True,0.00014820109936408699,3.240387013647705e-05,0.030749069526791573,8.733106369618326e-05,0.8640884757041931,0.08822676539421082,0.015316559001803398,0.0013512260047718883,normal-pylorus/9cbebba1-1884-4778-a71c-7285fb4d0c7d.jpg
3,3,normal-cecum,normal-cecum,True,0.00023899257939774543,8.574670209782198e-05,1.2070311417033963e-09,0.9902524948120117,3.5021050734940218e-06,2.8253332118310936e-08,0.004947323352098465,0.004471900407224894,normal-cecum/3e41b720-3049-41d4-8d7c-f25c0c3c7bd9.jpg
0,0,dyed-lifted-polyps,dyed-lifted-polyps,True,0.520155668258667,0.47984427213668823,3.8819013781221656e-08,3.1154406832101245e-10,1.1661235345405974e-11,1.012984807147177e-08,4.3131764826398467e-10,1.6472610775419838e-10,dyed-lifted-polyps/c73508ec-5bea-4f14-93d6-d881b19a5f59.jpg
1,1,dyed-resection-margins,dyed-resection-margins,True,0.2778816819190979,0.7221096158027649,2.845762082870351e-06,1.0258631277793029e-07,4.855057866848256e-08,5.507753940037219e-06,1.7424443399249867e-07,2.750193317524463e-08,dyed-resection-margins/86fd3040-20c9-435f-9a2b-785742f1efb2.jpg
0,0,dyed-lifted-polyps,dyed-lifted-polyps,True,0.7126346230506897,0.28733646869659424,6.685438620479545e-07,3.478405005807872e-06,2.371803702772013e-06,2.9305163025128422e-06,9.772189514478669e-06,9.68049880611943e-06,dyed-lifted-polyps/53a6b3c5-94a8-4701-a783-f9e705389983.jpg
6,6,polyps,polyps,True,0.006592864170670509,0.002702787984162569,2.7791013508249307e-06,0.007477522362023592,9.983587369788438e-05,1.9314349628984928e-05,0.6416376233100891,0.3414672911167145,polyps/524e6499-363b-411a-b6ff-669f6d7862bb.jpg
5,5,normal-z-line,normal-z-line,True,2.2279717086348683e-05,3.063846816075966e-05,0.3717460632324219,2.2625397388953417e-10,3.4977285395143554e-05,0.628165602684021,2.511855541342811e-07,1.359149734980747e-07,normal-z-line/8a8b6d9e-c706-4bc1-a1fb-79cae9a16f07.jpg
5,5,normal-z-line,normal-z-line,True,0.0005105754244141281,0.00036947091575711966,0.31402868032455444,2.7243620479566744e-06,0.004955984652042389,0.6780660152435303,0.001561857177875936,0.0005047565209679306,normal-z-line/bbeac024-2127-4d84-ac8b-2f25e49a2c82.jpg
7,6,ulcerative-colitis,polyps,False,0.006145643536001444,0.0018219788325950503,3.028825176443206e-06,0.09971372038125992,4.53403772553429e-05,2.6298580451111775e-06,0.5640071034431458,0.32826051115989685,ulcerative-colitis/5e8dcffd-2353-4422-b00c-ec45e09938e9.jpg
4,4,normal-pylorus,normal-pylorus,True,0.0008815571200102568,0.00041001822683028877,0.01561156939715147,0.0005359927308745682,0.79511559009552,0.12214997410774231,0.04438580945134163,0.020909372717142105,normal-pylorus/163eef08-888d-4f3d-a0cd-004f56a9b827.jpg
6,7,polyps,ulcerative-colitis,False,0.0034953535068780184,0.00127911486197263,3.5266115446574986e-05,0.09247039258480072,0.009582110680639744,0.00018373742932453752,0.31362563371658325,0.5793284177780151,polyps/0a98bcca-3046-4d9f-adf7-301ef4897e7a.jpg
1,1,dyed-resection-margins,dyed-resection-margins,True,0.21898172795772552,0.7810179591178894,2.414858499832917e-07,2.9948063473561604e-10,3.5377239332445853e-12,4.7814037174020996e-08,4.3217929235339625e-10,1.1634677249405811e-10,dyed-resection-margins/75a89326-2dc6-4ac3-b4e3-d5c07cfa334d.jpg
0,1,dyed-lifted-polyps,dyed-resection-margins,False,0.23957271873950958,0.7604272961616516,5.048143569830188e-10,1.7219010234586357e-13,2.514667619100963e-13,3.134021375750251e-10,2.9513145264259064e-14,2.164447854074384e-14,dyed-lifted-polyps/c1de6db9-ce15-458d-97d6-4c1084ad85ef.jpg
0,1,dyed-lifted-polyps,dyed-resection-margins,False,0.3817252218723297,0.6182733774185181,8.672668059261923e-07,1.026544182991529e-08,6.404246577496053e-11,5.944582994743541e-07,3.25294990943803e-08,2.156594902658071e-08,dyed-lifted-polyps/82315326-4999-4ecb-99f4-400d894fc6f8.jpg
4,5,normal-pylorus,normal-z-line,False,0.0034468169324100018,0.0009363724966533482,0.2563405930995941,7.567995635326952e-05,0.332194060087204,0.38072824478149414,0.02476087212562561,0.001517473952844739,normal-pylorus/cf00bbbd-b18a-42ae-b855-4a1844f612bf.jpg
4,4,normal-pylorus,normal-pylorus,True,7.083622040227056e-05,1.0953570381389e-05,0.027346298098564148,1.008956928671978e-06,0.9449402689933777,0.02716851979494095,0.00044667048496194184,1.5491859812755138e-05,normal-pylorus/6f323590-3cfd-4270-a44a-d635b394a3dc.jpg
2,5,esophagitis,normal-z-line,False,4.598490704665892e-05,4.5305059757083654e-05,0.3875618875026703,3.901123313276855e-10,3.0434081054409035e-05,0.6123149991035461,7.908520274213515e-07,5.154295763531991e-07,esophagitis/19d8c1dd-cb48-45f8-9280-ad57fa43ca0d.jpg
4,4,normal-pylorus,normal-pylorus,True,0.0006154447328299284,0.00027384169516153634,0.09623368084430695,0.0002819392830133438,0.7319287657737732,0.14592154324054718,0.02376250922679901,0.0009821848943829536,normal-pylorus/eb06c610-d965-41e7-8ab2-743eaef10259.jpg
1,1,dyed-resection-margins,dyed-resection-margins,True,0.4667800962924957,0.5331588983535767,2.8325979656074196e-05,1.2258963124622824e-06,1.02965103110364e-07,2.7452726499177516e-05,3.1415133889822755e-06,7.981960266079113e-07,dyed-resection-margins/d79b8ffc-6ab9-45f8-b226-6a40aafeb9b5.jpg
5,5,normal-z-line,normal-z-line,True,3.9889464460429735e-06,5.614537712972378e-06,0.2848343551158905,1.658313070196371e-11,2.3610880361957243e-06,0.7151535153388977,6.627160331618143e-08,6.599548640906505e-08,normal-z-line/b50ca54a-203b-483e-92b6-d3a0b9d16ae1.jpg
5,2,normal-z-line,esophagitis,False,3.5858003684552386e-05,4.151575922151096e-05,0.7970703840255737,2.2502250063283213e-10,2.1090148948132992e-05,0.2028302252292633,6.543609174514131e-07,3.043095659904793e-07,normal-z-line/87bdb51f-e12e-4b18-8abb-f14849133d46.jpg
0,0,dyed-lifted-polyps,dyed-lifted-polyps,True,0.7743070721626282,0.2074785977602005,3.831346839433536e-05,0.0023890298325568438,2.4800434061944543e-07,1.1729674952221103e-05,0.014654290862381458,0.0011207199422642589,dyed-lifted-polyps/d2a77e71-6b7c-4178-b371-f93deabe13ff.jpg
2,2,esophagitis,esophagitis,True,4.389744935906492e-05,4.249464109307155e-05,0.7372854948043823,1.9377799365116744e-09,0.00014178584387991577,0.26248329877853394,2.1293813006195705e-06,9.303615797762177e-07,esophagitis/3f37b84e-d490-4020-b4df-07c952053b9b.jpg
3,3,normal-cecum,normal-cecum,True,0.0041094268672168255,0.0009320778190158308,2.4282535093789193e-08,0.6747019290924072,2.0986126401112415e-06,1.6705662631011364e-07,0.25409215688705444,0.06616213917732239,normal-cecum/9b420421-8662-4400-8202-6af21b2fad39.jpg
0,1,dyed-lifted-polyps,dyed-resection-margins,False,0.28643694519996643,0.713561475276947,1.197496771965234e-06,6.412556707857675e-09,9.766358555207688e-11,2.31274256634606e-07,4.005628184700072e-08,5.850194995105085e-08,dyed-lifted-polyps/f004b232-558b-4da2-ac05-e680eb583913.jpg
0,0,dyed-lifted-polyps,dyed-lifted-polyps,True,0.6671648025512695,0.3286786675453186,3.6557798921421636e-06,0.0003712628094945103,2.6579744371701963e-05,2.8605763873201795e-05,0.00289884558878839,0.0008275800500996411,dyed-lifted-polyps/b54a1b23-2c6c-48bf-bce7-7ebd2d152715.jpg
7,7,ulcerative-colitis,ulcerative-colitis,True,0.006875315215438604,0.0014522313140332699,4.06791441491805e-05,0.019736703485250473,0.00024646043311804533,8.33508456707932e-05,0.41151756048202515,0.5600476861000061,ulcerative-colitis/c7387520-25ed-413e-bb3f-6314eda7c606.jpg
4,4,normal-pylorus,normal-pylorus,True,5.447372677735984e-05,5.391181730374228e-06,0.0026077250950038433,1.2984453860553913e-05,0.9747401475906372,0.00920342467725277,0.013271858915686607,0.00010387370275566354,normal-pylorus/858a4d01-01f7-4950-ba8a-db8fd9bffca4.jpg
7,7,ulcerative-colitis,ulcerative-colitis,True,0.009106667712330818,0.0011377674527466297,5.143554062669864e-07,0.3678901493549347,5.3197854867903516e-05,3.4195900298072957e-06,0.2304084300994873,0.39139994978904724,ulcerative-colitis/e47cbe95-7d3a-407c-8f03-038fd05296dd.jpg
3,6,normal-cecum,polyps,False,0.019384916871786118,0.004393016919493675,0.0001504005049355328,0.037716094404459,1.2168837201897986e-05,2.6931451429845765e-05,0.8365654945373535,0.10175096988677979,normal-cecum/0561eb4b-1def-4376-9d25-0c123eabd9b2.jpg
1,0,dyed-resection-margins,dyed-lifted-polyps,False,0.5454335808753967,0.4544745683670044,1.0950639079965185e-06,4.861078195972368e-05,1.0343359235776006e-07,1.6887341871552053e-06,3.7922942283330485e-05,2.427856543363305e-06,dyed-resection-margins/a27b8323-c7b5-484b-bfb1-1d95669e7175.jpg
6,7,polyps,ulcerative-colitis,False,0.012070909142494202,0.0027940510772168636,1.0495703463675454e-05,0.2672015428543091,0.0002040344406850636,6.180255877552554e-05,0.1789422333240509,0.5387149453163147,polyps/56d36c2a-a318-4aef-a454-2b58be054342.jpg
4,4,normal-pylorus,normal-pylorus,True,0.0018161932239308953,0.0006633981829509139,0.0027641302440315485,0.0014799514319747686,0.5701147317886353,0.04489438608288765,0.35093969106674194,0.027327580377459526,normal-pylorus/c932679f-7c73-4f20-9770-e97c6ec65cb5.jpg
2,5,esophagitis,normal-z-line,False,1.7500768080935813e-05,3.195866520400159e-05,0.30162036418914795,4.206503201320544e-11,6.304868293227628e-06,0.6983238458633423,3.9821951958174395e-08,1.78744770096273e-08,esophagitis/4152c0a4-db41-49a1-97ab-dae35b6c7226.jpg
3,3,normal-cecum,normal-cecum,True,0.00047281503793783486,0.0001392281410517171,2.069182603037234e-09,0.9808066487312317,8.927274393499829e-06,7.328439011189403e-08,0.011334468610584736,0.0072378721088171005,normal-cecum/5a7a835e-0a56-48f5-b44f-09aee583a73c.jpg
5,2,normal-z-line,esophagitis,False,0.000572496501263231,0.00031339796259999275,0.8238582611083984,4.075710435813562e-09,1.9931609131162986e-05,0.17520682513713837,2.338977537874598e-05,5.750801392423455e-06,normal-z-line/d40f6e50-7231-498e-9398-ecab96487df0.jpg
6,6,polyps,polyps,True,0.003445848822593689,0.000645674706902355,8.645617344882339e-05,0.0063675446435809135,0.00017309161194134504,2.915838558692485e-05,0.9478561878204346,0.041396014392375946,polyps/1c121ac5-0545-4644-943c-7ead76f2ca53.jpg
6,6,polyps,polyps,True,0.005432905163615942,0.0011513761710375547,3.353631882418995e-06,0.22856703400611877,0.00025295669911429286,3.3076976251322776e-05,0.7366791367530823,0.02788015827536583,polyps/20cb9bd3-af0e-44ea-98a2-186b148d2595.jpg
4,4,normal-pylorus,normal-pylorus,True,0.0016448203241452575,0.0003001429431606084,0.0026801908388733864,0.0015277247875928879,0.7108582258224487,0.024002885445952415,0.25406524538993835,0.00492079509422183,normal-pylorus/8a8f5fcd-ae50-4559-a645-62a87125209c.jpg
3,3,normal-cecum,normal-cecum,True,0.0048332661390304565,0.0010608157608658075,3.362229961112462e-07,0.6350767612457275,2.0988492906326428e-05,1.6080446130217751e-06,0.2331644594669342,0.12584182620048523,normal-cecum/87df4105-14f8-43ad-b371-aa64e5845be3.jpg
6,3,polyps,normal-cecum,False,0.0030416278168559074,0.0009008359047584236,5.403020395533531e-07,0.6383264660835266,0.00024218723410740495,1.4615246982430108e-05,0.33008241653442383,0.027391450479626656,polyps/655c8791-b9c7-40bb-8a13-8751b99b6b3b.jpg
0,1,dyed-lifted-polyps,dyed-resection-margins,False,0.279578298330307,0.7204216122627258,5.953739901087829e-08,3.7906072725135687e-10,2.0071212053496268e-11,3.419538430193825e-08,1.2758143153046575e-10,1.2339346211476254e-10,dyed-lifted-polyps/a5cf92b3-ddaf-411b-ac9e-391a12469325.jpg
4,4,normal-pylorus,normal-pylorus,True,6.186865357449278e-05,2.602447239041794e-05,0.026360508054494858,0.00011585890752030537,0.9009687304496765,0.06526705622673035,0.005144199356436729,0.0020558584947139025,normal-pylorus/c78e176f-792f-4913-b554-ee08813ba1b9.jpg
1,0,dyed-resection-margins,dyed-lifted-polyps,False,0.5026758313179016,0.4973187744617462,1.561755084367178e-06,9.087510193239723e-07,6.561118315318026e-09,5.732858880946878e-07,1.980372189791524e-06,3.812237139300123e-07,dyed-resection-margins/ec40e8a0-8277-4245-a5b1-a912dac236a0.jpg
3,3,normal-cecum,normal-cecum,True,0.001557462732307613,0.0004828863893635571,8.274705720623388e-08,0.778666079044342,4.6866796765243635e-05,2.966731699416414e-06,0.2107059210538864,0.008537713438272476,normal-cecum/6591212c-eebc-4796-af9e-cf7b5ad4457d.jpg
2,2,esophagitis,esophagitis,True,1.4190123692969792e-05,1.3329968169273343e-05,0.6884592771530151,4.247192875173056e-11,4.286756848159712e-06,0.3115084171295166,3.096240845934517e-07,1.4920259161499416e-07,esophagitis/33d9f2ca-b440-45ca-9b4d-8c3ef712aa89.jpg
1,1,dyed-resection-margins,dyed-resection-margins,True,0.298583984375,0.7013967633247375,2.215432104435422e-08,1.863105353550054e-05,2.604332305367052e-10,2.1195759813963377e-08,3.733407822892332e-07,1.695045597216449e-07,dyed-resection-margins/0f380c75-78d0-45a1-a706-5783bcd2743e.jpg
1,0,dyed-resection-margins,dyed-lifted-polyps,False,0.5721510648727417,0.4278191030025482,9.162266906059813e-06,1.7184929674840532e-06,1.1315653409837978e-06,1.0984555046889e-05,6.1440964600478765e-06,6.320655643321516e-07,dyed-resection-margins/8cbf3c72-7537-43c1-9c11-cac5750dbd37.jpg
6,6,polyps,polyps,True,0.004500823561102152,0.0010858007008209825,2.054492043157552e-08,0.08294624835252762,1.4822379853285383e-05,3.4009556770797644e-07,0.6095209717750549,0.3019310235977173,polyps/1d0435f6-e6bb-41eb-8eba-47bac8d37296.jpg
7,6,ulcerative-colitis,polyps,False,0.006279390305280685,0.0009683659882284701,6.344780558720231e-07,0.020087333396077156,2.073555833703722e-06,4.993277684661734e-07,0.4880600869655609,0.48460152745246887,ulcerative-colitis/328e808d-5a15-4bd1-b11a-74d04f89f19b.jpg
6,6,polyps,polyps,True,0.009229064919054508,0.002473066560924053,5.521636921912432e-06,0.28688499331474304,8.503449498675764e-05,2.5682807972771116e-05,0.5540603399276733,0.14723621308803558,polyps/0efad162-7fd8-472e-ab4f-c5ed8a7569b4.jpg
0,0,dyed-lifted-polyps,dyed-lifted-polyps,True,0.6236758828163147,0.37626633048057556,2.6040834200102836e-07,2.6152807549806312e-05,9.706663917086189e-09,1.7003985419705714e-07,2.874921847251244e-05,2.501435801605112e-06,dyed-lifted-polyps/09b7e0c1-feee-4f70-a351-5a122ce92a1e.jpg
4,7,normal-pylorus,ulcerative-colitis,False,0.0019161948002874851,0.0011133033549413085,0.0006300763925537467,0.019755307585000992,0.3381522297859192,0.009889263659715652,0.15620318055152893,0.4723404049873352,normal-pylorus/8bb731fc-b025-420e-b43d-87c803ef4f37.jpg
1,0,dyed-resection-margins,dyed-lifted-polyps,False,0.760857343673706,0.19213779270648956,4.78199654025957e-05,0.004260243382304907,1.2464414794521872e-05,9.773691272130236e-05,0.03817984461784363,0.0044068400748074055,dyed-resection-margins/77ec103c-6441-400e-be56-8b93bc766160.jpg
7,6,ulcerative-colitis,polyps,False,0.010311049409210682,0.0032175357919186354,0.0002288321848027408,0.012043985538184643,1.4683530025649816e-05,2.1417959942482412e-05,0.6421312093734741,0.33203133940696716,ulcerative-colitis/4c327e7c-5045-43e2-99bb-5e64bc248b5a.jpg
6,6,polyps,polyps,True,0.00393372168764472,0.0010521182557567954,1.876415808510501e-05,0.20264649391174316,0.0025455232243984938,0.00013569513976108283,0.6362743377685547,0.15339329838752747,polyps/47bcdfff-ecb9-42fd-8091-d63ee2f7dada.jpg
0,1,dyed-lifted-polyps,dyed-resection-margins,False,0.29300063848495483,0.7069991230964661,1.5616716098065808e-07,1.1653095155494952e-10,1.7708751132161638e-11,1.260301161210009e-07,3.7158109922330596e-11,2.069300807094887e-11,dyed-lifted-polyps/a25c1093-0f6c-4265-a6c3-6989700b2315.jpg
5,2,normal-z-line,esophagitis,False,0.0010838472517207265,0.0006478456198237836,0.5592957735061646,6.435845421037811e-07,0.0022765963803976774,0.43557208776474,0.0008960525155998766,0.0002271793782711029,normal-z-line/c5811192-91a9-48ca-a752-68fbe0441f27.jpg
1,1,dyed-resection-margins,dyed-resection-margins,True,0.25629302859306335,0.743707001209259,1.5376448558868105e-08,3.829127015464451e-10,3.981589797447116e-12,2.939268162194253e-09,7.701759369149741e-11,1.9729226932718724e-11,dyed-resection-margins/727df716-a7d8-487e-9ce5-06c0b117c938.jpg
3,3,normal-cecum,normal-cecum,True,0.0027041006833314896,0.0006787758902646601,4.651561358315348e-09,0.8161068558692932,6.037476509845874e-07,4.629877636830315e-08,0.1387445032596588,0.041765134781599045,normal-cecum/3b53d45e-4019-474f-acde-07b4e54ff26a.jpg
0,0,dyed-lifted-polyps,dyed-lifted-polyps,True,0.5396033525466919,0.4602237641811371,3.803523043188761e-07,0.00012667848204728216,3.157064725201053e-07,2.780733893814613e-06,3.883041426888667e-05,3.884739726345288e-06,dyed-lifted-polyps/72c3e522-aa21-4e78-a7e3-eaa793ebca35.jpg
2,2,esophagitis,esophagitis,True,0.0001409879041602835,8.420490485150367e-05,0.8615526556968689,1.051986231459523e-08,0.0006208966369740665,0.1375768631696701,2.102109465340618e-05,3.3517551401018864e-06,esophagitis/d9e397f7-29e4-4851-b7fa-bbb32e5f1169.jpg
3,3,normal-cecum,normal-cecum,True,0.0008215403649955988,0.00023103068815544248,5.115274426259475e-09,0.9496340751647949,2.6327263185521588e-05,2.6533518848737003e-07,0.03271583095192909,0.016570931300520897,normal-cecum/67d81f62-08c3-44ce-9a85-dc2fbe6da942.jpg
6,6,polyps,polyps,True,0.003178609302267432,0.0007449965341947973,2.8932334316777997e-05,0.035946354269981384,0.005463779903948307,0.0002316953323315829,0.8848922848701477,0.06951337307691574,polyps/b3a01269-1dc6-43a0-9d5e-1861db87d8be.jpg
3,3,normal-cecum,normal-cecum,True,0.0007903787191025913,0.00024572512484155595,7.266890200696707e-09,0.9307979345321655,1.4395965308722225e-06,4.437996636852404e-08,0.04655798524618149,0.021606381982564926,normal-cecum/eb4c2e64-6dd6-4191-a670-e858733d58dd.jpg
5,5,normal-z-line,normal-z-line,True,0.0005417318316176534,0.0003715815837495029,0.48926210403442383,3.007995701409527e-07,0.0010989898582920432,0.5081372261047363,0.00042644230416044593,0.000161657459102571,normal-z-line/b52546e0-266b-4347-9cd2-fbfdc10e5ac2.jpg
4,4,normal-pylorus,normal-pylorus,True,0.0011959203984588385,0.00023827035329304636,0.004851478151977062,0.00021762854885309935,0.8006031513214111,0.07076048105955124,0.11053644865751266,0.011596543714404106,normal-pylorus/ae77941e-fab3-4b3c-b8b6-c0559d58870c.jpg
6,6,polyps,polyps,True,0.002432719338685274,0.0008865854470059276,2.4797684091026895e-05,0.1595063954591751,0.03820957615971565,0.00027467007748782635,0.7509313821792603,0.0477338545024395,polyps/59f50c86-bd93-466c-ae28-cc57687b9eca.jpg
4,2,normal-pylorus,esophagitis,False,0.0030255657620728016,0.001299045281484723,0.6321219801902771,1.6470403352286667e-06,0.057427335530519485,0.3050713837146759,0.0009988886304199696,5.413806502474472e-05,normal-pylorus/0be09646-f39c-4f3a-932b-db971c569e45.jpg
3,3,normal-cecum,normal-cecum,True,0.0006714687333442271,0.0002122551086358726,2.8232662874216885e-09,0.9729265570640564,1.8008188362728106e-06,4.614569348859732e-08,0.01782158948481083,0.008366324007511139,normal-cecum/e2d9d590-6837-4b87-bcc0-794217e1ebd5.jpg
6,6,polyps,polyps,True,0.011010861024260521,0.004336819518357515,7.444577022397425e-06,0.28645119071006775,0.0003178496554028243,9.856326505541801e-05,0.5988144874572754,0.09896279871463776,polyps/92ff857f-46eb-42d5-bbaa-b864de6b78bd.jpg
4,4,normal-pylorus,normal-pylorus,True,0.00010473118891241029,1.1215294762223493e-05,0.001537166885100305,5.0769358495017514e-05,0.9697680473327637,0.007779945619404316,0.020184222608804703,0.0005638907896354795,normal-pylorus/dcfe9caf-07e3-44cf-a743-0082d788f4ac.jpg
7,3,ulcerative-colitis,normal-cecum,False,0.00452655553817749,0.0010817180154845119,2.0474121242841647e-07,0.48478639125823975,5.49787955606007e-06,2.2660192655621358e-07,0.16722913086414337,0.3423701822757721,ulcerative-colitis/2a9ce8f3-c1b5-4e59-b2f6-abd15927932f.jpg
5,5,normal-z-line,normal-z-line,True,0.0015964809572324157,0.0009472318342886865,0.4986127018928528,3.0184774818531324e-11,6.739571176694881e-07,0.4988418221473694,8.705681011633715e-07,1.9183940480616002e-07,normal-z-line/fc544b57-94ac-40f6-82cc-49474a8dbced.jpg
3,3,normal-cecum,normal-cecum,True,0.001215140800923109,0.0003384663141332567,1.0690055063378168e-08,0.843979001045227,1.1800138963735662e-05,3.666386305667402e-07,0.1497572958469391,0.0046979207545518875,normal-cecum/27ac6ea2-9a5a-407b-b67b-bac79acadfdf.jpg
7,6,ulcerative-colitis,polyps,False,0.005528447683900595,0.0012629182310774922,3.773366330506178e-08,0.12223497033119202,7.663339783903211e-05,8.609035830886569e-07,0.45531970262527466,0.4155764877796173,ulcerative-colitis/373da343-d708-4169-9db0-9c30d7463bc3.jpg
4,4,normal-pylorus,normal-pylorus,True,5.561349098570645e-05,1.3062417565379292e-05,0.00029826624086126685,0.0011696687433868647,0.9724441766738892,0.0019911976996809244,0.022917209193110466,0.001110806013457477,normal-pylorus/b723b2c8-6aaa-4d0a-a0a1-945b48c84653.jpg
7,6,ulcerative-colitis,polyps,False,0.004933682270348072,0.0013996133347973228,6.497307822428411e-06,0.02160615287721157,7.888212712714449e-05,8.757026989769656e-06,0.8387811779975891,0.1331852823495865,ulcerative-colitis/2f2ae3b5-08a1-4fae-b78c-6b6f425f9a80.jpg
4,4,normal-pylorus,normal-pylorus,True,2.0214789401507005e-05,5.0416242629580665e-06,0.0007593107293359935,8.378597703995183e-05,0.9929509162902832,0.0024263279046863317,0.003526868997141719,0.00022757521946914494,normal-pylorus/5cdf8cea-7a5b-4763-8a4e-a78e6c97d0ae.jpg
2,5,esophagitis,normal-z-line,False,7.734190148767084e-05,6.578850297955796e-05,0.45019394159317017,2.3703674578712253e-09,0.00010203622514382005,0.5495546460151672,4.818023171537789e-06,1.4659833595942473e-06,esophagitis/8b21be1f-8425-495b-b96c-0f29528fbc6f.jpg
2,2,esophagitis,esophagitis,True,0.00017201014270540327,0.00011486606672406197,0.9627130627632141,3.490252808990846e-10,6.4294713411072735e-06,0.03699106350541115,2.2022263692633715e-06,3.3510983143969497e-07,esophagitis/43cce00a-65bc-4866-9c40-f6848980d27b.jpg
0,1,dyed-lifted-polyps,dyed-resection-margins,False,0.2814303934574127,0.7185695767402649,9.89980097898524e-10,6.7173228091022e-10,1.9271540472372978e-13,6.276813513395041e-10,3.209325513675587e-11,9.058450170518206e-12,dyed-lifted-polyps/b93089c3-0c65-4e3f-9dd0-791a5dee0394.jpg
5,2,normal-z-line,esophagitis,False,4.046025424031541e-05,3.600452691898681e-05,0.7055680751800537,5.527417716241767e-13,3.914423984952009e-07,0.2943550646305084,1.5556349097778366e-08,2.515429420313353e-09,normal-z-line/e4eed805-8aa1-4035-b7e7-e6368d4089df.jpg
0,1,dyed-lifted-polyps,dyed-resection-margins,False,0.19587993621826172,0.8041200637817383,6.971219601581424e-09,1.8745860983285234e-13,1.2816392912229357e-11,4.8752615278147005e-09,1.597484216306691e-13,9.832096210327448e-14,dyed-lifted-polyps/dff67e1f-94d5-422a-839b-b4ff429f9bcf.jpg
5,5,normal-z-line,normal-z-line,True,0.0031887025106698275,0.001618791720829904,0.2709384858608246,3.452778037171811e-05,0.035390350967645645,0.653235673904419,0.024090558290481567,0.011502891778945923,normal-z-line/2665253a-eda9-493a-91e0-93ed5d63f659.jpg
5,5,normal-z-line,normal-z-line,True,0.00014262899640016258,9.828490146901459e-05,0.35492396354675293,6.134957430958821e-09,0.00011690102110151201,0.6447052955627441,9.379908078699373e-06,3.514055833875318e-06,normal-z-line/387ca6bf-3662-478d-9c5f-6f5a92a04488.jpg
3,3,normal-cecum,normal-cecum,True,0.0011049294844269753,0.000358805526047945,5.093541588507833e-09,0.9183717966079712,1.4995944184192922e-06,3.477532573015196e-08,0.033689532428979874,0.04647339880466461,normal-cecum/c945c9e2-9c3f-488e-874b-dac55ebf64db.jpg
4,2,normal-pylorus,esophagitis,False,0.013563394546508789,0.013052381575107574,0.509710431098938,0.00036313277087174356,0.00756319984793663,0.16310566663742065,0.28084105253219604,0.011800753884017467,normal-pylorus/e15c7bed-37ef-4720-a0c8-0f255cc8cf4b.jpg
4,4,normal-pylorus,normal-pylorus,True,0.000546524825040251,0.00019791063095908612,0.38555532693862915,0.00011585560423554853,0.4106954336166382,0.178109273314476,0.022220565006136894,0.0025591214653104544,normal-pylorus/bd045f61-d72a-44d9-ae3f-16ce64a57f01.jpg
0,0,dyed-lifted-polyps,dyed-lifted-polyps,True,0.7095512747764587,0.2891477346420288,6.588433734577848e-06,0.0003808951878454536,1.4928050973139761e-07,5.93562435824424e-06,0.0007350234664045274,0.00017232404206879437,dyed-lifted-polyps/75fb60c5-75c4-4faa-9e55-673ae15edcf4.jpg
5,5,normal-z-line,normal-z-line,True,0.0015004921006038785,0.0009061340824700892,0.37611421942710876,5.971485734335147e-05,0.03826523199677467,0.5500829219818115,0.023937253281474113,0.009134065359830856,normal-z-line/e7e97269-ff2c-4f1d-883c-2f8b175beace.jpg
0,0,dyed-lifted-polyps,dyed-lifted-polyps,True,0.7609679698944092,0.23273064196109772,1.497148332418874e-06,0.005733458790928125,5.80990331400244e-08,4.192797860014252e-06,0.00041970069287344813,0.00014249817468225956,dyed-lifted-polyps/18cc7835-7f43-4953-9d17-809c2d3abaaf.jpg
4,6,normal-pylorus,polyps,False,0.003548800013959408,0.0016290677012875676,0.28760817646980286,0.0020709040109068155,0.060815878212451935,0.0048768226988613605,0.5736191868782043,0.065831258893013,normal-pylorus/86fed752-3bff-4b80-afed-b78cbf892f52.jpg
7,7,ulcerative-colitis,ulcerative-colitis,True,0.004727962892502546,0.001210925285704434,1.0656441418177565e-06,0.25854265689849854,0.002260814653709531,1.8333525076741353e-05,0.32760101556777954,0.4056372344493866,ulcerative-colitis/698f130b-41ff-414d-908c-8d8c0f82d4a8_00001587.jpg
3,3,normal-cecum,normal-cecum,True,0.00029589197947643697,9.646378748584539e-05,8.707494170145935e-10,0.9819860458374023,2.1823802853759844e-06,2.1972260455527248e-08,0.009588029235601425,0.00803142786026001,normal-cecum/ead9c47b-cd35-4a1b-82d4-ab5602af8d02.jpg
2,2,esophagitis,esophagitis,True,6.670452421531081e-05,7.147279393393546e-05,0.6723257899284363,2.0286923252399447e-09,0.0001654250081628561,0.327367901802063,2.1730670596298296e-06,5.982640232105041e-07,esophagitis/472b299d-1eca-4ce0-8ba0-79f65c1b7366.jpg
1,0,dyed-resection-margins,dyed-lifted-polyps,False,0.6796372532844543,0.3185039758682251,5.995884203002788e-05,0.0004910516436211765,1.0770314474939369e-05,8.179309224942699e-05,0.0010681619169190526,0.0001471012510592118,dyed-resection-margins/4c430475-576e-424d-a1f7-d26a6ca7b521.jpg
1,1,dyed-resection-margins,dyed-resection-margins,True,0.37396886944770813,0.6259926557540894,3.822656253760215e-06,1.342844552709721e-05,5.474008162309474e-07,7.177734460128704e-06,9.536744073557202e-06,3.999791715614265e-06,dyed-resection-margins/80c6f79a-c028-4cfa-ab9f-2c6a93a9042c.jpg
7,7,ulcerative-colitis,ulcerative-colitis,True,0.009762887842953205,0.0022960598580539227,4.031470552945393e-07,0.2996920943260193,7.523644308093935e-05,1.6745044604249415e-06,0.17225535213947296,0.5159163475036621,ulcerative-colitis/45842efe-b78d-4e94-b6b2-b5899d4a29bc.jpg
4,4,normal-pylorus,normal-pylorus,True,0.0010651249904185534,0.00042874892824329436,0.005505864974111319,0.0016348740318790078,0.8225905895233154,0.06025826185941696,0.07779193669557571,0.0307245422154665,normal-pylorus/bb86fa1b-3ee0-419e-a048-fdbed5cbf1e1.jpg
4,4,normal-pylorus,normal-pylorus,True,0.00030892560607753694,8.118983532767743e-05,0.002487698569893837,0.00037536665331572294,0.970634400844574,0.008184824138879776,0.015242678113281727,0.002684887032955885,normal-pylorus/8baeccb9-1f39-47cc-89aa-c860864ef7fc.jpg
7,7,ulcerative-colitis,ulcerative-colitis,True,0.002122284611687064,0.0008977687684819102,0.00014597477274946868,0.00598914222791791,0.025025207549333572,0.0014996277168393135,0.09276855736970901,0.8715513944625854,ulcerative-colitis/d82eb7f9-9988-42a2-8140-11f335d893cd.jpg
3,6,normal-cecum,polyps,False,0.0021581994369626045,0.0006393317016772926,2.886885042130416e-08,0.3539600372314453,2.7669254905049456e-06,3.1950656875778805e-07,0.6370512247085571,0.006188052240759134,normal-cecum/0e2033f0-fed2-47cc-9ee0-cf812c85660f.jpg
6,6,polyps,polyps,True,0.007950369268655777,0.002605171874165535,8.246507832154748e-07,0.03871912136673927,3.139088221359998e-05,1.7487735703980434e-06,0.6191961169242859,0.3314951956272125,polyps/c61fb6e8-ef58-4379-99df-107a312f1005.jpg
0,0,dyed-lifted-polyps,dyed-lifted-polyps,True,0.7145815491676331,0.2651751637458801,7.900780474301428e-06,0.010131505317986012,7.217556117211643e-07,1.4539661606249865e-05,0.008038252592086792,0.0020504307467490435,dyed-lifted-polyps/4f712873-051a-418e-8cbd-8bf1f5f4ae23.jpg
0,0,dyed-lifted-polyps,dyed-lifted-polyps,True,0.7068130970001221,0.2908633351325989,2.196309287683107e-05,0.00029138833633624017,1.30254477426206e-06,1.3247417882666923e-05,0.0018245670944452286,0.00017108065367210656,dyed-lifted-polyps/fbd6b571-df1d-42b1-bc12-20aca14fc754.jpg
2,2,esophagitis,esophagitis,True,3.842693331534974e-05,4.169187741354108e-05,0.6428804993629456,1.4875047027462784e-10,7.392204224743182e-06,0.35703134536743164,3.856040677874262e-07,2.340069755746299e-07,esophagitis/0dcf6352-8fb9-471d-86f2-18d2ed1fb7d1.jpg
6,6,polyps,polyps,True,0.00367784989066422,0.0008349448326043785,3.5260497952549485e-06,0.2992344796657562,0.0015497865388169885,5.2101877372479066e-05,0.6130355596542358,0.08161180466413498,polyps/ab521975-ebea-4f40-9a4b-5b55235bd140.jpg
0,0,dyed-lifted-polyps,dyed-lifted-polyps,True,0.61957186460495,0.14904652535915375,0.0012855787063017488,0.005614068359136581,3.0938863346818835e-05,0.0006843716837465763,0.2020193487405777,0.021747367456555367,dyed-lifted-polyps/6623b2ff-ffd8-4af9-a5ea-cc3f3cda5f55.jpg
4,4,normal-pylorus,normal-pylorus,True,0.0001986139250220731,3.148288305965252e-05,0.0016970343422144651,0.0002458643284626305,0.9700741171836853,0.005067254416644573,0.02184170112013817,0.0008439698722213507,normal-pylorus/ad68d5b8-e53c-4ba0-b1ad-e0a7a372423d.jpg
7,7,ulcerative-colitis,ulcerative-colitis,True,0.012861968949437141,0.0023881772067397833,0.01940636709332466,3.7007332139182836e-05,0.00012858987611252815,0.0004506129480432719,0.2416815161705017,0.7230457663536072,ulcerative-colitis/7dc49938-20cd-439b-8916-25018741d1ab.jpg
0,0,dyed-lifted-polyps,dyed-lifted-polyps,True,0.6093721389770508,0.39018750190734863,2.3844049792387523e-06,0.00023374681768473238,3.3267057997221627e-09,6.01256260779337e-07,0.00018108209769707173,2.2456510123447515e-05,dyed-lifted-polyps/09e454a5-e76f-4547-9b7a-4be4c5bce9ef.jpg
6,6,polyps,polyps,True,0.002909056143835187,0.0007119063520804048,9.679616596258711e-06,0.003848936641588807,0.0001181263942271471,1.4156528777675703e-05,0.9089643955230713,0.08342379331588745,polyps/13c11cef-2f39-4be7-97b1-6e6ed586811b.jpg
3,3,normal-cecum,normal-cecum,True,0.0024485408794134855,0.0007967980927787721,1.9526700612004788e-07,0.7689456343650818,2.4293332899105735e-05,1.9532390069798566e-06,0.1891336590051651,0.03864887356758118,normal-cecum/bd057379-54e1-456f-ba39-60e533495fc5.jpg
0,0,dyed-lifted-polyps,dyed-lifted-polyps,True,0.5495189428329468,0.45038294792175293,6.9305724537116475e-06,4.122905011172406e-06,7.0597034884656296e-09,3.94998323827167e-06,3.5755045246332884e-05,4.72975880256854e-05,dyed-lifted-polyps/24f0df1e-b1e8-49ed-b796-9ee0b1ccc504.jpg
6,6,polyps,polyps,True,0.004795098211616278,0.0009389305487275124,5.240885457169497e-06,0.01649612747132778,0.00037222664104774594,3.4565313399070874e-05,0.9141483902931213,0.06320933997631073,polyps/194d58c3-f703-4974-98d5-f1659fcb4aa0.jpg
0,0,dyed-lifted-polyps,dyed-lifted-polyps,True,0.6416870355606079,0.32781386375427246,5.985114057693863e-06,0.010488443076610565,2.796928356474382e-06,5.777330443379469e-06,0.012161731719970703,0.007834341377019882,dyed-lifted-polyps/0e0f9300-e55e-4b25-bc4c-152499a6d1f2.jpg
2,2,esophagitis,esophagitis,True,1.9307002730784006e-05,3.979344182880595e-05,0.5349944233894348,4.842950042729943e-13,7.614509200948305e-08,0.4649464190006256,4.009123699688644e-09,4.63357663349484e-09,esophagitis/34eb68ec-8913-4377-a326-02aee54740a1.jpg
3,3,normal-cecum,normal-cecum,True,0.002406198065727949,0.0008567507029511034,6.320582457419732e-08,0.9319945573806763,2.4523117190256016e-06,3.2659562521075713e-07,0.046776577830314636,0.017963148653507233,normal-cecum/70191519-63ec-43ac-a7e2-7c01f11e2b3d.jpg
6,6,polyps,polyps,True,0.0020011202432215214,0.0004367996007204056,2.884956484194845e-05,0.008837789297103882,0.004499773029237986,0.00032705231569707394,0.9717054963111877,0.012163219042122364,polyps/56302cb8-619b-4eaf-a163-549328cac581.jpg
4,4,normal-pylorus,normal-pylorus,True,0.000834573176689446,0.00023208247148431838,0.2566682696342468,2.544343260524329e-06,0.5011523962020874,0.2400365024805069,0.0010280389105901122,4.557212014333345e-05,normal-pylorus/2f22694b-a169-4039-a392-23f98e7e5da1.jpg
5,5,normal-z-line,normal-z-line,True,3.8064245018176734e-05,6.0689515521517023e-05,0.25750115513801575,9.32320554092314e-10,2.0214205505908467e-05,0.7423775792121887,8.552774488634896e-07,1.3824577536070137e-06,normal-z-line/2052a648-302c-4d11-9540-3e6050e76c38.jpg
6,6,polyps,polyps,True,0.006073585711419582,0.0009486964554525912,5.8921655181620736e-06,0.041766636073589325,0.0002570507931523025,1.2774867172993254e-05,0.8191497921943665,0.131785586476326,polyps/1ab993e9-346b-4642-99af-6caec0f49f27.jpg
4,4,normal-pylorus,normal-pylorus,True,8.512136992067099e-05,2.3730521206744015e-05,0.05061355233192444,1.679749220784288e-05,0.8194822669029236,0.1266850233078003,0.0026916374918073416,0.0004019058251287788,normal-pylorus/8a63543e-7214-459c-99dd-18d27bce8d9d.jpg
2,2,esophagitis,esophagitis,True,1.597233313077595e-05,2.2442925910581835e-05,0.6064429879188538,4.1990582018425204e-12,6.478833824985486e-07,0.3935179114341736,3.6080209042665956e-08,1.8415704516883125e-08,esophagitis/55d75d8a-c744-4db3-9776-f88ca27b6dfe.jpg
6,6,polyps,polyps,True,0.02794775180518627,0.0036930565256625414,0.00023979747493285686,0.0023931735195219517,3.7168138078413904e-05,0.00021400459809228778,0.8251714706420898,0.14030352234840393,polyps/ec06080b-a2a0-40d3-97f7-313297ef8adb.jpg
7,6,ulcerative-colitis,polyps,False,0.009069745428860188,0.002525519346818328,6.162784848129377e-05,0.04038263112306595,0.0010194663191214204,0.00016598313231952488,0.48427143692970276,0.462503582239151,ulcerative-colitis/761fffc8-bc50-4dd9-a91f-90fc5a963e04.jpg
5,2,normal-z-line,esophagitis,False,2.6851732854993315e-06,6.755419235560112e-06,0.5027966499328613,1.495669941251141e-14,8.465104173183136e-09,0.4971939027309418,3.385996205640396e-10,3.185366137525847e-10,normal-z-line/c38ecd58-850c-407a-8222-4316bbd10315.jpg
3,3,normal-cecum,normal-cecum,True,0.0005222001345828176,0.0001714559184620157,3.9537320084548355e-09,0.9771277904510498,4.048386017529992e-06,1.0837111119599285e-07,0.014268250204622746,0.007906198501586914,normal-cecum/33d0a287-ce2b-48f1-94b0-004a88b1bacc.jpg
7,7,ulcerative-colitis,ulcerative-colitis,True,0.008531859144568443,0.0015390841290354729,2.483088792359922e-06,0.2609406113624573,9.952831896953285e-05,4.9833829507406335e-06,0.1635507047176361,0.5653306841850281,ulcerative-colitis/9a4d671d-c3a0-4d52-89be-c518fffc696c.jpg
5,5,normal-z-line,normal-z-line,True,0.0005351556465029716,0.0004350056406110525,0.16090480983257294,2.5734584596648347e-06,0.013393414206802845,0.8203561305999756,0.0009322312544099987,0.0034407253842800856,normal-z-line/d4122150-9650-4d82-95de-3c9744bf4512.jpg
6,6,polyps,polyps,True,0.018663300201296806,0.005854594986885786,1.7631375158089213e-05,0.05351747199892998,4.703524973592721e-05,5.79947154619731e-05,0.4730272889137268,0.4488146901130676,polyps/528e6543-7621-46cc-a73d-1d16bd5de6b3.jpg
5,5,normal-z-line,normal-z-line,True,1.7873402384793735e-06,1.0586920325295068e-05,0.1455347090959549,2.488767113402457e-13,1.8518889532970206e-08,0.8544528484344482,6.822715170606841e-10,1.9901804648725374e-09,normal-z-line/17ab1cc2-34d8-46a7-b145-9c2b2a5dcf78.jpg
5,6,normal-z-line,polyps,False,0.01144676934927702,0.004153295420110226,0.13865993916988373,0.0005679307505488396,0.10266910493373871,0.3017457127571106,0.41662323474884033,0.024134008213877678,normal-z-line/cc537498-4056-4a73-97fd-6a12ef84fc8a.jpg
2,5,esophagitis,normal-z-line,False,1.8446213289280422e-05,2.2563172024092637e-05,0.25287848711013794,1.4935547243410952e-09,0.00018170045223087072,0.7468972206115723,8.063807968028414e-07,8.426606541434012e-07,esophagitis/1ed3011a-0fb0-4ff7-a5ea-5f953dc429fc.jpg
2,5,esophagitis,normal-z-line,False,0.0003406153409741819,0.00019047368550673127,0.22586654126644135,1.022084143187385e-05,0.07912024855613708,0.6875519156455994,0.004303344991058111,0.002616611775010824,esophagitis/435c9bfe-13e4-4450-9d91-f5fd10e75e75.jpg
5,2,normal-z-line,esophagitis,False,6.980977923376486e-05,3.895152985933237e-05,0.590126633644104,8.690451913651032e-09,0.0010763270547613502,0.40867581963539124,9.245166438631713e-06,3.230373295082245e-06,normal-z-line/38ca5cf9-84ae-4c19-a896-7ce0f848a0c7.jpg
0,0,dyed-lifted-polyps,dyed-lifted-polyps,True,0.6754329800605774,0.2119554579257965,8.879540587258816e-07,0.08264666050672531,3.810582484220504e-06,3.786904017033521e-06,0.026146864518523216,0.0038095456548035145,dyed-lifted-polyps/0f9d9718-f78b-493a-9859-ce5ec793fa83.jpg
4,4,normal-pylorus,normal-pylorus,True,0.000297201971989125,0.00021068143541924655,0.002601517830044031,0.01100587472319603,0.8935732245445251,0.004388435278087854,0.041931528598070145,0.045991603285074234,normal-pylorus/5d660f74-bc04-4355-861c-47ed48de600b.jpg
2,2,esophagitis,esophagitis,True,0.0003608024853747338,0.00019350969523657113,0.8300744891166687,5.033160050516017e-06,0.016396375373005867,0.15069597959518433,0.0018953077960759401,0.00037842942401766777,esophagitis/139adf37-d948-44ef-986b-14e17d41b868.jpg
0,0,dyed-lifted-polyps,dyed-lifted-polyps,True,0.5084047317504883,0.49159520864486694,6.93942823204452e-08,9.170642717437616e-11,3.241817578270023e-11,1.7062529167333196e-08,9.406328493888338e-11,1.6244681988464293e-10,dyed-lifted-polyps/3ae8ec88-0187-4e1f-bacb-3e27de2b0ceb.jpg
7,7,ulcerative-colitis,ulcerative-colitis,True,0.017467781901359558,0.004474177025258541,5.1123142839060165e-06,0.10296549648046494,9.535138815408573e-05,3.7591391446767375e-05,0.24694202840328217,0.6280125379562378,ulcerative-colitis/7ceabd95-dc0f-449f-bfd8-1c7626c59aea.jpg
4,4,normal-pylorus,normal-pylorus,True,0.0009773933561518788,0.0004116928612347692,0.019045047461986542,0.00022087751131039113,0.7213438153266907,0.18140481412410736,0.048623863607645035,0.02797251008450985,normal-pylorus/b9726a70-6e02-4907-8f3a-4b8b0285d41c.jpg
1,1,dyed-resection-margins,dyed-resection-margins,True,0.36341220140457153,0.6365871429443359,3.2597912991150224e-07,4.46355070959914e-11,3.6059086272466345e-10,2.8591065870386956e-07,1.2716515340738255e-10,4.6188126240354066e-11,dyed-resection-margins/cdd27de3-c84b-4978-ac7c-713c1bcda726.jpg
5,5,normal-z-line,normal-z-line,True,4.852093115914613e-05,5.5741362302796915e-05,0.31018081307411194,5.916061240895942e-08,0.0012347028823569417,0.6884472966194153,1.3542658052756451e-05,1.9296005120850168e-05,normal-z-line/1631b799-6638-401f-ba74-d7358478aa29.jpg
5,2,normal-z-line,esophagitis,False,3.8625025808869395e-06,1.0585907148197293e-05,0.5487083196640015,1.8407501898746537e-15,5.297525751402077e-10,0.4512772560119629,1.4245592205863744e-10,7.463683143749122e-11,normal-z-line/48e16b86-cf64-4bd4-af7b-67f55eecb252.jpg
0,0,dyed-lifted-polyps,dyed-lifted-polyps,True,0.7372496724128723,0.2625862658023834,6.705219220748404e-06,1.8871436623157933e-05,1.964530156328692e-07,1.1409833859943319e-05,0.00010260815179208294,2.431631764920894e-05,dyed-lifted-polyps/b4e37f56-ac82-438d-ac9c-7d8c7ad6929d.jpg
5,5,normal-z-line,normal-z-line,True,0.00024220625346060842,0.0002160485601052642,0.1341443657875061,1.0960477538901614e-06,0.007039373740553856,0.8577165603637695,0.00035414783633314073,0.00028617310454137623,normal-z-line/e987b209-17d6-4fd0-adba-b8f71a5c94b5.jpg
1,0,dyed-resection-margins,dyed-lifted-polyps,False,0.5535385608673096,0.4448900818824768,1.4619841692820046e-07,0.0012845465680584311,1.2576902852501348e-09,6.473671021467453e-08,0.00023844829411245883,4.817249646293931e-05,dyed-resection-margins/18d4a071-1a4c-4ffa-afae-11e5c3c77e42.jpg
4,4,normal-pylorus,normal-pylorus,True,7.381605428236071e-06,1.167318259831518e-06,9.12569958018139e-05,3.042554271814879e-05,0.9958063364028931,0.0005823059473186731,0.003444620640948415,3.653771273093298e-05,normal-pylorus/adad0194-5a65-44be-9d83-a2a6603d0634.jpg
3,6,normal-cecum,polyps,False,0.021992115303874016,0.009643356315791607,3.435435428400524e-05,0.014394701458513737,3.5273876619612565e-07,4.032326160086086e-06,0.8334892392158508,0.12044187635183334,normal-cecum/a6544f02-4ac3-4eb4-af77-e1abd52abbc3.jpg
1,1,dyed-resection-margins,dyed-resection-margins,True,0.21071814000606537,0.7892786860466003,2.4261346425191732e-06,1.9326703432076542e-11,3.8408918406895864e-11,7.133631925171358e-07,4.1906331182950396e-10,3.7932870733392576e-10,dyed-resection-margins/09ee8393-cf1c-4828-a266-143f697942a3.jpg
1,1,dyed-resection-margins,dyed-resection-margins,True,0.44285809993743896,0.5571393966674805,1.6298720311169745e-06,1.4410604265435722e-08,3.4489620048816505e-08,6.62228444525681e-07,9.514845800140392e-08,2.2303407121171404e-08,dyed-resection-margins/97c85811-8d46-486b-9d8e-5e203a170833.jpg
0,0,dyed-lifted-polyps,dyed-lifted-polyps,True,0.6756215691566467,0.3243646025657654,1.1140718925162219e-06,3.935916538466699e-06,1.0306746567323444e-09,1.0016100304710562e-06,6.223199761734577e-06,1.5208603372229845e-06,dyed-lifted-polyps/51cacc12-b4f0-4f29-b7f5-20706932a617.jpg
3,3,normal-cecum,normal-cecum,True,0.0010812805267050862,0.00035302317701280117,2.827222012058428e-08,0.9051699042320251,6.644394034083234e-06,3.704764708345465e-07,0.08325120806694031,0.010137533769011497,normal-cecum/af50d9e5-5590-4404-bba0-db478919a07a.jpg
7,3,ulcerative-colitis,normal-cecum,False,0.0020508342422544956,0.000475273554911837,1.580164905590209e-07,0.8519423007965088,0.00011252588592469692,1.8224856148663093e-06,0.09149616956710815,0.05392080545425415,ulcerative-colitis/de367ea7-a388-4e81-9b1e-b798bc2bc91d.jpg
0,0,dyed-lifted-polyps,dyed-lifted-polyps,True,0.6213957667350769,0.2681051790714264,0.0002529768389649689,0.0029191887006163597,1.0918691259576008e-05,0.0001045105600496754,0.09898283332586288,0.008228639140725136,dyed-lifted-polyps/7e7e7c18-aa05-4558-8a67-4170ed85577f.jpg
0,0,dyed-lifted-polyps,dyed-lifted-polyps,True,0.6255699396133423,0.3318956792354584,6.8558565544663e-06,0.03536310791969299,1.742793210723903e-05,1.661740316194482e-05,0.004531276412308216,0.0025990870781242847,dyed-lifted-polyps/7bdc7f5a-560b-401d-a090-de6f19f1443f.jpg
1,0,dyed-resection-margins,dyed-lifted-polyps,False,0.560061514377594,0.4399247467517853,3.829240142749768e-07,5.425587005447596e-06,1.7072927960271045e-07,1.6113432366182678e-06,4.662442734115757e-06,1.4254650295697502e-06,dyed-resection-margins/2f720d7d-51d3-4069-a490-10310438b99b.jpg
2,2,esophagitis,esophagitis,True,1.665616946411319e-05,1.4893676052452065e-05,0.9305806159973145,5.418264795165051e-12,6.850430054328172e-07,0.0693870559334755,9.822745283827317e-08,3.829819306133686e-08,esophagitis/c2b65b04-5263-4740-a15c-d74d865dcade.jpg
0,0,dyed-lifted-polyps,dyed-lifted-polyps,True,0.5784646272659302,0.4199310839176178,1.2989740127977711e-07,0.0015743031399324536,3.8557528697635846e-11,7.268719315334238e-08,2.5631512471591122e-05,4.1617722672526725e-06,dyed-lifted-polyps/4145f8a7-d4a5-4416-ba7f-ee692d0f764e.jpg
1,1,dyed-resection-margins,dyed-resection-margins,True,0.09516068547964096,0.9048393368721008,1.801421511959944e-11,3.198915640028905e-15,1.028298103845839e-15,4.8356414358852184e-12,1.2651364833018015e-16,1.3483088983239674e-16,dyed-resection-margins/fe9ea687-f6aa-489b-aeee-40b5c18a4b5b.jpg
7,6,ulcerative-colitis,polyps,False,0.012012600898742676,0.004435571376234293,1.0908189551628311e-06,0.0553758405148983,4.043412263854407e-05,3.329290166220744e-06,0.7930892109870911,0.13504183292388916,ulcerative-colitis/0b7abcca-ec65-46c9-8e37-ad067b81ce62.jpg
2,2,esophagitis,esophagitis,True,5.0446938985260203e-05,4.427150634001009e-05,0.5390409231185913,7.3605099792928286e-09,0.000236533087445423,0.46061885356903076,5.430807959783124e-06,3.4781010072038043e-06,esophagitis/cd39f3fa-91eb-4798-bf8e-d9ccfaf1bbcd.jpg
6,6,polyps,polyps,True,0.002529960824176669,0.0006398932891897857,1.2824829127566773e-06,0.01784496381878853,0.0002123419108102098,1.2481097655836493e-05,0.9383392930030823,0.04041982814669609,polyps/49f982fc-0156-4aa9-86cf-105fe3575179.jpg
1,1,dyed-resection-margins,dyed-resection-margins,True,0.3751138746738434,0.6248860955238342,6.426703613726659e-09,6.6419998390188084e-09,4.24630296202988e-12,5.6239977119787454e-09,1.5548018428290789e-10,7.535988499896007e-11,dyed-resection-margins/2fd2588b-dd32-43ef-b9da-7dc323baf713.jpg
3,3,normal-cecum,normal-cecum,True,0.003927815239876509,0.0012080335291102529,3.1791282140147814e-07,0.6301888823509216,1.7329895854345523e-05,2.395845513092354e-06,0.30647632479667664,0.05817893147468567,normal-cecum/62985062-872e-4d08-a9fa-d49bbc2383d8.jpg
7,7,ulcerative-colitis,ulcerative-colitis,True,0.0049153100699186325,0.000964279577601701,8.257430295088852e-07,0.22407691180706024,6.683328683720902e-05,1.8414392570775817e-06,0.0899544432759285,0.6800194978713989,ulcerative-colitis/d3c49708-d48f-4948-8616-cc2dbd1e0098.jpg
1,1,dyed-resection-margins,dyed-resection-margins,True,0.14825747907161713,0.8517425656318665,2.3869886067728885e-09,7.305183367944945e-12,3.8452663904571527e-13,1.2699876705823954e-09,4.065101987665853e-12,1.237886204132066e-12,dyed-resection-margins/66a97d94-5515-4ebd-b31b-ae6c628f3cf5.jpg
6,6,polyps,polyps,True,0.005257038399577141,0.0009385475423187017,3.342730269650929e-05,0.08129604905843735,0.006185815669596195,0.00015188897668849677,0.6250411868095398,0.28109607100486755,polyps/3ded45db-1f47-4bc0-979e-1645d4fd98bd.jpg
5,5,normal-z-line,normal-z-line,True,1.0936362741631456e-05,1.659981717239134e-05,0.40331214666366577,4.334280503948129e-11,3.6293536140874494e-06,0.5966564416885376,1.4927337588233058e-07,1.0011805784415628e-07,normal-z-line/de959b52-6dd9-40d3-b56c-ce4648d37468.jpg
5,5,normal-z-line,normal-z-line,True,2.353391028009355e-05,2.282373134221416e-05,0.32530906796455383,3.9474451485332906e-10,2.2761194486520253e-05,0.674619734287262,1.0428116183902603e-06,1.0552870435276418e-06,normal-z-line/1f031a07-c11f-4cdd-96b8-01ee18b65909.jpg
6,6,polyps,polyps,True,0.009973127394914627,0.002265593269839883,2.0517713892331813e-06,0.1291646659374237,1.5078148862812668e-05,7.953767635626718e-06,0.8180436491966248,0.040527909994125366,polyps/af8e5a0e-18ac-4daa-8b7c-e70d071bed03.jpg
3,3,normal-cecum,normal-cecum,True,0.0006671882583759725,0.0001931976730702445,1.5152121779493655e-09,0.9581370949745178,5.2415698519325815e-06,6.752894421424571e-08,0.03162683919072151,0.00937038566917181,normal-cecum/5ff34bb3-7472-4807-a501-9a0bf53c5d7e.jpg
0,0,dyed-lifted-polyps,dyed-lifted-polyps,True,0.5327318906784058,0.467258483171463,3.9252099668374285e-06,2.668302556685376e-07,3.2922866211038126e-08,2.1745727281086147e-06,2.7056107683165465e-06,5.24736208262766e-07,dyed-lifted-polyps/e96c9662-5bef-497c-9c21-d322c82c2d2d.jpg
4,4,normal-pylorus,normal-pylorus,True,0.0018677683547139168,0.0008754910086281598,0.05328986048698425,0.0003580712073016912,0.6765506267547607,0.19031119346618652,0.06426943838596344,0.012477613985538483,normal-pylorus/fe2c25f1-828a-4eee-b693-edd11d57c684.jpg
5,5,normal-z-line,normal-z-line,True,2.8627981009776704e-05,3.442044180701487e-05,0.15726330876350403,5.784527079555346e-09,0.00012928406067658216,0.842536985874176,3.016336904693162e-06,4.325382633396657e-06,normal-z-line/a5d1d3bb-cf8a-4ce0-b6a8-55dc740520f6.jpg
6,6,polyps,polyps,True,0.0011549436021596193,0.00032064103288576007,6.537817534990609e-05,0.002163708908483386,0.0008712818380445242,0.00024053019296843559,0.984207808971405,0.01097572036087513,polyps/56c01d3b-5a75-4884-998d-578e8bfa4dfc.jpg
6,6,polyps,polyps,True,0.004563324619084597,0.0010386351495981216,7.558710785815492e-05,0.0072038560174405575,0.0018844292499125004,0.00025500045740045607,0.8331767916679382,0.15180246531963348,polyps/54177c51-fda1-458e-8dac-f39dcfdc75e3.jpg
2,2,esophagitis,esophagitis,True,0.0003123604692518711,0.00017265455971937627,0.5276938080787659,3.451518892916283e-08,0.0003233706229366362,0.47138407826423645,8.432842878391966e-05,2.933866562671028e-05,esophagitis/5eeb455d-db8b-4bb0-a485-1f4de1d2adaa.jpg
3,3,normal-cecum,normal-cecum,True,0.00036366647691465914,0.00013446628872770816,2.1996017451897387e-08,0.9737581610679626,5.4512602218892425e-05,5.227936981100356e-07,0.012009362690150738,0.013679358176887035,normal-cecum/8c80df3b-00de-4435-ba77-0c03533e2277.jpg
4,4,normal-pylorus,normal-pylorus,True,0.004941092338413,0.0010572972241789103,0.004603005480021238,0.007828791625797749,0.44511330127716064,0.019119415432214737,0.3529098629951477,0.16442716121673584,normal-pylorus/540f8c33-89d5-4e44-a4ad-cabb0e6712ec.jpg
5,2,normal-z-line,esophagitis,False,3.1631450838176534e-05,4.031339267385192e-05,0.5880412459373474,1.0939220883299239e-11,2.5437427666474832e-06,0.41188424825668335,4.8267558838688274e-08,1.6932263591229457e-08,normal-z-line/8e6a38f3-ace4-4709-9e6e-f963a4850e86.jpg
3,3,normal-cecum,normal-cecum,True,0.0017796338070183992,0.0005265601212158799,4.9143370262072494e-08,0.8719591498374939,8.131920367304701e-06,3.237035173242475e-07,0.10454631596803665,0.02117987349629402,normal-cecum/9eb2ac9b-440e-4717-abfd-001fa625e534.jpg
2,2,esophagitis,esophagitis,True,0.0023155598901212215,0.0011572082294151187,0.696160614490509,3.71480517458167e-08,7.56375229684636e-05,0.30004826188087463,0.0002004689013119787,4.2190178646706045e-05,esophagitis/68022cdd-499a-4ec1-a123-476be3863ccc.jpg
2,2,esophagitis,esophagitis,True,4.1297837015008554e-05,4.5733992010354996e-05,0.8056744337081909,1.0278057918644556e-11,8.69639222855767e-07,0.19423754513263702,1.2965416829047172e-07,3.0128266104156864e-08,esophagitis/db8fbd54-6c06-4bb8-bac8-3b0f16ea34fb.jpg
5,5,normal-z-line,normal-z-line,True,9.593301911081653e-06,2.2130736397230066e-05,0.2757067382335663,5.986942278740637e-12,4.634911761058902e-07,0.7242610454559326,2.547905886274293e-08,1.977887365001152e-08,normal-z-line/21193411-8764-4d36-939f-b654f2815122.jpg
2,2,esophagitis,esophagitis,True,1.8713268218562007e-05,1.8220513084088452e-05,0.789852499961853,1.744390330966905e-12,4.4847618596577377e-07,0.2101101130247116,3.7122035223546845e-08,8.232580839262482e-09,esophagitis/e1d4308b-1fe9-4c50-ac3a-4fa0e38ef487.jpg
4,4,normal-pylorus,normal-pylorus,True,0.00042330726864747703,0.00014157648547552526,0.1535305678844452,9.979349124478176e-05,0.6443582773208618,0.18226462602615356,0.012702937237918377,0.006478819064795971,normal-pylorus/7f607ea9-1c1a-4e65-9888-7db35c807f59.jpg
2,2,esophagitis,esophagitis,True,0.000997553113847971,0.0007210121839307249,0.8736308813095093,2.32112142839469e-08,0.0008863591938279569,0.12373259663581848,2.8887749067507684e-05,2.7987314297206467e-06,esophagitis/4d6969a5-91c2-4ea8-9251-c7718f6c156c.jpg
3,3,normal-cecum,normal-cecum,True,0.00042531543294899166,0.00015330722089856863,1.0672255967847377e-08,0.972743809223175,2.4699646019143984e-05,2.6035010591840546e-07,0.010042007081210613,0.0166106466203928,normal-cecum/d839d136-1a65-489b-adcf-a2d33b7d3978.jpg
0,0,dyed-lifted-polyps,dyed-lifted-polyps,True,0.7898654937744141,0.18816246092319489,3.747317168745212e-05,0.0009062689496204257,1.152933054981986e-05,2.8421434763004072e-05,0.01736946776509285,0.0036188531666994095,dyed-lifted-polyps/c975da7b-0089-43e1-9ca1-f9680ec1f81f.jpg
5,2,normal-z-line,esophagitis,False,0.0002417571231490001,0.00017328179092146456,0.5840539336204529,2.3631789858313823e-08,0.0008426372078247368,0.4146503508090973,2.987311381730251e-05,8.124912710627541e-06,normal-z-line/2e2447d1-29d0-4988-b9ca-16d4757e52f4.jpg
5,5,normal-z-line,normal-z-line,True,0.0001229792251251638,7.250593625940382e-05,0.3250619173049927,7.624837650155314e-08,0.002936133649200201,0.671735942363739,5.875154602108523e-05,1.1807689588749781e-05,normal-z-line/d7829204-5ea7-4551-909c-76aa9e5c181b.jpg
5,2,normal-z-line,esophagitis,False,0.0014614816755056381,0.0006205343524925411,0.4918857514858246,8.957728277891874e-05,0.34996911883354187,0.10284297168254852,0.04681708291172981,0.006313462276011705,normal-z-line/1ba84b26-a412-4626-ab28-b90a468fbaee.jpg
5,5,normal-z-line,normal-z-line,True,0.0001313636894337833,0.000166861733305268,0.3983932137489319,6.875249169979725e-08,0.0008665358182042837,0.6003862023353577,4.1317998693557456e-05,1.449220235372195e-05,normal-z-line/724dfd93-0284-46ab-85f4-75fb2c477399.jpg
7,6,ulcerative-colitis,polyps,False,0.005970535799860954,0.0017718782182782888,2.643606421770528e-05,0.03636927157640457,0.004648660775274038,0.00035410537384450436,0.4772731363773346,0.47358599305152893,ulcerative-colitis/64fe0dbe-3068-40a6-b148-b315b5078bbf.jpg
0,1,dyed-lifted-polyps,dyed-resection-margins,False,0.49393200874328613,0.5060630440711975,5.691815463393368e-09,4.485935278353281e-06,1.5961065802372332e-10,8.17145728859714e-09,3.432337507547345e-07,8.462332345970935e-08,dyed-lifted-polyps/82a10160-c92b-4416-993c-bce9726bb5e3.jpg
0,1,dyed-lifted-polyps,dyed-resection-margins,False,0.31033581495285034,0.6896355152130127,1.6556365153519437e-05,1.2105554780816874e-08,8.402547990726816e-09,1.1909553904843051e-05,9.543011003643187e-08,4.6420911559152955e-08,dyed-lifted-polyps/12fb09b6-a6c2-4e78-81d0-8502f576e473.jpg
5,5,normal-z-line,normal-z-line,True,1.2149193935329095e-05,3.1615410989616066e-05,0.28924867510795593,2.872542264817368e-12,1.386989225693469e-07,0.7107073664665222,1.2195005005821713e-08,1.5293512234393347e-08,normal-z-line/4b56da9b-b26a-41e3-b212-f5d4a07731e5.jpg
6,6,polyps,polyps,True,0.007616042159497738,0.0011997375404462218,0.00022613823239225894,0.005399362184107304,0.0006457782001234591,0.0002443631528876722,0.8021140098571777,0.18255457282066345,polyps/a89b6837-471d-4591-bb6a-9cad12145980.jpg
7,6,ulcerative-colitis,polyps,False,0.05070730298757553,0.01149709615856409,8.046836228459142e-06,0.28948548436164856,0.00010790231317514554,5.0159957027062774e-05,0.4441532492637634,0.20399068295955658,ulcerative-colitis/0450df79-728e-47f7-b7d7-5a32e40b686e.jpg
2,2,esophagitis,esophagitis,True,0.0006460112053900957,0.0004453727160580456,0.5141006708145142,5.048796083428897e-07,0.0024939903523772955,0.4810727834701538,0.0006050983211025596,0.0006355652585625648,esophagitis/ad7eae3c-17b2-4808-b50c-f4122918c18c.jpg
0,0,dyed-lifted-polyps,dyed-lifted-polyps,True,0.79762864112854,0.19576969742774963,4.1823426727205515e-05,0.0006676730117760599,6.1064741885275e-07,2.77868803095771e-05,0.00472306739538908,0.0011407205602154136,dyed-lifted-polyps/aa3978e4-6885-4919-88bc-bede64743e00.jpg
5,5,normal-z-line,normal-z-line,True,8.552644430892542e-06,1.6319778296747245e-05,0.2683104872703552,1.6801800836047098e-12,5.881075821889681e-07,0.7316641211509705,4.598309732983807e-09,4.635038131084457e-09,normal-z-line/ded1000b-bf92-4220-b4ee-321af77f69b7.jpg
0,0,dyed-lifted-polyps,dyed-lifted-polyps,True,0.5003493428230286,0.4990887939929962,0.0005029932945035398,6.947173947224883e-10,4.827855804023784e-08,5.8569548855302855e-05,1.3588643810180656e-07,8.62592628436687e-08,dyed-lifted-polyps/60c8e31e-039e-4c2a-84ab-aa6529c0077f.jpg
5,2,normal-z-line,esophagitis,False,0.0007656964589841664,0.00047043670201674104,0.5061560869216919,4.674777231983285e-10,5.360589511838043e-06,0.49259746074676514,3.943099272873951e-06,1.093971718546527e-06,normal-z-line/d54dd474-a25e-4aeb-83e9-fe2220a0d46b.jpg
4,4,normal-pylorus,normal-pylorus,True,2.3601232896908186e-05,7.755778824503068e-06,0.0110138189047575,2.7607376978266984e-05,0.9379587769508362,0.048021215945482254,0.002667427994310856,0.00027977823629043996,normal-pylorus/eb43ab19-02a6-4314-b7c3-a21678f7d124.jpg
7,3,ulcerative-colitis,normal-cecum,False,0.01673012226819992,0.002592283533886075,9.252833876871591e-08,0.39393070340156555,1.3249725270725321e-05,1.3431074421532685e-06,0.2986973822116852,0.2880347967147827,ulcerative-colitis/1515780d-178b-42c7-b621-7ab445e3ad89.jpg
4,4,normal-pylorus,normal-pylorus,True,0.00012441640137694776,3.158683830406517e-05,0.025798894464969635,1.4693209777760785e-05,0.884048581123352,0.08536782115697861,0.004380148835480213,0.0002337916666874662,normal-pylorus/ca45f829-82ed-42ba-a5cb-a0d305f50cdb.jpg
4,4,normal-pylorus,normal-pylorus,True,0.00019680651894304901,9.018075797939673e-05,0.014932923950254917,0.000961343408562243,0.8991627097129822,0.035142526030540466,0.03155044466257095,0.017963051795959473,normal-pylorus/2639339e-a4b1-46e7-9313-51380f57341e.jpg
3,3,normal-cecum,normal-cecum,True,0.000826724455691874,0.0002537268155720085,1.0119877380532216e-08,0.9353362321853638,3.6715773603646085e-06,9.848756121755287e-08,0.05378234386444092,0.009797248058021069,normal-cecum/068d3dac-066b-47c2-8057-c5e9ceb48262.jpg
7,7,ulcerative-colitis,ulcerative-colitis,True,0.0026398824993520975,0.0007471443386748433,0.00023904477711766958,0.003986710216850042,0.0028333005029708147,0.00041746647912077606,0.20704220235347748,0.7820942401885986,ulcerative-colitis/184cd2c6-ebb4-4032-b509-0c580dcf2079.jpg
4,4,normal-pylorus,normal-pylorus,True,0.010355804115533829,0.005016120616346598,0.14242684841156006,0.00012115488789277151,0.6672431826591492,0.15380625426769257,0.02064020372927189,0.0003903960750903934,normal-pylorus/1d9233e5-05fb-448f-aad6-25ca4c108967.jpg
1,1,dyed-resection-margins,dyed-resection-margins,True,0.209100142121315,0.7908996343612671,8.026593434351526e-08,1.165049141604868e-07,6.134902308385648e-11,3.624271371904797e-08,7.008989655332698e-08,2.0145771273405444e-08,dyed-resection-margins/62bb7bca-5cc3-4a0a-94b3-3666e6cf004e.jpg
4,5,normal-pylorus,normal-z-line,False,0.0001553610636619851,8.672622789163142e-05,0.2428572028875351,1.2809832696802914e-05,0.30847692489624023,0.44599905610084534,0.0019781142473220825,0.0004338673606980592,normal-pylorus/54291ff2-da24-4aa4-b62e-8c280705b20f.jpg
1,1,dyed-resection-margins,dyed-resection-margins,True,0.2618691325187683,0.7381263375282288,3.5469781778374454e-06,1.909614466555354e-09,3.7808944863826355e-10,1.0059186479338678e-06,1.1526162246866534e-08,2.4954916355568457e-08,dyed-resection-margins/47743168-d69b-401e-83f2-987ea7afca9c.jpg
7,7,ulcerative-colitis,ulcerative-colitis,True,0.0030467899050563574,0.0007826971705071628,0.00014885945711284876,0.00299227237701416,0.0007766913040541112,0.00015424734738189727,0.3229503333568573,0.6691480278968811,ulcerative-colitis/873fa53a-0603-4cb9-b097-e0e542baae2f.jpg
7,6,ulcerative-colitis,polyps,False,0.056496761739254,0.008799998089671135,8.860715024638921e-05,0.04605361074209213,1.4027124052518047e-05,3.981633562943898e-05,0.6087059378623962,0.27980124950408936,ulcerative-colitis/8165e7ed-993f-4f81-8b9c-6e0866f18fd6.jpg
0,0,dyed-lifted-polyps,dyed-lifted-polyps,True,0.7360952496528625,0.26255369186401367,6.846170435892418e-06,3.868807834805921e-05,1.608889988347073e-06,1.4332335013023112e-05,0.0004988929140381515,0.0007907658000476658,dyed-lifted-polyps/96bfb62f-f2bd-4965-9b2c-4928b023b702.jpg
6,6,polyps,polyps,True,0.020937640219926834,0.005792173556983471,0.00020427140407264233,0.07275831699371338,4.9422935262555256e-05,0.00013666335144080222,0.878560483455658,0.021561024710536003,polyps/c9ae1d7e-7a08-4176-931f-4110e2f9908a.jpg
2,2,esophagitis,esophagitis,True,6.203397060744464e-05,3.815076343016699e-05,0.9957771301269531,1.078479705540758e-08,7.018712494755164e-05,0.0039974297396838665,3.376310269231908e-05,2.1334328266675584e-05,esophagitis/4c1ac4ec-78a3-496e-b06a-466730633c6d.jpg
4,4,normal-pylorus,normal-pylorus,True,0.00039086429751478136,0.00020395731553435326,0.018901145085692406,0.0010045672534033656,0.933567464351654,0.025253107771277428,0.015519214794039726,0.0051595596596598625,normal-pylorus/e647bef7-a685-4c49-8b2c-77dc089e631c.jpg
1,0,dyed-resection-margins,dyed-lifted-polyps,False,0.6218881607055664,0.3779797852039337,3.202894163223391e-07,9.512487304164097e-05,2.3533774040629396e-08,6.811694674979663e-07,3.18504789902363e-05,4.078478468727553e-06,dyed-resection-margins/918b1ec8-5d17-4b6e-bbf7-6577403e7d55.jpg
1,1,dyed-resection-margins,dyed-resection-margins,True,0.3351193964481354,0.6648805737495422,3.958735916853584e-08,1.7753229442085683e-11,2.523078967975323e-11,3.190436714817224e-08,1.0106960407485488e-11,5.888954688476611e-12,dyed-resection-margins/e9fb6239-1f6b-4c85-b289-650bf60bb0c7.jpg
5,2,normal-z-line,esophagitis,False,0.00023180614516604692,0.0001577857183292508,0.6598736643791199,3.566731976434312e-08,0.0015172158600762486,0.3381735384464264,3.787178502534516e-05,8.096209057839587e-06,normal-z-line/89d34997-0b47-48d7-ae5d-1f47de87cf85.jpg
5,5,normal-z-line,normal-z-line,True,3.560141749403556e-06,1.2020062968076672e-05,0.15441599488258362,2.2596303354913833e-13,2.781754737668507e-08,0.8455684185028076,1.6585344209119057e-09,2.1937966998564207e-09,normal-z-line/be13e423-b890-486e-98d7-692b12fe390f.jpg
5,5,normal-z-line,normal-z-line,True,6.091389877838083e-06,1.1536772944964468e-05,0.35938623547554016,1.2288611968280794e-12,6.954518312340952e-07,0.6405954957008362,7.906555410386318e-09,7.0165198096106e-09,normal-z-line/d274876d-7fc9-462f-acaa-e4c621ff4b8e.jpg
5,5,normal-z-line,normal-z-line,True,8.731141861062497e-06,1.1192345482413657e-05,0.42182233929634094,8.179967120325315e-11,1.543221515021287e-05,0.5781419277191162,1.9263318051798706e-07,2.020629352728065e-07,normal-z-line/a77e26c2-898d-4ee2-b113-caf39dbfa58c.jpg
5,5,normal-z-line,normal-z-line,True,7.806994108250365e-05,0.00011602717131609097,0.17862874269485474,9.977343040645792e-08,0.0017743337666615844,0.8193607330322266,2.3328715542447753e-05,1.8649343473953195e-05,normal-z-line/b5840b8b-e55e-4a49-bbda-1a2ae0befee9.jpg
5,5,normal-z-line,normal-z-line,True,2.0359220798127353e-06,9.731847967486829e-06,0.16104672849178314,1.8472661009356905e-13,3.455885533298897e-08,0.8389415144920349,4.2737494099220896e-10,1.1101723984552336e-09,normal-z-line/c1da34c4-89e8-4318-8525-0a5f83af40da.jpg
5,5,normal-z-line,normal-z-line,True,0.0021192915737628937,0.001035932102240622,0.4224957227706909,2.2030368199921213e-05,0.019320638850331306,0.5287588834762573,0.023448970168828964,0.0027985363267362118,normal-z-line/c9db476b-4fca-4b25-95d5-d1120b311bbd.jpg
3,3,normal-cecum,normal-cecum,True,0.0020562747959047556,0.0005765741225332022,1.4604091802539187e-07,0.9154015779495239,3.4144846722483635e-05,9.931139857144444e-07,0.058012425899505615,0.023917920887470245,normal-cecum/61f57795-b129-44f7-9100-a31f8a828071.jpg
0,6,dyed-lifted-polyps,polyps,False,0.04067191854119301,0.008198528550565243,1.5101561984920409e-05,0.32746386528015137,0.00035244584432803094,6.073770782677457e-05,0.5650239586830139,0.05821344256401062,dyed-lifted-polyps/1095b496-3ccc-4758-8429-fb85c59baf45.jpg
2,5,esophagitis,normal-z-line,False,0.00040631688898429275,0.00022872987028677016,0.20600871741771698,8.220007657655515e-06,0.04298366606235504,0.7454950213432312,0.0033496348187327385,0.0015196308959275484,esophagitis/60e4f868-0b7e-4b1c-b78d-efb19c83e5ee.jpg
2,5,esophagitis,normal-z-line,False,0.0002870663010980934,0.00018384703435003757,0.3439332842826843,4.7143069537014526e-07,0.0037960500922054052,0.6512144207954407,0.0003356759552843869,0.0002491694176569581,esophagitis/62b55a47-71df-46d9-8ff6-b8461702370c.jpg
1,1,dyed-resection-margins,dyed-resection-margins,True,0.34500905871391296,0.6549906730651855,1.117694159447069e-09,3.3873078564283787e-07,2.3383623162787082e-11,5.648813639069772e-10,3.680995730448444e-09,5.1029105385680396e-09,dyed-resection-margins/3e36cd07-ae28-4db1-9b64-43d871d8c4d7.jpg
0,1,dyed-lifted-polyps,dyed-resection-margins,False,0.3666200339794159,0.6333795785903931,3.0118923177724355e-07,2.2795636489547633e-09,2.974498078400778e-11,7.373164123691822e-08,9.90064585870698e-10,5.092558041930317e-10,dyed-lifted-polyps/a6cc2ba2-b88f-4894-a35e-2339f4e63744.jpg
2,2,esophagitis,esophagitis,True,2.0334731743787415e-05,2.1578378436970524e-05,0.9359983205795288,2.813310565411009e-12,5.450405069495901e-07,0.0639592632651329,3.763506128962035e-08,8.528229678006483e-09,esophagitis/a0b35d4d-d47e-427a-bd55-9f5cc5d652bc.jpg
0,1,dyed-lifted-polyps,dyed-resection-margins,False,0.3088562488555908,0.6911434531211853,2.1381973169809498e-07,5.23426635368196e-09,3.16566980962385e-11,7.682255898089352e-08,1.4702328243743068e-09,8.570510412475585e-10,dyed-lifted-polyps/1772420c-014c-4922-a54f-36308db05ce6.jpg
6,6,polyps,polyps,True,0.0019808472134172916,0.0006614853045903146,2.1769606064481195e-06,0.06115669757127762,0.0029053620528429747,6.240388029254973e-05,0.8749411702156067,0.05828988552093506,polyps/767b82aa-d0c6-4fea-9a3b-590d5bc1c534.jpg
0,1,dyed-lifted-polyps,dyed-resection-margins,False,0.11994427442550659,0.8800557851791382,3.169200235575431e-09,3.372887906472055e-13,2.651867440917055e-13,2.4313564495059836e-09,6.805040336571241e-14,3.739295385916247e-14,dyed-lifted-polyps/3d824e35-5593-4c11-a072-b7c85c0b8ae6.jpg
2,2,esophagitis,esophagitis,True,3.0463850634987466e-05,3.7955454899929464e-05,0.8236159682273865,1.6905590425816963e-12,3.566918280739628e-07,0.17631521821022034,3.004661763839067e-08,1.2189676823481932e-08,esophagitis/9b4b4a20-63e8-4511-92db-352e8c587a81.jpg
1,1,dyed-resection-margins,dyed-resection-margins,True,0.21114221215248108,0.7888577580451965,2.2054276183069987e-09,1.442420627384422e-09,1.0792334772169107e-13,1.8378809585328781e-09,1.2691122458496906e-11,1.8418549671550544e-11,dyed-resection-margins/0a700cd0-d4ad-4a69-8e74-a22b0b028f7a.jpg
7,6,ulcerative-colitis,polyps,False,0.01878325641155243,0.002277786610648036,4.303305559005821e-06,0.0945485457777977,4.074620301253162e-05,6.322458830254618e-06,0.5764034390449524,0.30793553590774536,ulcerative-colitis/663afdb6-38bb-450c-9f53-a5273c46ea77.jpg
1,0,dyed-resection-margins,dyed-lifted-polyps,False,0.5020818114280701,0.49791452288627625,4.531312640665419e-07,1.9414833332120907e-06,1.8529824896695857e-10,8.461724405606219e-07,2.9942864898657717e-07,9.31785706370647e-08,dyed-resection-margins/58f7eec4-9506-4090-bb00-5ddbbbf6f6c8.jpg
4,4,normal-pylorus,normal-pylorus,True,6.54818577459082e-05,2.605995541671291e-05,0.00039089209167286754,0.0010887167882174253,0.981338620185852,0.003269710810855031,0.012002640403807163,0.0018177859019488096,normal-pylorus/30a96e35-08ef-4145-8f20-5a23babab16a.jpg
3,3,normal-cecum,normal-cecum,True,0.0017142430879175663,0.0003172164724674076,2.2459824222664793e-08,0.8451676368713379,0.00015889476344455034,1.3124761153449072e-06,0.13129457831382751,0.021346060559153557,normal-cecum/86f3d1e7-fc0e-4cf4-a4bf-95c10d6a8073.jpg
2,2,esophagitis,esophagitis,True,0.0001689342752797529,9.096822032006457e-05,0.8743883967399597,9.527377997642361e-09,0.0001324572367593646,0.12519162893295288,2.0472603864618577e-05,7.136668500606902e-06,esophagitis/001fb927-4814-4ba5-851d-189db99291d8.jpg
2,2,esophagitis,esophagitis,True,0.0005041632684879005,0.00019269656331744045,0.8429843187332153,9.426777580756607e-09,0.00018649666162673384,0.15610536932945251,2.2372887542587705e-05,4.5220622268971056e-06,esophagitis/172d405f-bced-4502-99c9-e50029244a8f.jpg
0,0,dyed-lifted-polyps,dyed-lifted-polyps,True,0.543364405632019,0.4566258490085602,4.8199981392826885e-06,7.99936287876335e-07,6.577618005820796e-09,1.978153477466549e-06,1.913948835863266e-06,2.520652060411521e-07,dyed-lifted-polyps/e062f910-d08b-4a98-8e96-a0ad1a744154.jpg
7,3,ulcerative-colitis,normal-cecum,False,0.004337150137871504,0.0012882386799901724,7.892113274010626e-08,0.7186301350593567,3.5856330669048475e-06,2.575939959115203e-07,0.23254430294036865,0.043196119368076324,ulcerative-colitis/3d1c6797-aaf0-4ac3-a1de-d0540d12569e.jpg
7,7,ulcerative-colitis,ulcerative-colitis,True,0.004095728509128094,0.001383939990773797,0.0002576866827439517,0.020436031743884087,0.0077320123091340065,0.0007111361483111978,0.36561885476112366,0.5997646450996399,ulcerative-colitis/730728f7-3e9f-4b41-8bf9-522cdee43579.jpg
3,6,normal-cecum,polyps,False,0.03606097400188446,0.008360118605196476,3.7423154708449147e-07,0.14607340097427368,3.166943133692257e-05,2.646318534971215e-06,0.42921051383018494,0.38026028871536255,normal-cecum/c255960a-0bbb-49b5-8fc9-ca20735a18ee.jpg
4,4,normal-pylorus,normal-pylorus,True,0.0011263099731877446,0.0005816612974740565,0.021984655410051346,0.0008189634536392987,0.7400320768356323,0.15245690941810608,0.06389600783586502,0.019103404134511948,normal-pylorus/a226af06-c56c-4438-8431-3078e4a10813.jpg
6,6,polyps,polyps,True,0.006353541277348995,0.0007434406434185803,3.875230092376114e-08,0.1277349591255188,1.4508683534586453e-06,1.5838759281905368e-07,0.7497576475143433,0.11540886014699936,polyps/7828e434-3a35-4f37-afa5-83485f30fbd4.jpg
2,2,esophagitis,esophagitis,True,0.00036956637632101774,0.00024349524755962193,0.9792353510856628,8.835525193429117e-12,3.3280582556471927e-06,0.02014814503490925,1.442744519408734e-07,1.529999416050032e-08,esophagitis/7f7d27fb-fa49-483d-814d-eefea55f7be5.jpg
6,6,polyps,polyps,True,0.008636203594505787,0.002059787744656205,1.559873817313928e-05,0.04076746851205826,7.961098162923008e-05,6.472567474702373e-05,0.9097888469696045,0.03858770430088043,polyps/724e98c7-1c03-4bc2-bfd4-92a57775437c.jpg
3,3,normal-cecum,normal-cecum,True,0.004111045505851507,0.002273084130138159,1.964556304301368e-06,0.790941596031189,1.0995780030498281e-05,3.4758968467940576e-06,0.1446024477481842,0.058055318892002106,normal-cecum/a6f6df9b-c02c-4fa8-bddc-999ecadf00cd.jpg
6,6,polyps,polyps,True,0.021244868636131287,0.006837864872068167,0.00028327785548754036,0.00302995671518147,0.00019016752776224166,0.00018889432249125093,0.7197338342666626,0.2484910786151886,polyps/62bb1119-9682-4577-91e6-f15a2cf36e65.jpg
1,1,dyed-resection-margins,dyed-resection-margins,True,0.15602469444274902,0.843975305557251,6.106701988528584e-08,3.019538395362953e-12,5.598671483017514e-13,6.436367439022206e-09,3.2576964129754638e-12,1.5936207431802019e-12,dyed-resection-margins/2f58484a-2a12-46b9-8846-641bf07a28fb.jpg
4,4,normal-pylorus,normal-pylorus,True,7.992170139914379e-05,2.800845140882302e-05,0.013556589372456074,4.192002597847022e-05,0.9453530311584473,0.036368224769830704,0.0043084765784442425,0.0002639065496623516,normal-pylorus/8aed1005-b05d-4160-a7bd-afbb13e0abff.jpg
4,4,normal-pylorus,normal-pylorus,True,0.002978384494781494,0.0007564477273263037,0.0022860392928123474,0.009210222400724888,0.7659523487091064,0.014413910917937756,0.1690264493227005,0.03537626191973686,normal-pylorus/a684989c-4ed9-411a-804b-803d60b3b578.jpg
