true_label,predicted_label,true_class,predicted_class,correct,prob_dyed-lifted-polyps,prob_dyed-resection-margins,prob_esophagitis,prob_normal-cecum,prob_normal-pylorus,prob_normal-z-line,prob_polyps,prob_ulcerative-colitis,path
4,4,normal-pylorus,normal-pylorus,True,7.671364983252715e-06,6.722641956002917e-06,0.0034620333462953568,7.830943218323227e-07,0.9955962300300598,0.0002537213731557131,0.0001052077641361393,0.0005675341817550361,normal-pylorus/40aae937-a28e-437e-8357-cf2ed5e13f51.jpg
7,7,ulcerative-colitis,ulcerative-colitis,True,0.047589968889951706,0.08316168934106827,0.002066863002255559,0.0002577984123490751,0.00041497484198771417,4.831614569411613e-05,0.42572134733200073,0.44073906540870667,ulcerative-colitis/eb1dd07c-7ecd-4f7c-a780-8a4596adf998.jpg
7,6,ulcerative-colitis,polyps,False,0.0005224515334703028,0.0004855368169955909,5.9940386563539505e-05,0.00035672602825798094,0.00022449785319622606,2.9167375032557175e-05,0.5829830169677734,0.4153387248516083,ulcerative-colitis/6dd6cd7d-220c-40e3-917e-cde03237b7b2.jpg
6,6,polyps,polyps,True,0.00919976457953453,0.01418314129114151,0.007562610786408186,0.037281133234500885,0.004930512979626656,0.0030496902763843536,0.913918673992157,0.009874454699456692,polyps/e37e91fc-4256-4cca-81c7-3572a48f2e6a.jpg
2,5,esophagitis,normal-z-line,False,6.839354682597332e-07,3.7251033973006997e-06,0.23161472380161285,2.5712149636092363e-06,0.0003471334057394415,0.7680174112319946,4.325986992625985e-06,9.4402494141832e-06,esophagitis/e93267ed-1d70-42bb-829d-e58bbe4213be.jpg
1,1,dyed-resection-margins,dyed-resection-margins,True,0.004016367718577385,0.995976984500885,5.369577706915152e-07,3.047736507610921e-09,1.800023596842948e-08,4.469449379485013e-07,1.7604286313144257e-06,3.937755991501035e-06,dyed-resection-margins/bbdb51fd-74c3-4dcc-9f2a-348992bd7656.jpg
5,5,normal-z-line,normal-z-line,True,7.89641126175411e-05,2.5895396902342327e-05,0.0465928316116333,8.55840407893993e-05,0.011433596722781658,0.9324162602424622,0.009281842969357967,8.502629498252645e-05,normal-z-line/00bee375-36d2-4ba9-89e5-bd6132d79c0c.jpg
7,7,ulcerative-colitis,ulcerative-colitis,True,0.0036099564749747515,0.009753637947142124,0.0008371800067834556,8.225072747336526e-07,1.1893874898305512e-06,9.504175579877483e-08,0.0003843028098344803,0.9854128956794739,ulcerative-colitis/2ea3a7b4-2f13-4665-b6c3-6b2f510391b8.jpg
5,5,normal-z-line,normal-z-line,True,3.5118841879011597e-06,1.9065598735323874e-06,0.1977986842393875,7.644180186616722e-06,0.0002011973992921412,0.8019797801971436,2.55301847573719e-06,4.797769179276656e-06,normal-z-line/904e5e4e-4acd-49f9-b2cc-b48d7f2ebc30.jpg
0,0,dyed-lifted-polyps,dyed-lifted-polyps,True,0.7462525963783264,0.253558486700058,2.3903900000732392e-05,4.372437615529634e-06,6.349984715825485e-08,4.2616724385879934e-05,6.906955150043359e-07,0.0001173264390672557,dyed-lifted-polyps/b9357cb6-83a3-4dea-9387-46effa1dfd14.jpg
5,2,normal-z-line,esophagitis,False,0.019021252170205116,0.0031750421039760113,0.5789843797683716,7.423905481118709e-05,0.01316714845597744,0.36497458815574646,0.015540681779384613,0.005062663462013006,normal-z-line/c8fc5bef-13f0-46b5-af66-9e2d4b49e9c8.jpg
4,4,normal-pylorus,normal-pylorus,True,1.2079500493200612e-06,1.6122774013638264e-06,0.00015243177767843008,2.9620118766615633e-06,0.9997588992118835,6.065798515919596e-05,1.6440555555163883e-05,5.805347427667584e-06,normal-pylorus/bbe363f1-166b-4836-9491-e81e125122f6.jpg
3,3,normal-cecum,normal-cecum,True,5.495585719472729e-05,0.0003579702170100063,0.0003124872164335102,0.4463472366333008,0.1578923761844635,0.0017403045203536749,0.3929453492164612,0.00034931721165776253,normal-cecum/a35c3092-2eb7-4669-8794-3c68764a764e.jpg
4,4,normal-pylorus,normal-pylorus,True,4.934334810968721e-06,5.05684656673111e-05,0.00021888190531171858,3.476436177152209e-06,0.9991257786750793,0.000280528562143445,0.00021371040202211589,0.00010221444244962186,normal-pylorus/0ecbcefc-2fa0-4108-b560-1f779f2b3280.jpg
4,4,normal-pylorus,normal-pylorus,True,4.818423349206569e-06,1.768761285347864e-05,0.00820399634540081,2.3919019440654665e-05,0.9723820686340332,0.019091729074716568,0.0002702898345887661,5.372166924644262e-06,normal-pylorus/ffdaa089-76f0-4547-8950-db6d256c6157.jpg
1,1,dyed-resection-margins,dyed-resection-margins,True,0.1668679416179657,0.8330520987510681,2.2821857783128507e-05,3.462115637375973e-05,9.031010961280117e-08,1.220434796778136e-06,4.977554795004835e-07,2.0721457985928282e-05,dyed-resection-margins/7ce8b8b3-6e36-4ad7-86ba-137a1cd5d2b6.jpg
7,7,ulcerative-colitis,ulcerative-colitis,True,4.417354830366094e-06,6.460983058786951e-06,2.451229011057876e-05,6.967704393900931e-06,3.0821510677014885e-07,9.149280231213197e-06,0.0003325629804749042,0.9996156692504883,ulcerative-colitis/45b5dad4-c0e0-4d60-a07f-7ec93853c60b.jpg
0,0,dyed-lifted-polyps,dyed-lifted-polyps,True,0.9681776762008667,0.031299471855163574,6.92745961714536e-05,2.8576275781233562e-06,8.741226338315755e-07,9.608955224393867e-06,0.000360111182089895,8.013845945242792e-05,dyed-lifted-polyps/e59f1c09-34f7-4eda-8cec-36004b5835f2.jpg
7,7,ulcerative-colitis,ulcerative-colitis,True,0.0013019104953855276,0.00025974964955821633,0.007370288483798504,0.000267046969383955,2.794684587570373e-05,0.0008153595845215023,0.0005079989787191153,0.989449679851532,ulcerative-colitis/584f1fa0-9bb9-49d3-b412-c42819d0a200_00002458.jpg
1,1,dyed-resection-margins,dyed-resection-margins,True,0.013484387658536434,0.9863813519477844,1.7742429918143898e-05,6.61156082060188e-05,5.2091305491330786e-08,7.567099601146765e-06,2.2837091819383204e-05,1.9995717593701556e-05,dyed-resection-margins/6cc19876-fe6f-4496-ab13-614b0e281b6a.jpg
3,3,normal-cecum,normal-cecum,True,0.004763111937791109,0.0002850219898391515,0.00011803704546764493,0.8956735730171204,4.116733907721937e-05,4.505112156039104e-05,0.09782181680202484,0.0012523148907348514,normal-cecum/df525885-1955-4e11-aead-fa8e746dd558.jpg
6,7,polyps,ulcerative-colitis,False,0.00853530690073967,0.0011593069648370147,0.0010475019225850701,0.00034106761449947953,0.0059637948870658875,9.353477071272209e-05,0.2517596483230591,0.7310999035835266,polyps/354404bd-4f71-4a1a-b2a8-eb5eed98f975.jpg
4,4,normal-pylorus,normal-pylorus,True,9.581905942468438e-06,3.414079765207134e-05,0.0035064152907580137,0.00023209232313092798,0.9675150513648987,0.01821608655154705,0.010429748333990574,5.695450818166137e-05,normal-pylorus/ccc2ac87-89ea-4034-a656-86c4df504e6c.jpg
7,7,ulcerative-colitis,ulcerative-colitis,True,0.0005296192830428481,0.00038713630056008697,3.618036316765938e-06,0.00010619614477036521,2.918497921200469e-05,1.8157348677050322e-05,0.028720026835799217,0.9702061414718628,ulcerative-colitis/1dad6ad6-57e3-448c-85d0-0508b05825e9.jpg
6,6,polyps,polyps,True,0.00024537392891943455,2.4112287064781412e-05,2.178596332669258e-05,0.0013033562572672963,0.00038474248140119016,3.538987584761344e-05,0.9978038668632507,0.0001814089046092704,polyps/ef6d9dfd-55ad-4a3e-b325-289fda4e3670.jpg
0,1,dyed-lifted-polyps,dyed-resection-margins,False,0.07254765927791595,0.9273563623428345,2.4234968805103563e-05,2.707548674152349e-07,1.0606755296294068e-07,1.303023145737825e-05,1.2310325701037073e-06,5.7107645261567086e-05,dyed-lifted-polyps/fa6d6342-bfdb-43b1-9635-dc9d2bb5ed23.jpg
4,4,normal-pylorus,normal-pylorus,True,0.0007891287095844746,0.002757348120212555,0.02461838722229004,2.864977068384178e-05,0.9388238787651062,0.01988164335489273,0.011793841607868671,0.0013070804998278618,normal-pylorus/a9d6d275-0c6e-441b-8bc7-26d76afcd60f.jpg
6,6,polyps,polyps,True,0.002198072848841548,0.0018819401739165187,0.00013529167335946113,2.1069414287921973e-05,0.0015052269445732236,0.0002546936448197812,0.9794381856918335,0.014565429650247097,polyps/6a2e9528-7abb-4456-9797-31f3c6b301bb.jpg
4,4,normal-pylorus,normal-pylorus,True,0.00023288253578357399,0.00045445439172908664,0.0026180266868323088,0.00010999532241839916,0.9905270338058472,0.00500468909740448,0.0010415116557851434,1.148553110397188e-05,normal-pylorus/2dc3de5b-5084-48c4-b699-43387319650c.jpg
3,3,normal-cecum,normal-cecum,True,0.0002488711616024375,8.089328184723854e-05,2.9378041290328838e-05,0.6402146220207214,0.0002053698117379099,5.7323752116644755e-05,0.35889557003974915,0.00026797587634064257,normal-cecum/84021430-f577-447f-b103-215b82e12843.jpg
6,6,polyps,polyps,True,0.0019028994720429182,1.8485672626411542e-05,1.0929391464742366e-05,0.0018711943412199616,0.0003192501317244023,0.00021056579134892672,0.9951937794685364,0.00047282653395086527,polyps/c9b8f8bc-f7e1-4d59-a402-3e7643358008.jpg
7,7,ulcerative-colitis,ulcerative-colitis,True,1.127894483943237e-05,2.7460687306302134e-06,3.248190523663652e-06,1.3208826203481294e-05,1.0635029866534751e-05,6.5175881900358945e-06,0.00013015363947488368,0.999822199344635,ulcerative-colitis/49ff4cda-64db-4d70-8b6d-eba41e5ac76a.jpg
5,5,normal-z-line,normal-z-line,True,5.029313251725398e-05,0.0001438424369553104,0.47364386916160583,7.715401807217859e-06,0.00017972674686461687,0.5258089303970337,3.990670302300714e-05,0.00012582285853568465,normal-z-line/9c396983-c8b5-4704-8dac-6e1d8a9589bf.jpg
5,5,normal-z-line,normal-z-line,True,4.432433797774138e-06,1.4642378118878696e-05,0.02608424983918667,1.4225417544366792e-05,0.0010393651900812984,0.9726975560188293,0.0001360823807772249,9.458753993385471e-06,normal-z-line/b503c99b-9f26-4bd4-a81c-b8e224fa9978.jpg
0,0,dyed-lifted-polyps,dyed-lifted-polyps,True,0.8335821628570557,0.006586446892470121,0.00041446491377428174,0.004564953036606312,4.86609606014099e-05,0.00025188783183693886,0.14856114983558655,0.005990265868604183,dyed-lifted-polyps/7518df1b-8570-4e12-b3a8-cbdfb00c142d.jpg
3,3,normal-cecum,normal-cecum,True,1.4304470823844895e-05,8.057922059379052e-06,1.3195043493396952e-06,0.9996541738510132,4.068966973136412e-06,4.361182163847843e-06,0.0002405783161520958,7.322160672629252e-05,normal-cecum/1d096835-06b1-4649-ab10-c09824ef9732.jpg
6,6,polyps,polyps,True,0.00018359324894845486,8.51870936457999e-05,8.377001904591452e-06,3.0324449653562624e-06,2.363589192100335e-05,1.176176647277316e-05,0.9994462132453918,0.00023828486155252904,polyps/a1179a37-8cee-468c-8ac7-8ada22612e77.jpg
6,6,polyps,polyps,True,0.0007071570726111531,1.668964614509605e-05,8.677640289533883e-05,0.06998847424983978,0.005246404558420181,8.388692367589101e-05,0.9223498702049255,0.0015207476681098342,polyps/e59eb196-7307-4d31-b3c9-8ef8167f1c9f.jpg
3,3,normal-cecum,normal-cecum,True,0.03172559663653374,0.013111421838402748,0.0009734056075103581,0.7551771998405457,0.001941846450790763,0.0011551796924322844,0.1346001774072647,0.06131516024470329,normal-cecum/bd5b9d08-2b70-42cd-82b3-878a024be0d3.jpg
2,2,esophagitis,esophagitis,True,6.272013706620783e-06,1.618515670998022e-05,0.9992115497589111,9.13529518697942e-08,1.1701856692525325e-06,0.0006902641034685075,1.3682539474757505e-06,7.315861876122653e-05,esophagitis/ceb61e27-08b3-4887-8bde-3c8f6c537e28.jpg
1,1,dyed-resection-margins,dyed-resection-margins,True,0.001709268311969936,0.9982824325561523,1.3783323993266094e-06,3.43726966889335e-08,3.1292504143465294e-09,7.420881686925895e-09,8.931764661213037e-09,6.9021671151858754e-06,dyed-resection-margins/1d12c126-b90a-4409-8080-bac18f38cba3.jpg
2,2,esophagitis,esophagitis,True,0.00024253176525235176,5.6951608712552115e-05,0.9962202906608582,6.807023601140827e-05,0.0001640509144635871,0.003125349059700966,8.482415432808921e-05,3.788010872085579e-05,esophagitis/eabc0ef8-fc37-4014-b741-c0a4932f58c7.jpg
0,1,dyed-lifted-polyps,dyed-resection-margins,False,0.2937977612018585,0.7030290961265564,0.0005637870053760707,0.0002814828767441213,1.2137124940636568e-05,0.0005208819056861103,0.0006430285284295678,0.0011518662795424461,dyed-lifted-polyps/55162bcd-887f-4a5c-b868-e31cb5ffbbdf.jpg
6,6,polyps,polyps,True,0.0006121706683188677,0.000252384168561548,0.0001392439880874008,4.7818542952882126e-05,6.562909402418882e-05,0.00010569692676654086,0.9986249208450317,0.0001520228252047673,polyps/e3efbccd-ac8b-4ddf-b8bd-77ed0e18f99d.jpg
6,6,polyps,polyps,True,0.0016039320034906268,0.00037398620042949915,0.0001367037184536457,0.0071525610983371735,0.00011451984755694866,0.0006518564186990261,0.9885635375976562,0.0014029786689206958,polyps/0720d335-17b7-4510-9331-5dcc4c54570f.jpg
7,7,ulcerative-colitis,ulcerative-colitis,True,0.001403974019922316,0.0011652236571535468,0.0010002226335927844,0.12106439471244812,6.139172910479829e-05,0.0020024848636239767,0.018724191933870316,0.8545781373977661,ulcerative-colitis/aea245d6-2b16-43f7-b0c9-c5df9594fb75.jpg
6,6,polyps,polyps,True,0.008913143537938595,0.007160737179219723,0.00014564530283678323,0.001840150565840304,0.001054581836797297,0.0014211704256013036,0.9755418300628662,0.003922770731151104,polyps/58ac2091-613d-4c94-875c-c7d256aae6dd.jpg
2,2,esophagitis,esophagitis,True,0.00011076957889599726,3.708214717335068e-05,0.9860022068023682,0.00012994863209314644,2.444845267746132e-05,0.007068827282637358,0.006343551445752382,0.00028326953179202974,esophagitis/ddafc78b-dbd8-49fb-a633-4c5daee5abc4.jpg
5,5,normal-z-line,normal-z-line,True,5.549145498662256e-06,0.0002561408909969032,0.014785661362111568,7.275372809090186e-06,0.00014248545630834997,0.9838442206382751,2.1909319912083447e-05,0.0009366876911371946,normal-z-line/eb37f500-f56a-4a26-a80a-8bada3c22399.jpg
2,2,esophagitis,esophagitis,True,3.2585325243417174e-05,2.349940041312948e-05,0.9461773633956909,1.4371834140547435e-06,5.4253301641438156e-05,0.05350682511925697,8.513780630892143e-05,0.00011884790001204237,esophagitis/0cbddd47-c7f6-474b-9e9a-b5d2429a2312.jpg
7,7,ulcerative-colitis,ulcerative-colitis,True,2.314553967153188e-06,1.0748920431069564e-05,9.066439815796912e-05,2.988781034218846e-06,2.730895118929766e-07,1.2283428077353165e-05,5.712038546334952e-05,0.9998236298561096,ulcerative-colitis/615ba22f-37fd-42b0-bbc5-6c56f692d983.jpg
2,2,esophagitis,esophagitis,True,3.941684917663224e-05,1.0348332580178976e-05,0.5036254525184631,1.1252672265982255e-05,0.00040351037750951946,0.49519583582878113,0.00021044895402155817,0.0005037404480390251,esophagitis/9827b5e6-dca1-45af-98c1-521fcb248fc9.jpg
7,7,ulcerative-colitis,ulcerative-colitis,True,1.220405101776123e-05,0.0001811157853808254,7.34468485461548e-05,5.949898422841216e-07,1.2410495173753588e-06,2.832334530467051e-06,0.005844753235578537,0.9938837885856628,ulcerative-colitis/a01c723e-a9c4-44b6-bd4c-ea2d8b796f32.jpg
5,5,normal-z-line,normal-z-line,True,0.000456404872238636,0.0007341445307247341,0.12573622167110443,5.5609129049116746e-05,0.00037913507549092174,0.7965185046195984,0.03904138505458832,0.037078604102134705,normal-z-line/b87890df-74da-4270-a480-9b1ca2f92e17.jpg
7,7,ulcerative-colitis,ulcerative-colitis,True,3.720944732776843e-05,1.352323033643188e-05,5.938438334851526e-06,0.001814330113120377,0.00011457566870376468,1.2807005077775102e-05,0.0008225401397794485,0.9971791505813599,ulcerative-colitis/c142db98-8e97-48df-88f8-862c4e941b41.jpg
6,6,polyps,polyps,True,0.005890962202101946,0.025762753561139107,0.015066354535520077,0.048447221517562866,0.1774744689464569,0.03331281989812851,0.6806507706642151,0.013394591398537159,polyps/ec2f87eb-d652-4296-9ca0-b60881ce8939.jpg
5,5,normal-z-line,normal-z-line,True,3.334273424115963e-05,2.4624225261504762e-05,0.10884527117013931,4.572036232275423e-06,0.0008085935842245817,0.8893364071846008,2.3203350792755373e-05,0.0009239902719855309,normal-z-line/df35e8e4-ab95-4194-b3b2-9b09ff8cce04.jpg
2,5,esophagitis,normal-z-line,False,0.0001166948422905989,0.00020073269843123853,0.09620475023984909,2.872816594390315e-06,6.400505662895739e-05,0.9025102257728577,1.764505577739328e-05,0.0008829968865029514,esophagitis/08fe1ae5-193b-4df3-bd6e-bc99d920537b.jpg
3,6,normal-cecum,polyps,False,0.008748424239456654,0.00029851330327801406,3.052482134080492e-05,0.08789045363664627,7.331047982006567e-07,5.462657099997159e-06,0.5343068838119507,0.36871904134750366,normal-cecum/94e15c18-91c1-47d7-b96a-eab2bc76a995.jpg
0,0,dyed-lifted-polyps,dyed-lifted-polyps,True,0.9974862337112427,0.00250597158446908,1.50974628354561e-07,9.043855584423e-07,7.0757715242564245e-09,3.403624049269638e-08,6.218638191057835e-07,6.108501565904589e-06,dyed-lifted-polyps/1f171e07-ed73-4e39-b17e-9e6fc95459c9.jpg
6,6,polyps,polyps,True,0.014666257426142693,0.000847864372190088,0.0001303284807363525,8.687724402989261e-06,0.0010445492807775736,4.420152254169807e-05,0.982839047908783,0.00041906654951162636,polyps/3e598537-e139-4845-94ba-1d7243aeaa14.jpg
2,5,esophagitis,normal-z-line,False,0.0086119519546628,0.0012780561810359359,0.15229205787181854,0.0011302803177386522,0.01095439400523901,0.8099128007888794,0.015786893665790558,3.363338328199461e-05,esophagitis/5edc1245-3a76-445d-9852-10a45d44ecb9.jpg
4,4,normal-pylorus,normal-pylorus,True,2.728426807152573e-06,6.155025766929612e-05,0.0002175889239879325,0.00012052243255311623,0.9988184571266174,0.000563678564503789,0.00015246306429617107,6.301613757386804e-05,normal-pylorus/d04d902f-79c4-4bc6-bd39-c3873fc20e3e.jpg
3,3,normal-cecum,normal-cecum,True,0.0003620584902819246,4.2538467823760584e-05,6.80953380651772e-05,0.9600583910942078,0.0004347526410128921,3.694420956890099e-05,0.015054554678499699,0.023942697793245316,normal-cecum/791da276-ec04-4592-a20b-7f8431572676.jpg
4,4,normal-pylorus,normal-pylorus,True,1.0692649254906428e-07,4.170636884737178e-07,1.0334931175748352e-05,1.877602130662126e-06,0.999956488609314,1.7632544768275693e-05,1.2311461432545912e-05,8.638613167022413e-07,normal-pylorus/e6e5bb7a-0549-42ac-b9de-bab63f5d5165.jpg
7,7,ulcerative-colitis,ulcerative-colitis,True,0.006740024778991938,0.01658632792532444,0.12119253724813461,0.03922532871365547,5.180281277716858e-06,0.001416111015714705,0.0037614265456795692,0.8110731244087219,ulcerative-colitis/34f52c7a-3978-4a4b-ae7f-d431f6e2b17d.jpg
3,3,normal-cecum,normal-cecum,True,9.83295904006809e-05,8.163409074768424e-05,1.9065459127887152e-05,0.9494860768318176,0.0007807123474776745,9.744117414811626e-05,0.04831422120332718,0.0011224575573578477,normal-cecum/5fc76e4d-eb8c-424b-9f37-b429c88c0d2a.jpg
7,7,ulcerative-colitis,ulcerative-colitis,True,0.0025025676004588604,0.0003032505337614566,0.0002792287268675864,0.01171115878969431,2.7477176445245277e-06,5.047739978181198e-05,0.0013646574225276709,0.9837859272956848,ulcerative-colitis/17b81d93-dcec-44ce-a23d-d9cf1b467230.jpg
6,3,polyps,normal-cecum,False,0.0014929076423868537,0.0009682006202638149,0.0013373381225392222,0.7468127608299255,0.0023611984215676785,0.00015530454402323812,0.18924739956855774,0.05762489140033722,polyps/3c37c058-de5c-4d50-a3da-3a70ed53bbb8.jpg
4,4,normal-pylorus,normal-pylorus,True,9.066617678854527e-08,2.778936618597072e-07,1.3792190657113679e-05,1.3815937904837483e-07,0.9999676942825317,5.57008297619177e-06,8.439572411589324e-06,4.083364729012828e-06,normal-pylorus/656dae35-cefb-4362-8a31-e0160b8c0b17.jpg
5,5,normal-z-line,normal-z-line,True,7.761434244457632e-05,8.172587695298716e-05,0.12084528058767319,9.604696970200166e-05,0.02421063743531704,0.8540542721748352,0.0006083360058255494,2.597809179860633e-05,normal-z-line/52855f3b-add5-4c60-af4e-ecf7b12a2134.jpg
5,5,normal-z-line,normal-z-line,True,3.357674813742051e-06,1.1308774219287443e-06,0.1809851974248886,1.0432951057737228e-05,9.139976464211941e-05,0.8188984394073486,6.520323495351477e-06,3.487735284579685e-06,normal-z-line/6a199b51-6590-47a2-8790-9b23187e4084.jpg
5,2,normal-z-line,esophagitis,False,0.022625748068094254,0.003368846606463194,0.6879152059555054,7.834868301870301e-05,0.007219967897981405,0.14762771129608154,0.0026711001992225647,0.128493070602417,normal-z-line/266da747-0ead-4a9c-9af8-c64a845450b0.jpg
4,4,normal-pylorus,normal-pylorus,True,7.769867806928232e-06,3.632779043982737e-05,0.00012180354679003358,7.843749335734174e-05,0.9985405206680298,0.000330346985720098,0.0004414628492668271,0.00044341330067254603,normal-pylorus/3e710c44-5105-4f4b-ac25-39f823eb6cb4.jpg
3,3,normal-cecum,normal-cecum,True,0.0002878400555346161,0.0001839465694501996,5.18971091878484e-06,0.9876704216003418,3.4117592804250307e-06,1.5419747796840966e-05,0.0011015605414286256,0.010732159949839115,normal-cecum/4e5f0e54-da66-4d41-bcf9-1b3d71197ab2.jpg
3,3,normal-cecum,normal-cecum,True,6.298229709500447e-05,2.5994024326791987e-05,4.004060428997036e-06,0.9949507713317871,0.00038327043876051903,1.306174453929998e-05,0.003391469828784466,0.0011685610515996814,normal-cecum/2909cac3-254e-4d0c-9e25-5bbe2a3f1608.jpg
0,0,dyed-lifted-polyps,dyed-lifted-polyps,True,0.9884049892425537,0.009885143488645554,1.507040360593237e-05,2.783631771308137e-06,2.614918003018829e-06,5.802178748126607e-06,0.0016635124338790774,2.0068755475222133e-05,dyed-lifted-polyps/6198ac62-d11b-47fd-9488-13bab02fa5a8.jpg
6,6,polyps,polyps,True,0.0011271830881014466,5.759611303801648e-05,0.00033663955400697887,0.0035560126416385174,0.00021166261285543442,0.0005480346735566854,0.9940183162689209,0.0001444749505026266,polyps/315a29dc-1d9e-4b1f-b754-407a376b994a.jpg
2,5,esophagitis,normal-z-line,False,2.437812690914143e-05,3.8988397136563435e-05,0.2743508815765381,1.827953155952855e-06,0.00019662689010147005,0.724399983882904,1.2267844795132987e-05,0.0009751353063620627,esophagitis/1f3349a1-216d-43b7-89f8-2e5cf547bbbc.jpg
4,4,normal-pylorus,normal-pylorus,True,3.1591929428032017e-07,1.520132400401053e-06,3.811957503785379e-05,1.2862362837040564e-06,0.9995033740997314,0.00041221355786547065,4.027704198961146e-05,2.8161339287180454e-06,normal-pylorus/c74012e7-45c7-4cf4-9462-9124c7acfcdb.jpg
1,1,dyed-resection-margins,dyed-resection-margins,True,0.01193901989609003,0.9878275394439697,0.00010099192149937153,1.519635020486021e-06,1.1271287121417117e-06,5.744706868426874e-05,1.6617621440673247e-05,5.569899076363072e-05,dyed-resection-margins/186375d6-f31d-405d-8326-f4005d9eea39.jpg
2,2,esophagitis,esophagitis,True,0.00019030371913686395,7.084123353706673e-05,0.974425733089447,2.880649481085129e-05,0.00754142040386796,0.006145221646875143,0.0006109263631515205,0.010986722074449062,esophagitis/3ea0322d-cc11-4863-b4c1-1bab466d3547.jpg
4,4,normal-pylorus,normal-pylorus,True,0.00012559948663692921,5.9207923186477274e-05,0.022483626380562782,4.4904947571922094e-05,0.8607394099235535,0.0204410869628191,0.09591794013977051,0.000188187143066898,normal-pylorus/3676032c-2c8c-4161-b91a-174f86dea256.jpg
7,7,ulcerative-colitis,ulcerative-colitis,True,0.0010777584975585341,4.486807301873341e-05,1.3114836292515974e-05,7.494701276300475e-05,3.454946636338718e-05,5.743729343521409e-05,0.08369839191436768,0.9149989485740662,ulcerative-colitis/ae68bef5-8ca4-42fd-a275-d34ee4ea8c14_00001172.jpg
0,0,dyed-lifted-polyps,dyed-lifted-polyps,True,0.985486626625061,0.014482351019978523,9.640270945965312e-06,8.277883353002835e-06,2.7630163046410416e-08,2.1630878563883016e-06,1.0637895684340037e-05,2.118210460366754e-07,dyed-lifted-polyps/ce738b8c-c389-4db5-82f0-eacced58b152.jpg
3,3,normal-cecum,normal-cecum,True,0.0001599393435753882,0.00016158779908437282,0.00018947025819215924,0.9809904098510742,5.2538380259647965e-05,0.0005258607561700046,8.997386612463742e-05,0.017830193042755127,normal-cecum/4b929428-a943-4be6-8ac0-eaf759d74434.jpg
7,6,ulcerative-colitis,polyps,False,0.013662219978868961,0.0012434587115421891,0.00020342267816886306,0.0009778490057215095,3.0432856874540448e-05,2.3330030671786517e-05,0.7460144758224487,0.23784483969211578,ulcerative-colitis/8085db7c-43c6-44d4-a9ce-01c725288a30.jpg
5,5,normal-z-line,normal-z-line,True,1.2695132681983523e-05,0.00016160952509380877,0.028658052906394005,8.750161214265972e-06,3.874798130709678e-05,0.9709745049476624,2.454820423736237e-05,0.0001211427224916406,normal-z-line/c8045041-9930-4d96-8699-77f5682eecc0.jpg
3,3,normal-cecum,normal-cecum,True,9.190335731545929e-06,5.251709353615297e-06,5.134323873789981e-05,0.9971513152122498,0.00017538675456307828,0.00020716302969958633,0.00042059534462168813,0.001979734981432557,normal-cecum/9755aaad-a2ea-488b-b061-eca74459d38d.jpg
6,6,polyps,polyps,True,0.004236510954797268,0.0004643186694011092,0.00025488948449492455,0.0001621040137251839,0.0004544910916592926,0.00016383882029913366,0.9936304688453674,0.0006333569181151688,polyps/a5095f5e-753b-4e31-b737-e424db22e9ad.jpg
5,5,normal-z-line,normal-z-line,True,8.646806008982821e-07,3.11894928017864e-06,0.08260111510753632,1.7707043298287317e-07,8.341548527823761e-05,0.9172940254211426,1.3962659295430058e-06,1.583271659910679e-05,normal-z-line/6516bf8c-e407-411b-b37e-19e237e85d20.jpg
0,1,dyed-lifted-polyps,dyed-resection-margins,False,0.4618854224681854,0.538077175617218,1.1429798405515612e-06,1.7785515638024663e-06,4.3571006358433806e-08,3.017238213942619e-06,2.7605590730672702e-05,3.838199972960865e-06,dyed-lifted-polyps/15e3cb6d-c5ed-4cae-82cf-742bfa8de45b.jpg
4,4,normal-pylorus,normal-pylorus,True,2.712721197895007e-06,8.704126230441034e-06,0.0008916932274587452,5.863869228051044e-05,0.994929850101471,0.0032839542254805565,0.000801897665951401,2.258867425553035e-05,normal-pylorus/b9559ef9-163d-4d98-a8d4-5f058bfa8003.jpg
0,0,dyed-lifted-polyps,dyed-lifted-polyps,True,0.9987179040908813,0.0006336595979519188,2.4620676413178444e-06,3.60810849997506e-06,1.661111355133471e-06,4.1177017919835635e-06,0.000635807344224304,7.470105742868327e-07,dyed-lifted-polyps/775cf098-e2c9-4006-8335-e744321223d1.jpg
5,5,normal-z-line,normal-z-line,True,1.4499314602289815e-06,5.484868324856507e-06,0.05675537511706352,2.3356951714958996e-06,4.917842488794122e-06,0.9432070255279541,4.306896244088421e-06,1.906638135551475e-05,normal-z-line/6c263f6e-5915-4a70-b184-f818fa54a18f.jpg
5,5,normal-z-line,normal-z-line,True,8.206343409256078e-06,4.0917500882642344e-05,0.3700055480003357,1.802716838028573e-06,3.543026468832977e-05,0.629903256893158,6.17402861280425e-07,4.289661319489824e-06,normal-z-line/3bfe3c3d-2b9c-4c7c-a0f3-7ad73e6ab203.jpg
5,5,normal-z-line,normal-z-line,True,8.17343607195653e-05,0.0004555360646918416,0.4038607180118561,0.000186657314770855,0.011287848465144634,0.5811154842376709,0.0014888937585055828,0.0015230728313326836,normal-z-line/2529ce9a-93f1-4dc7-8ee6-53f021604bc1.jpg
7,7,ulcerative-colitis,ulcerative-colitis,True,0.0057356408797204494,0.021017640829086304,0.000772767816670239,0.001087081735022366,6.412732909666374e-05,0.00010596490028547123,0.08939274400472641,0.8818240761756897,ulcerative-colitis/ae68bef5-8ca4-42fd-a275-d34ee4ea8c14_00000252.jpg
3,3,normal-cecum,normal-cecum,True,0.0004254836239852011,0.00036338623613119125,0.00020648480858653784,0.9861607551574707,0.0002878812374547124,0.00012972866534255445,0.011809987016022205,0.0006162258214317262,normal-cecum/7bf95fdd-0f8b-44f7-976d-fa91185ae8bc.jpg
5,5,normal-z-line,normal-z-line,True,2.301570202689618e-05,1.3579794540419243e-05,0.0683051273226738,1.3113856311974814e-06,1.6855772628332488e-05,0.9316374659538269,1.4932084013707936e-06,1.2350124052318279e-06,normal-z-line/1921043a-db5a-49e5-a5be-2b74ca7d35a4.jpg
5,5,normal-z-line,normal-z-line,True,1.5674453607061878e-05,5.481188782141544e-05,0.22846075892448425,2.9172793801990338e-05,0.0006245948025025427,0.7707132697105408,8.454167982563376e-06,9.319637320004404e-05,normal-z-line/ef2402f5-0439-4e5c-8715-225e031e1ed0.jpg
7,7,ulcerative-colitis,ulcerative-colitis,True,0.029515890404582024,0.08751213550567627,0.00014747287787031382,0.005094881635159254,0.0002286519156768918,0.0002069369365926832,0.22045361995697021,0.656840443611145,ulcerative-colitis/bc7439ed-e848-459c-83b8-9643d99a2762.jpg
3,3,normal-cecum,normal-cecum,True,0.0001151970645878464,1.31112583403592e-05,5.38323888576997e-07,0.9826180338859558,2.5323674890387338e-06,3.2473181477143953e-07,2.326182584511116e-05,0.017227040603756905,normal-cecum/84feb5ea-2dff-49fc-8290-3d82f9e5ec95.jpg
0,0,dyed-lifted-polyps,dyed-lifted-polyps,True,0.7932525277137756,0.2055223435163498,4.556907879305072e-05,0.00042290720739401877,1.3134228993294528e-06,3.150429984088987e-05,0.00029606407042592764,0.0004277535481378436,dyed-lifted-polyps/a438893e-5870-4d11-9476-e47f63ef24b9.jpg
7,6,ulcerative-colitis,polyps,False,0.0001622894051251933,0.00018046065815724432,8.168027306965087e-06,0.011363253928720951,0.010274634696543217,0.00012646491813939065,0.8094187378883362,0.16846591234207153,ulcerative-colitis/c0f57402-ad88-44e2-a0dc-3f6cbef7a87b.jpg
7,7,ulcerative-colitis,ulcerative-colitis,True,0.00013240221596788615,9.776045772014186e-06,0.0014686251524835825,0.0002586454211268574,1.7376933101331815e-05,7.119074871297926e-05,0.004448756109923124,0.993593156337738,ulcerative-colitis/b5efb2cc-2e53-4ec7-87f7-fb08b47f34e3.jpg
2,2,esophagitis,esophagitis,True,0.00014342897338792682,0.00013319190475158393,0.9958959817886353,2.7430462523625465e-06,1.0845797078218311e-06,0.0016641432885080576,1.1441082278906833e-05,0.00214811647310853,esophagitis/d55f27b0-d121-45b8-b1f9-219b32efdce2.jpg
4,4,normal-pylorus,normal-pylorus,True,0.0007937443442642689,0.00012303587573114783,0.0056513575837016106,0.005915033631026745,0.6032120585441589,0.021654784679412842,0.021938975900411606,0.3407110869884491,normal-pylorus/ae37c066-efe4-4589-9dda-7990ed79bbe6.jpg
0,0,dyed-lifted-polyps,dyed-lifted-polyps,True,0.9562419652938843,0.04253614693880081,3.764777648029849e-05,0.0003488216898404062,5.896425591345178e-06,2.35222905757837e-05,0.0007921333890408278,1.3782777386950329e-05,dyed-lifted-polyps/c3018dd0-26ad-4904-88fd-b14b2a8df0aa.jpg
1,1,dyed-resection-margins,dyed-resection-margins,True,0.005146845243871212,0.9948517680168152,9.11276174520026e-07,4.5979010820929034e-08,1.3086234318393508e-08,5.265407221344276e-09,1.2996561160605324e-08,4.517920615398907e-07,dyed-resection-margins/87067da4-8aac-4f04-8641-9a67365510aa.jpg
0,6,dyed-lifted-polyps,polyps,False,0.130111426115036,0.01920405402779579,4.921219078823924e-05,1.0416794793854933e-05,0.0005716109299100935,0.0001416333398083225,0.8370446562767029,0.012867013923823833,dyed-lifted-polyps/716d75fc-6dfe-400c-9149-4d20fa1b02e8.jpg
4,4,normal-pylorus,normal-pylorus,True,3.884183286118059e-07,7.153235515033884e-07,0.00010914687300100923,0.00019919182523153722,0.9989990592002869,0.0005150565411895514,0.000175731023773551,7.521539941990341e-07,normal-pylorus/c9788cb8-912e-4136-af46-90211ae2ff13.jpg
5,5,normal-z-line,normal-z-line,True,0.0001658138498896733,2.6036979761556722e-05,0.20720833539962769,8.183204772649333e-05,0.014139452949166298,0.7781611084938049,0.00016112602315843105,5.627405334962532e-05,normal-z-line/3a7485d3-4f59-4890-b253-81367345e134.jpg
4,4,normal-pylorus,normal-pylorus,True,8.278245786641492e-07,2.7608023174252594e-06,9.562722698319703e-05,1.2955171769135632e-05,0.9987710118293762,0.001077223103493452,3.432112862356007e-05,5.292797141009942e-06,normal-pylorus/a47588f1-e876-4991-9304-b9cedfa292ab.jpg
6,6,polyps,polyps,True,0.05709452927112579,0.004423641134053469,7.766071212245151e-05,0.013490822166204453,0.00019386879284866154,1.6807467545731924e-05,0.9218490719795227,0.002853518584743142,polyps/561e992a-cb46-4e20-b959-be6fb0f8c481.jpg
0,0,dyed-lifted-polyps,dyed-lifted-polyps,True,0.9346274733543396,0.06513321399688721,3.929928880097577e-06,1.1891096391991596e-06,5.3740194516649353e-08,9.47555520269816e-07,0.00023186270846053958,1.431705186405452e-06,dyed-lifted-polyps/31604d8a-e8ac-4d98-969d-8627321ad8c7.jpg
1,1,dyed-resection-margins,dyed-resection-margins,True,0.0077611892484128475,0.9921563863754272,7.786669448250905e-05,4.52370514381073e-08,6.889565806744713e-09,1.3502970830359118e-07,6.62308181631488e-08,4.287654064683011e-06,dyed-resection-margins/256ae4b0-4bb0-4617-8f48-20164cc6b681.jpg
1,0,dyed-resection-margins,dyed-lifted-polyps,False,0.7308971881866455,0.25176575779914856,0.0016710652271285653,0.0058608101680874825,6.0143458540551364e-05,0.00045375965419225395,0.007611995097249746,0.0016792870592325926,dyed-resection-margins/2871b311-54de-4069-ba9b-c8eb3e3e1875.jpg
3,3,normal-cecum,normal-cecum,True,0.0011374425375834107,7.138609362300485e-05,1.472817803005455e-05,0.9580762386322021,2.5183163643305306e-07,9.759369277162477e-07,0.039005935192108154,0.001692925114184618,normal-cecum/84ab55b6-97d6-4bcc-af54-102f2438d045.jpg
1,1,dyed-resection-margins,dyed-resection-margins,True,0.022397108376026154,0.9775921702384949,8.807109225017484e-06,1.560504188091727e-07,4.1215109547465545e-08,1.447450358682545e-06,9.956310265124557e-08,2.196530886067194e-07,dyed-resection-margins/de582410-cd28-4236-9b46-37a10aa6064b.jpg
6,6,polyps,polyps,True,0.0006628767005167902,0.0007909960113465786,0.00361896981485188,7.522814121330157e-05,0.020660601556301117,0.0012984598288312554,0.959473192691803,0.013419682160019875,polyps/fe1145d1-4612-42bf-ba0b-717d7d46c793.jpg
7,7,ulcerative-colitis,ulcerative-colitis,True,0.0005522876163013279,0.00010815406130859628,0.0001430650008842349,0.005101543385535479,0.006300256121903658,1.03378288258682e-05,0.06274455040693283,0.9250397086143494,ulcerative-colitis/5ec1cf46-a0eb-49f8-ad35-c933fcfcb126.jpg
1,1,dyed-resection-margins,dyed-resection-margins,True,0.0879066213965416,0.9120588898658752,2.6791447453433648e-05,1.1724375781341223e-06,3.6174228057461733e-09,1.9989990960311843e-06,9.493420520811924e-07,3.6343897136248415e-06,dyed-resection-margins/c1a3e4e9-d9bd-4992-a54d-6e299ab61865.jpg
3,3,normal-cecum,normal-cecum,True,8.453020200249739e-06,3.0224842703319155e-05,4.593286121234996e-06,0.999462902545929,1.04374003058183e-05,2.700105687836185e-05,0.00011608774366322905,0.0003403635055292398,normal-cecum/80145f3c-94ed-4b02-93ff-f884977e0b55.jpg
4,4,normal-pylorus,normal-pylorus,True,9.77540139501798e-07,1.8965982917507063e-06,3.764061693800613e-05,2.074797748718993e-06,0.9991199374198914,0.00012069398508174345,0.0007026910898275673,1.4090015611145645e-05,normal-pylorus/342a1c85-c028-4509-9f1c-b1ce76751f5c.jpg
0,0,dyed-lifted-polyps,dyed-lifted-polyps,True,0.9998989105224609,9.825331653701141e-05,3.379075224074768e-07,4.644292630473501e-07,5.533308922167635e-09,1.0469163669313275e-07,1.7964669041248271e-06,7.240624455562283e-08,dyed-lifted-polyps/0de004f5-2c4e-4f45-9439-a0f7fd5fb3a0.jpg
2,2,esophagitis,esophagitis,True,9.27661130845081e-06,3.076566645177081e-05,0.9977093935012817,3.682139890770486e-07,4.805141315955552e-07,0.002237109700217843,8.022317388167721e-07,1.170639916381333e-05,esophagitis/cfc0198f-a0e4-41e7-89a7-1760e2511a4b.jpg
7,7,ulcerative-colitis,ulcerative-colitis,True,0.0016487869434058666,0.0021102919708937407,0.00017585967725608498,0.03025399148464203,0.0013073768932372332,0.00021581781038548797,0.0789785385131836,0.8853092789649963,ulcerative-colitis/06428c8f-5d5c-4069-bc93-b89c0a0156ee.jpg
0,0,dyed-lifted-polyps,dyed-lifted-polyps,True,0.9755630493164062,0.023876121267676353,1.702199733699672e-05,6.501507596112788e-05,2.1522089355130447e-07,3.110824400209822e-05,0.0003521056205499917,9.538141603115946e-05,dyed-lifted-polyps/1d443d7c-f332-4da4-bc96-56fff7e51fd4.jpg
1,1,dyed-resection-margins,dyed-resection-margins,True,0.11189858615398407,0.8878026008605957,3.879905489156954e-05,6.133122951723635e-05,6.991866143835068e-07,2.3156032966653584e-06,1.2741237696900498e-05,0.00018298288341611624,dyed-resection-margins/380fb71f-1f30-4de6-9ed4-33951e35e9ba.jpg
6,6,polyps,polyps,True,0.0002264893992105499,0.00023438199423253536,2.190226223319769e-05,0.0004145122948102653,0.0009505525231361389,4.8406956921098754e-05,0.9973374009132385,0.0007663331343792379,polyps/a61eb3af-9bb4-4ca3-8741-a1423284ae3c.jpg
2,5,esophagitis,normal-z-line,False,7.582509908843349e-08,1.553317270008847e-05,0.01264161802828312,2.4234779516518756e-07,2.098068534905906e-06,0.9873397350311279,1.5145313625453127e-07,5.607474236057897e-07,esophagitis/398368d8-b3b5-40c8-b106-02aea843ddb4.jpg
4,4,normal-pylorus,normal-pylorus,True,3.634903623606078e-05,2.163044518965762e-05,0.005119240377098322,8.553163206670433e-05,0.9022387266159058,0.05807523801922798,0.03441975638270378,3.468057002464775e-06,normal-pylorus/e7d4b6b8-38fe-4932-afc1-a6109e52078b.jpg
6,6,polyps,polyps,True,0.0004647335736081004,0.00011638527939794585,7.968837599037215e-05,0.0017039694357663393,0.00010644199210219085,5.623216929961927e-05,0.9971665740013123,0.00030601388425566256,polyps/561d488e-a314-4c27-bade-d26b52d1a2b0.jpg
4,4,normal-pylorus,normal-pylorus,True,5.140717007634521e-07,8.962586548477702e-07,0.0002028695889748633,7.6136593634146266e-06,0.9983102083206177,0.0014393272576853633,3.761563857551664e-05,1.0026427617049194e-06,normal-pylorus/67e53744-100e-476a-ba56-91bc5b0341fe.jpg
7,7,ulcerative-colitis,ulcerative-colitis,True,9.571733244229108e-06,6.032624150975607e-05,8.195105692720972e-06,3.591416771087097e-06,2.2812980660091853e-06,4.742013061331818e-06,0.0011288588866591454,0.9987825751304626,ulcerative-colitis/42bdc7fc-bba3-4149-a72f-10345a4ac6f0.jpg
0,0,dyed-lifted-polyps,dyed-lifted-polyps,True,0.9555743932723999,0.043907903134822845,5.544338819163386e-07,0.00023993691138457507,3.947593540942762e-07,3.1240322186931735e-06,1.2009608326479793e-05,0.0002617760328575969,dyed-lifted-polyps/927bb7b7-7d03-475e-abde-3d1f4b691f7e.jpg
5,5,normal-z-line,normal-z-line,True,0.00025387530331499875,6.066984133212827e-05,0.18592999875545502,0.00012325351417530328,0.019946733489632607,0.7874770760536194,0.00543095963075757,0.0007774772820994258,normal-z-line/d87678ae-47c4-4e2e-9288-caebb9471490.jpg
2,5,esophagitis,normal-z-line,False,4.579096639645286e-06,5.1312046707607806e-05,0.14507092535495758,1.4605604519601911e-05,0.00024945527547970414,0.8545653820037842,3.998227384727215e-06,3.964981806348078e-05,esophagitis/8de2192c-f0e8-46ad-8162-18f5b27d206f.jpg
2,2,esophagitis,esophagitis,True,5.876592331333086e-05,4.190173785900697e-05,0.9979504942893982,6.799040420446545e-05,8.065429028647486e-06,0.0010276210960000753,0.00015517378051299602,0.000690027023665607,esophagitis/2727547e-69ba-43f6-ba24-cf4e95150045.jpg
1,1,dyed-resection-margins,dyed-resection-margins,True,0.008218365721404552,0.9917351007461548,3.568288593669422e-05,5.052356755186338e-07,4.5006519400203615e-08,4.385640750115272e-06,2.3673236171362078e-07,5.704879640688887e-06,dyed-resection-margins/75f0d19e-778c-4016-bea4-22f46546e0b1.jpg
6,3,polyps,normal-cecum,False,0.00455465167760849,9.264315303880721e-05,0.0009547541849315166,0.9301037192344666,0.014800671488046646,0.005494220647960901,0.0326312817633152,0.011368101462721825,polyps/1b1f0087-190d-4073-bbc1-b69aef862199.jpg
1,1,dyed-resection-margins,dyed-resection-margins,True,0.004455077461898327,0.9948583841323853,1.22854980872944e-05,1.3737359267906868e-06,4.615628057536014e-08,1.3471500324158114e-06,0.0005930929910391569,7.842217746656388e-05,dyed-resection-margins/6b203ae8-b43e-4b4b-90dc-a52804a85fa6.jpg
2,2,esophagitis,esophagitis,True,7.250140242831549e-06,8.804703611531295e-06,0.9988524913787842,2.596357546735817e-07,3.0879607493261574e-06,0.0011264472268521786,6.945569452909695e-07,8.872283956407045e-07,esophagitis/7a0140e4-5a86-4691-a1a9-ec5a5d55a5d7.jpg
6,6,polyps,polyps,True,0.003941001836210489,0.0007775939302518964,0.0003245477855671197,0.009297200478613377,0.0002602582098916173,0.0003305521095171571,0.9740623235702515,0.011006535962224007,polyps/6dc8180d-a942-4c50-b421-143e63492189.jpg
0,0,dyed-lifted-polyps,dyed-lifted-polyps,True,0.9890479445457458,0.009984595701098442,0.0002545382303651422,0.0005407753633335233,3.4191939448646735e-06,6.939800368854776e-05,6.564921204699203e-05,3.366326927789487e-05,dyed-lifted-polyps/cd64102b-51f3-4f60-90f2-53792e4cf3c3.jpg
3,7,normal-cecum,ulcerative-colitis,False,0.0015373175265267491,0.0035396190360188484,0.002402752870693803,0.1183348298072815,0.11976790428161621,0.021050071343779564,0.11273150891065598,0.620635986328125,normal-cecum/8c0fde21-cb42-4b90-907d-a29381698635.jpg
7,7,ulcerative-colitis,ulcerative-colitis,True,0.0013810725649818778,0.0014220935991033912,0.0002797129563987255,0.00030901696300134063,0.00019924253865610808,3.5046294215135276e-05,0.014894291758537292,0.9814795851707458,ulcerative-colitis/da185292-8d49-4291-a673-1053632d2fdc.jpg
2,2,esophagitis,esophagitis,True,0.0003605631645768881,0.00010022742935689166,0.8419079184532166,0.0008971622446551919,0.0020527152810245752,0.15396630764007568,0.0004330287338234484,0.0002820827648974955,esophagitis/4ba88d9a-45ca-4488-9074-02207c23fe71.jpg
0,0,dyed-lifted-polyps,dyed-lifted-polyps,True,0.7919564843177795,0.01848362386226654,0.00027002402930520475,0.0006325402646325529,1.9504506099110586e-07,6.475531699834391e-05,0.1867981106042862,0.0017943368293344975,dyed-lifted-polyps/d010f922-c1d0-42ad-8c52-ccf3d2d54691.jpg
0,0,dyed-lifted-polyps,dyed-lifted-polyps,True,0.9999228715896606,5.8842495491262525e-05,3.6071926956537936e-07,1.6010515537345782e-05,2.6054286195176246e-07,8.885094757715706e-07,6.579659839189844e-07,4.476532566854985e-08,dyed-lifted-polyps/6953a4c5-9be7-48e8-a396-77c55e274ff1.jpg
2,2,esophagitis,esophagitis,True,4.173457455181051e-06,7.550232567155035e-06,0.9956186413764954,5.037072696723044e-07,5.158186127118825e-07,0.0042711407877504826,4.5698820372308546e-07,9.686507110018283e-05,esophagitis/a7ab94d8-529f-484f-b130-d9ebf6c8cb24.jpg
7,7,ulcerative-colitis,ulcerative-colitis,True,0.02142977900803089,0.004534073639661074,6.648452836088836e-05,0.008810827508568764,7.519934570154874e-06,4.857767635257915e-06,0.18415647745132446,0.7809900045394897,ulcerative-colitis/fe0d4ab0-001f-4bf8-be46-cd9463a100b8.jpg
4,4,normal-pylorus,normal-pylorus,True,2.1715059119742364e-06,7.165887723203923e-07,0.0003499272861517966,2.41779434873024e-05,0.9953625202178955,0.0032141832634806633,0.0007975267944857478,0.00024885733728297055,normal-pylorus/0301983f-0196-45ff-b376-0faa61d551e6.jpg
5,5,normal-z-line,normal-z-line,True,6.577500244020484e-06,1.2157345736341085e-05,0.1011112779378891,2.0092370505153667e-06,0.0001634288055356592,0.8986542224884033,2.884959576476831e-05,2.15666696021799e-05,normal-z-line/d071cc90-4f5b-4134-bba9-ffc613d5a001.jpg
0,0,dyed-lifted-polyps,dyed-lifted-polyps,True,0.8511665463447571,0.14718618988990784,1.1394325156288687e-05,9.612559551896993e-06,4.483016255107941e-06,1.71947631315561e-05,0.0015728488797321916,3.177896360284649e-05,dyed-lifted-polyps/0714e5ee-8308-43b2-8092-cc2c7b3378fd.jpg
0,0,dyed-lifted-polyps,dyed-lifted-polyps,True,0.990151584148407,0.007995834574103355,4.1101957322098315e-05,4.254944997228449e-06,1.1940493038764544e-07,2.0147750547039323e-05,3.8392066926462576e-05,0.0017485899152234197,dyed-lifted-polyps/c13d815d-4193-4580-91ae-1ba23fedefcc.jpg
7,7,ulcerative-colitis,ulcerative-colitis,True,0.14850710332393646,0.03935348615050316,0.001242369064129889,0.1771053969860077,0.0003267500433139503,0.0002926129091065377,0.10564180463552475,0.5275304913520813,ulcerative-colitis/a22de489-2d84-4c35-93fe-4af32b0a1331.jpg
1,0,dyed-resection-margins,dyed-lifted-polyps,False,0.6086019277572632,0.3907603621482849,0.00021588901290670037,0.00012436191900633276,4.328683189669391e-07,3.986336741945706e-05,0.00014514525537379086,0.00011205863847862929,dyed-resection-margins/5ee4d0af-22d1-42cf-a599-6d5a64606e0d.jpg
6,0,polyps,dyed-lifted-polyps,False,0.9184378385543823,0.07172141969203949,0.0006726573337800801,3.168627881677821e-05,1.995771708607208e-05,0.0002740466152317822,0.008647405542433262,0.00019508929108269513,polyps/1ed1df93-8140-40f1-a690-7048fdf4c269.jpg
1,1,dyed-resection-margins,dyed-resection-margins,True,0.002761049661785364,0.9972219467163086,1.0637269269864191e-06,3.554627170387903e-08,1.72675485021756e-09,5.326924323867388e-08,1.5747838915558532e-05,1.869886148142541e-07,dyed-resection-margins/cf5d9149-c61a-4250-8104-5cdbb6e457da.jpg
3,3,normal-cecum,normal-cecum,True,3.5151948395650834e-05,3.3218853786820546e-05,4.70637169200927e-05,0.9735949635505676,0.00019156004418618977,4.304180038161576e-05,0.0020530931651592255,0.024001898244023323,normal-cecum/82ad99f3-0982-4c4b-99bb-e46dbc747acb.jpg
6,6,polyps,polyps,True,0.002831661608070135,0.0033123765606433153,0.0022349355276674032,0.005415416322648525,8.952905773185194e-05,0.010344757698476315,0.9728934168815613,0.00287797162309289,polyps/38653258-f2dc-4b45-b411-ce8f263df122.jpg
1,1,dyed-resection-margins,dyed-resection-margins,True,0.00032780595938675106,0.9994868040084839,5.162482557352632e-05,1.2210921340738423e-06,6.031093562341994e-07,1.716110091365408e-05,2.380931437073741e-05,9.09997834241949e-05,dyed-resection-margins/58fe221b-73e5-4c17-b1bf-98198efd9d97.jpg
5,5,normal-z-line,normal-z-line,True,5.996988420520211e-06,0.0005823749816045165,0.040121305733919144,4.943169187754393e-06,0.004131557885557413,0.9551231861114502,1.5500036170124076e-05,1.5091041859705001e-05,normal-z-line/20714e70-30f8-4419-bb58-66bfa7f48761.jpg
1,1,dyed-resection-margins,dyed-resection-margins,True,0.2899862229824066,0.7095569372177124,0.0003235264157410711,5.778247941634618e-05,4.019471816718578e-06,2.259517486891127e-06,2.282713285239879e-05,4.635581353795715e-05,dyed-resection-margins/94aaec39-2b33-4c51-b4f0-11c70f4cd7b5.jpg
1,1,dyed-resection-margins,dyed-resection-margins,True,0.030391259118914604,0.9695139527320862,2.4988808945636265e-05,1.586617713655869e-06,2.5762301447684877e-07,7.087775884428993e-06,1.1137351975776255e-05,4.9759681132854894e-05,dyed-resection-margins/27953276-75db-45ca-b29a-e2b82bf682bd.jpg
4,4,normal-pylorus,normal-pylorus,True,1.7013419437716948e-06,2.1428502350318013e-06,0.00037364099989645183,0.0005869448650628328,0.9983664155006409,0.0002443951671011746,0.00039730622665956616,2.7420403057476506e-05,normal-pylorus/5a0c239c-d2f2-4056-9819-ab93148773f0.jpg
4,4,normal-pylorus,normal-pylorus,True,9.857124496193137e-06,7.857976015657187e-06,0.002049061469733715,1.9450029867584817e-05,0.9664411544799805,0.030892424285411835,0.0005784197710454464,1.7704699075693497e-06,normal-pylorus/c45a475e-60fb-4552-8862-19b9f7d5ec2f.jpg
0,0,dyed-lifted-polyps,dyed-lifted-polyps,True,0.931477427482605,0.06836031377315521,2.120016324624885e-05,3.3790206543926615e-06,2.8688672770726953e-08,6.105570719228126e-06,6.176561146276072e-05,6.985483196331188e-05,dyed-lifted-polyps/301718e9-bbdf-4cdd-a665-908c36ae31ea.jpg
7,7,ulcerative-colitis,ulcerative-colitis,True,0.00045285007217898965,3.750725227291696e-05,0.0036533428356051445,4.333760080044158e-05,5.213249096414074e-05,0.0004943694220855832,0.0008707325905561447,0.9943956136703491,ulcerative-colitis/584f1fa0-9bb9-49d3-b412-c42819d0a200_00000601.jpg
7,7,ulcerative-colitis,ulcerative-colitis,True,0.0004203404823783785,3.574609581846744e-05,5.188180512050167e-05,3.293197733000852e-05,4.80890821563662e-06,1.0652772289176937e-05,0.24797441065311432,0.7514691352844238,ulcerative-colitis/a9ff108d-0bd1-4dde-a268-9055fdd2b1cf.jpg
3,3,normal-cecum,normal-cecum,True,0.0015346019063144922,0.001559178694151342,4.4025251554558054e-05,0.831797182559967,0.00279372651129961,0.00015903044550213963,0.16143150627613068,0.0006807621102780104,normal-cecum/5578ca30-6b02-4627-bcc6-fc7f9d73d7e0.jpg
0,1,dyed-lifted-polyps,dyed-resection-margins,False,0.024518495425581932,0.9753351807594299,0.0001318838185397908,3.0651403903902974e-07,1.72049254842932e-08,6.797432092753297e-07,2.880449301301269e-07,1.3147260688128881e-05,dyed-lifted-polyps/22fe9ac9-68c0-4344-91dd-12495657d17a.jpg
7,7,ulcerative-colitis,ulcerative-colitis,True,1.0515475878491998e-05,1.1895413081219885e-06,7.550051464022545e-07,8.731209527468309e-05,9.140051133726956e-07,4.894904577668058e-06,7.829443347873166e-05,0.9998161196708679,ulcerative-colitis/fa08a6ce-516e-442f-9a88-b57ce593de31.jpg
6,6,polyps,polyps,True,0.0002877319639082998,2.290349584654905e-05,3.30878128806944e-06,0.00206421734765172,1.4978466424508952e-05,7.21787873771973e-05,0.9789643883705139,0.0185703095048666,polyps/e59a6182-3075-4f7b-93ea-c6963c9b5649.jpg
5,5,normal-z-line,normal-z-line,True,5.834679541294463e-06,9.76889714365825e-05,0.16497142612934113,6.235433102119714e-05,0.04317926988005638,0.7916725277900696,4.385700776765589e-06,6.576192390639335e-06,normal-z-line/73433e34-3924-4b86-8ffb-693aaea48a76.jpg
3,3,normal-cecum,normal-cecum,True,0.003921868279576302,0.0008702406194061041,4.510281723923981e-05,0.9583216309547424,0.0012617608299478889,0.0001645884185563773,0.03524157032370567,0.00017329641559626907,normal-cecum/111c85ee-0d80-45cf-ad41-53f4126d7ba4.jpg
2,2,esophagitis,esophagitis,True,1.1413115316827316e-05,4.601799901138293e-06,0.6069967150688171,3.620780262281187e-05,0.0009487235802225769,0.39193660020828247,5.6439967011101544e-05,9.309802408097312e-06,esophagitis/2d4c51c5-d311-4fa8-bf07-6b63edc5c43f.jpg
4,4,normal-pylorus,normal-pylorus,True,3.3628050459810765e-06,1.1609147350100102e-06,1.2561265066324268e-05,1.0885361007240135e-05,0.9997677206993103,8.449617780570406e-06,0.00019532765145413578,6.14526641129487e-07,normal-pylorus/abc7edf2-1c65-48ff-84d9-42b0c11bf0ad.jpg
2,2,esophagitis,esophagitis,True,0.008840751834213734,0.007761046756058931,0.8989390730857849,0.010487095452845097,0.002873633988201618,0.03199306130409241,0.026075687259435654,0.0130296116694808,esophagitis/0d5a10c4-1d99-449b-a866-2a78d291d391.jpg
4,4,normal-pylorus,normal-pylorus,True,5.439734195533674e-06,7.83786890679039e-05,0.0003946696815546602,5.308901108946884e-06,0.9970099925994873,0.0016901857452467084,0.0007339601870626211,8.206358324969187e-05,normal-pylorus/b69e0ef6-4c59-48f5-b83e-a8d1c5b761ae.jpg
4,4,normal-pylorus,normal-pylorus,True,4.297097859762289e-07,1.9638484900497133e-06,7.062512395350495e-06,1.4701610780321062e-05,0.9999346733093262,2.617241261759773e-05,1.375651754642604e-05,1.1250137958995765e-06,normal-pylorus/b27a98ee-d1df-4a18-afad-a22597273235.jpg
0,0,dyed-lifted-polyps,dyed-lifted-polyps,True,0.9887222051620483,0.00969881471246481,6.093431875342503e-05,0.00030949810752645135,5.276373485685326e-05,7.766247290419415e-05,0.00015959989104885608,0.0009184746886603534,dyed-lifted-polyps/d34c3e47-1765-4e93-8fd8-208b0b2f3437.jpg
3,3,normal-cecum,normal-cecum,True,0.001892118714749813,0.0006927986396476626,1.0035634659288917e-05,0.9524742960929871,1.6294630768243223e-05,1.0417411431262735e-05,0.022630475461483,0.02227354794740677,normal-cecum/ecd32bd0-b4d7-49d2-9264-298b381ba1be.jpg
7,7,ulcerative-colitis,ulcerative-colitis,True,0.00024449924239888787,0.00025321400607936084,4.0237810026155785e-05,0.00042338145431131124,0.0001386274816468358,8.268683814094402e-06,0.006505182944238186,0.9923865795135498,ulcerative-colitis/1fef5c9f-4e19-4dee-92af-0a693f3ab435.jpg
1,1,dyed-resection-margins,dyed-resection-margins,True,0.01684459112584591,0.9831128716468811,1.1730728147085756e-05,2.5978777102864115e-06,3.022948646957957e-08,3.8743756647363625e-08,5.3203466450213455e-06,2.2831050955574028e-05,dyed-resection-margins/9802a7cf-7707-4091-81fb-6cbea1877043.jpg
6,6,polyps,polyps,True,0.0023000375367701054,0.0037363641895353794,0.00045881184632889926,0.061739884316921234,0.0015095267444849014,0.0024520843289792538,0.9272246360778809,0.0005786402616649866,polyps/1c97e7d0-2ad6-430c-92dd-bf37f5b80538.jpg
4,4,normal-pylorus,normal-pylorus,True,1.7921502148965374e-05,7.106753037078306e-05,0.0006864640745334327,0.00020023115212097764,0.9980676770210266,0.0006771485204808414,0.0001466054527554661,0.0001328098587691784,normal-pylorus/d4b1830c-6c66-460b-94e6-c29afca389ad.jpg
1,0,dyed-resection-margins,dyed-lifted-polyps,False,0.6296217441558838,0.37034279108047485,3.19942701025866e-05,1.033860826282762e-06,2.05996570912248e-08,1.3378399899011129e-06,2.8483469804996275e-07,8.275936238533177e-07,dyed-resection-margins/8a32fa44-6ed6-476c-b9e8-9ef2c3dbdd0d.jpg
3,3,normal-cecum,normal-cecum,True,0.00016880009206943214,6.361732812365517e-05,7.5801954153575934e-06,0.9961638450622559,7.95880077930633e-06,7.68665699979465e-07,0.0021323543041944504,0.0014550291234627366,normal-cecum/01c6ae3a-6ee5-4a98-a792-c7f59a1c2fc4.jpg
6,6,polyps,polyps,True,0.0019526425749063492,0.00010167889558942989,5.9765847254311666e-05,0.00011479480599518865,4.950969741912559e-05,4.2447802115930244e-05,0.9971606731414795,0.0005184829933568835,polyps/2ca1039b-7ba8-4df2-8421-45730a0127d0.jpg
6,6,polyps,polyps,True,0.008979802951216698,0.00010411161929368973,0.00048352652811445296,0.003554580034688115,4.3219231883995235e-05,0.0001290912041440606,0.9757446050643921,0.010961048305034637,polyps/7f2130f8-cf67-4644-a4a6-133d9accbf63.jpg
4,4,normal-pylorus,normal-pylorus,True,8.789302228251472e-05,0.00023341130872722715,0.010803276672959328,0.00011985194578301162,0.7438825964927673,0.21101778745651245,0.033844880759716034,1.0288477824360598e-05,normal-pylorus/e779bfdd-2e69-4e11-82f7-9b8dc54e6376.jpg
4,4,normal-pylorus,normal-pylorus,True,4.384431304060854e-05,0.00030129170045256615,0.005566978361457586,0.003561761463060975,0.9559233784675598,0.030898567289114,0.0008415266056545079,0.0028626001439988613,normal-pylorus/e55c00fa-c254-4550-a2f3-5a7836f05c92.jpg
6,6,polyps,polyps,True,0.00046107248635962605,0.0005969128687866032,0.001370417419821024,9.606721141608432e-05,0.0011117469985038042,4.0838105633156374e-05,0.988298773765564,0.008024183101952076,polyps/9131f0b4-8824-413e-b135-fa27957cbf8f.jpg
5,5,normal-z-line,normal-z-line,True,5.875334068150551e-07,1.4132063370198011e-05,0.01817123033106327,2.8979277999496844e-07,1.6905141819734126e-05,0.9817954897880554,9.149837865152222e-07,3.608941199217952e-07,normal-z-line/693de672-7931-484f-a634-ce74d30c9c0a.jpg
6,6,polyps,polyps,True,0.0016630165046080947,0.000691967667080462,0.0010628541931509972,0.3015102744102478,0.0021264017559587955,0.0008330564014613628,0.6890225410461426,0.0030899271368980408,polyps/25e2f3ad-3518-4b97-96cf-abdd666112e6.jpg
5,5,normal-z-line,normal-z-line,True,8.822084782877937e-05,0.00011838771752081811,0.1926858127117157,0.0006983567145653069,0.14108866453170776,0.6545671820640564,0.002993961563333869,0.007759371306747198,normal-z-line/e32e40ad-dd84-45d0-a1d5-137fcea39093.jpg
1,1,dyed-resection-margins,dyed-resection-margins,True,0.12643946707248688,0.872798502445221,0.0002356101613258943,6.880916771478951e-05,1.638824755900714e-07,2.2520694983541034e-05,5.666790821123868e-05,0.0003782393760047853,dyed-resection-margins/9f68ecd9-b57c-4d44-b171-d076fb049291.jpg
6,6,polyps,polyps,True,3.574782385840081e-05,5.878309252693725e-07,2.7287385364616057e-06,4.083310159330722e-06,5.206915147937252e-07,6.785646746720886e-07,0.9999305009841919,2.5194538466166705e-05,polyps/59a337b3-7eef-4e79-a634-a01e2c4a2bad.jpg
1,1,dyed-resection-margins,dyed-resection-margins,True,0.3429929316043854,0.6563685536384583,0.0005640887538902462,1.873008113761898e-05,1.6200861807647016e-07,1.1942737728531938e-05,2.876528697015601e-06,4.068370253662579e-05,dyed-resection-margins/39ff68c5-a654-44f8-bef4-116b31258ddb.jpg
2,2,esophagitis,esophagitis,True,0.00011272251140326262,0.00019559459178708494,0.9909228682518005,2.1268100681481883e-05,0.0001351827959297225,0.008426591753959656,0.00010051921708509326,8.514862565789372e-05,esophagitis/59ed5461-f108-4889-9b19-b9eb0bb49597.jpg
3,3,normal-cecum,normal-cecum,True,0.00027173187118023634,3.887398634105921e-05,1.655110827414319e-05,0.9420870542526245,0.00040098113822750747,8.884048293111846e-05,0.003144023474305868,0.053951945155858994,normal-cecum/9e0ec683-382b-4bed-a9a9-0891847bb5db.jpg
4,4,normal-pylorus,normal-pylorus,True,1.0026721611211542e-05,5.683932613465004e-05,0.0018919648136943579,7.140969501051586e-06,0.9952627420425415,0.0022669469472020864,0.00024269503774121404,0.0002615696284919977,normal-pylorus/6a3003e2-3ab1-4ef6-aedd-62162a06f13c.jpg
5,2,normal-z-line,esophagitis,False,9.98956966213882e-06,1.778246951289475e-05,0.840512216091156,8.679547818246647e-07,4.145150796830421e-06,0.15942969918251038,1.6325708202202804e-05,8.899985914467834e-06,normal-z-line/ec60235f-7093-4d1b-b957-89e60597ebb2.jpg
0,0,dyed-lifted-polyps,dyed-lifted-polyps,True,0.940759539604187,0.056067388504743576,2.344340828130953e-05,0.00021959090372547507,2.6710106340033235e-06,1.481610979681136e-06,0.0027600941248238087,0.00016585297998972237,dyed-lifted-polyps/a1c517e2-c120-4337-941b-2da693b198ae.jpg
3,3,normal-cecum,normal-cecum,True,1.0603150258248206e-05,1.1858815014420543e-05,5.312167559168302e-07,0.9877029061317444,5.646199383591011e-07,7.944153139760601e-07,1.862284989329055e-05,0.012254149653017521,normal-cecum/62443cd8-14f2-4b8f-bea0-03212c270ba0.jpg
5,2,normal-z-line,esophagitis,False,0.001557528623379767,0.002085832878947258,0.7299433350563049,0.00015762097609695047,3.23557760566473e-05,0.26608750224113464,0.00012564111966639757,1.0235755325993523e-05,normal-z-line/79233d65-18fa-432e-984d-9a5d1b7400cc.jpg
1,1,dyed-resection-margins,dyed-resection-margins,True,0.15509018301963806,0.8437786102294922,0.0004485402023419738,2.118883230650681e-06,5.652507866216183e-07,0.0001060125432559289,0.000107981963083148,0.00046605474199168384,dyed-resection-margins/4d103175-0836-4ca2-a589-b0e0ee4321ac.jpg
3,3,normal-cecum,normal-cecum,True,0.00019355191034264863,0.00014111313794273883,4.24266945628915e-05,0.9683712720870972,9.04388798517175e-06,2.987164225487504e-05,0.008887248113751411,0.022325526922941208,normal-cecum/c4f2d60d-a3b6-4557-8b98-7e65d12d5dc4.jpg
4,4,normal-pylorus,normal-pylorus,True,1.0227919347016723e-06,6.5257072492386214e-06,0.0010589179582893848,1.1161087059008423e-05,0.9957584738731384,0.002863239496946335,0.00029311375692486763,7.4470785875746515e-06,normal-pylorus/3b2df768-a38c-4c91-a7c3-f86bc327c70b.jpg
3,3,normal-cecum,normal-cecum,True,1.544324550195597e-05,2.1815883883391507e-05,5.170923031982966e-07,0.9968728423118591,1.001224427454872e-05,5.9349104049033485e-06,0.0003672005550470203,0.0027061423752456903,normal-cecum/a25ece32-f0d1-4408-95ae-d003f71358f7.jpg
2,2,esophagitis,esophagitis,True,5.21868460054975e-05,0.0004895193851552904,0.9742119908332825,6.041253436706029e-05,0.00016333488747477531,0.024966904893517494,3.185919194947928e-05,2.38606589846313e-05,esophagitis/49cf77e8-4793-4c5a-b398-8e8128e1a03e.jpg
5,5,normal-z-line,normal-z-line,True,6.768410094082355e-05,0.0001607062731636688,0.08855988830327988,7.353632099693641e-06,0.0014896595384925604,0.9078563451766968,0.00045740281348116696,0.0014009646838530898,normal-z-line/963b2eae-3480-4e59-9151-57379d44cdfc.jpg
4,4,normal-pylorus,normal-pylorus,True,1.7903983007272473e-06,8.39839776745066e-06,0.00030722597148269415,8.157475349435117e-06,0.9993343949317932,0.00014537814422510564,0.00018463986634742469,1.0001165719586425e-05,normal-pylorus/9287bda1-6e4f-4cde-84c5-f9fd9ccc1316.jpg
5,5,normal-z-line,normal-z-line,True,0.00016146367124747485,0.00011750799603760242,0.11413334310054779,0.00014500424731522799,0.0325561948120594,0.8501620292663574,0.0006900659645907581,0.00203448673710227,normal-z-line/4fa6d3e5-dfb9-466f-b682-aab7527d4687.jpg
0,0,dyed-lifted-polyps,dyed-lifted-polyps,True,0.9855437278747559,0.010850295424461365,5.0725677283480763e-05,9.103004231292289e-06,8.812994565232657e-06,0.00016902417701203376,0.0026186429895460606,0.0007496108300983906,dyed-lifted-polyps/fd3f0c13-3262-473a-914c-82562d7c0e3f.jpg
2,2,esophagitis,esophagitis,True,0.00030604496714659035,0.00023292934929486364,0.958377480506897,1.1957687320318655e-06,0.004345416557043791,0.03649146854877472,2.9532055123127066e-05,0.00021600168838631362,esophagitis/d7c9e4e6-89bd-4ca6-9c67-f11e0a8249bd.jpg
4,4,normal-pylorus,normal-pylorus,True,7.36118124677887e-07,1.0161850241274806e-06,0.0012985540088266134,8.443693513981998e-05,0.9758820533752441,0.022675292566418648,4.621898187906481e-05,1.17083327495493e-05,normal-pylorus/fbbc74d2-5144-4450-8ba3-855a83dd6df4.jpg
2,2,esophagitis,esophagitis,True,2.8768832635250874e-05,4.172839180682786e-05,0.9771506786346436,2.6224688554066233e-05,0.0014484389685094357,0.021196983754634857,7.925653335405514e-05,2.803572169796098e-05,esophagitis/a7078721-b8a8-4b7b-8f52-c3dbf92332ff.jpg
2,2,esophagitis,esophagitis,True,2.4053389324762975e-07,1.6010661738619092e-06,0.9999268054962158,2.3404087556855302e-08,3.1326507610174303e-07,6.872887024655938e-05,7.166279374359874e-07,1.5641446680092486e-06,esophagitis/b416631b-a5ab-40b7-ab0a-ce3d1031130d.jpg
2,5,esophagitis,normal-z-line,False,6.513950211228803e-05,3.595973248593509e-05,0.16086657345294952,0.00021918369748163968,0.0005873286281712353,0.837921679019928,0.00021229448611848056,9.182639041682705e-05,esophagitis/4b4e5497-8172-4dcc-a671-ac8087cf1b3c.jpg
5,5,normal-z-line,normal-z-line,True,7.613225898239762e-05,4.640809856937267e-05,0.16307500004768372,0.0004099578072782606,0.042157430201768875,0.7936436533927917,0.0003855735994875431,0.00020578756812028587,normal-z-line/3ee89ee1-78c0-43e1-9d47-45eda44b40ef.jpg
6,6,polyps,polyps,True,0.0012493082322180271,0.002175481291487813,0.0020839516073465347,0.0030144057236611843,0.0007688152836635709,0.0015071892412379384,0.9762959480285645,0.012904951348900795,polyps/fe6bccc1-c6ff-4ecd-9d7a-caf4d9fc1165.jpg
1,1,dyed-resection-margins,dyed-resection-margins,True,0.0019393311813473701,0.9976574182510376,1.504813008068595e-05,3.5048196878051385e-05,1.1470148137959768e-06,4.3668605940183625e-06,4.73091313324403e-05,0.0003003343881573528,dyed-resection-margins/8c3646ed-1744-4092-8a56-69dce680a593.jpg
0,0,dyed-lifted-polyps,dyed-lifted-polyps,True,0.9992722868919373,0.0007010367116890848,9.268521949934438e-08,8.920623599806277e-07,1.5310718248784383e-09,1.228558943466851e-07,2.3285667339223437e-05,2.269718606839888e-06,dyed-lifted-polyps/5915160a-17e8-4fe9-af28-d53de0ef94fc.jpg
2,2,esophagitis,esophagitis,True,0.0008394164033234119,0.0003173357981722802,0.9034708738327026,2.7927533665206283e-05,0.0003829133347608149,0.08131997287273407,0.002486033132299781,0.011155524291098118,esophagitis/0e726fff-6a8b-46d8-a757-9b8758cb2ff5.jpg
3,3,normal-cecum,normal-cecum,True,0.000464839453343302,0.0002837673237081617,7.022762292763218e-05,0.6430655121803284,0.0002517093380447477,8.840303780743852e-05,0.35518819093704224,0.0005874434718862176,normal-cecum/efe01b9a-a131-4a2c-adcd-c5cc27efd1d4.jpg
0,0,dyed-lifted-polyps,dyed-lifted-polyps,True,0.846923828125,0.15290719270706177,1.850822809501551e-05,2.566159764683107e-07,3.440804903220851e-07,7.965776376295253e-07,4.888479452347383e-06,0.00014416759950108826,dyed-lifted-polyps/131bed9f-da09-4ffb-b7c5-e3a59d59e33d.jpg
7,7,ulcerative-colitis,ulcerative-colitis,True,1.2111110663681757e-05,1.5000525763753103e-06,1.3877063793188427e-05,1.8363532205967203e-07,1.1913433809240814e-05,2.6066322789120022e-06,0.0013444955693557858,0.9986133575439453,ulcerative-colitis/918c95d7-9a2d-4bd5-ab73-195ada6cb2a6.jpg
7,7,ulcerative-colitis,ulcerative-colitis,True,0.0044364044442772865,0.00025576961343176663,0.0011362372897565365,0.0014314580475911498,4.276630352251232e-05,0.0006543175550177693,0.02608294039964676,0.9659602046012878,ulcerative-colitis/fb3836d2-d0a4-4626-945a-e24170d0f921.jpg
3,0,normal-cecum,dyed-lifted-polyps,False,0.6238464713096619,0.002026392612606287,8.697810699231923e-05,0.3496311604976654,0.0001445454399799928,2.8664095225394703e-05,0.003951873164623976,0.020283805206418037,normal-cecum/9cc49e68-02dc-4bec-814f-d347d011d433.jpg
1,1,dyed-resection-margins,dyed-resection-margins,True,0.19181165099143982,0.8081697225570679,8.267176781373564e-06,8.48037373657462e-09,7.55248024120192e-08,1.2473030608362023e-07,5.853509605913132e-07,9.569782378093805e-06,dyed-resection-margins/a2c2c932-09bd-4e45-868c-690f92543881.jpg
5,5,normal-z-line,normal-z-line,True,1.0085457802233577e-07,5.532402155949967e-06,0.011602033860981464,9.336013562233347e-08,1.1385666766727809e-05,0.9883803129196167,3.228434408697467e-08,4.818638217329863e-07,normal-z-line/8adfd836-2320-4258-acf1-730d3da295f4.jpg
0,0,dyed-lifted-polyps,dyed-lifted-polyps,True,0.9679145812988281,0.03200620785355568,1.7474469132139347e-05,1.3570364387760492e-07,7.025822696959949e-07,6.882191428303486e-06,5.370931830839254e-05,2.8245844418961497e-07,dyed-lifted-polyps/dd4dcad0-b45a-4343-ac3d-fdd72c5cc34a.jpg
6,6,polyps,polyps,True,0.0024545807391405106,0.0029521926771849394,0.00015808633179403841,0.05855196714401245,0.002655343385413289,9.072024840861559e-05,0.9313300251960754,0.001807011547498405,polyps/761d8c84-df68-4a34-aa87-8462058de155.jpg
4,4,normal-pylorus,normal-pylorus,True,1.9277711089671357e-06,1.8688057252802537e-06,0.0012451845686882734,2.038575621554628e-05,0.9966499209403992,0.0019801694434136152,9.990374383050948e-05,7.317803465411998e-07,normal-pylorus/ea510ea5-8697-4a6f-a86e-f8720c761e53.jpg
7,7,ulcerative-colitis,ulcerative-colitis,True,3.497051875456236e-05,4.147824802203104e-05,0.0003876496630255133,7.226918569358531e-06,6.224784556252416e-06,9.499831321591046e-06,0.000385914376238361,0.9991269707679749,ulcerative-colitis/2496651d-e8b9-4567-ade8-0c84498dd5ae.jpg
6,6,polyps,polyps,True,0.00032770741381682456,0.0005688315723091364,0.00014557025860995054,0.003926008474081755,6.105456850491464e-05,5.4942538554314524e-05,0.9922089576721191,0.002706832019612193,polyps/b5328507-f591-4b02-96f7-29d3b83d828f.jpg
0,0,dyed-lifted-polyps,dyed-lifted-polyps,True,0.7317796945571899,0.26634225249290466,1.7640462829149328e-05,0.00018282918608747423,4.439468526129531e-08,1.5038514220577781e-06,6.163098078104667e-06,0.001669814344495535,dyed-lifted-polyps/70e590a6-cc4f-4b78-b7ef-14f5f8036225.jpg
5,5,normal-z-line,normal-z-line,True,8.970124326879159e-06,2.581350418040529e-05,0.05750274285674095,0.0005004978156648576,0.033103492110967636,0.9087377190589905,6.049838339095004e-05,6.0356960602803156e-05,normal-z-line/07fb76fd-2986-416a-974d-02e78d750cde.jpg
6,6,polyps,polyps,True,0.016595138236880302,0.0010094842873513699,0.0003038184077013284,0.043437179177999496,0.00011855825869133696,0.00043187791015952826,0.9350126385688782,0.0030912745278328657,polyps/ccd07ae5-4037-4f6c-a6ad-d9372d8580bf.jpg
4,4,normal-pylorus,normal-pylorus,True,4.009354142908705e-06,3.6334838569018757e-06,0.00025407885550521314,3.204216773156077e-05,0.9928629994392395,0.005976847372949123,0.0008276114822365344,3.882097007590346e-05,normal-pylorus/e1c6f789-06c0-4580-99de-a76d9cdadc03.jpg
1,1,dyed-resection-margins,dyed-resection-margins,True,0.30347979068756104,0.6955624222755432,0.0004766897181980312,0.00033219344913959503,9.513802865512844e-07,1.7491413018433377e-05,0.00011619962606346235,1.4216770978237037e-05,dyed-resection-margins/b632c863-30af-4fd1-9ab6-6f9de205cfe6.jpg
0,1,dyed-lifted-polyps,dyed-resection-margins,False,0.282947301864624,0.7169255614280701,8.276887820102274e-05,1.5312964762870251e-07,9.153259838967642e-07,1.1767436262744013e-05,2.1022886357968673e-05,1.0557520909060258e-05,dyed-lifted-polyps/273e99cc-b078-4568-a393-55e0ab869fb0.jpg
3,3,normal-cecum,normal-cecum,True,1.2002634321106598e-05,5.392197272158228e-05,5.8805344451684505e-05,0.9950786828994751,0.00034536386374384165,0.00010064645175589249,0.0031255092471837997,0.0012250331928953528,normal-cecum/096174d5-24ca-40e3-8fff-7feb3f74f0ac.jpg
3,3,normal-cecum,normal-cecum,True,0.01270457822829485,0.0002704102953430265,0.000179135226062499,0.7571411728858948,5.78948347538244e-05,0.00040676555363461375,0.08949052542448044,0.1397494673728943,normal-cecum/fc31861e-2a50-4920-90ef-02c8132493b5.jpg
1,0,dyed-resection-margins,dyed-lifted-polyps,False,0.5002560019493103,0.49959665536880493,6.822426075814292e-05,1.042854091792833e-05,9.920320565015572e-08,6.469567779276986e-06,4.6523175114998594e-05,1.555686685605906e-05,dyed-resection-margins/1d423f77-a9ec-4964-bf35-c1f06ba68e4d.jpg
2,5,esophagitis,normal-z-line,False,0.00010006376396631822,0.00016007843078114092,0.44306421279907227,0.0033929788041859865,0.00044109654845669866,0.5514275431632996,2.5522183932480402e-05,0.0013884424697607756,esophagitis/67475ab5-8be7-45e7-a03a-0e80263e81ed.jpg
6,6,polyps,polyps,True,0.0008886248688213527,0.00020256992138456553,0.00011236726277275011,0.0024344909470528364,3.972328704549e-05,0.00015128903032746166,0.992377519607544,0.0037933937273919582,polyps/804a8813-5b56-49c8-b5e7-950ccce8d30c.jpg
5,5,normal-z-line,normal-z-line,True,0.00010887243843171746,0.00011852891475427896,0.030232297256588936,3.97044641431421e-06,0.004315320402383804,0.9650717377662659,5.939518814557232e-05,8.986256580101326e-05,normal-z-line/ba1016c4-c9fd-41b3-9df8-3b9a14ba6944.jpg
7,7,ulcerative-colitis,ulcerative-colitis,True,0.0013717787805944681,0.0028000585734844208,1.9132570741930977e-05,0.0009200965869240463,1.6010364561225288e-05,4.648175308830105e-05,0.03553643077611923,0.9592899680137634,ulcerative-colitis/e8e08030-9ae5-49d0-9134-0309c31e3a93.jpg
0,0,dyed-lifted-polyps,dyed-lifted-polyps,True,0.8772809505462646,0.1217891052365303,0.00022901974443811923,1.314775272476254e-05,3.422178633627482e-05,8.210053783841431e-05,0.0004716944240499288,9.982238407246768e-05,dyed-lifted-polyps/0a542bb0-0172-4bc4-890d-327fa45b85b3.jpg
3,3,normal-cecum,normal-cecum,True,8.712225098861381e-05,2.074976873700507e-05,4.435019491211278e-06,0.9985607266426086,0.0002561833243817091,1.4683272638649214e-05,0.0008854990592226386,0.00017060524260159582,normal-cecum/ed73c679-7ead-4590-9ef6-66d1ab89de94.jpg
2,2,esophagitis,esophagitis,True,0.0005619190051220357,0.002678245771676302,0.9920148849487305,5.101233909954317e-06,5.66004609936499e-06,0.0022734063677489758,0.001153371180407703,0.0013073582667857409,esophagitis/d60e2332-abfd-43bd-8072-df0de26ed52c.jpg
3,3,normal-cecum,normal-cecum,True,3.2928112432273338e-06,3.39475336659234e-05,5.805810815218138e-06,0.9816209673881531,0.0005776080070063472,1.6435566067229956e-05,0.01581699214875698,0.0019248432945460081,normal-cecum/a6a5bfbc-694b-4699-bc89-157df82d6a5e.jpg
2,2,esophagitis,esophagitis,True,0.0010323101887479424,0.0002738087496254593,0.7994565367698669,0.0006199956987984478,2.1468376871780492e-05,0.19734321534633636,0.000785982352681458,0.0004666727327276021,esophagitis/254ae3cd-e51b-4fc9-a25a-a0e60bd0a654.jpg
4,4,normal-pylorus,normal-pylorus,True,4.907313268631697e-06,2.3578973923576996e-05,0.0005023227422498167,1.7702234345051693e-06,0.9986400008201599,7.243632717290893e-05,0.0006300535751506686,0.00012499700824264437,normal-pylorus/94e47d85-ea52-4438-9817-f70f17cc9837.jpg
1,1,dyed-resection-margins,dyed-resection-margins,True,0.01802762970328331,0.9819369912147522,5.333733497536741e-06,6.745372047589626e-06,9.079634111230916e-08,3.1088527521205833e-06,4.61589570477372e-06,1.5514375263592228e-05,dyed-resection-margins/2dc61ada-994b-4b10-8009-130f5bfa4753.jpg
0,0,dyed-lifted-polyps,dyed-lifted-polyps,True,0.9882727265357971,0.011538161896169186,4.219567927066237e-06,0.0001307953061768785,2.6732186597655527e-06,2.0043300992256263e-06,4.71023449790664e-05,2.3093293748388533e-06,dyed-lifted-polyps/e6c793fe-0e40-4597-87b5-d9733cbaf3de.jpg
7,7,ulcerative-colitis,ulcerative-colitis,True,0.0005711537087336183,0.00023371606948785484,4.682434882852249e-05,0.011901573278009892,8.790700667304918e-05,0.0003310426545795053,0.39795178174972534,0.5888760089874268,ulcerative-colitis/ae68bef5-8ca4-42fd-a275-d34ee4ea8c14_00001064.jpg
7,7,ulcerative-colitis,ulcerative-colitis,True,0.003985951188951731,0.002298937877640128,0.00015861043357290328,0.00018413877114653587,2.222757575509604e-05,7.519168866565451e-05,0.051264386624097824,0.9420104622840881,ulcerative-colitis/f96c26c7-a79f-45e2-b6f8-e3b69780e974.jpg
4,4,normal-pylorus,normal-pylorus,True,8.4457929006021e-07,1.536171475891024e-05,0.0005907887243665755,8.676286142872414e-07,0.9984108209609985,0.0005501569830812514,0.00037181752850301564,5.926228914177045e-05,normal-pylorus/93a1a84f-f101-45a0-8a63-a4dd56a065f4.jpg
3,3,normal-cecum,normal-cecum,True,0.00010960650251945481,0.00019778584828600287,2.6198880732408725e-05,0.6073921918869019,0.002945982152596116,9.041411976795644e-05,0.0030638156458735466,0.3861740231513977,normal-cecum/b788c952-e510-4c41-99e6-c0eeb84c8f14.jpg
6,6,polyps,polyps,True,0.007237821817398071,0.0008498724782839417,0.0002336803008802235,0.003748563816770911,0.010516352020204067,0.0003080828464590013,0.9647112488746643,0.012394322082400322,polyps/2bb8698d-c65e-46e1-91b9-910a526768b1.jpg
7,7,ulcerative-colitis,ulcerative-colitis,True,0.001144753652624786,0.0011790016433224082,0.00041802445775829256,0.00015675320173613727,8.277625966002233e-06,2.6373261789558455e-05,0.01010411698371172,0.9869627356529236,ulcerative-colitis/9bf37da2-4bd1-4a8a-aff9-66bdcc918ea9.jpg
3,3,normal-cecum,normal-cecum,True,0.003022675169631839,0.0007395363063551486,0.00026878551580011845,0.6722760200500488,0.0004497345653362572,0.00037689044256694615,0.23209697008132935,0.09076933562755585,normal-cecum/2b9dad7c-1697-4608-b1c0-370f88a230f6.jpg
0,0,dyed-lifted-polyps,dyed-lifted-polyps,True,0.9923457503318787,0.007633023429661989,1.4559267356162309e-06,2.324148198340481e-07,1.0011114603969418e-08,1.0378929715670893e-07,1.9378287106519565e-05,1.4316900376343256e-07,dyed-lifted-polyps/6ae07709-2df1-4ce0-8a10-d7f40261efd6.jpg
1,1,dyed-resection-margins,dyed-resection-margins,True,0.0022374556865543127,0.9977572560310364,2.0687518826889573e-06,9.988085736267749e-08,8.191338163321404e-10,8.623938008156529e-09,3.605653660088137e-07,2.7467920062917983e-06,dyed-resection-margins/ecc596e7-a3bb-4d09-8ed5-c45055205460.jpg
5,2,normal-z-line,esophagitis,False,2.997354204126168e-05,7.255409855133621e-06,0.7486054301261902,2.0280860553612e-05,0.0002167146885767579,0.2510557770729065,3.6780184018425643e-05,2.7870393751072697e-05,normal-z-line/032d6b45-f706-444d-b4d9-c11a4df4d364.jpg
6,6,polyps,polyps,True,0.0020159902051091194,0.0001214272269862704,6.409116758732125e-05,0.06940414011478424,0.00013793641119264066,0.00025090124108828604,0.9262803792953491,0.00172527099493891,polyps/88a3bc25-37e3-4aef-81fb-e2b3710157eb.jpg
0,0,dyed-lifted-polyps,dyed-lifted-polyps,True,0.9733027219772339,0.02669025957584381,7.664745567126374e-07,3.2129494798027736e-07,4.9165670645834325e-08,2.496271008567419e-06,2.0416507595655276e-06,1.4531195802192087e-06,dyed-lifted-polyps/fe8e6330-7424-4934-b002-916b9b7b1454.jpg
0,0,dyed-lifted-polyps,dyed-lifted-polyps,True,0.9974974989891052,0.00220982963219285,2.4768371076788753e-05,4.6620925786555745e-06,1.187255861623271e-06,1.7312815998593578e-06,0.00025908471434377134,1.2296790146137937e-06,dyed-lifted-polyps/3b77b2f5-5a77-47b9-9475-477c26ec78d7.jpg
5,5,normal-z-line,normal-z-line,True,0.0012398954713717103,0.0016668371390551329,0.36655300855636597,4.81606957691838e-06,0.00012440250429790467,0.628595769405365,0.0016017286106944084,0.00021353110787458718,normal-z-line/2c18b67b-4362-4cb7-95df-2245a881f9bf.jpg
0,0,dyed-lifted-polyps,dyed-lifted-polyps,True,0.8520983457565308,0.1474757343530655,4.465870006242767e-05,7.80964910518378e-05,1.9607725789683172e-06,4.1015846363734454e-05,0.00023706015781499445,2.3287162548513152e-05,dyed-lifted-polyps/68384b44-8987-44a3-ac81-d98b24a5237f.jpg
1,1,dyed-resection-margins,dyed-resection-margins,True,0.008849654346704483,0.991122841835022,1.055858319887193e-05,1.260932975810647e-07,6.380034847097704e-07,4.225979921557155e-07,7.233782071125461e-07,1.4957737221266143e-05,dyed-resection-margins/e06c5574-3d71-463b-99f8-f9ee9d57d42d.jpg
5,2,normal-z-line,esophagitis,False,6.187654071254656e-05,6.073775148252025e-05,0.6309827566146851,2.6325405997340567e-05,8.017673826543614e-05,0.3687284588813782,2.4991419195430353e-05,3.4672240872168913e-05,normal-z-line/bb362c4d-c3c6-4563-a9c2-3adb987103f5.jpg
6,6,polyps,polyps,True,0.0008965888409875333,0.0017175601096823812,0.002196279587224126,0.05836760252714157,6.821988063165918e-05,0.0007410421967506409,0.6224786639213562,0.3135340213775635,polyps/e3e4c9ce-18f3-4a65-a24f-f8f6553d547b.jpg
3,3,normal-cecum,normal-cecum,True,2.9023030947428197e-05,7.69735561334528e-05,2.345871143916156e-05,0.9950714111328125,0.0008431485039182007,1.2632417565328069e-05,0.0034771834034472704,0.0004662213323172182,normal-cecum/a6fbe86a-22e6-4864-be48-20572c5ecaf9.jpg
1,1,dyed-resection-margins,dyed-resection-margins,True,0.010676726698875427,0.9893172383308411,5.160967475603684e-07,4.738452844321728e-06,4.2147019208016445e-09,3.7247895079417503e-07,1.0862936505873222e-07,3.0428344643951277e-07,dyed-resection-margins/47882781-a8ab-4ffd-ab30-6bb295b1d925.jpg
1,1,dyed-resection-margins,dyed-resection-margins,True,0.20268607139587402,0.7951620221138,0.00016202779079321772,0.0015085673658177257,1.2948837138537783e-05,2.108939406753052e-05,0.0002876326907426119,0.00015968017396517098,dyed-resection-margins/6e56918a-d07d-4d09-bb5a-d833642965b1.jpg
5,5,normal-z-line,normal-z-line,True,7.64541036915034e-05,4.195802375761559e-06,0.17803522944450378,1.8666420146473683e-05,7.46274454286322e-05,0.8217620849609375,1.719775355013553e-05,1.146402155427495e-05,normal-z-line/ce74ee89-5f1f-410c-a848-7379c2520184.jpg
0,0,dyed-lifted-polyps,dyed-lifted-polyps,True,0.9106460213661194,0.08882483839988708,4.490924402489327e-05,0.0003038124705199152,8.654320140522032e-07,5.648664227919653e-05,0.00011575559619814157,7.320144959521713e-06,dyed-lifted-polyps/b063c0e5-ae07-480c-bad4-efb70d47de0c.jpg
7,7,ulcerative-colitis,ulcerative-colitis,True,0.00039111293153837323,0.00035176455276086926,0.00013149151345714927,0.00011137276305817068,2.5179329554703145e-07,0.00011709850514307618,0.004134995862841606,0.9947618842124939,ulcerative-colitis/09ba9acf-521a-4a81-9459-0598994cc543.jpg
0,0,dyed-lifted-polyps,dyed-lifted-polyps,True,0.995071530342102,0.004904576577246189,3.5933171602664515e-06,1.5571249605272897e-05,2.2612733907578786e-09,7.285966603376437e-07,3.840296812995803e-06,2.0314858772962907e-07,dyed-lifted-polyps/ce0203f0-f6f4-4aed-aa9b-657b640fc162.jpg
3,3,normal-cecum,normal-cecum,True,1.3112989108776674e-05,1.6322819647029974e-05,9.059761396201793e-06,0.9947275519371033,0.004644500557333231,1.7515450963401236e-05,0.000486967182951048,8.496337977703661e-05,normal-cecum/1ce802d6-ae50-40db-bf54-55612e195525.jpg
2,2,esophagitis,esophagitis,True,0.0004424954822752625,0.0002215191489085555,0.9853261709213257,4.795146196556743e-06,0.0007155988714657724,0.013101872056722641,7.040525088086724e-05,0.00011721475311787799,esophagitis/c873acd1-dcbb-491a-a2f9-d54cac60bae9.jpg
7,7,ulcerative-colitis,ulcerative-colitis,True,0.0029870858415961266,0.012990656308829784,2.8958784241694957e-05,0.019298415631055832,0.006096852011978626,4.221096241963096e-05,0.06045763939619064,0.8980982899665833,ulcerative-colitis/9e387b65-f56d-405e-9261-f5dfe22862f7.jpg
7,7,ulcerative-colitis,ulcerative-colitis,True,8.652167161926627e-05,0.00755724310874939,0.000601080886553973,0.00012792319466825575,0.00011591512884479016,6.859366112621501e-05,0.0009583861101418734,0.990484356880188,ulcerative-colitis/46a1688e-14b2-41f9-9990-ce999bc34aa1.jpg
2,5,esophagitis,normal-z-line,False,0.0013070940040051937,0.0003284656850155443,0.18127818405628204,5.5546697694808245e-05,0.036563511937856674,0.7739997506141663,0.00561922462657094,0.0008482154808007181,esophagitis/4b480f49-cae9-4a30-83b1-981c24f1f3e9.jpg
7,7,ulcerative-colitis,ulcerative-colitis,True,0.0006329539464786649,0.004122486803680658,0.0033345536794513464,0.01734461449086666,0.017867300659418106,0.0008850555750541389,0.3341473340988159,0.6216656565666199,ulcerative-colitis/04df0028-f9ef-4cfe-aad8-4c3a8f6c43ce.jpg
2,2,esophagitis,esophagitis,True,8.487695595249534e-06,3.7071297356305877e-06,0.6984263062477112,0.00034510582918301225,0.002651466988027096,0.29819434881210327,2.320312887604814e-05,0.00034732292988337576,esophagitis/e6ed3ffe-2151-4101-ada6-9d8eed640580.jpg
2,2,esophagitis,esophagitis,True,0.000544144248124212,9.432292426936328e-05,0.9739524722099304,5.577051979344105e-06,9.624502854421735e-05,0.0028510140255093575,1.6050356862251647e-05,0.022440187633037567,esophagitis/adcf33d3-c19a-45f2-8138-aaee4b19fc1b.jpg
5,5,normal-z-line,normal-z-line,True,4.312873443268472e-06,9.83753488981165e-05,0.24123765528202057,3.879972791764885e-05,0.00043317407835274935,0.7581702470779419,7.877044481574558e-06,9.577073797117919e-06,normal-z-line/e581d6cc-5c8f-463e-9974-729e59b974db.jpg
1,1,dyed-resection-margins,dyed-resection-margins,True,0.0057906582951545715,0.9942060708999634,2.1773767002741806e-06,5.3037080505191625e-08,1.2016223571720275e-08,1.9432488329584885e-07,5.676858449987776e-07,2.4255055564026407e-07,dyed-resection-margins/4cccd59e-ec5e-45d5-8265-fe72c0b4cf30.jpg
3,3,normal-cecum,normal-cecum,True,5.618312570732087e-05,6.729490905854618e-06,9.23828565646545e-07,0.9994601607322693,8.768481052356947e-07,1.0074995770992246e-06,0.00015445433382410556,0.0003196375328116119,normal-cecum/03550347-3223-4e52-8f48-976f430e18b0.jpg
7,7,ulcerative-colitis,ulcerative-colitis,True,0.000222118673264049,0.007027096580713987,6.073035183362663e-05,0.011569558642804623,7.24944839021191e-05,1.157037968368968e-05,0.03631248697638512,0.9447240233421326,ulcerative-colitis/698f130b-41ff-414d-908c-8d8c0f82d4a8_00001997.jpg
5,5,normal-z-line,normal-z-line,True,9.995946470553463e-08,1.2108558848922257e-06,0.007531067356467247,2.2659388321244478e-07,3.353127794980537e-06,0.9924626350402832,1.029209329317382e-06,3.2898705626394076e-07,normal-z-line/50109847-a84d-4682-a10e-4e7d8c4ad4bf.jpg
1,1,dyed-resection-margins,dyed-resection-margins,True,0.02098686434328556,0.9781258702278137,0.00040916510624811053,0.0003582451317925006,3.6344982845548657e-07,6.704044062644243e-05,4.814106068806723e-05,4.22654102294473e-06,dyed-resection-margins/8f5a0e4a-0a33-491f-abac-18a053ea95c4.jpg
1,1,dyed-resection-margins,dyed-resection-margins,True,0.036241013556718826,0.9634762406349182,1.66875179274939e-05,0.00023451476590707898,2.7052513473790896e-07,1.6705480447853915e-05,1.4449274203798268e-06,1.3178950212022755e-05,dyed-resection-margins/d47c78a2-4dc9-4831-9797-3140ec34ea47.jpg
5,5,normal-z-line,normal-z-line,True,8.967533358372748e-05,9.826256246014964e-06,0.1600675880908966,3.112544072791934e-05,0.0002585363981779665,0.8366261720657349,0.0019831799436360598,0.0009338780655525625,normal-z-line/c8f12307-308a-44e1-b55e-7d2373eb340f.jpg
3,3,normal-cecum,normal-cecum,True,0.00018035003449767828,7.164783164625987e-05,5.3915327953291126e-06,0.9991651773452759,1.123015408666106e-06,1.8334392279939493e-06,0.0004423435602802783,0.00013211008626967669,normal-cecum/5fcaa233-af5f-41c5-86ec-9f2864fc2c27.jpg
3,3,normal-cecum,normal-cecum,True,0.0001234938099514693,0.0002499522815924138,8.720922778593376e-06,0.9695008397102356,0.0004924751701764762,8.51862205308862e-05,0.027725571766495705,0.0018136987928301096,normal-cecum/49692354-184b-418e-a8ee-111ddfee7af2.jpg
2,2,esophagitis,esophagitis,True,9.783073619473726e-05,0.00021217676112428308,0.5256341099739075,3.7193141906755045e-05,0.0009447140037082136,0.4725147485733032,0.0005149591015651822,4.4275318941799924e-05,esophagitis/6c1420b4-ffb3-4e13-a9be-ce87417be3e4.jpg
6,6,polyps,polyps,True,0.005336401052772999,0.00042674882570281625,0.001487919595092535,0.005279282573610544,0.00027297352789901197,0.0003176284080836922,0.9862274527549744,0.0006516181165352464,polyps/e711f21c-9095-4f4c-b2af-83fb029dede5.jpg
1,1,dyed-resection-margins,dyed-resection-margins,True,0.16537149250507355,0.8344826102256775,0.00010948956332867965,2.1172229480725946e-07,9.574987558380599e-08,7.548766916443128e-06,1.372873975924449e-05,1.4767029824724887e-05,dyed-resection-margins/dd57ac54-066a-44af-90f2-1108f13824db.jpg
6,6,polyps,polyps,True,0.001661351416260004,0.00108777591958642,0.000584662426263094,0.01141548715531826,0.003917604684829712,0.0019762590527534485,0.9768011569976807,0.0025557493790984154,polyps/756cf101-9215-450e-8bd3-31c4b25af51e.jpg
2,2,esophagitis,esophagitis,True,2.1498930436791852e-05,0.00012916926061734557,0.9959956407546997,1.4213529198059405e-07,2.5355750494782114e-06,0.0037949876859784126,4.945637920172885e-05,6.571702670044033e-06,esophagitis/aea30cff-1b64-49c0-8fe7-cdead4cf48bb.jpg
7,7,ulcerative-colitis,ulcerative-colitis,True,0.00014460757665801793,0.000395432609366253,0.0004965832340531051,0.0006328098243102431,0.0011268274392932653,0.0006113775307312608,0.07577776908874512,0.920814573764801,ulcerative-colitis/a2a5092f-e025-43ea-a738-f3df4be222b7.jpg
1,1,dyed-resection-margins,dyed-resection-margins,True,0.026674838736653328,0.9694864153862,0.0005808835267089307,0.0025623892433941364,0.0001196776720462367,4.6183704398572445e-05,0.0004692130605690181,6.0419468354666606e-05,dyed-resection-margins/88a8055d-cce7-4868-8647-b389f8d0b316.jpg
0,0,dyed-lifted-polyps,dyed-lifted-polyps,True,0.9403603076934814,0.03763185814023018,0.0004509043646976352,0.00037265371065586805,3.767818634514697e-05,0.0001672744838288054,0.015515596605837345,0.005463792942464352,dyed-lifted-polyps/8f7e100e-a53d-4b6c-ab54-cb315aa6cae5.jpg
1,1,dyed-resection-margins,dyed-resection-margins,True,0.09576747566461563,0.901290774345398,2.5565881514921784e-05,0.00019001949112862349,6.034529178577941e-06,9.48047363635851e-06,2.8635951821343042e-05,0.0026820346247404814,dyed-resection-margins/e3eb1b61-c4b0-4c4b-905d-f39124161570.jpg
7,7,ulcerative-colitis,ulcerative-colitis,True,3.674735125969164e-05,2.9739620003965683e-05,2.909921249738545e-06,0.00015560408064629883,3.5856494378094794e-06,3.4841214073821902e-06,0.0007283026352524757,0.9990395903587341,ulcerative-colitis/5c6fab43-d52c-4ced-ad4f-14548e59bba9.jpg
3,6,normal-cecum,polyps,False,0.006080491002649069,0.006502315402030945,0.000863911584019661,0.030810853466391563,0.013482377864420414,0.0012751042377203703,0.8978108763694763,0.043174076825380325,normal-cecum/95c48d5c-1bba-4f39-9b97-6518700e46d4.jpg
7,7,ulcerative-colitis,ulcerative-colitis,True,0.0343666672706604,0.017866136506199837,0.008965132758021355,0.0001519049401395023,3.4908443922176957e-06,1.6356632841052487e-05,0.0017655623378232121,0.9368648529052734,ulcerative-colitis/6e35335c-f5d8-44c4-b153-995431701d7f.jpg
2,5,esophagitis,normal-z-line,False,0.005624403711408377,0.0011638535652309656,0.09767403453588486,0.0004161665856372565,0.1438334584236145,0.7496505975723267,0.0015256779734045267,0.00011175960389664397,esophagitis/d58618e1-a51f-4590-97d1-858ff448dfad.jpg
6,6,polyps,polyps,True,0.002090649213641882,7.820820610504597e-05,0.0001018771217786707,0.015734843909740448,0.00021824717987328768,1.8350468963035382e-05,0.9788257479667664,0.002932101720944047,polyps/0bef2e62-ebbb-4a07-b7fc-763b585fe039.jpg
6,6,polyps,polyps,True,0.00030264578526839614,7.335079135373235e-05,6.6173420236737e-06,0.0010604416020214558,2.011534434132045e-06,1.0209936363025918e-06,0.9721907377243042,0.02636312134563923,polyps/7155fd18-a11b-4fad-a1f7-d6d82b43baf8.jpg
6,6,polyps,polyps,True,0.04899810254573822,0.0010175391798838973,0.005522844847291708,0.0008784904493950307,5.599209544016048e-05,0.0003516320139169693,0.9093443751335144,0.033830974251031876,polyps/b2028b2f-0826-4242-b7bb-d26bca700d67.jpg
6,6,polyps,polyps,True,0.0051438771188259125,0.0006404570885933936,5.7301513152197e-06,0.005077390931546688,4.2356182348157745e-06,2.893681994464714e-06,0.940654993057251,0.04847047105431557,polyps/1f81e8f8-c4e3-4d4b-af76-e5b29addbc4d.jpg
1,1,dyed-resection-margins,dyed-resection-margins,True,0.002444174839183688,0.9975044131278992,1.7216352716786787e-06,4.090088987140916e-05,3.335043174956809e-06,4.4035061819158727e-07,5.787841246274184e-07,4.413556325744139e-06,dyed-resection-margins/7e486c2a-1820-4321-bf84-f7b2c3a2183b.jpg
2,2,esophagitis,esophagitis,True,3.337107045808807e-05,2.0748904717038386e-05,0.607995331287384,4.463049663172569e-06,9.634080197429284e-05,0.3904745578765869,0.0001888594269985333,0.0011862034443765879,esophagitis/32fbe887-9509-4d35-91a2-2fdfa8a8831b.jpg
3,3,normal-cecum,normal-cecum,True,0.0015779988607391715,0.0009352106135338545,0.0009453985258005559,0.8471754789352417,0.0008081109845079482,0.0008861027890816331,0.13901181519031525,0.008659936487674713,normal-cecum/8c24abe1-240c-4633-89a2-eec6ea2f55f5.jpg
4,4,normal-pylorus,normal-pylorus,True,6.715750089369976e-08,1.4594981223581271e-07,2.6363983124610968e-05,3.5754590044234646e-07,0.9999529123306274,1.3868630958313588e-05,2.130195071003982e-06,4.052172698720824e-06,normal-pylorus/95040a61-e19a-48a4-8e02-624f4e75018f.jpg
1,1,dyed-resection-margins,dyed-resection-margins,True,0.07561248540878296,0.9236152172088623,0.00015815174265298992,0.0003458048158790916,9.417742035111587e-07,0.0001952777529368177,7.0121546741575e-05,1.9246760984970024e-06,dyed-resection-margins/4de79970-c67f-4f85-aa3e-21b3c59debec.jpg
1,1,dyed-resection-margins,dyed-resection-margins,True,0.003204967826604843,0.9967729449272156,8.181923476513475e-06,1.6352792897578183e-07,1.500655315567201e-07,4.0072546880765003e-07,2.854425474652089e-06,1.0381203537690453e-05,dyed-resection-margins/6a1bc4ac-e3d7-4ede-8b60-9e22af4067bb.jpg
4,4,normal-pylorus,normal-pylorus,True,8.657856938043551e-07,1.1812193179139285e-06,0.000394002185203135,8.16459214547649e-05,0.999432384967804,1.757488280418329e-05,5.183512985240668e-05,2.0580124328262173e-05,normal-pylorus/07b2ab85-9b8d-4082-af8f-0a9223c95d05.jpg
0,0,dyed-lifted-polyps,dyed-lifted-polyps,True,0.7204240560531616,0.27953073382377625,8.999924148156424e-07,6.820104772486957e-06,2.4974542611744255e-07,2.671908418960811e-07,3.121645568171516e-05,5.7965835367213e-06,dyed-lifted-polyps/3751f149-a96f-4c78-865c-1db82f9b5499.jpg
1,1,dyed-resection-margins,dyed-resection-margins,True,0.00047276911209337413,0.999420166015625,1.4085783732298296e-05,9.017725233206875e-07,6.50712479455251e-08,5.384059932111995e-06,6.333321834972594e-06,8.040013926802203e-05,dyed-resection-margins/622b5c30-78c5-4330-beaf-d4cfcb7c8ce0.jpg
5,5,normal-z-line,normal-z-line,True,2.004432462854311e-05,0.0006296616047620773,0.039656225591897964,2.4838194804033265e-05,3.554661452653818e-05,0.9563817381858826,0.00034682423574849963,0.002905135275796056,normal-z-line/c3c0d1d5-9a7f-4011-82e5-406a68503baa.jpg
1,1,dyed-resection-margins,dyed-resection-margins,True,0.33931466937065125,0.6563066244125366,0.00010807196667883545,0.0025334975216537714,0.0005567885236814618,5.7385532272746786e-05,0.00021447875769808888,0.0009085263009183109,dyed-resection-margins/ca43d12c-2d66-4121-ba8a-ff9029981ef9.jpg
2,2,esophagitis,esophagitis,True,2.2689864636049606e-05,2.660644349816721e-05,0.8932077288627625,1.1403360986150801e-05,0.005561621394008398,0.1007731482386589,0.0003825980529654771,1.4227964129531756e-05,esophagitis/36b38ffd-15bd-4bb5-801f-21a97932025f.jpg
5,5,normal-z-line,normal-z-line,True,4.6588545956183225e-05,7.812299008946866e-05,0.13057923316955566,2.7960284569417126e-05,0.0010265455348417163,0.8682249784469604,1.4285607903730124e-05,2.242002892671735e-06,normal-z-line/b16b4c03-a573-4977-b983-32c0091d9ef2.jpg
4,4,normal-pylorus,normal-pylorus,True,0.0001596346846781671,0.00034344205050729215,0.001718230894766748,0.00251946272328496,0.965850293636322,0.00618066918104887,0.007923412136733532,0.015304839238524437,normal-pylorus/9ba54c25-74ee-45f6-ac00-fb93fcf1a079.jpg
1,1,dyed-resection-margins,dyed-resection-margins,True,0.04378398880362511,0.9556783437728882,4.737171911983751e-05,8.722523489268497e-06,1.8773722558762529e-06,4.330639512772905e-06,6.900660082465038e-05,0.0004064387467224151,dyed-resection-margins/e22f3cd4-b014-42a2-b83a-50e94d69e5bc.jpg
3,3,normal-cecum,normal-cecum,True,3.0188009532139404e-06,1.4562711839971598e-05,3.085111188738665e-07,0.9992340803146362,1.5763857845740858e-06,1.0302561577191227e-06,0.00042912503704428673,0.00031631271122023463,normal-cecum/2038e263-3a8c-4288-b752-c07a84a36b4d.jpg
1,1,dyed-resection-margins,dyed-resection-margins,True,0.0015830874908715487,0.9984018206596375,2.2855068948501867e-07,5.212075659954962e-09,3.3542189470381345e-08,4.4403225984979144e-08,1.0281829077030125e-07,1.4722578271175735e-05,dyed-resection-margins/8166fbdd-b7dc-4b97-8aa4-b2968633228c.jpg
4,4,normal-pylorus,normal-pylorus,True,9.313663440480013e-07,1.3642849125972134e-06,0.0014209547080099583,0.0002415580238448456,0.9958912134170532,0.0012738436926156282,0.001161209773272276,8.927991075324826e-06,normal-pylorus/df58d6ca-842d-48f4-8f57-a15a2e104bdd.jpg
1,1,dyed-resection-margins,dyed-resection-margins,True,0.0016181383980438113,0.9983794689178467,9.998542509492836e-07,5.212967835177551e-07,6.243971739650078e-08,2.3922947889332136e-07,5.070755833003204e-07,8.838273402034247e-08,dyed-resection-margins/0be67e5f-f416-404c-8488-ca77de133eb7.jpg
4,4,normal-pylorus,normal-pylorus,True,0.00032355962321162224,0.0014601204311475158,0.0007234392105601728,0.00010670942720025778,0.9846888780593872,0.0010633731726557016,0.006866569630801678,0.004767344333231449,normal-pylorus/05b22295-3cdd-4eb0-b4d8-09a501a41c8c.jpg
1,0,dyed-resection-margins,dyed-lifted-polyps,False,0.565495491027832,0.43410608172416687,0.00011739953333744779,1.1746807331292075e-06,8.096122883216594e-07,1.076963781088125e-05,0.00023754971334710717,3.0656385206384584e-05,dyed-resection-margins/247fc9a1-0148-48b8-bf0c-01144c3aca8e.jpg
3,3,normal-cecum,normal-cecum,True,2.9851421459170524e-06,3.3287804512838193e-07,8.459426226181677e-07,0.9995380640029907,2.610289266158361e-05,2.641467744979309e-06,0.0002794582105707377,0.00014952401397749782,normal-cecum/8cf24fd9-23c4-4cc5-8d94-fc220d058383.jpg
5,5,normal-z-line,normal-z-line,True,2.4506050522177247e-06,0.0002687611849978566,0.3186062276363373,8.084713840617042e-07,3.2680013646313455e-06,0.6811078190803528,1.3041622537457442e-07,1.054830318025779e-05,normal-z-line/097f09c8-c8b5-4f9d-b4d7-2adf2d2ec381.jpg
6,6,polyps,polyps,True,0.01662028767168522,0.003996160347014666,0.0012084513437002897,0.00021176380687393248,0.0009260522783733904,8.021214307518676e-05,0.9621347188949585,0.014822418801486492,polyps/1faa7a49-7b21-43d9-951a-0727bc236d8a.jpg
5,5,normal-z-line,normal-z-line,True,0.0007769840303808451,0.001606712001375854,0.06252291798591614,0.0002662193146534264,0.00033580820308998227,0.9302124977111816,0.0035644422750920057,0.0007144429837353528,normal-z-line/d08203a8-8b74-4477-92b7-9724a0332f46.jpg
4,4,normal-pylorus,normal-pylorus,True,0.0006575467414222658,0.0008554511005058885,0.004449536092579365,0.0014841167721897364,0.7904943823814392,0.0003316167276352644,0.18589603900909424,0.015831228345632553,normal-pylorus/b163a3aa-43e6-4190-ba87-1ec88494a12a.jpg
7,7,ulcerative-colitis,ulcerative-colitis,True,0.0003108138625975698,0.00065930827986449,0.00044004005030728877,0.0002362577070016414,3.0065199098316953e-05,0.00011803871166193858,0.029776688665151596,0.9684289693832397,ulcerative-colitis/e875083b-c1da-40cf-a1c8-e9a99ee7eda6.jpg
2,2,esophagitis,esophagitis,True,3.7268033338477835e-05,7.688687765039504e-05,0.9942428469657898,1.2061479992553359e-06,1.6558989955228753e-05,0.0056245047599077225,4.867640086558822e-07,2.625654360599583e-07,esophagitis/97867a53-bb29-425d-a288-56f703bfda58.jpg
7,7,ulcerative-colitis,ulcerative-colitis,True,0.03791297972202301,0.005385269410908222,0.010977189056575298,7.841548722353764e-06,4.95153972224216e-06,0.003826222848147154,0.023538053035736084,0.9183474183082581,ulcerative-colitis/4c0eac86-5559-4834-a718-4d55f1af1378.jpg
6,6,polyps,polyps,True,0.003593869274482131,0.003936546854674816,0.12095494568347931,0.01854286715388298,0.04296204820275307,0.043134063482284546,0.7661929130554199,0.0006827833130955696,polyps/e23cd4e9-f77c-4163-a1d8-dfc9a9a01ebf.jpg
7,7,ulcerative-colitis,ulcerative-colitis,True,0.0004953170428052545,0.0020588848274201155,0.00010632879275362939,0.0009265538537874818,7.165662827901542e-05,2.4868570108083077e-05,0.026870552450418472,0.9694458246231079,ulcerative-colitis/38c3932a-1dc3-420e-81f6-1c4b026f7f56.jpg
7,7,ulcerative-colitis,ulcerative-colitis,True,0.00079047039616853,0.0001619883842067793,0.006798974703997374,2.1170966647332534e-05,2.3656421035411768e-05,0.001528235268779099,0.00038930325536057353,0.9902861714363098,ulcerative-colitis/584f1fa0-9bb9-49d3-b412-c42819d0a200_00000653.jpg
0,0,dyed-lifted-polyps,dyed-lifted-polyps,True,0.999718964099884,0.00028027675580233335,4.923407104229227e-08,1.8570264770367828e-10,4.651072582628757e-10,5.402817748745292e-09,6.528301241814916e-07,1.087285195211507e-08,dyed-lifted-polyps/726a2ff4-bc9c-402c-9b35-29052da7ee6b.jpg
1,1,dyed-resection-margins,dyed-resection-margins,True,0.4138173460960388,0.5827534198760986,0.0006185569218359888,0.0015160638140514493,5.799352038593497e-07,5.01757203892339e-05,0.0002472040068823844,0.000996649730950594,dyed-resection-margins/b087df42-ccf1-4aae-8b49-94d27781b21c.jpg
3,3,normal-cecum,normal-cecum,True,0.00013450910046231002,6.804349595768144e-06,2.3128943666961277e-06,0.9928026795387268,5.012435394746717e-06,1.9098390566796297e-06,0.001532014342956245,0.0055147153325378895,normal-cecum/9c0f2998-4464-40ee-b2bb-a82dd34af7a3.jpg
4,4,normal-pylorus,normal-pylorus,True,1.9531790940163773e-07,6.940793468857009e-07,2.9976322366565e-06,4.7589958285243483e-07,0.9999701976776123,1.741438427416142e-05,7.111338618415175e-06,8.931494903663406e-07,normal-pylorus/0b59508a-be33-4c29-841b-42cd1712e01e.jpg
3,3,normal-cecum,normal-cecum,True,0.0007882034406065941,0.00021737148927059025,0.00011911200999747962,0.8286133408546448,0.00680271303281188,0.002066279063001275,0.024147944524884224,0.13724498450756073,normal-cecum/a50ad7c4-9138-4ae5-9805-bf173bcd1d9f.jpg
7,7,ulcerative-colitis,ulcerative-colitis,True,0.00022052823624107987,0.0008041341789066792,0.0001382201153319329,0.0010160506935790181,1.067792527464917e-05,0.00037625228287652135,0.008765602484345436,0.9886686205863953,ulcerative-colitis/bcef5805-6373-43d6-af4e-b1279cd84c61.jpg
3,3,normal-cecum,normal-cecum,True,1.095619700208772e-05,1.0683695109037217e-05,4.512456871452741e-05,0.9997032284736633,1.0693908734538127e-05,4.0924878703663126e-05,0.0001625759177841246,1.5717963833594695e-05,normal-cecum/2e313668-d14b-448a-a19f-8afd55a6ceca.jpg
2,5,esophagitis,normal-z-line,False,1.4626496067648986e-06,8.46610691951355e-06,0.3523244857788086,2.6351392079959624e-05,0.030570324510335922,0.6169821619987488,6.299879169091582e-05,2.3724114726064727e-05,esophagitis/3e9b1095-1b88-435e-a4da-d37a700ca9ce.jpg
6,6,polyps,polyps,True,0.0015617955941706896,0.00040077726589515805,0.0002535785606596619,0.0071434215642511845,0.004420668818056583,0.00013830084935761988,0.9852814078330994,0.0008000413072295487,polyps/62399a1c-3f4e-4655-bc47-cacf54cab091.jpg
7,7,ulcerative-colitis,ulcerative-colitis,True,0.0002999220450874418,0.000311208248604089,7.626093429280445e-05,0.005240780301392078,5.743234942201525e-05,1.2480912118917331e-05,0.00024023531295824796,0.9937617182731628,ulcerative-colitis/810106a4-84fe-4de5-8f7f-596f4a0312e3.jpg
6,7,polyps,ulcerative-colitis,False,0.00357032660394907,0.03568529710173607,0.00019424001220613718,0.0002201708994107321,3.147196912323125e-05,0.00045839749509468675,0.3837509751319885,0.5760891437530518,polyps/08afaf00-7cae-4c91-a88e-70aaa0034de9.jpg
3,6,normal-cecum,polyps,False,0.0010528170969337225,0.014605352655053139,4.111996167921461e-05,0.42357558012008667,0.0019303138833492994,3.429017306189053e-05,0.5099329948425293,0.04882749915122986,normal-cecum/5708e661-fd83-4124-85d1-4ce7450eae2e.jpg
0,0,dyed-lifted-polyps,dyed-lifted-polyps,True,0.9984717965126038,0.0015043561579659581,1.012107190945244e-06,5.028618375035876e-07,4.478533988105937e-09,1.436316210856603e-06,2.0740106265293434e-05,5.3538425248689236e-08,dyed-lifted-polyps/1484493f-b6a9-43d1-82dc-a7a78ddd2490.jpg
6,6,polyps,polyps,True,0.004853365942835808,0.0003123783098999411,5.624448021990247e-05,0.03325039893388748,0.0003435214748606086,2.4496779587934725e-05,0.9600386023521423,0.0011211246019229293,polyps/b48b4ed9-e44a-47e9-9241-35b844ef4604.jpg
7,7,ulcerative-colitis,ulcerative-colitis,True,0.0018364159623160958,0.00020240212325006723,3.593248038669117e-05,0.0009431420476175845,1.087235332875025e-07,3.327655804241658e-06,0.0012508610961958766,0.9957277774810791,ulcerative-colitis/78606314-b5d0-457d-9f9d-db7271e67150.jpg
3,3,normal-cecum,normal-cecum,True,0.0004436334711499512,0.0007478612242266536,3.271006062277593e-05,0.9893913269042969,0.0002066529414150864,2.2568898202735e-05,0.007597952149808407,0.0015573794953525066,normal-cecum/09c54f81-dbc0-4e30-abbc-a617102f6fc8.jpg
5,5,normal-z-line,normal-z-line,True,5.777847491117427e-06,3.8901034713489935e-06,0.0885159820318222,1.713502570055425e-05,0.05301306024193764,0.8582282662391663,0.00020211638184264302,1.3748224773735274e-05,normal-z-line/760837bc-70f4-4375-9a2a-386127029858.jpg
5,5,normal-z-line,normal-z-line,True,5.288340503284417e-07,2.552033038227819e-06,0.054071903228759766,4.076398596453146e-08,1.8779011952574365e-05,0.945898175239563,7.805943823768757e-06,1.339828514801411e-07,normal-z-line/44d08bdd-1ec6-40b5-a58b-ec10b356290f.jpg
0,1,dyed-lifted-polyps,dyed-resection-margins,False,0.12643443048000336,0.8735622763633728,1.0529525980018661e-06,1.2643084801311488e-08,3.3523910314414707e-09,1.0378293779922387e-07,2.3017851447093562e-07,1.9046117358811898e-06,dyed-lifted-polyps/8ba3968c-e27d-4536-ad92-8591883e1571.jpg
1,1,dyed-resection-margins,dyed-resection-margins,True,0.006047824863344431,0.9939448237419128,1.3604477544504334e-06,2.135117398438524e-07,8.6609631466672e-08,9.086654699785868e-07,7.068256309139542e-07,4.101994818483945e-06,dyed-resection-margins/c5413dd6-9410-4bcf-8f24-89022f0a516a.jpg
6,6,polyps,polyps,True,9.818610124057159e-05,0.0002807944838423282,4.23937090090476e-05,5.113966835779138e-06,0.001521230093203485,4.343038744991645e-05,0.9976714253425598,0.0003374986699782312,polyps/6420161a-b4e1-4940-a6e1-acd23c28fe99.jpg
2,2,esophagitis,esophagitis,True,0.00011275411088718101,0.0004782250034622848,0.9930257797241211,1.501472343079513e-05,1.5413121218443848e-05,0.005807594861835241,0.00018286881095264107,0.00036233829450793564,esophagitis/e776865d-dc19-4f83-9e5a-00d8ba3f0508.jpg
1,1,dyed-resection-margins,dyed-resection-margins,True,0.028598660603165627,0.9713205695152283,9.009339919430204e-06,5.8701119996840134e-05,4.6613084236923896e-07,2.9740435820713174e-06,3.1902263799565844e-06,6.346834652504185e-06,dyed-resection-margins/4550d269-401e-4ef3-b26b-84ea334d01ed.jpg
6,6,polyps,polyps,True,0.03644022345542908,0.0004845699586439878,4.225605516694486e-05,0.0033063574228435755,0.0003137199964839965,6.22273437329568e-05,0.9497591257095337,0.00959145836532116,polyps/c1ccc033-0e98-4ce7-8171-0af81b863778.jpg
5,5,normal-z-line,normal-z-line,True,1.1721092505467823e-06,2.1401781395979924e-06,0.039467841386795044,1.898571667879878e-06,0.00029310991521924734,0.9602317810058594,1.801621124286612e-06,1.3708043411497783e-07,normal-z-line/b774b33c-0d05-4b31-b776-14eeb9d3586b.jpg
7,7,ulcerative-colitis,ulcerative-colitis,True,5.0412199925631285e-05,5.687228622264229e-05,2.8796606784453616e-05,7.606354483868927e-05,5.324048743204912e-06,1.3601801583718043e-05,0.0930420532822609,0.9067268371582031,ulcerative-colitis/28db4e2a-2b48-43b7-88b2-5eaba2eb41f4.jpg
6,6,polyps,polyps,True,4.81875249533914e-05,3.465564805082977e-05,4.592771801981144e-06,0.00014046853175386786,5.1884020649595186e-05,1.795317257347051e-05,0.9991956353187561,0.0005066311568953097,polyps/9a9fbcdf-04e1-4713-bccb-c39cf9996d5d.jpg
6,6,polyps,polyps,True,0.003421780187636614,0.03152227774262428,0.00012492656242102385,0.0008754186565056443,5.73759971302934e-05,2.8599968572962098e-05,0.9499735236167908,0.013996203429996967,polyps/b5af7a66-7f29-4942-89d2-d6a02126c123.jpg
6,6,polyps,polyps,True,0.04189148545265198,0.007491886615753174,0.00023695464187767357,0.2873254120349884,0.0002379576035309583,0.0020901085808873177,0.5468389987945557,0.1138872355222702,polyps/e3d87692-d69b-4be7-abac-15b2cffc4624.jpg
6,6,polyps,polyps,True,0.002947416855022311,4.7078159695956856e-05,1.3097717783239204e-05,2.2009797248756513e-05,3.280103919678368e-05,3.060074959648773e-06,0.9966049194335938,0.0003296459326520562,polyps/2f2e2195-558b-47c2-93d9-c92b76271906.jpg
0,0,dyed-lifted-polyps,dyed-lifted-polyps,True,0.9972104430198669,0.002624742453917861,8.282733574560552e-07,5.843965595886402e-07,1.5809494158247617e-08,3.2335165087715723e-06,0.00014612276572734118,1.409088963555405e-05,dyed-lifted-polyps/1042e62d-2f9b-4a7d-84e1-a3cd491d6a43.jpg
5,5,normal-z-line,normal-z-line,True,0.0001176922014565207,8.8272980065085e-05,0.2251170575618744,3.525244756019674e-05,0.004919352941215038,0.7691124677658081,0.0005984346498735249,1.1390872714400757e-05,normal-z-line/a7bd2163-31a9-4f10-9799-22c992dabff4.jpg
4,4,normal-pylorus,normal-pylorus,True,5.734590899919567e-07,1.4338481832965044e-06,0.00027934779063798487,4.108956943582598e-07,0.9993240833282471,0.0003182855143677443,6.334014324238524e-05,1.2443471860024147e-05,normal-pylorus/b725d9ef-aec5-4088-9060-fa6788e3a508.jpg
3,3,normal-cecum,normal-cecum,True,0.0002515198721084744,3.4590168070280924e-05,3.891123014909681e-06,0.9654914736747742,1.0723507330112625e-05,1.2116980542487e-05,0.005934680346399546,0.028261002153158188,normal-cecum/19611980-f69f-4508-b358-6a828515ac90.jpg
2,2,esophagitis,esophagitis,True,0.0004138982330914587,0.003085353644564748,0.9240525364875793,7.050365093164146e-05,0.0023860132787376642,0.06902650743722916,0.00036408891901373863,0.0006011369987390935,esophagitis/e9741710-cc9c-4a8b-9b57-12ddd83b03df.jpg
2,2,esophagitis,esophagitis,True,0.0005118163535371423,0.00029368780087679625,0.4901640713214874,5.089084152132273e-05,0.18629129230976105,0.2879122495651245,0.01869942806661129,0.01607651263475418,esophagitis/3c765504-c30e-4c45-ba70-59c4cb4a126c.jpg
2,2,esophagitis,esophagitis,True,0.012636302039027214,0.01548314094543457,0.7449370622634888,5.7616827689344063e-05,0.002821175381541252,0.1382877379655838,0.07160908728837967,0.014167837798595428,esophagitis/ee48c182-c168-4bd2-896b-baa7785348c9.jpg
1,1,dyed-resection-margins,dyed-resection-margins,True,0.20421864092350006,0.7554419040679932,1.905538374558091e-05,8.072659511526581e-06,2.0272920664865524e-05,5.377945399231976e-06,0.0009519322775304317,0.03933477774262428,dyed-resection-margins/921ab5ee-41cf-4cfc-a300-46b4a2770e68.jpg
3,3,normal-cecum,normal-cecum,True,1.4258623650675872e-06,1.2310002830417943e-06,9.689993163419786e-08,0.9997965693473816,8.584065653849393e-06,5.89027706610068e-07,3.7480713217519224e-05,0.0001541403034934774,normal-cecum/e8a4ffdc-4d9d-4aef-80c0-a599615ac53d.jpg
5,5,normal-z-line,normal-z-line,True,5.395922016759869e-06,2.4067001504590735e-05,0.03813700005412102,1.6373739981645485e-06,0.0008278230088762939,0.9595143795013428,4.613845248968573e-06,0.001485140877775848,normal-z-line/65c2d5a7-53d4-4b06-bd01-da971d073f18.jpg
7,7,ulcerative-colitis,ulcerative-colitis,True,0.00018534513947088271,0.00021853746147826314,0.00018435863603372127,0.0002903102431446314,3.231960363336839e-05,1.833671376516577e-05,0.18609707057476044,0.81297367811203,ulcerative-colitis/b090985b-6d12-4087-b9c6-7ba0d33de35e.jpg
7,7,ulcerative-colitis,ulcerative-colitis,True,5.715371298720129e-05,0.00016410120588261634,4.154354610363953e-05,0.002423041732981801,1.7503727576695383e-05,0.00020995490194763988,0.0005675501306541264,0.9965190887451172,ulcerative-colitis/de363345-17a0-4645-9c5d-05227548f3aa.jpg
2,2,esophagitis,esophagitis,True,0.00012122509360779077,0.0004965466796420515,0.9406115412712097,5.571670499193715e-06,2.1345282220863737e-05,0.00011742784408852458,0.00029740098398178816,0.058328986167907715,esophagitis/a1cb7a98-420e-4bfc-a33d-2f6210710d87.jpg
1,1,dyed-resection-margins,dyed-resection-margins,True,0.0063384342938661575,0.9918398857116699,3.274744813097641e-05,0.0006262027309276164,1.0236418347631115e-05,5.14224893777282e-06,1.1672486834868323e-05,0.001135795726440847,dyed-resection-margins/87f2a46a-976e-4406-a976-b0259b48629a.jpg
3,3,normal-cecum,normal-cecum,True,3.4198772482341155e-05,3.6051344068255275e-05,4.059138973389054e-06,0.9926387071609497,0.0010463402140885592,5.848084401804954e-05,0.006063522305339575,0.00011872263712575659,normal-cecum/73bb2cb9-0bed-4dc6-9609-402ac77e5197.jpg
0,0,dyed-lifted-polyps,dyed-lifted-polyps,True,0.9592912793159485,0.040537331253290176,4.257190084899776e-05,3.5694149119080976e-05,5.669757570103684e-07,2.288461837451905e-05,5.808210698887706e-05,1.1595711839618161e-05,dyed-lifted-polyps/551ee3c0-f8d3-48d5-98ef-6a884ca63af0.jpg
3,3,normal-cecum,normal-cecum,True,0.00022248114692047238,2.5442903279326856e-05,5.009744199924171e-05,0.981669008731842,0.0006968730012886226,3.4441483876435086e-05,0.0028161935042589903,0.014485439285635948,normal-cecum/1a52b990-5326-4be3-be18-7e832d476343.jpg
6,6,polyps,polyps,True,0.007133047096431255,0.0004351975512690842,2.674341703823302e-05,0.0005486090085469186,5.229462203715229e-06,0.0005537648685276508,0.9911400675773621,0.00015746019198559225,polyps/c9cb5bb0-5e95-49c9-8c12-979c75c04b6a.jpg
2,2,esophagitis,esophagitis,True,7.381854084087536e-05,2.2389645891962573e-05,0.6798635125160217,1.1563271982595325e-05,7.41335388738662e-05,0.3193932771682739,0.0004902409855276346,7.100751827238128e-05,esophagitis/99092657-db96-49e2-8190-5a79beb997ce.jpg
2,2,esophagitis,esophagitis,True,6.932870746823028e-05,4.579792221193202e-05,0.559498131275177,7.65780932852067e-05,0.00019458604219835252,0.4396235942840576,9.338552627013996e-05,0.0003986039664596319,esophagitis/93afc191-1fe1-4f0b-a5a7-8ec2e10d0e80.jpg
2,2,esophagitis,esophagitis,True,6.158204541861778e-06,3.252195529057644e-05,0.9065361618995667,4.4406903043636703e-07,1.2583887837536167e-05,0.09340055286884308,4.6581814672208566e-07,1.1177536180184688e-05,esophagitis/354b009d-d5fa-4362-a0e4-d311bd007399.jpg
3,3,normal-cecum,normal-cecum,True,0.006520203780382872,0.015013718977570534,0.001234556781128049,0.7676734924316406,0.00272728456184268,0.0028479215689003468,0.08835640549659729,0.11562629044055939,normal-cecum/7bec02fe-3223-451b-b3f3-9bef853d0ebe.jpg
3,3,normal-cecum,normal-cecum,True,0.014950506389141083,0.00143500289414078,0.00038481433875858784,0.8310195207595825,6.480889169324655e-06,4.1917355702025816e-05,0.10616594552993774,0.04599567502737045,normal-cecum/4a274621-8973-477c-926a-f04736f07d0a.jpg
2,2,esophagitis,esophagitis,True,5.189098010305315e-05,0.0005776099278591573,0.8999453783035278,2.9800245101796463e-05,0.0002922905550803989,0.09884829074144363,0.00021251958969514817,4.221676863380708e-05,esophagitis/a674e2f8-1f44-4133-be82-37f688d13a1a.jpg
4,4,normal-pylorus,normal-pylorus,True,0.0001754668919602409,0.00023443011741619557,0.00039741798536852,0.0005580358556471765,0.8819160461425781,0.0018094549886882305,0.11422919481992722,0.0006800281698815525,normal-pylorus/2ebef6f4-e2e5-4778-a669-5e509d8af503.jpg
6,6,polyps,polyps,True,0.04000556468963623,0.005399608053267002,0.00041494399192743003,0.0011159767163917422,0.0001693637459538877,0.0007028661202639341,0.5182187557220459,0.43397289514541626,polyps/cb689d4e-e046-47e6-831c-b142c34e5cf8.jpg
6,7,polyps,ulcerative-colitis,False,0.002615329809486866,0.002545922063291073,0.000467093224870041,0.09282144159078598,0.014817304909229279,0.004026623908430338,0.2885689437389374,0.5941373109817505,polyps/e2d8c9fd-6345-425c-b2eb-d176a3c3931b.jpg
6,3,polyps,normal-cecum,False,0.008283105678856373,0.00048343942034989595,0.0009736804640851915,0.6140407919883728,0.0006779393879696727,0.0065336753614246845,0.3669497072696686,0.0020576852839440107,polyps/b1c1b0ea-e720-4ce6-aca6-2bef7ccea234.jpg
5,2,normal-z-line,esophagitis,False,2.552373189246282e-05,2.7558180590858683e-05,0.5879701375961304,3.380790803930722e-05,0.00023451822926290333,0.4115654528141022,3.9769136492395774e-05,0.00010317768465029076,normal-z-line/fa375814-efcb-451c-b192-b0265ea5378b.jpg
3,3,normal-cecum,normal-cecum,True,2.9258733775350265e-05,0.00044793833512812853,6.994342402322218e-05,0.9981549382209778,0.0004385680367704481,8.351866563316435e-05,0.0001282580487895757,0.0006477045826613903,normal-cecum/d68aa2ce-0929-4cad-9845-1e4046cee3ff.jpg
2,2,esophagitis,esophagitis,True,0.0014520548284053802,0.0010937175247818232,0.9831277132034302,1.0803445320561877e-06,7.128057859517867e-06,0.014185141772031784,0.00010916729661403224,2.400684570602607e-05,esophagitis/b138e72a-1687-4288-974d-297a57660508.jpg
3,3,normal-cecum,normal-cecum,True,0.0008181589655578136,4.436536619323306e-05,0.00011182004527654499,0.9589099884033203,0.0023990129120647907,0.0002898220845963806,0.03709902614355087,0.0003278356743976474,normal-cecum/a51ac5e3-db34-42d3-a134-d7093d5cd440.jpg
1,1,dyed-resection-margins,dyed-resection-margins,True,0.050843410193920135,0.9491333961486816,1.4365782590175513e-05,7.78662965217336e-08,1.9620869373682126e-09,4.621364951162832e-06,1.2515029084170237e-06,2.845362359948922e-06,dyed-resection-margins/41ae11e5-c7e4-46db-a5b1-859281a76cce.jpg
3,3,normal-cecum,normal-cecum,True,0.0024375016801059246,0.002239636378362775,0.0001351395039819181,0.8656025528907776,0.00033626551157794893,0.00015602895291522145,0.1281924843788147,0.0009003524319268763,normal-cecum/1bbf25b7-be2c-4d54-9166-59feeff9c234.jpg
2,2,esophagitis,esophagitis,True,0.0008513823850080371,0.004309875424951315,0.9551860094070435,0.0009216957841999829,0.0018033988308161497,0.036816637963056564,6.467032653745264e-05,4.625730434781872e-05,esophagitis/0dbd8e31-6676-42f2-b71a-6cb8b728adf6.jpg
6,6,polyps,polyps,True,9.79466931312345e-05,1.3249045878183097e-05,3.840361750917509e-05,0.00019002097542397678,5.9879719628952444e-05,6.619312671318767e-07,0.9995189905166626,8.078887913143262e-05,polyps/b3ac7cdb-c121-4537-80cc-60b1af4eda26.jpg
4,4,normal-pylorus,normal-pylorus,True,9.360730473417789e-06,3.559031756594777e-05,0.0003312866319902241,1.3192496908231988e-06,0.9991267323493958,0.0002039320534095168,0.00018747762078419328,0.00010419903992442414,normal-pylorus/b64e16f9-6465-49e0-9927-e8b7a5d01338.jpg
3,3,normal-cecum,normal-cecum,True,4.7658417315687984e-05,5.0957354687852785e-05,0.0002736739406827837,0.9819347858428955,6.968446541577578e-05,0.0005230533424764872,0.016930896788835526,0.00016923663497436792,normal-cecum/1ab067f8-bd10-4937-9a85-6617541144bf.jpg
4,4,normal-pylorus,normal-pylorus,True,3.5127002774970606e-05,7.045095844659954e-05,0.0005918379174545407,4.593565608956851e-05,0.959006130695343,0.0014369741547852755,0.03307311236858368,0.005740380845963955,normal-pylorus/6959a8bd-0159-4f1f-94f1-ecabc0d807e7.jpg
4,4,normal-pylorus,normal-pylorus,True,3.6649529988608265e-07,7.005730253695219e-07,3.93146910937503e-06,1.7840037003225007e-07,0.999971866607666,3.9247333916136995e-06,1.8948867364088073e-05,1.1451220416347496e-07,normal-pylorus/6af184b7-861d-46aa-95ec-c94fbf70461b.jpg
3,7,normal-cecum,ulcerative-colitis,False,0.0006212509470060468,1.8915334294433706e-05,2.059686630673241e-05,0.14305523037910461,8.242761850851821e-07,1.9722810975508764e-06,0.014440648257732391,0.8418405652046204,normal-cecum/27c3b2c6-5a19-4c5f-ac94-ae90d2e2d8aa.jpg
4,4,normal-pylorus,normal-pylorus,True,4.906482331534789e-07,1.750760384311434e-05,0.0016391059616580606,2.7880985271622194e-06,0.9969870448112488,0.0012590355472639203,8.685084321768954e-05,7.218898645078298e-06,normal-pylorus/d7def39b-0efe-42cf-9d0e-625a1c24938e.jpg
2,2,esophagitis,esophagitis,True,0.002224933123216033,0.002236079191789031,0.6063767671585083,0.00817454420030117,0.003283945843577385,0.2940657436847687,0.0523388646543026,0.03129908815026283,esophagitis/9946a997-9246-4892-a485-2878e315ccfd.jpg
4,4,normal-pylorus,normal-pylorus,True,1.0737695532725411e-07,2.523830517020542e-06,0.0001342144823865965,1.4067856568544812e-07,0.9996401071548462,0.00018665139214135706,3.6126923077972606e-05,1.388371657640164e-07,normal-pylorus/19a37731-d52f-4cfe-92f7-d620f876f532.jpg
5,5,normal-z-line,normal-z-line,True,6.358903647196712e-06,1.0614149687171448e-05,0.119822658598423,2.0571906134136952e-05,0.00690810289233923,0.8732190728187561,8.080211046035402e-06,4.464951416593976e-06,normal-z-line/3b2fa55c-a6a7-4d10-95de-1cbf98f119c2.jpg
7,7,ulcerative-colitis,ulcerative-colitis,True,2.3930639144964516e-05,2.0543549908325076e-05,0.00048702300409786403,1.2961709217051975e-05,6.82188110658899e-05,6.322219269350171e-05,0.0004750678490381688,0.9988490343093872,ulcerative-colitis/fc79c489-b358-4368-b965-330615af73d4_00000002.jpg
6,6,polyps,polyps,True,0.03815028816461563,0.0025988672859966755,6.233258318388835e-05,0.16576720774173737,0.00011629023356363177,0.00012873124796897173,0.784697949886322,0.008478326722979546,polyps/898aeeed-3ee0-410c-b773-595313b2e807.jpg
3,7,normal-cecum,ulcerative-colitis,False,4.320916923461482e-05,7.260364327521529e-06,3.4266240618308075e-06,0.0013508792035281658,3.523593841237016e-05,7.700798960286193e-06,0.0004200242110528052,0.9981322884559631,normal-cecum/02b728cd-f151-44ba-8014-b7772949eb15.jpg
5,5,normal-z-line,normal-z-line,True,0.0019365327898412943,0.0010036200983449817,0.10616158694028854,4.637269285012735e-06,0.0007428326061926782,0.8861255049705505,0.0033039681147783995,0.000721301359590143,normal-z-line/ddcbc2b7-f0ff-4423-89b8-9eb58c1492c7.jpg
7,7,ulcerative-colitis,ulcerative-colitis,True,0.019894612953066826,0.003682353999465704,0.0020285926293581724,0.2970125079154968,0.0001926328259287402,0.004928069654852152,0.02423827350139618,0.6480229496955872,ulcerative-colitis/93dbad0b-d4b9-411a-bc97-a750a6e5937b.jpg
1,1,dyed-resection-margins,dyed-resection-margins,True,0.01901799999177456,0.9809702038764954,7.2700836426520254e-06,1.4877603859986266e-07,1.3384743624555995e-07,9.792670425667893e-07,1.2855157365265768e-06,1.9062375713474466e-06,dyed-resection-margins/d77d059e-a1a0-4e5b-83c0-6f157de53ab3.jpg
6,6,polyps,polyps,True,0.0006155222654342651,2.2758660634281114e-05,6.766858405171661e-06,1.2261088158993516e-05,0.0003369077167008072,3.05791872960981e-05,0.9988908171653748,8.438024087809026e-05,polyps/40487a26-1975-4d8d-bf8e-728e82bf7416.jpg
0,0,dyed-lifted-polyps,dyed-lifted-polyps,True,0.969757616519928,0.030235454440116882,5.384005362429889e-06,4.2006178091469337e-07,2.6038013967166762e-09,3.456180763805605e-07,2.3438562379851646e-07,5.335642185855249e-07,dyed-lifted-polyps/81a28ce5-df24-41ca-8341-2c300ce9404d.jpg
2,2,esophagitis,esophagitis,True,0.00017671010573394597,0.00027865247102454305,0.9845337867736816,0.0002842931426130235,0.00014321054914034903,0.011392703279852867,0.0028616762720048428,0.00032888189889490604,esophagitis/170708d1-58c7-4b37-b20b-bc78203f4593.jpg
2,5,esophagitis,normal-z-line,False,0.00028849992668256164,0.0006813014624640346,0.40398862957954407,1.614336906641256e-05,0.0086006885394454,0.5407045483589172,0.0014745164662599564,0.044245634227991104,esophagitis/a0fbae96-ba9d-4668-a423-d5b211a52fb6.jpg
7,7,ulcerative-colitis,ulcerative-colitis,True,4.8627152864355594e-05,0.0001116740022553131,0.0008907368173822761,6.901576853124425e-05,1.700244979474519e-06,0.006513815373182297,0.0027156963478773832,0.989648699760437,ulcerative-colitis/6c8b8c2e-731c-469b-b690-0bbc846efd53.jpg
0,0,dyed-lifted-polyps,dyed-lifted-polyps,True,0.9949807524681091,0.004735481459647417,1.8029301145361387e-06,0.00011903874110430479,1.1021842510672286e-05,7.711198122706264e-06,8.214014087570831e-05,6.203024531714618e-05,dyed-lifted-polyps/c4c6a103-88c2-406e-be13-95e6a8c2643d.jpg
2,2,esophagitis,esophagitis,True,0.0013645823346450925,0.0006751787732355297,0.7523143887519836,0.007636064197868109,0.030025523155927658,0.20776180922985077,8.727289969101548e-05,0.00013521642540581524,esophagitis/26b22522-6a0f-4c30-9417-e7b2c5335d5a.jpg
4,4,normal-pylorus,normal-pylorus,True,2.470197557613574e-07,5.113628503750078e-06,0.0009042871533893049,2.60563842857664e-06,0.9986401200294495,0.000433798530139029,1.2868466910731513e-05,9.758032319950871e-07,normal-pylorus/a1848bec-c39f-4f33-bb2c-6b8fe472bcb9.jpg
4,4,normal-pylorus,normal-pylorus,True,0.00013904855586588383,3.8003901863703504e-05,0.0029414063319563866,0.008294734172523022,0.9540887475013733,0.023324282839894295,0.010957385413348675,0.00021633175492752343,normal-pylorus/7ef433e7-5005-404e-be61-ea83e534f4e7.jpg
3,3,normal-cecum,normal-cecum,True,0.004893959034234285,0.00040866562630981207,1.5666111721657217e-05,0.9738268852233887,1.3893330788050662e-06,5.800321559945587e-06,0.01887807622551918,0.001969520468264818,normal-cecum/7e26c11d-ecfb-4a0b-a6e4-15c1c993e70b.jpg
2,2,esophagitis,esophagitis,True,3.924761404050514e-05,0.0001703064190223813,0.993943989276886,5.267887672744109e-07,2.3196375877887476e-06,0.00023688988585490733,7.830841786926612e-05,0.005528394132852554,esophagitis/34dd24b5-e521-4c90-bf72-dc2adf970c77.jpg
1,1,dyed-resection-margins,dyed-resection-margins,True,0.044150203466415405,0.9557753801345825,1.15130887934356e-05,2.645139284140896e-05,9.127762723437627e-07,4.240444013703382e-06,1.6141202650032938e-05,1.5250821888912469e-05,dyed-resection-margins/c862fa6c-6c8c-4e6f-bdbe-f7c71d382746.jpg
4,4,normal-pylorus,normal-pylorus,True,4.645455919671804e-05,0.00010294262756360695,0.00021456374088302255,0.0003821497375611216,0.9952747821807861,0.003692850936204195,0.00027061361470259726,1.5602365238009952e-05,normal-pylorus/b433a9c0-8b22-41f0-8f5c-29212d090338.jpg
0,0,dyed-lifted-polyps,dyed-lifted-polyps,True,0.9717813730239868,0.028127403929829597,6.357023085001856e-05,4.406777861731825e-06,4.57029543099452e-08,2.0460231098695658e-05,2.341527078897343e-06,4.674549245464732e-07,dyed-lifted-polyps/1b996aa4-c81b-4157-93e0-55a0aaa78089.jpg
0,1,dyed-lifted-polyps,dyed-resection-margins,False,0.20419681072235107,0.7957152128219604,1.8015802197623998e-05,1.8692922822083347e-05,1.135796537710121e-06,4.691718004323775e-06,1.2411297802827903e-06,4.427048042998649e-05,dyed-lifted-polyps/a6ec9dbf-4e31-4535-b625-f96df8db6125.jpg
1,1,dyed-resection-margins,dyed-resection-margins,True,0.0005633530672639608,0.9986120462417603,2.692919224500656e-06,2.377418724108793e-07,4.515690932294092e-08,1.1706764553309768e-06,2.00973386199621e-06,0.0008184706093743443,dyed-resection-margins/c093b987-02d8-499d-8c1f-eb53dd4aec5f.jpg
2,2,esophagitis,esophagitis,True,0.0006532233092002571,0.0004753325192723423,0.8734607696533203,0.00020047345606144518,0.00815634522587061,0.11104413866996765,0.005848932079970837,0.0001608236925676465,esophagitis/b28b9699-359b-4cc7-b164-de1156b5f566.jpg
3,3,normal-cecum,normal-cecum,True,3.849506174447015e-05,3.7308236642275006e-05,1.1614439472396043e-06,0.9996713399887085,3.8667403146064316e-07,9.282216524297837e-07,0.00017685281636659056,7.352129614446312e-05,normal-cecum/61324eab-b29f-4299-ba41-024ec5e21fc5.jpg
7,7,ulcerative-colitis,ulcerative-colitis,True,6.973052677494707e-07,7.630118489032611e-06,0.0001065584146999754,7.46771047488437e-06,7.976865163072944e-06,0.00018490826187189668,0.0358879379928112,0.9637967944145203,ulcerative-colitis/7de1d9ce-3704-4d48-8830-150edbe90492.jpg
0,0,dyed-lifted-polyps,dyed-lifted-polyps,True,0.8245879411697388,0.17330707609653473,2.427400067972485e-05,3.980506335210521e-06,1.8917675106422394e-06,4.266118776286021e-05,0.0015444356249645352,0.0004877302562817931,dyed-lifted-polyps/3a9ee4cd-7a55-4cf1-8d82-006cc0d05b87.jpg
2,5,esophagitis,normal-z-line,False,5.707267519028392e-06,0.0003117794112768024,0.49372512102127075,4.910431016469374e-05,5.646220233757049e-05,0.5058050155639648,3.795210545831651e-07,4.6480028686346486e-05,esophagitis/31a8e88e-8705-4e99-9202-5ab74f76fd4a.jpg
0,0,dyed-lifted-polyps,dyed-lifted-polyps,True,0.999234676361084,0.0007383435149677098,3.963931703765411e-06,6.921383146618609e-07,2.5370889034093125e-07,6.93999209033791e-06,1.5033375348139089e-05,1.3595776238162216e-07,dyed-lifted-polyps/366b8309-68e4-4762-9309-87d5e2ae8a08.jpg
1,1,dyed-resection-margins,dyed-resection-margins,True,0.0321035236120224,0.9677590727806091,1.0752107300504576e-05,4.365963945929252e-07,2.773618312801318e-08,2.3569923541799653e-06,7.83038922236301e-05,4.5631983084604144e-05,dyed-resection-margins/0c1f49d8-c21d-45c8-85a4-087f4a4c5895.jpg
4,4,normal-pylorus,normal-pylorus,True,9.751209972819197e-07,1.858295036072377e-05,0.000473588501336053,5.894266359973699e-05,0.9951609969139099,0.0017269900999963284,0.002481227507814765,7.879753684392199e-05,normal-pylorus/bc8550b7-9f26-4668-8ccf-0aaa106abb8a.jpg
5,5,normal-z-line,normal-z-line,True,4.4687876652460545e-06,9.09598747966811e-06,0.08502332866191864,2.258432658663878e-07,0.00019300670828670263,0.9147108197212219,1.8583050405140966e-05,4.0579281630925834e-05,normal-z-line/7974ec23-9b7e-432b-ac1e-cc8cef163116.jpg
4,4,normal-pylorus,normal-pylorus,True,2.6948548565997044e-06,0.00010032123100245371,0.005283203441649675,4.905348760075867e-06,0.992944061756134,0.0009965664939954877,0.00017064402345567942,0.0004975590854883194,normal-pylorus/d9c67c63-5c4a-487a-9b3e-abaa476f4c6a.jpg
5,5,normal-z-line,normal-z-line,True,3.046086203539744e-05,0.00018205316155217588,0.1293184459209442,2.1702526282751933e-05,0.0057111019268631935,0.864722490310669,9.602346835890785e-06,4.220761638862314e-06,normal-z-line/0d6e8654-1216-4974-a9ca-9cd339d78c69.jpg
4,4,normal-pylorus,normal-pylorus,True,1.2440259524737485e-06,1.0580624802969396e-05,0.00015585169603582472,3.475714152045839e-07,0.9990426898002625,0.0003289872547611594,0.00015201870701275766,0.00030836541554890573,normal-pylorus/7ac3a14e-fe8e-4bc3-b01e-a33cf9fc96c2.jpg
7,7,ulcerative-colitis,ulcerative-colitis,True,1.1340871424181387e-05,1.6798423530417494e-05,0.00046756077790632844,0.00023683802282903343,5.9971185692120343e-05,0.00011526239541126415,0.0002655935531947762,0.9988266825675964,ulcerative-colitis/9b917fd1-13d7-46a4-9558-4272af599b59.jpg
1,1,dyed-resection-margins,dyed-resection-margins,True,0.30885425209999084,0.6896752715110779,0.0005816438351757824,9.196436440106481e-05,1.715943290037103e-05,7.478397310478613e-05,0.0006985849468037486,6.281920377659844e-06,dyed-resection-margins/6c1f1b20-6f67-4491-b153-adc8e3936bce.jpg
3,3,normal-cecum,normal-cecum,True,0.00011844871914945543,1.927241282828618e-05,2.209970261901617e-05,0.975321888923645,6.865053728688508e-05,4.298987551010214e-05,0.02413109876215458,0.00027545957709662616,normal-cecum/daccebe8-465f-4c94-ba86-79ea44801164.jpg
0,0,dyed-lifted-polyps,dyed-lifted-polyps,True,0.9991102814674377,0.0008103554137051105,2.289665872012847e-06,6.78129345033085e-06,3.18900820275303e-05,1.5582730839014403e-06,3.6552955862134695e-05,2.9481043384294026e-07,dyed-lifted-polyps/5bc3f392-f00f-4978-8f0d-02bb1f54f4c0.jpg
6,0,polyps,dyed-lifted-polyps,False,0.8597991466522217,0.12042952328920364,0.0001378080778522417,1.7593753000255674e-05,1.61145071615465e-05,0.00036000984255224466,0.01916784979403019,7.199829269666225e-05,polyps/45dd52c5-2ab3-489b-9508-e4ccc8705a3d.jpg
2,2,esophagitis,esophagitis,True,0.0011001341044902802,3.678035500342958e-05,0.6110416650772095,1.6574538676650263e-05,0.006819373462349176,0.3538554012775421,0.014260957017540932,0.0128690917044878,esophagitis/b0768234-5fd3-42a5-ad88-940fc8159ca2.jpg
2,2,esophagitis,esophagitis,True,2.6121897462871857e-05,6.062672764528543e-05,0.8126095533370972,6.586394010810181e-05,0.0007082310621626675,0.18633587658405304,0.00012546514335554093,6.829792255302891e-05,esophagitis/e5d89fd0-30d1-425a-8dd7-2e7fa8d48734.jpg
1,1,dyed-resection-margins,dyed-resection-margins,True,0.019155018031597137,0.9678464531898499,0.0034743407741189003,0.002422114135697484,0.00010854715947061777,0.002363756066188216,0.004548025783151388,8.172997331712395e-05,dyed-resection-margins/9a7965e1-8106-47ae-888d-690b3e33adc2.jpg
5,5,normal-z-line,normal-z-line,True,0.00018504576291888952,9.109309030463919e-05,0.16728147864341736,0.001142712775617838,0.0023978878743946552,0.8279327750205994,0.0008791991276666522,8.98295984370634e-05,normal-z-line/fde68ca4-2c9f-4f81-9c7b-b3d161704013.jpg
5,5,normal-z-line,normal-z-line,True,3.860800279653631e-05,0.0001946286647580564,0.14163319766521454,0.0005128812044858932,0.012423117645084858,0.8427265286445618,0.0013358459109440446,0.00113515870179981,normal-z-line/da417a53-d2ff-4628-8045-b4eb9f9df16c.jpg
2,2,esophagitis,esophagitis,True,0.00018363172421231866,1.0914243830484338e-05,0.9959426522254944,4.011828593775135e-07,7.412743912027508e-07,0.003683519084006548,6.578745797014562e-06,0.00017163272423204035,esophagitis/23c13ff7-738c-43a3-936d-8b2d1214f5ba.jpg
1,1,dyed-resection-margins,dyed-resection-margins,True,0.000378499913495034,0.998695433139801,0.00033778484794311225,1.1473046470200643e-05,1.5589792383252643e-05,0.0002604682231321931,4.047370566695463e-06,0.00029675825498998165,dyed-resection-margins/94205883-6ad0-4a23-bd51-cb941abc1d53.jpg
3,3,normal-cecum,normal-cecum,True,0.00022820508456788957,0.00021837100211996585,1.81952473212732e-05,0.9965255856513977,2.152388105969294e-06,3.471769559837412e-06,0.002526596188545227,0.0004773811378981918,normal-cecum/6c435879-0cce-44e0-ab49-1051782a5250.jpg
5,5,normal-z-line,normal-z-line,True,9.115567081607878e-05,0.000257506180787459,0.1371302306652069,2.494458749424666e-05,7.305344479391351e-05,0.8619078993797302,2.0006909835501574e-05,0.0004952882300131023,normal-z-line/2732933f-972a-410b-97cc-c6634f01b6c9.jpg
0,0,dyed-lifted-polyps,dyed-lifted-polyps,True,0.9496002197265625,0.050391923636198044,2.90525804302888e-06,1.8694159962251433e-06,5.2584546494927054e-08,6.490133728220826e-07,1.7577094979515095e-07,2.2838430595584214e-06,dyed-lifted-polyps/81997271-6b0d-4903-9c7b-af829e31a03a.jpg
1,1,dyed-resection-margins,dyed-resection-margins,True,0.03416355699300766,0.9635208249092102,0.0022132168523967266,6.996764909672493e-07,1.0275642125634477e-05,1.4126253518043086e-06,3.949769597966224e-05,5.058431997895241e-05,dyed-resection-margins/ac48aa4f-c157-4133-8052-91a498abb8a5.jpg
1,1,dyed-resection-margins,dyed-resection-margins,True,0.01539542619138956,0.9841221570968628,3.18523780151736e-05,7.199722062978253e-07,6.40101021076589e-08,9.322203368355986e-06,3.4046013752231374e-05,0.00040648941649124026,dyed-resection-margins/91c7512c-b400-4049-b35b-10ef5d16d193.jpg
1,1,dyed-resection-margins,dyed-resection-margins,True,0.377657026052475,0.6193580627441406,0.001989295706152916,0.000148267688928172,7.379898761428194e-06,4.999543307349086e-05,4.51107625849545e-05,0.0007448975229635835,dyed-resection-margins/dd5e6c27-c680-44ef-a29f-2421d567bd17.jpg
1,1,dyed-resection-margins,dyed-resection-margins,True,0.05485088750720024,0.9446581602096558,6.829718040535226e-05,6.286040388658876e-06,3.954581018206227e-07,6.752219178451924e-06,0.0003401508438400924,6.906034104758874e-05,dyed-resection-margins/9725d9e1-e677-4dbc-b919-840af1e5e36f.jpg
3,3,normal-cecum,normal-cecum,True,0.0003250873414799571,0.0002520753478165716,4.456598162505543e-06,0.9952602982521057,5.56726154172793e-05,7.667204044992104e-06,0.003982383292168379,0.00011235842976020649,normal-cecum/fcb5a6b7-9a2f-45cc-a400-930e32d070c1.jpg
1,1,dyed-resection-margins,dyed-resection-margins,True,0.008704752661287785,0.990864098072052,0.00026863135281018913,6.9943976086506154e-06,5.005358161724871e-06,4.695111056207679e-05,7.472503784811124e-05,2.8968473998247646e-05,dyed-resection-margins/6dd01c33-66b5-42ca-90a3-68812fdf7d8d.jpg
4,4,normal-pylorus,normal-pylorus,True,1.8932905732071958e-06,3.900328738382086e-05,0.0005212213145568967,2.28419630730059e-05,0.9971586465835571,0.0022230399772524834,3.232148083043285e-05,1.0467884976606001e-06,normal-pylorus/1a5809f8-a660-4b09-8faf-c994e0c5fdd2.jpg
5,5,normal-z-line,normal-z-line,True,1.5654659364372492e-05,3.5987985029350966e-05,0.29383423924446106,1.8320530443816097e-06,4.7668785555288196e-05,0.7060298919677734,1.5286506823031232e-05,1.948565841303207e-05,normal-z-line/dd6df2cc-4085-4e5d-ae33-f4bf260910b0.jpg
5,5,normal-z-line,normal-z-line,True,1.0055160828414955e-06,3.2219011245615548e-06,0.07498850673437119,5.965302420918306e-07,0.0006869623903185129,0.9243156313896179,3.0254318517108914e-06,1.097964855034661e-06,normal-z-line/27f3ea80-e85d-42ea-8db0-d64d050c61c1.jpg
4,4,normal-pylorus,normal-pylorus,True,0.0003860296565108001,4.1026640246855095e-05,0.0020410511642694473,0.0065522887744009495,0.9191719889640808,0.02097645029425621,0.028625471517443657,0.022205661982297897,normal-pylorus/d0380ca5-8e5d-4014-a497-aa4361c2a148.jpg
5,5,normal-z-line,normal-z-line,True,1.9689062469296914e-07,5.160800719750114e-05,0.03707423061132431,1.1151921626151307e-06,0.00036693669972009957,0.9624632000923157,8.399303652595336e-08,4.255028397892602e-05,normal-z-line/68156912-cfbc-4fde-b96d-06b10e8bf18e.jpg
6,6,polyps,polyps,True,0.010874618776142597,0.0027419545222073793,0.0005234032869338989,0.0028529686387628317,1.0146277418243699e-05,0.00808738637715578,0.9617711901664734,0.013138394802808762,polyps/1ec57a41-f50e-4be1-a202-0de24c9d084b.jpg
1,1,dyed-resection-margins,dyed-resection-margins,True,0.011660236865282059,0.9775112867355347,0.0007854230934754014,4.8243159653793555e-06,0.00010619641398079693,6.624742127314676e-06,0.0011351127177476883,0.008790267631411552,dyed-resection-margins/883e2ae7-b1c6-4702-b30d-5585a106ccf6.jpg
4,7,normal-pylorus,ulcerative-colitis,False,0.006006187293678522,0.004233019892126322,0.04449959099292755,0.06574905663728714,0.32936376333236694,0.007190994918346405,0.08665825426578522,0.45629918575286865,normal-pylorus/6fe5ab5b-38e4-4037-8f36-b3ba6b16663c.jpg
4,4,normal-pylorus,normal-pylorus,True,3.2959758300421527e-07,8.725521070118702e-07,1.8987908333656378e-05,0.00010786033817566931,0.9997013211250305,7.160982204368338e-05,8.897769293980673e-05,9.979927199310623e-06,normal-pylorus/e18181c6-fb1e-4732-87cc-28197a8ac341.jpg
0,0,dyed-lifted-polyps,dyed-lifted-polyps,True,0.964984655380249,0.034876059740781784,2.623137106638751e-06,5.970805005972579e-08,1.1316692507534754e-06,3.869585270876996e-05,9.582377242622897e-05,9.060298111762677e-07,dyed-lifted-polyps/803b682d-7517-4224-bb19-f86b8f8bd6e9.jpg
3,3,normal-cecum,normal-cecum,True,0.0002735186426434666,0.00018757024372462183,3.770536568481475e-05,0.9866684675216675,1.9766872355830856e-05,6.83400867274031e-05,0.007608438841998577,0.005136107560247183,normal-cecum/979d3b74-7be8-4c53-996e-ee7742c283f4.jpg
5,2,normal-z-line,esophagitis,False,3.988555181422271e-05,5.131545913172886e-05,0.6109771728515625,2.4227861104009207e-06,9.063025936484337e-05,0.3888039290904999,2.5103781808866188e-05,9.509458323009312e-06,normal-z-line/64299f5e-c264-44dc-8d9a-ab9c96e7911b.jpg
0,0,dyed-lifted-polyps,dyed-lifted-polyps,True,0.999158501625061,0.0006834695814177394,8.312442787428154e-07,3.072092295042239e-05,4.7329073993296333e-08,2.788918664009543e-06,0.00012083811452612281,2.889589268306736e-06,dyed-lifted-polyps/69fec0d7-0807-49fc-a86a-b1aa0268867b.jpg
6,6,polyps,polyps,True,0.00012540204625111073,7.179455133154988e-05,4.7185876610456035e-05,0.0037898144219070673,2.628642505442258e-05,0.000147334358189255,0.9957132339477539,7.895337330410257e-05,polyps/394a1183-22b9-4353-8117-1c6a636d28e0.jpg
6,6,polyps,polyps,True,0.0006293831393122673,0.0004249371704645455,3.6925586755387485e-05,0.0005901927361264825,0.0002762884832918644,1.0274803571519442e-05,0.9976235032081604,0.00040859318687580526,polyps/a569ce25-f216-48c7-8226-124db06a45b7.jpg
5,5,normal-z-line,normal-z-line,True,2.452125727359089e-06,1.0710322385421023e-05,0.09301324933767319,1.4619707826568629e-06,9.306124411523342e-06,0.9069545865058899,3.3743592666724e-06,4.869774784310721e-06,normal-z-line/c9628aca-3183-471a-b0dc-f43c1f12f482.jpg
6,6,polyps,polyps,True,0.001407064264640212,0.00010069538257084787,2.875595964724198e-05,0.00853849295526743,0.0008349090931005776,1.4578551599697676e-05,0.9716835021972656,0.017392059788107872,polyps/99bae3ba-bbe5-415d-8f7d-9492fa3bc28e.jpg
6,3,polyps,normal-cecum,False,0.0012580532347783446,0.000423127698013559,0.0003085730713792145,0.8479062914848328,0.0006706530693918467,0.001020729192532599,0.06792791932821274,0.08048462867736816,polyps/1caca1a6-78cb-44c0-9a5b-644566067523.jpg
6,6,polyps,polyps,True,0.0024000760167837143,0.000217007240280509,0.001115546328946948,0.10613301396369934,0.0055130282416939735,0.0008572054211981595,0.8576891422271729,0.026074977591633797,polyps/946ff5c8-74bf-4c4b-93f5-b32145d5d10f.jpg
0,0,dyed-lifted-polyps,dyed-lifted-polyps,True,0.979578971862793,0.019024042412638664,0.00011733418796211481,4.091255050298059e-06,1.0636168781275046e-06,5.6911929277703166e-05,0.0012052083620801568,1.2303126823098864e-05,dyed-lifted-polyps/ea7466bf-616c-4098-9913-cf85fa58cfaf.jpg
2,2,esophagitis,esophagitis,True,0.0007060514180921018,0.0005895477952435613,0.9604849815368652,0.004777401220053434,9.78060343186371e-05,0.012136075645685196,0.01546991802752018,0.0057381377555429935,esophagitis/8a9f6a2f-94a7-4764-93dd-a07afd3e310d.jpg
4,4,normal-pylorus,normal-pylorus,True,8.048552444961388e-06,9.151824087894056e-06,9.1742338554468e-05,4.765127414430026e-06,0.9994712471961975,0.00039435792132280767,1.373968189000152e-05,7.000404366408475e-06,normal-pylorus/fa1b84f6-c1de-4efb-b5e1-91e3d154262d.jpg
4,4,normal-pylorus,normal-pylorus,True,2.707142732205625e-09,4.0692256675356475e-08,1.1351838793416391e-06,9.880177458398975e-07,0.9999915361404419,6.275706255109981e-06,6.891988846291497e-08,1.9884886626186926e-08,normal-pylorus/e23c3114-5975-4036-a62c-76706420aa8d.jpg
7,7,ulcerative-colitis,ulcerative-colitis,True,0.005550052970647812,0.000737349851988256,0.02263672463595867,0.00012086603237548843,0.0018263799138367176,0.01158496830612421,0.004647760186344385,0.9528958201408386,ulcerative-colitis/6dd5186a-a6a1-4a2e-bc43-979b21966ee2.jpg
5,5,normal-z-line,normal-z-line,True,2.486987568772747e-06,5.41233987405576e-07,0.011278935708105564,3.1355436931335134e-06,0.0005677395383827388,0.9880881905555725,1.3236000995675568e-05,4.5605298510054126e-05,normal-z-line/20bae89d-177a-442e-96f3-1d21932e70a6.jpg
3,7,normal-cecum,ulcerative-colitis,False,0.0002390889567323029,0.0013934988528490067,9.475203842157498e-05,0.06328348070383072,0.0006296404171735048,0.000144820602145046,0.10367128998041153,0.8305435180664062,normal-cecum/1aae61d3-5603-4866-97b7-78bc68cbdc3d.jpg
1,1,dyed-resection-margins,dyed-resection-margins,True,0.09451043605804443,0.9052889347076416,0.00019153673201799393,6.227175664008655e-09,1.1203755256872228e-08,7.713399554631906e-07,6.551763817697065e-06,1.8705586626310833e-06,dyed-resection-margins/c6f589db-1f28-4efe-9bd9-f539900856cc.jpg
5,5,normal-z-line,normal-z-line,True,5.678904472006252e-06,4.124760744161904e-05,0.043683066964149475,0.0001738458377076313,0.0034489610698074102,0.9525567293167114,9.09525897441199e-06,8.137576514855027e-05,normal-z-line/0e2a225c-b1f1-44cc-aa18-824ef1852ea3.jpg
1,1,dyed-resection-margins,dyed-resection-margins,True,0.13686586916446686,0.8629076480865479,4.7327641368610784e-05,9.028019121615216e-05,6.031348789292679e-07,1.912548759719357e-05,4.818466550204903e-05,2.10599373531295e-05,dyed-resection-margins/dcd399c9-b08b-4ee7-8411-5ea1b1b73541.jpg
4,4,normal-pylorus,normal-pylorus,True,2.0638004571083002e-05,4.013300349470228e-05,0.006437944248318672,8.970188355306163e-05,0.9453162550926208,0.03975878283381462,0.003182553220540285,0.0051539987325668335,normal-pylorus/3c94b36e-b9c7-474c-9167-52442e392875.jpg
6,6,polyps,polyps,True,8.563260053051636e-05,0.00017749426478985697,2.671212496352382e-05,0.000894832075573504,0.00017917013610713184,0.00011479351087473333,0.9984349608421326,8.638920553494245e-05,polyps/96b241e4-c180-4e17-90b9-a4eaee89ea8b.jpg
6,6,polyps,polyps,True,0.004991618450731039,0.0001920067152241245,0.00029907922726124525,0.00016442482592538,0.00012404407607391477,0.00014146851026453078,0.9940045475959778,8.280187466880307e-05,polyps/ca0af930-ae62-46bb-a19f-6a97bab5569d.jpg
6,6,polyps,polyps,True,0.004763519391417503,0.0007951220613904297,0.00019533825980033726,0.20791055262088776,0.0008268335368484259,0.003912763204425573,0.7813624739646912,0.00023347290698438883,polyps/b7359f3a-a69f-41e1-abbe-1a2e834eebd4.jpg
5,5,normal-z-line,normal-z-line,True,5.0142469262937084e-05,6.574661529157311e-05,0.27272018790245056,4.756037924380507e-06,0.0003952081606257707,0.7265526056289673,0.00013213491183705628,7.919641939224675e-05,normal-z-line/50e400f1-96b5-4911-a88f-68cde34977a5.jpg
2,2,esophagitis,esophagitis,True,0.00010255516826873645,0.0001748081122059375,0.9866915941238403,2.7399314603826497e-06,1.6408919691457413e-05,0.012275171466171741,5.654147025779821e-05,0.0006802369025535882,esophagitis/3ac8affa-19d4-4f2c-a71b-49b96cb4588b.jpg
6,6,polyps,polyps,True,0.001452357624657452,0.00010958109487546608,0.0009471544763073325,0.00016405295173171908,0.0001805732463253662,0.0005948864272795618,0.994147539138794,0.00240377988666296,polyps/fd4870a5-7b01-4241-91cf-3f7dc3d655fe.jpg
1,1,dyed-resection-margins,dyed-resection-margins,True,0.06954113394021988,0.930220365524292,0.0001857243332779035,1.9113820144411875e-06,5.523819254449336e-06,2.214609776274301e-05,1.7440390365663916e-05,5.717979092878522e-06,dyed-resection-margins/a23145ee-93cc-44b8-b3f9-d4adfca011b4.jpg
5,5,normal-z-line,normal-z-line,True,1.27618604892632e-05,2.4297543859574944e-05,0.2632739245891571,7.659477887500543e-06,0.00011793852172559127,0.7359052896499634,9.304239938501269e-05,0.0005651446990668774,normal-z-line/ac848959-22b3-4e8d-8806-36aa9a7e5b20.jpg
7,7,ulcerative-colitis,ulcerative-colitis,True,0.0007326878840103745,0.0001244701270479709,0.0015643112128600478,3.513339834171347e-05,6.807134013797622e-06,0.00042959622805938125,0.004087327979505062,0.9930195212364197,ulcerative-colitis/584f1fa0-9bb9-49d3-b412-c42819d0a200_00001002.jpg
0,0,dyed-lifted-polyps,dyed-lifted-polyps,True,0.6324304938316345,0.36741146445274353,7.210217972897226e-06,3.7317556689231424e-07,4.3936287852375244e-07,7.3817036536638625e-06,9.037832933245227e-05,5.2277442591730505e-05,dyed-lifted-polyps/d05e2037-9c4c-4dc6-8203-edd176ef1a7b.jpg
3,3,normal-cecum,normal-cecum,True,1.2596666238096077e-05,4.94629712193273e-05,0.00013270624913275242,0.9355306029319763,0.0010110505390912294,2.467966260155663e-05,0.053097449243068695,0.010141432285308838,normal-cecum/3f1a68b4-9a63-40d5-8375-f9bc7fc2fb5b.jpg
1,1,dyed-resection-margins,dyed-resection-margins,True,0.020650265738368034,0.5549547672271729,0.00017524443683214486,3.956056389142759e-05,7.234188615257153e-06,4.6554072469007224e-05,0.00041537737706676126,0.42371100187301636,dyed-resection-margins/bf649a47-f5cc-4492-8227-475476821fbf.jpg
0,0,dyed-lifted-polyps,dyed-lifted-polyps,True,0.7520310282707214,0.247950941324234,1.065939613908995e-05,9.617722298571607e-07,2.5295608452324814e-07,1.835101102187764e-06,3.00600413538632e-06,1.4104963383942959e-06,dyed-lifted-polyps/20fc8fba-6440-4808-be5c-695556d7a59d.jpg
1,1,dyed-resection-margins,dyed-resection-margins,True,0.007930297404527664,0.9920666217803955,2.076213604595978e-06,4.399371533736485e-09,9.067684381136587e-09,2.9446212579387065e-07,2.9942714263597736e-07,4.827974180443562e-07,dyed-resection-margins/6e720482-b66c-43d4-a0bb-7ea235f9b54b.jpg
1,1,dyed-resection-margins,dyed-resection-margins,True,0.00011663095938274637,0.9998682737350464,5.017098828830058e-06,8.51961601711082e-07,1.7043799971361295e-07,1.4911628909430874e-07,4.678711775341071e-06,4.284620899852598e-06,dyed-resection-margins/583038eb-5984-4784-a30d-8e69785eb221.jpg
1,1,dyed-resection-margins,dyed-resection-margins,True,0.06917688995599747,0.9306363463401794,3.2710613595554605e-05,1.31864885588584e-06,8.513845273228071e-07,8.75893692864338e-06,0.00014269992243498564,4.6608485604338057e-07,dyed-resection-margins/eed9a32d-8fc8-4a1e-9961-fd8ccfe0c160.jpg
6,6,polyps,polyps,True,3.587430182960816e-05,2.3263844923349097e-05,1.793320734577719e-05,1.001531654765131e-05,5.493271146406187e-06,4.177731170784682e-05,0.9961084723472595,0.0037571555003523827,polyps/8294989f-111d-426b-9edc-e02bb1f9a0c4.jpg
6,4,polyps,normal-pylorus,False,0.005560468882322311,0.0037677299696952105,0.004913369193673134,0.0013322000158950686,0.6183315515518188,0.037526752799749374,0.3153597116470337,0.013208207674324512,polyps/51070da5-1986-45f3-8037-9ddfebee285b.jpg
2,2,esophagitis,esophagitis,True,2.249899262096733e-05,2.93188732030103e-05,0.9687098860740662,7.81733342591906e-06,8.416737546212971e-05,0.031129656359553337,1.1581246326386463e-05,5.106384833197808e-06,esophagitis/6fe39322-4a5c-494a-a2d4-bdc2bbea8200.jpg
3,3,normal-cecum,normal-cecum,True,0.002612992888316512,0.0001406013179803267,5.140292341820896e-05,0.9934686422348022,5.477192644320894e-06,1.2932304343848955e-05,0.00292655685916543,0.0007814361597411335,normal-cecum/aaf64694-4396-4af5-866a-43c787756f72.jpg
6,6,polyps,polyps,True,0.001970393117517233,0.00019712351786438376,4.1377181332791224e-05,0.000654962845146656,1.0017012755270116e-05,0.00022230084869079292,0.9959086179733276,0.0009951286483556032,polyps/1858f55c-b3a5-4554-891e-a63143121bf5.jpg
2,5,esophagitis,normal-z-line,False,3.069015292567201e-06,9.124108146352228e-06,0.20110107958316803,6.264813237066846e-07,0.0011165922041982412,0.7977532148361206,3.0526891805493506e-06,1.3259998013381846e-05,esophagitis/aa83ea57-1f1b-4033-9cdd-df40f2173989.jpg
0,0,dyed-lifted-polyps,dyed-lifted-polyps,True,0.9863919019699097,0.010242444463074207,1.5327701476053335e-05,1.0523076525714714e-05,6.12183976045344e-06,1.7081552869058214e-05,0.003280241508036852,3.636936526163481e-05,dyed-lifted-polyps/0f25cccc-84cc-4965-9179-ad0749a53bbd.jpg
5,5,normal-z-line,normal-z-line,True,3.115473191428464e-06,3.391301288502291e-05,0.08520427346229553,1.2122602583986009e-06,1.0712233233789448e-05,0.9147176146507263,1.9387130123504903e-06,2.721200871746987e-05,normal-z-line/b488e18b-eb1e-4fd7-a9be-05fb8e22d24e.jpg
6,6,polyps,polyps,True,0.00025553160230629146,0.00035300725721754134,5.262607737677172e-05,0.002089065033942461,2.5786273909034207e-05,0.00010252490028506145,0.9966115355491638,0.0005099278641864657,polyps/4758ac1e-7b98-48dd-8f5b-76a650221792.jpg
6,6,polyps,polyps,True,0.01144726574420929,0.0020317554008215666,5.423940820037387e-05,0.00021943741012364626,7.5691903475672e-05,6.731451867381111e-05,0.9834780097007751,0.0026262630708515644,polyps/0e5ef0b5-934c-4da6-bca9-2a607f5664f5.jpg
6,6,polyps,polyps,True,0.0006475189002230763,0.0037951492704451084,0.0013332540402188897,0.06461787968873978,0.0006228803540579975,6.797284004278481e-05,0.50767982006073,0.4212355315685272,polyps/42b9fa83-2871-431d-bb0a-7c14979ac9d4.jpg
0,0,dyed-lifted-polyps,dyed-lifted-polyps,True,0.9131239652633667,0.08681806921958923,5.46969567949418e-06,1.7812878922995878e-06,9.143128210098439e-08,2.190785380662419e-06,4.761083619087003e-05,7.020023531367769e-07,dyed-lifted-polyps/6e713570-afd6-47dd-9a11-a56fa147f045.jpg
1,1,dyed-resection-margins,dyed-resection-margins,True,0.07977106422185898,0.9188104271888733,5.6686756579438224e-05,0.0004993070615455508,7.4874160418403335e-06,6.535624834214104e-06,0.0007279039709828794,0.00012049140786984935,dyed-resection-margins/414962c9-e87b-487f-8fc1-1e93e12235ce.jpg
5,5,normal-z-line,normal-z-line,True,1.808797605917789e-05,8.56101032695733e-05,0.057757943868637085,6.796588877477916e-06,2.0339261027402245e-05,0.9416394233703613,0.00042328413110226393,4.844666545977816e-05,normal-z-line/0a6bdc13-99b5-4287-8380-b469e7a397cf.jpg
3,3,normal-cecum,normal-cecum,True,0.0003203917294740677,0.00040476382127963006,6.567099262611009e-06,0.9745283126831055,0.00653963815420866,1.2071281162207015e-05,0.0043747820891439915,0.013813547790050507,normal-cecum/a3d63aab-1c94-4abc-b4eb-5e52a5f3dbfd.jpg
1,0,dyed-resection-margins,dyed-lifted-polyps,False,0.5842496156692505,0.4155501425266266,7.093302883731667e-06,0.0001405413931934163,1.441998449536186e-07,1.7572934893905767e-06,9.264814252674114e-06,4.1474562749499455e-05,dyed-resection-margins/859de4f3-6247-4278-85c4-5dc28f20dffa.jpg
3,3,normal-cecum,normal-cecum,True,5.084500298835337e-05,1.6307985788444057e-05,3.080184251302853e-05,0.9973100423812866,0.0004304565372876823,4.2962383304256946e-05,0.0018869397463276982,0.00023164323647506535,normal-cecum/ae372464-ab73-4649-b60d-5f84704c9e46.jpg
6,6,polyps,polyps,True,0.0014785639941692352,8.792005974100903e-05,2.749958002823405e-05,0.000195090047782287,8.907153824111447e-05,1.2330528988968581e-05,0.9608528017997742,0.037256814539432526,polyps/7ceb79e3-a709-4439-b4e7-858b56924e41.jpg
0,0,dyed-lifted-polyps,dyed-lifted-polyps,True,0.9770029783248901,0.022958967834711075,9.111310646403581e-06,4.08905452786712e-06,1.1788657729994156e-06,4.953195457346737e-06,1.8764339984045364e-05,7.850845662460415e-08,dyed-lifted-polyps/8376af61-5329-49b4-9bac-539237222251.jpg
0,0,dyed-lifted-polyps,dyed-lifted-polyps,True,0.7308259010314941,0.2691490352153778,6.381617367878789e-06,6.978571036597714e-07,6.350475132421707e-07,1.245477506017778e-06,5.344243163563078e-06,1.0791221939143725e-05,dyed-lifted-polyps/a2d26215-1dbb-4841-a16b-efe500629471.jpg
2,2,esophagitis,esophagitis,True,0.0021086675114929676,0.0021163898054510355,0.6616156697273254,5.4483145504491404e-05,0.00047062081284821033,0.31072187423706055,0.0036147988867014647,0.019297469407320023,esophagitis/ada7de2d-de8b-4616-a33d-e0a03c6af9e5.jpg
0,0,dyed-lifted-polyps,dyed-lifted-polyps,True,0.9991350769996643,0.00042172198300249875,2.4088705686153844e-05,0.00028732899227179587,9.966614697987097e-07,1.591884597473836e-06,9.943479381036013e-05,2.9879065550630912e-05,dyed-lifted-polyps/96b9cb2d-0b8e-4439-881b-ecfce8dddfe5.jpg
6,6,polyps,polyps,True,0.0003404094895813614,0.00010284972813678905,0.017233705148100853,0.00015789877215866,0.07194442301988602,0.013306660577654839,0.8855030536651611,0.011410911567509174,polyps/007e4d46-c617-418f-8a04-d34716adcb65.jpg
6,6,polyps,polyps,True,0.002326025627553463,0.00011051919136662036,1.652236846894084e-06,3.2821932109072804e-05,3.051461305858538e-07,7.00065311320941e-06,0.9968984127044678,0.0006232540472410619,polyps/e8263143-69e2-4ad9-b075-95b3367441ca.jpg
0,0,dyed-lifted-polyps,dyed-lifted-polyps,True,0.8944254517555237,0.10546644032001495,1.5735663509985898e-06,8.368273847736418e-05,5.19468073889584e-07,8.15755902294768e-06,2.602071162982611e-06,1.1567643923626747e-05,dyed-lifted-polyps/fe36c92b-51e4-4d18-84a4-8b35d48bd866.jpg
2,2,esophagitis,esophagitis,True,0.00019717887334991246,0.0006519278394989669,0.7352678179740906,1.1314140465401579e-05,0.0023474562913179398,0.25611814856529236,0.00013926155224908143,0.005266858264803886,esophagitis/502b7045-d48e-472b-87fc-c7fda0e0f763.jpg
6,6,polyps,polyps,True,0.004028915893286467,0.005550573579967022,0.015252800658345222,0.010817490518093109,0.018643680959939957,0.005829007364809513,0.9391204714775085,0.0007571486639790237,polyps/37fce2a5-dd3c-4312-8e80-475475f9b160.jpg
4,4,normal-pylorus,normal-pylorus,True,2.626846071507316e-05,2.163867247872986e-05,0.00038406255771405995,9.542619409330655e-06,0.9947271943092346,0.0032112128101289272,0.0015658449847251177,5.4100117267807946e-05,normal-pylorus/8a1bc319-0eb3-46d6-84d4-ef9eb5259b28.jpg
3,3,normal-cecum,normal-cecum,True,0.0005494300276041031,5.3766329074278474e-05,1.571253960719332e-05,0.9705326557159424,0.0008004084229469299,1.1126398021588102e-05,0.020390503108501434,0.007646394893527031,normal-cecum/968d0fc0-9e59-409c-b44e-6d9d491ed50b.jpg
6,6,polyps,polyps,True,0.0009586760425008833,2.4786009817034937e-05,1.742222025313822e-06,0.024782689288258553,2.7198984753340483e-05,1.199169855681248e-05,0.9731538891792297,0.0010390076786279678,polyps/03c0f024-7226-424f-830b-2f273afa4a45.jpg
7,7,ulcerative-colitis,ulcerative-colitis,True,0.0012531607644632459,0.0010756951523944736,6.152856803964823e-05,0.0010324270697310567,0.00022255192743614316,0.00035171699710190296,0.1857559084892273,0.810247004032135,ulcerative-colitis/55d1491a-0daf-48af-ba23-09fdb81e6dbd.jpg
3,3,normal-cecum,normal-cecum,True,0.00030982441967353225,0.0002074305957648903,8.527642057742923e-05,0.9681645035743713,4.3310221371939406e-05,4.435107985045761e-05,0.030264705419540405,0.0008805796969681978,normal-cecum/9b5b4ae6-ad01-41da-bd5c-539bd868a192.jpg
7,7,ulcerative-colitis,ulcerative-colitis,True,0.028469035401940346,0.008725909516215324,0.0001944496325450018,0.04415207728743553,7.396935689030215e-05,0.0007753086392767727,0.18589995801448822,0.7317093014717102,ulcerative-colitis/e86f63eb-e498-428e-9e52-884efca82817.jpg
0,0,dyed-lifted-polyps,dyed-lifted-polyps,True,0.8558754920959473,0.1440954953432083,5.973967290628934e-06,7.191940312623046e-06,4.203326753327019e-08,7.934867426229175e-06,6.67817221255973e-06,1.201010491058696e-06,dyed-lifted-polyps/3a5ef56b-2d9a-45d1-8bcf-94da028b2c99.jpg
5,5,normal-z-line,normal-z-line,True,0.001073031802661717,0.0012163416249677539,0.2150598019361496,5.950453123659827e-05,0.007671572268009186,0.7636476755142212,0.010903304442763329,0.00036877504317089915,normal-z-line/5ce4bb3b-54a0-42fb-98b1-49265f28551c.jpg
1,1,dyed-resection-margins,dyed-resection-margins,True,0.0002051394258160144,0.9997898936271667,1.6132887594721979e-06,2.4153747446575835e-08,6.972704795771278e-07,3.79231352098941e-07,2.1725315946241608e-07,2.1266835119604366e-06,dyed-resection-margins/24e245a1-6bb5-4775-bba9-e38b50eef28c.jpg
0,0,dyed-lifted-polyps,dyed-lifted-polyps,True,0.9908115863800049,0.008127083070576191,2.480675220795092e-06,3.893809207511367e-06,2.2174420166720665e-07,2.1008611383876996e-06,0.0009829720947891474,6.971893890295178e-05,dyed-lifted-polyps/2f90b37f-c482-471c-8a4a-10f1ffa3a7eb.jpg
1,1,dyed-resection-margins,dyed-resection-margins,True,0.15981221199035645,0.8401573300361633,1.996343144128332e-06,1.2649310576762218e-07,8.047399191468685e-09,1.741833273172233e-07,4.2107188846784993e-07,2.771427170955576e-05,dyed-resection-margins/7089e84a-f213-4983-b9da-4b7016bbca27.jpg
0,0,dyed-lifted-polyps,dyed-lifted-polyps,True,0.6397859454154968,0.35968008637428284,0.00025804771576076746,0.0001269615750061348,2.9628358788613696e-07,1.90506580111105e-05,9.97418028418906e-05,2.9832757718395442e-05,dyed-lifted-polyps/10d78f91-9f3c-42c4-bca3-a8f8c91fccd7.jpg
7,7,ulcerative-colitis,ulcerative-colitis,True,8.472175068163779e-06,0.0002701313351280987,0.0002454889181535691,0.00015547512157354504,2.0907711586914957e-05,0.00019504707597661763,0.00015000627900008112,0.9989544153213501,ulcerative-colitis/bfc6efd7-8e62-421f-bd20-d691c10b8782.jpg
2,2,esophagitis,esophagitis,True,0.00020136451348662376,0.0005350066348910332,0.6262181997299194,7.629767787875608e-05,0.0006869859644211829,0.3682212233543396,0.00041711420635692775,0.0036437497474253178,esophagitis/8583d96d-f435-4dbe-8d53-707c21408252.jpg
7,7,ulcerative-colitis,ulcerative-colitis,True,1.4297304460342275e-06,4.463353434402961e-06,9.609789231035393e-06,0.0004997548530809581,1.906407305796165e-05,4.4926211558049545e-05,0.00016488914843648672,0.9992558360099792,ulcerative-colitis/d35c9226-f489-40b7-852e-20fafa1a5e98.jpg
4,4,normal-pylorus,normal-pylorus,True,4.769841780216666e-06,9.12297036848031e-06,0.0035354378633201122,2.9081742468406446e-05,0.9769694805145264,0.016145989298820496,0.003192681586369872,0.00011340048513375223,normal-pylorus/daeda9f9-6938-4f5e-85df-ae1d8724ab50.jpg
2,2,esophagitis,esophagitis,True,0.0001289646461373195,4.371303293737583e-05,0.9530720710754395,4.387742592371069e-05,4.397031261760276e-06,0.04618745669722557,0.000309509108774364,0.00021002556604798883,esophagitis/fdcc6c6c-02e9-4b69-b73d-701f295fd210.jpg
0,0,dyed-lifted-polyps,dyed-lifted-polyps,True,0.9995055198669434,0.0004330996598582715,1.2750493851854117e-06,5.453550215861469e-07,9.813258827762184e-08,1.2575971595651936e-05,3.668414501589723e-05,1.0130454029422253e-05,dyed-lifted-polyps/3ed4035a-f294-4e16-aba5-b13747c0208f.jpg
5,5,normal-z-line,normal-z-line,True,0.0009075160487554967,0.0002744426019489765,0.41291457414627075,0.0001100423323805444,0.0006496796268038452,0.5828719735145569,0.0022123281378299,5.9493228036444634e-05,normal-z-line/851d921c-2db7-48d8-92b4-8ba29ae8fc50.jpg
4,4,normal-pylorus,normal-pylorus,True,1.1609918146859854e-06,0.00047051350702531636,0.0019375773845240474,0.0001584483397891745,0.9959484934806824,0.00026948910090141,0.00024905207101255655,0.0009652795852161944,normal-pylorus/0d78332f-fd97-4fd7-8931-edc6494133d6.jpg
7,7,ulcerative-colitis,ulcerative-colitis,True,0.0007838086457923055,0.00034165341639891267,1.662364047660958e-05,2.259980647068005e-05,5.383927782531828e-05,3.818346158368513e-06,0.12290827184915543,0.8758694529533386,ulcerative-colitis/a5c6110d-67f4-4a56-826f-6cc1b9df981a.jpg
5,5,normal-z-line,normal-z-line,True,7.416085168188147e-07,6.398554978659377e-05,0.06749078631401062,5.413882036009454e-07,3.099224340985529e-05,0.9323722124099731,2.291814780619461e-06,3.840899807983078e-05,normal-z-line/b7d186c5-440c-4a28-a76f-f56c8a2e53f2.jpg
5,5,normal-z-line,normal-z-line,True,2.134861279046163e-05,5.700868496205658e-05,0.016063891351222992,7.863754944992252e-07,0.0006356058293022215,0.97889643907547,0.004070778377354145,0.0002540488203521818,normal-z-line/e1a1a80c-3998-414a-98fb-996b86c12908.jpg
0,1,dyed-lifted-polyps,dyed-resection-margins,False,0.17974944412708282,0.8169732093811035,0.00045354964095167816,0.0005339917843230069,6.688954272249248e-06,8.917670493246987e-05,0.000636039418168366,0.0015578323509544134,dyed-lifted-polyps/7b44f463-00dc-4910-8d02-142ef4b2c845.jpg
0,0,dyed-lifted-polyps,dyed-lifted-polyps,True,0.9517067670822144,0.023197822272777557,0.0001190919429063797,0.002952057868242264,1.8234876506539877e-06,0.00016862705524545163,0.0214344821870327,0.0004193343920633197,dyed-lifted-polyps/68e53c3d-1c18-4027-93be-ec6446f68e90.jpg
2,2,esophagitis,esophagitis,True,2.8269523681956343e-05,4.158785941399401e-06,0.9967703819274902,2.7518962042449857e-07,3.5129252751175954e-07,0.0031873842235654593,6.217936743269092e-08,9.062960089067928e-06,esophagitis/9a9f6975-fa2d-4f9c-a0a7-b9071bed912d.jpg
2,2,esophagitis,esophagitis,True,0.00018554864800535142,2.6221498046652414e-05,0.831916868686676,6.34052730674739e-06,0.0007891700370237231,0.16130271553993225,0.0005726883537136018,0.005200350657105446,esophagitis/dc4c18e2-3dd4-462b-9974-07318d2a8516.jpg
0,0,dyed-lifted-polyps,dyed-lifted-polyps,True,0.8652441501617432,0.13471080362796783,1.3741941984335426e-06,2.0947384200553643e-06,9.373906664222886e-07,2.5478877887508133e-06,2.9238619390525855e-05,8.814578905003145e-06,dyed-lifted-polyps/bd692b79-20ac-48cd-ae96-7b5220738ae1.jpg
6,6,polyps,polyps,True,0.00022850892855785787,0.0001046576289809309,2.226968172180932e-05,1.4854200344416313e-05,3.667546479846351e-06,5.368288384488551e-06,0.9966179728507996,0.003002822631970048,polyps/e3d4325f-48ae-4342-a5c5-cf5a6d71ac88.jpg
7,7,ulcerative-colitis,ulcerative-colitis,True,1.3020319784118328e-05,2.784395519483951e-06,1.2729898344332469e-06,0.018495576456189156,1.1775713346651173e-06,2.9561483643192332e-06,0.0014708214439451694,0.9800124764442444,ulcerative-colitis/d5ff2b83-ed55-4539-bfaf-1ea9c791e484.jpg
4,4,normal-pylorus,normal-pylorus,True,3.8259940993157215e-07,3.049729002668755e-07,0.0006187808467075229,9.480595508648548e-07,0.9989117383956909,0.0003990221885032952,1.3900896192353684e-05,5.4970718338154256e-05,normal-pylorus/8fbdb889-ddf7-4b84-ab0a-2b01f867a4f6.jpg
2,2,esophagitis,esophagitis,True,1.8752114556264132e-05,1.4986720088927541e-05,0.9838064908981323,4.396821896079928e-05,0.00018116948194801807,0.01587953418493271,4.352718315203674e-05,1.1541302228579298e-05,esophagitis/9a0d45e1-cbf9-4878-b34f-833c57d8cf09.jpg
3,3,normal-cecum,normal-cecum,True,4.749743311549537e-05,1.5638572222087532e-05,2.3244883777806535e-06,0.9989905953407288,4.6024852053960785e-05,4.723365236714017e-06,0.0007188884192146361,0.00017432475578971207,normal-cecum/3a8cc8a8-2ca6-45dd-97aa-375c72a1e190.jpg
5,5,normal-z-line,normal-z-line,True,0.0006949820672161877,0.00018552428809925914,0.22964470088481903,0.000328826776240021,0.00010968389688059688,0.7689589262008667,9.027132364280988e-06,6.836483225924894e-05,normal-z-line/a65c165d-016d-49f5-ab61-5f4637e8e91e.jpg
6,6,polyps,polyps,True,7.871470734244213e-05,7.331697815970983e-06,6.679277362309222e-07,5.804542979603866e-06,1.814887764339801e-05,2.1317075606930302e-06,0.9997785687446594,0.00010859387111850083,polyps/1840de85-d6d3-4bff-9bd2-707b0d74ad2e.jpg
1,1,dyed-resection-margins,dyed-resection-margins,True,0.1311892867088318,0.8270664811134338,0.006531020160764456,0.004450628533959389,0.00019574430189095438,0.0018377667292952538,0.021203815937042236,0.007525159046053886,dyed-resection-margins/159383c5-6b19-4019-a827-29d8e2c567e1.jpg
3,3,normal-cecum,normal-cecum,True,0.0001376534200971946,2.883147135435138e-05,3.258977085351944e-05,0.9901614189147949,1.0890169505728409e-05,1.270516531803878e-05,0.007781573571264744,0.0018342320108786225,normal-cecum/03db5a24-7c4f-4275-8f5c-eea7b92c80df.jpg
2,2,esophagitis,esophagitis,True,0.007620999123901129,0.006928795482963324,0.573325514793396,0.0070620346814394,0.017429376021027565,0.3492426574230194,0.0329161062836647,0.005474556237459183,esophagitis/18318e38-9d98-4536-8632-491401c0769c.jpg
1,1,dyed-resection-margins,dyed-resection-margins,True,0.020824238657951355,0.9785995483398438,0.00028532164287753403,1.4477285731118172e-05,9.421165304956958e-05,1.7412899978808127e-05,0.0001547225983813405,1.0141136044694576e-05,dyed-resection-margins/414ad138-2ac8-4f15-96d2-33a6c69c3f6d.jpg
7,7,ulcerative-colitis,ulcerative-colitis,True,0.001932857558131218,0.0038026953116059303,0.032849568873643875,0.0001138982261181809,0.0001424222282366827,0.006236657500267029,0.06769444048404694,0.8872273564338684,ulcerative-colitis/55cc5ece-3ce9-4245-850d-c5e0074ee299.jpg
7,7,ulcerative-colitis,ulcerative-colitis,True,0.0008979307604022324,0.0003774937358684838,0.00112369772978127,0.00013086113904137164,4.410790279507637e-05,0.0005625574267469347,0.00037990009877830744,0.996483325958252,ulcerative-colitis/584f1fa0-9bb9-49d3-b412-c42819d0a200_00000052.jpg
7,7,ulcerative-colitis,ulcerative-colitis,True,8.878665539668873e-05,0.0012598030734807253,0.00016892058192752302,0.001600411836989224,0.003740109968930483,2.807569944707211e-05,0.05962551385164261,0.9334884285926819,ulcerative-colitis/131f7bc8-e111-44e0-9c3a-ab34a6e64f7e.jpg
3,3,normal-cecum,normal-cecum,True,0.0002456227957736701,0.00010121607192559168,1.8590750187286176e-05,0.912411093711853,0.005733658093959093,9.985805081669241e-05,0.07966894656419754,0.0017210333608090878,normal-cecum/ad63a023-c4ee-4b71-8f23-5a864e1c2d02.jpg
4,4,normal-pylorus,normal-pylorus,True,3.443811147008091e-05,2.640368438733276e-05,0.0016982998931780457,4.8151294322451577e-05,0.9206560254096985,0.010564208962023258,0.06694289296865463,2.9536931833717972e-05,normal-pylorus/bc59a619-bee6-454c-976e-620fe40254e7.jpg
0,0,dyed-lifted-polyps,dyed-lifted-polyps,True,0.9991856217384338,0.0004953783936798573,1.9060034901485778e-06,5.4521220590686426e-05,1.8533023649069946e-07,6.004977421980584e-06,0.00025268946774303913,3.7086874726810493e-06,dyed-lifted-polyps/5e573dd1-acbb-4f2d-aa5c-27721afa81cc.jpg
1,1,dyed-resection-margins,dyed-resection-margins,True,0.0004566252464428544,0.9995356798171997,6.175034741318086e-06,1.9311029220148157e-08,1.736598598256478e-08,1.4347099295264343e-06,1.2667623394690963e-08,6.739993096971375e-08,dyed-resection-margins/eea5092a-0117-4383-80a1-dae6ddeb0b74.jpg
1,1,dyed-resection-margins,dyed-resection-margins,True,0.0023455547634512186,0.9976516366004944,2.346000883335364e-06,1.302509247125272e-07,2.6234614480813434e-09,1.0043821419003507e-07,2.5373308787379756e-08,2.6385990281596605e-07,dyed-resection-margins/45fc69bc-6372-4c27-933e-ff0c9f31b268.jpg
4,4,normal-pylorus,normal-pylorus,True,1.5580501155909587e-07,1.0153515859201434e-06,3.930195089196786e-05,1.1681153182507842e-06,0.9998542070388794,9.294244227930903e-05,1.107914522435749e-05,5.813064163362469e-08,normal-pylorus/03a686f8-f603-41e0-94c1-caeb3d821394.jpg
3,3,normal-cecum,normal-cecum,True,0.0012681022053584456,0.0002720103948377073,0.00011536257079569623,0.9120928049087524,4.805909702554345e-05,4.308166171540506e-05,0.08423362672328949,0.0019268837058916688,normal-cecum/d84a2ea9-27b8-495d-92a8-7e7fd2f513f5.jpg
1,1,dyed-resection-margins,dyed-resection-margins,True,0.002641201252117753,0.9973490238189697,4.704697403212776e-06,1.534310172246478e-06,1.3537127863116893e-08,1.146771751336928e-06,1.954608933374402e-06,3.71382043340418e-07,dyed-resection-margins/2a38ed92-ab6d-4843-ac20-f9002ed39395.jpg
4,4,normal-pylorus,normal-pylorus,True,1.0446846317790914e-05,1.612298183317762e-05,0.00021789372840430588,8.323048677993938e-05,0.9946520328521729,0.0037320994306355715,0.0007821312756277621,0.0005059834220446646,normal-pylorus/a3591c76-0762-4671-9d02-7c52c83cfb36.jpg
0,0,dyed-lifted-polyps,dyed-lifted-polyps,True,0.9719274044036865,0.027897313237190247,6.612537981709465e-05,5.6351887906203046e-05,2.859145524780615e-07,1.4544281839334872e-05,3.4913286071969196e-05,3.15194984068512e-06,dyed-lifted-polyps/a6d1bb4f-e9fb-46b7-bdbf-babaf0b06581.jpg
7,6,ulcerative-colitis,polyps,False,0.0009610573179088533,0.0068161459639668465,0.00036045219167135656,0.40710219740867615,7.810606621205807e-05,0.00011418117355788127,0.47359272837638855,0.11097509413957596,ulcerative-colitis/34a043b2-c1fb-42d0-90a4-39369b9ef619.jpg
0,0,dyed-lifted-polyps,dyed-lifted-polyps,True,0.6374439597129822,0.3550257980823517,0.0009232451557181776,0.0019504359224811196,7.319141150219366e-05,0.00046140956692397594,0.003478192025795579,0.0006437377887777984,dyed-lifted-polyps/e8c38517-0943-439b-aff2-1070c4b31b6d.jpg
7,7,ulcerative-colitis,ulcerative-colitis,True,2.394800139882136e-05,7.317944437090773e-06,0.00023709089145995677,2.6079687813762575e-05,3.589902553358115e-05,1.1616700248850975e-05,0.0022983155213296413,0.9973598122596741,ulcerative-colitis/698f130b-41ff-414d-908c-8d8c0f82d4a8_00000859.jpg
2,2,esophagitis,esophagitis,True,0.00011943760182475671,0.00028862294857390225,0.9981118440628052,6.517157544294605e-06,0.0006507401121780276,0.000640749407466501,6.546818622155115e-05,0.0001166459041996859,esophagitis/6745903f-52e3-45fb-9c26-7e3d7a7b31bd.jpg
1,0,dyed-resection-margins,dyed-lifted-polyps,False,0.9375582933425903,0.06236809492111206,4.817729495698586e-05,3.4141353921768314e-07,2.332260322646107e-07,1.334165790467523e-05,1.1321222700644284e-05,2.058827135442698e-07,dyed-resection-margins/da355995-b77b-4d5c-a07f-a72fe6ff20bb.jpg
7,7,ulcerative-colitis,ulcerative-colitis,True,0.00028522737557068467,0.0003298852825537324,2.6624415113474242e-05,6.9604320742655545e-06,1.5675055919928127e-06,6.771588687115582e-06,0.002262696623802185,0.9970802664756775,ulcerative-colitis/a4b755f8-8f6a-4456-a914-4d36d2728eef.jpg
7,7,ulcerative-colitis,ulcerative-colitis,True,0.00021748866129200906,0.0005025393911637366,0.0011232809629291296,4.942115538142389e-06,8.17946875031339e-06,1.6832003893796355e-05,0.0010775889968499541,0.9970490336418152,ulcerative-colitis/797e3c48-c31f-47a6-b4c5-c1d7e02183c6.jpg
2,2,esophagitis,esophagitis,True,0.0003448945062700659,0.026400325819849968,0.939762532711029,3.5584127999754855e-06,0.0008652450051158667,0.021706407889723778,0.00057981041027233,0.01033714134246111,esophagitis/cfc39f0a-8aad-4d91-9cf6-899abc19fb43.jpg
7,7,ulcerative-colitis,ulcerative-colitis,True,0.0004109693400096148,0.00017483404371887445,7.584889772260794e-06,0.000224052244448103,2.143608253390994e-05,1.3991064406582154e-05,0.10660352557897568,0.8925435543060303,ulcerative-colitis/2053bb5e-29cd-4e3e-a5ab-2787fe8a7db2.jpg
4,4,normal-pylorus,normal-pylorus,True,1.7797507467776086e-08,1.170086250112945e-07,2.5348113922518678e-05,1.2414034245011862e-05,0.9997677206993103,0.00014191307127475739,4.936414916301146e-05,3.101452193732257e-06,normal-pylorus/5d39a365-3511-42f3-8fa1-e5bced973643.jpg
1,1,dyed-resection-margins,dyed-resection-margins,True,0.04473499581217766,0.9551501274108887,1.0788564395625144e-05,4.3276722863083705e-06,6.72982665150812e-08,9.587465683580376e-07,1.2978503946214914e-05,8.577830158174038e-05,dyed-resection-margins/a51eb0c8-4591-408f-8777-e2a079662242.jpg
4,4,normal-pylorus,normal-pylorus,True,1.2358494814179721e-06,8.879131883077207e-07,2.6566844098852016e-05,5.1966169849038124e-05,0.9997064471244812,7.111758168321103e-05,9.685790428193286e-05,4.492774678510614e-05,normal-pylorus/e42ec491-62e6-4da6-ad99-a040fd7d8b15.jpg
1,1,dyed-resection-margins,dyed-resection-margins,True,0.02163674496114254,0.9774419069290161,9.035738185048103e-05,0.00013206410221755505,8.398312274948694e-06,1.1064564205298666e-05,4.826720669370843e-06,0.0006746320286765695,dyed-resection-margins/a0a5fdf9-7ba5-4a5b-95c2-189892631b07.jpg
6,6,polyps,polyps,True,0.00038291577948257327,0.00016773446986917406,0.00037059071473777294,8.786118996795267e-06,3.922186078852974e-05,6.664607644779608e-05,0.9979367256164551,0.001027449732646346,polyps/1fd7cca6-1b0d-48f3-a2b2-359aed922873.jpg
7,7,ulcerative-colitis,ulcerative-colitis,True,0.004725833889096975,0.028942521661520004,0.00013926526298746467,0.003264414379373193,9.835834498517215e-05,1.4267957340052817e-05,0.004576926585286856,0.9582385420799255,ulcerative-colitis/ae68bef5-8ca4-42fd-a275-d34ee4ea8c14_00000352.jpg
2,5,esophagitis,normal-z-line,False,3.945252319681458e-05,1.817934935388621e-05,0.13423380255699158,1.204924842568289e-06,0.0002431474713375792,0.8649120330810547,0.0005151513032615185,3.7004894693382084e-05,esophagitis/3662a9bc-b209-432b-9ab4-ca8ccd540b7c.jpg
0,0,dyed-lifted-polyps,dyed-lifted-polyps,True,0.9856247901916504,0.014203760772943497,7.3031515057664365e-06,6.531501526296779e-07,6.718578788422747e-06,4.96295388074941e-06,0.00013948947889730334,1.2395635167194996e-05,dyed-lifted-polyps/769dcf76-059c-4b1a-b3f3-61c2c1f2dafb.jpg
2,5,esophagitis,normal-z-line,False,4.089915819349699e-05,0.0001779914164217189,0.3210854232311249,0.00018083852773997933,0.09694650024175644,0.5809274315834045,0.000621714920271188,1.9221091861254536e-05,esophagitis/11f4cc55-0412-40b7-9dc9-2dab87de0c35.jpg
4,4,normal-pylorus,normal-pylorus,True,6.626473236792663e-07,2.949293730125646e-06,8.244266609835904e-06,1.4514385838992894e-05,0.9999228715896606,2.089900226565078e-05,2.8213640689500608e-05,1.618942746972607e-06,normal-pylorus/5d5a9983-89d6-4736-8016-bac267afb656.jpg
7,3,ulcerative-colitis,normal-cecum,False,0.0001589235762367025,0.00022885606449563056,0.0004916820907965302,0.65189528465271,0.001417058054357767,0.001875620218925178,0.0051498631946742535,0.33878278732299805,ulcerative-colitis/b3844c5b-2f79-42aa-b841-c5bec427d925.jpg
0,0,dyed-lifted-polyps,dyed-lifted-polyps,True,0.8853784799575806,0.11411820352077484,8.874219020071905e-06,0.0004151672183070332,8.771140613816897e-08,4.397011798573658e-05,1.209178299177438e-05,2.3052924007060938e-05,dyed-lifted-polyps/2d49d0a3-549b-4fd0-bf3a-33f8456ee98f.jpg
0,0,dyed-lifted-polyps,dyed-lifted-polyps,True,0.8024171590805054,0.030853422358632088,0.00012840282579418272,0.0004471376014407724,2.316636346222367e-05,3.217229823349044e-05,0.1657460629940033,0.00035251546069048345,dyed-lifted-polyps/28b91fe1-d987-45cf-8204-6b1ddf8a56f7.jpg
3,3,normal-cecum,normal-cecum,True,9.43464765441604e-05,0.0003869000356644392,5.863471233169548e-05,0.9298641085624695,0.011812557466328144,0.00014243570331018418,0.046741634607315063,0.010899354703724384,normal-cecum/8c54899b-27ba-42d3-8b03-17785fb84a59.jpg
0,0,dyed-lifted-polyps,dyed-lifted-polyps,True,0.8794775605201721,0.12036070972681046,2.4015595045057125e-05,1.171328858617926e-05,3.094011844950728e-05,9.37461754801916e-06,8.261138282250613e-05,3.112251761194784e-06,dyed-lifted-polyps/9cc0c58a-3e37-4369-8ea7-0c8009ab8d0c.jpg
6,6,polyps,polyps,True,0.000604948727414012,7.777527207508683e-05,9.620694618206471e-05,0.00012371785123832524,6.778939859941602e-05,0.0001649029436521232,0.9965309500694275,0.002333747921511531,polyps/0f776c8b-039b-4748-8229-8ed9f78e6200.jpg
4,4,normal-pylorus,normal-pylorus,True,4.4266468535170134e-07,2.569383923400892e-06,7.756366358080413e-06,3.0651819542981684e-05,0.9998663663864136,6.829552148701623e-05,1.7401003788108937e-05,6.415754796762485e-06,normal-pylorus/2a88818c-62cb-49a2-b9cd-a9f6d56b0641.jpg
6,6,polyps,polyps,True,0.00017880459199659526,8.360413630725816e-05,2.9621716748806648e-05,0.00017464726988691837,0.0006776897353120148,2.4246572138508782e-05,0.9983106851577759,0.0005207238718867302,polyps/9feba352-f0b3-47c5-8a34-4b0c0fac1e15.jpg
5,5,normal-z-line,normal-z-line,True,7.419122266583145e-05,0.00017243724141735584,0.033963754773139954,2.8898880373162683e-06,0.0026340510230511427,0.9627905488014221,0.00018019176786765456,0.000182014744495973,normal-z-line/d1d77c9b-2614-4755-a51d-6601034df455.jpg
2,2,esophagitis,esophagitis,True,0.00011316789459669963,0.0002634338161442429,0.829475462436676,1.7588896298548207e-05,0.0005042339325882494,0.16938230395317078,0.0001742570020724088,6.953279807930812e-05,esophagitis/24fcbe39-f60c-442e-8b18-166482fd5819.jpg
3,3,normal-cecum,normal-cecum,True,0.0002868673764169216,1.2100023923267145e-05,7.109561920515262e-06,0.9772382378578186,1.9233382772654295e-05,2.0622170268325135e-05,0.019411755725741386,0.0030041260179132223,normal-cecum/a672d9ad-7172-432a-a767-c3d3f4e895ee.jpg
2,2,esophagitis,esophagitis,True,2.0130817574681714e-05,4.4360604078974575e-05,0.998699426651001,2.662762312866107e-07,1.9139752893693185e-08,0.0012179993791505694,2.1011528588132933e-06,1.5639980119885877e-05,esophagitis/e4216c39-46ff-47f3-8395-d2c5fdc5d0a4.jpg
0,0,dyed-lifted-polyps,dyed-lifted-polyps,True,0.9065878987312317,0.09259815514087677,5.264360152068548e-05,0.0006084186024963856,3.549799885149696e-06,8.544199226889759e-05,6.25402681180276e-05,1.3597739325632574e-06,dyed-lifted-polyps/0a7bdce4-ac0d-44ef-93ee-92dfc8fe0b81.jpg
1,1,dyed-resection-margins,dyed-resection-margins,True,0.0007953068125061691,0.9991955161094666,8.100342711259145e-06,4.2784293441400223e-07,1.7944687513704594e-08,1.3449752600536158e-07,1.0635511671353015e-07,4.52190931810037e-07,dyed-resection-margins/4d97b0f5-b0fd-45d6-b870-daf7dded1ba9.jpg
1,1,dyed-resection-margins,dyed-resection-margins,True,0.002431502565741539,0.9975646734237671,2.408997033853666e-06,4.6411965826109736e-08,1.2338452037852221e-08,2.4825578037734886e-08,8.05604997822229e-07,5.546804686673568e-07,dyed-resection-margins/609ab64c-7c47-410e-ae2a-17a3d58acc2a.jpg
1,1,dyed-resection-margins,dyed-resection-margins,True,0.01724340207874775,0.982732892036438,1.7011032468872145e-05,3.5956691135652363e-07,5.444357853434667e-08,3.981563622801332e-06,5.032382546232839e-07,1.7049109146682895e-06,dyed-resection-margins/fd320991-c3e7-49fa-b058-e47cc6f26f44.jpg
5,5,normal-z-line,normal-z-line,True,8.318885193148162e-06,7.133936742320657e-05,0.01579664647579193,5.339747531252215e-06,0.00010351505625294521,0.9839699864387512,3.07349837385118e-05,1.4108104551269207e-05,normal-z-line/e261f887-a2c0-4539-991b-10f36069c711.jpg
3,3,normal-cecum,normal-cecum,True,0.00019407787476666272,0.00024944369215518236,4.754545443574898e-05,0.996444046497345,2.8728156848956132e-06,2.9514521884266287e-05,0.0015870500355958939,0.0014454947086051106,normal-cecum/128c324f-5c44-4534-b32b-45b2bd4a672e.jpg
0,0,dyed-lifted-polyps,dyed-lifted-polyps,True,0.9230061173439026,0.07368818670511246,3.4604541724547744e-05,7.923626981209964e-05,7.114404070307501e-06,0.00023663026513531804,0.0006544858333654702,0.00229362933896482,dyed-lifted-polyps/bdf72151-94c3-4e7f-953f-93b400f5967b.jpg
2,2,esophagitis,esophagitis,True,0.0012846742756664753,0.00018932417151518166,0.8332533240318298,0.00017847206618171185,0.0005893660709261894,0.12365821748971939,0.007453749887645245,0.03339281678199768,esophagitis/2f6b8639-58e4-4f3c-b651-42646de546f7.jpg
7,7,ulcerative-colitis,ulcerative-colitis,True,7.538761565228924e-06,2.397608795945416e-06,2.1846251740953448e-07,0.0008653802797198296,7.744947083665465e-07,5.882029654458165e-07,0.00029781839111819863,0.9988252520561218,ulcerative-colitis/41da6f0b-31a4-40f3-833c-061762702265.jpg
2,2,esophagitis,esophagitis,True,3.186691174050793e-05,5.50737495359499e-05,0.8434367775917053,3.6267440464143874e-06,5.1100996643071994e-05,0.15575392544269562,7.585021376144141e-05,0.0005918795359320939,esophagitis/bca40f5f-7e06-42a9-bd97-5ebf969884e9.jpg
2,2,esophagitis,esophagitis,True,0.001130589167587459,0.0005377386114560068,0.9410608410835266,1.2186659660073929e-05,0.0016965502873063087,0.031029416248202324,0.0012839470291510224,0.023248691111803055,esophagitis/05e390bf-b7bf-4bc9-919a-ca9abc61803f.jpg
3,3,normal-cecum,normal-cecum,True,0.00029896278283558786,6.849490091553889e-06,1.3583166037278716e-05,0.9962182641029358,0.00023977062664926052,1.5878074918873608e-05,0.002889360301196575,0.0003174694429617375,normal-cecum/63e1fa66-06d4-461f-bd10-f917472539ae.jpg
7,7,ulcerative-colitis,ulcerative-colitis,True,1.7108757219830295e-06,2.226305468866485e-06,1.0017037084253388e-06,1.0941425898636226e-05,1.7951117115444504e-05,7.864726967454772e-07,0.0027271530125290155,0.997238278388977,ulcerative-colitis/0229c3b4-2414-4bcf-a729-ce15007f63b5.jpg
7,7,ulcerative-colitis,ulcerative-colitis,True,0.00079686677781865,0.00022566501866094768,9.255658369511366e-05,0.005786580499261618,2.3576594685437158e-06,6.9860143412370235e-06,0.0025702612474560738,0.9905187487602234,ulcerative-colitis/31bce929-ab0f-475f-985d-c1843cab8f58.jpg
7,7,ulcerative-colitis,ulcerative-colitis,True,0.00022551111760549247,0.0005987346521578729,3.7370111840573372e-06,0.00010059170745080337,5.231353043200215e-06,1.7713978195388336e-06,0.006278171669691801,0.9927862286567688,ulcerative-colitis/b12a8fc9-fa77-46ca-b2bf-a39b48bd6416.jpg
4,4,normal-pylorus,normal-pylorus,True,8.81046162248822e-06,4.2508663682383485e-06,0.00015048620116431266,8.852417522575706e-05,0.9976381063461304,0.0004376815923023969,0.00016637078078929335,0.0015058304416015744,normal-pylorus/fd71fe32-c46b-4924-8c6c-cb3d35467a3c.jpg
4,4,normal-pylorus,normal-pylorus,True,2.1959572222840507e-06,5.506246338882193e-07,0.0004796070570591837,0.0003788231988437474,0.9946204423904419,0.004183502867817879,0.00024329828738700598,9.149555262411013e-05,normal-pylorus/3f6d770a-3004-44df-88bc-fe9ded65876a.jpg
5,5,normal-z-line,normal-z-line,True,1.900875759019982e-07,7.056029517116258e-06,0.18365785479545593,1.0180677918469883e-06,6.857894913991913e-05,0.8162559866905212,3.221538591446915e-08,9.188896910927724e-06,normal-z-line/2fa3a452-1ad5-49cd-a5e9-0fdbf96e0b6e.jpg
2,2,esophagitis,esophagitis,True,0.001018278650008142,0.0013334437971934676,0.948575496673584,0.00025906518567353487,0.00013823570043314248,0.04704008996486664,0.0015369472093880177,9.842236613621935e-05,esophagitis/9cf73cf0-82ff-4d70-83d4-e46b3649192b.jpg
5,5,normal-z-line,normal-z-line,True,7.911073225841392e-06,2.0537499949568883e-05,0.10991984605789185,1.8727796486928128e-06,1.4323600225907285e-05,0.890028178691864,6.7098035287926905e-06,5.239859319772222e-07,normal-z-line/ca362559-797c-482a-a097-0ffb3ecbcec1.jpg
2,2,esophagitis,esophagitis,True,2.5654895580373704e-05,6.434505394281587e-06,0.7153113484382629,1.974682709260378e-05,0.00026266652275808156,0.25494328141212463,9.035748007590882e-06,0.02942180447280407,esophagitis/a80c23d9-b0d6-4c2a-8776-21006dbf22aa.jpg
3,3,normal-cecum,normal-cecum,True,0.0003120671899523586,8.204700861824676e-05,3.64704173989594e-05,0.9909037947654724,0.0007391735562123358,8.644876652397215e-05,0.002003631554543972,0.0058363969437778,normal-cecum/b90dc70a-2775-457e-9620-cca840f8c49b.jpg
1,1,dyed-resection-margins,dyed-resection-margins,True,0.2429700791835785,0.7151190042495728,0.000130631189676933,0.038652606308460236,3.5858899991580984e-06,4.281192013877444e-05,0.002731884829699993,0.0003494122065603733,dyed-resection-margins/b18e7b6b-8a3c-4d3f-aede-42cef78ec091.jpg
7,6,ulcerative-colitis,polyps,False,0.006189970765262842,0.0025706286542117596,0.0003963496710639447,0.0536990687251091,0.007975379936397076,0.002194439759477973,0.8363907933235168,0.0905834436416626,ulcerative-colitis/ce143cf5-4cdf-4645-9bba-ef8a026c9409.jpg
4,4,normal-pylorus,normal-pylorus,True,2.4662373476758148e-08,1.507917772869405e-07,5.933056399953784e-06,5.495304549185676e-07,0.9999743700027466,9.707701792649459e-06,9.069894986168947e-06,2.46322997554671e-07,normal-pylorus/76cf6249-7425-4454-bc1d-4d2cb8f6647a.jpg
3,3,normal-cecum,normal-cecum,True,5.680084996129153e-06,6.448111093959596e-07,6.809270303165249e-07,0.9995311498641968,5.831124872202054e-05,1.2613849094122997e-06,0.00018984198686666787,0.0002124961611116305,normal-cecum/9af88d49-0168-4fe7-a884-ed3eeb49d185.jpg
4,4,normal-pylorus,normal-pylorus,True,0.000184199059731327,0.0005353287560865283,0.05845285579562187,0.00016079079068731517,0.8631706237792969,0.0705341026186943,0.005655509419739246,0.0013066036626696587,normal-pylorus/3c5e4f93-4779-44fe-8c68-0e4f30439597.jpg
4,4,normal-pylorus,normal-pylorus,True,4.025634439130954e-07,2.768143986031646e-06,6.4930436565191485e-06,3.4222200611111475e-06,0.9999058246612549,4.227524914313108e-05,3.5602446587290615e-05,3.3234077818633523e-06,normal-pylorus/0dfd69cb-16d7-4e0b-8dc0-2c6b29f37b98.jpg
4,4,normal-pylorus,normal-pylorus,True,9.612191043117946e-09,3.9634734605442645e-08,5.653666903526755e-06,6.837848900431709e-07,0.9999847412109375,8.36382241686806e-06,2.97429494366952e-07,2.4442238100164104e-07,normal-pylorus/06d2ed44-a965-4b57-82b9-e3c3624a221a.jpg
0,0,dyed-lifted-polyps,dyed-lifted-polyps,True,0.9555740356445312,0.04425721988081932,2.687947744561825e-05,9.531615432933904e-06,1.646313130265753e-08,4.7443377297895495e-06,9.40095487749204e-05,3.3593485568417236e-05,dyed-lifted-polyps/2b4f4b47-38af-456d-a718-5aa60c8eb86d.jpg
7,7,ulcerative-colitis,ulcerative-colitis,True,6.99057272868231e-05,4.606684160535224e-05,2.581148919489351e-06,0.0003682701790239662,1.5333744158851914e-05,2.7461883291834965e-06,0.002542865229770541,0.9969521760940552,ulcerative-colitis/e2641bec-5209-4b96-a5d8-d4b8c81e095c.jpg
2,2,esophagitis,esophagitis,True,3.7959985093038995e-06,1.9291133867227472e-05,0.6983725428581238,7.187406481534708e-06,0.00010526892583584413,0.3014526069164276,2.440130447212141e-05,1.4927887605153956e-05,esophagitis/fe5a3239-dbd4-41e1-81cb-b7fe25e8b930.jpg
4,4,normal-pylorus,normal-pylorus,True,3.897625356330536e-05,2.9097280275891535e-05,0.012476945295929909,0.0002389283908996731,0.9148861765861511,0.028500370681285858,0.0436803363263607,0.00014922014088369906,normal-pylorus/c4593b17-defc-4346-8070-0a5a5bea1dae.jpg
4,4,normal-pylorus,normal-pylorus,True,1.4618926797993481e-05,1.696996514510829e-05,0.0008981868741102517,0.00032442124211229384,0.9945176243782043,0.0022229470778256655,0.000492119521368295,0.0015131477266550064,normal-pylorus/e7b6a704-2e98-4755-88d1-a26dcc29d57f.jpg
7,7,ulcerative-colitis,ulcerative-colitis,True,4.8815636546351016e-06,0.00010035006562247872,2.289502663188614e-05,7.955243199830875e-05,0.00015056888514664024,1.9502342183841392e-05,0.022796232253313065,0.9768260717391968,ulcerative-colitis/c7203d20-f57a-406d-ae02-8a1331a703c1.jpg
4,4,normal-pylorus,normal-pylorus,True,0.00011143670417368412,0.0004202117270324379,0.022294240072369576,3.296145951026119e-05,0.8559326529502869,0.11777854710817337,0.003418742911890149,1.1288449968560599e-05,normal-pylorus/c445633a-d1dc-4726-b2b5-5ff717143ba7.jpg
1,1,dyed-resection-margins,dyed-resection-margins,True,0.006978311110287905,0.9925906658172607,3.86703759431839e-05,3.1092349672690034e-05,4.054274904774502e-05,6.350834883050993e-05,1.6156038327608258e-05,0.00024106969067361206,dyed-resection-margins/1b615739-8d24-4d34-b009-548c2d7dd9ab.jpg
7,7,ulcerative-colitis,ulcerative-colitis,True,1.6955251339823008e-05,3.818493041762849e-06,1.531897760287393e-05,2.518622181924002e-07,2.883848537749145e-06,9.102162579210926e-08,0.0013434946304187179,0.9986171722412109,ulcerative-colitis/bce05b8c-b330-435c-bfd2-decbbf5819fb.jpg
3,3,normal-cecum,normal-cecum,True,0.0009049373911693692,0.00020519796817097813,7.325184924411587e-06,0.9903960227966309,0.00021495253895409405,1.2108474948036019e-05,0.007878494448959827,0.0003808637266047299,normal-cecum/17b277d1-ffa1-4b77-abc1-75503bea4330.jpg
5,5,normal-z-line,normal-z-line,True,4.339524821261875e-05,2.9635608370881528e-05,0.19151805341243744,1.5723673641332425e-05,0.0005712595302611589,0.8077418804168701,2.5910756448865868e-05,5.409502045949921e-05,normal-z-line/cc33f8fe-483c-4f76-8a00-1e28d52b81f2.jpg
3,3,normal-cecum,normal-cecum,True,2.919325743278023e-05,8.56518090586178e-06,8.947912419898785e-07,0.99817955493927,1.5544329698968795e-06,5.851067044204683e-07,0.0011940163094550371,0.0005857013748027384,normal-cecum/e667ee83-4435-42c6-b69c-c9618dda2aa5.jpg
5,5,normal-z-line,normal-z-line,True,3.198516060365364e-05,3.59703553840518e-05,0.02975870668888092,3.561846369848354e-06,0.0002765899116639048,0.9697522521018982,0.0001347713841823861,6.169709195091855e-06,normal-z-line/c478c477-5f90-4156-972d-d5851cb3050e.jpg
6,6,polyps,polyps,True,0.0009130282560363412,0.00017892308824229985,7.645161531399935e-05,0.0006436579278670251,2.4585471692262217e-05,3.3359381632180884e-05,0.9933870434761047,0.004742864519357681,polyps/3c36e788-4795-4078-bb14-f2aa1605855d.jpg
5,5,normal-z-line,normal-z-line,True,8.267688099294901e-05,1.2683748536801431e-05,0.08997678011655807,6.881666649860563e-06,0.002794508822262287,0.9052577614784241,0.0015407948521897197,0.00032783130882307887,normal-z-line/a96e3f08-9f1f-43b7-934f-4b6bf34ec046.jpg
0,0,dyed-lifted-polyps,dyed-lifted-polyps,True,0.9916440844535828,0.008347593247890472,1.1961942618654575e-06,6.519225621559599e-07,7.127820822461217e-08,3.9069439594641153e-07,3.551623194653075e-06,2.4533899249945534e-06,dyed-lifted-polyps/fda47e17-cfb3-4fc1-8d67-c423b8c2d192.jpg
1,1,dyed-resection-margins,dyed-resection-margins,True,0.02459673397243023,0.9753631949424744,1.6694342775736004e-05,3.410416411497863e-07,1.0502127452127752e-06,1.9625256300059846e-06,9.89558975561522e-06,1.0120368642674293e-05,dyed-resection-margins/387b2c72-8ec0-4c48-b2f6-0334b80cb7c2.jpg
7,7,ulcerative-colitis,ulcerative-colitis,True,8.87890018930193e-06,8.05959825811442e-06,1.357198812002025e-06,1.1765711178668425e-06,6.23358937446028e-06,4.608066319633508e-06,0.008619694039225578,0.9913499355316162,ulcerative-colitis/02039406-18b3-4f10-95ab-f2f7280ef351.jpg
3,3,normal-cecum,normal-cecum,True,1.9289975170977414e-05,5.067027814220637e-06,1.7462366486142855e-06,0.9973642230033875,0.00031915679574012756,3.265521854700637e-06,0.0017614641692489386,0.0005257614539004862,normal-cecum/1252b352-50d0-4b13-a827-9df06cd43607.jpg
4,4,normal-pylorus,normal-pylorus,True,7.383476622635499e-05,0.00015551804972346872,0.0026840046048164368,0.00038763578049838543,0.8842395544052124,0.0033726287074387074,0.10863281041383743,0.0004540985100902617,normal-pylorus/5b5116aa-3b84-43a6-bf3e-4b851d0d124c.jpg
7,7,ulcerative-colitis,ulcerative-colitis,True,0.023036617785692215,0.0027553634718060493,4.822965638595633e-05,0.0033999125007539988,4.403232378535904e-05,2.1175096662773285e-06,0.07820704579353333,0.8925067186355591,ulcerative-colitis/c5571b03-4d92-4866-a823-528634d4a9cf.jpg
4,4,normal-pylorus,normal-pylorus,True,7.310629324130957e-10,1.418800277264154e-08,7.506673682655673e-07,4.719813873066414e-08,0.999996542930603,2.2977301341597922e-06,2.6542056730249897e-07,2.50564990977864e-09,normal-pylorus/ebaa74f4-a586-4efb-b035-4dbfc84b67a5.jpg
7,7,ulcerative-colitis,ulcerative-colitis,True,0.0002570858341641724,5.1169743528589606e-05,1.2714097465504892e-05,5.7679767451190855e-06,5.8255695876141544e-06,1.5814554217286059e-06,0.003230676520615816,0.9964351654052734,ulcerative-colitis/34dd46e6-b875-4823-ad18-5ed1ad93c822.jpg
7,7,ulcerative-colitis,ulcerative-colitis,True,0.00015336535579990596,0.000740629795473069,6.297610070760129e-06,0.000127134146168828,6.694977491861209e-05,7.855888725316618e-06,0.0062591200694441795,0.9926387071609497,ulcerative-colitis/d8526b7b-8f97-4c40-a5cf-40d9fa9603db.jpg
5,5,normal-z-line,normal-z-line,True,0.0014990053605288267,0.0003426283656153828,0.052594177424907684,0.0002916301309596747,0.009519030340015888,0.9345377683639526,0.0011668977094814181,4.884791633230634e-05,normal-z-line/65fb8539-f1c1-4088-9811-c9b4238079f1.jpg
5,5,normal-z-line,normal-z-line,True,2.2101161448517814e-05,3.468390059424564e-05,0.027415504679083824,7.211424872366479e-06,0.00011901115794898942,0.9723659753799438,2.1304402253008448e-05,1.4206862942955922e-05,normal-z-line/a81ec55f-7560-40b0-953c-cb09f2baa169.jpg
2,2,esophagitis,esophagitis,True,0.00018537198775447905,0.00169863342307508,0.987274169921875,1.9801485962034349e-07,5.359577698982321e-05,0.00020707646035589278,0.00011380904470570385,0.010467148385941982,esophagitis/10b9522f-f3d7-40c0-bfff-c82f2228850a.jpg
2,5,esophagitis,normal-z-line,False,6.716538223372481e-07,3.339850081829354e-06,0.0264138150960207,2.268925527459942e-06,4.630662806448527e-05,0.9735280871391296,4.087756224180339e-06,1.4066303037907346e-06,esophagitis/5db4f1db-0aac-4207-aefb-a56f3b90f410.jpg
5,5,normal-z-line,normal-z-line,True,1.4533669855154585e-05,5.630816303892061e-06,0.02839929237961769,1.6675301594659686e-05,0.00046813359949737787,0.968995988368988,0.002087973291054368,1.1712774721672758e-05,normal-z-line/4c780ff4-b373-4a81-a09f-a8f2fe5a56e0.jpg
5,5,normal-z-line,normal-z-line,True,8.311278179462533e-06,5.066115591034759e-06,0.07442721724510193,2.9724046726187225e-06,0.002161787124350667,0.9233821034431458,7.1141603257274255e-06,5.433718342828797e-06,normal-z-line/d56e2d07-6c3e-4de8-b8f2-a07054e4558e.jpg
0,0,dyed-lifted-polyps,dyed-lifted-polyps,True,0.9388946890830994,0.05768762156367302,0.0002210029779234901,0.0030993111431598663,3.8538642002095e-06,5.508743561222218e-05,3.563788050087169e-05,2.853259275070741e-06,dyed-lifted-polyps/b8ba70d6-bfa4-4ac1-9042-7b7cdfccc55b.jpg
3,3,normal-cecum,normal-cecum,True,0.00032098620431497693,7.228360482258722e-05,2.7940410291193984e-05,0.9972561001777649,1.702920962998178e-05,2.1765199562651105e-05,0.0017756170127540827,0.0005082982243038714,normal-cecum/8b7e4f1e-5266-4fff-9563-9309e104dcd4.jpg
5,5,normal-z-line,normal-z-line,True,0.0003609524283092469,0.00016405293717980385,0.34789013862609863,4.572883699438535e-05,0.0005517525714822114,0.6477535367012024,0.002240660833194852,0.0009931784588843584,normal-z-line/67c7029d-3b5f-4312-8233-4ea7cda8c6ad.jpg
5,5,normal-z-line,normal-z-line,True,2.9624320632137824e-06,8.220561539928894e-06,0.09663151204586029,1.0248304533888586e-06,0.0006092215189710259,0.9027389883995056,5.001109457225539e-06,3.1826571103010792e-06,normal-z-line/e506fd95-eb45-4443-ac85-3c9d74bbc212.jpg
1,1,dyed-resection-margins,dyed-resection-margins,True,0.13219766318798065,0.8677588105201721,1.5991812688298523e-05,9.180803317576647e-06,8.467686285484888e-08,8.924931535148062e-06,6.109553851274541e-06,3.2483944778505247e-06,dyed-resection-margins/9a6f4254-3cf2-4922-87f8-0e70293780df.jpg
0,0,dyed-lifted-polyps,dyed-lifted-polyps,True,0.9941965341567993,0.005651631858199835,2.1147664597265248e-07,4.3018846440645575e-07,3.485021382587661e-09,1.1537593280763758e-07,0.00014959809777792543,1.5129945722947014e-06,dyed-lifted-polyps/a409312b-8b26-41a3-b1e1-2acd84041696.jpg
4,4,normal-pylorus,normal-pylorus,True,6.151946581667289e-05,3.8097819924587384e-05,0.005192178301513195,0.00026979370159097016,0.9556879997253418,0.012591030448675156,0.023754335939884186,0.0024050245992839336,normal-pylorus/026715f1-d01e-47c7-ae95-93b46695a7e8.jpg
4,4,normal-pylorus,normal-pylorus,True,1.1046042800444411e-06,4.7387466111104e-06,0.00014573104272130877,1.7176553228637204e-06,0.9988439083099365,0.0008595316321589053,0.00014034571358934045,2.8544943688757485e-06,normal-pylorus/0668ef5b-b6d7-4ea0-a753-19fb8fb35403.jpg
6,6,polyps,polyps,True,0.002037108177319169,0.0036740265786647797,0.002056815894320607,0.164801687002182,0.015444931574165821,0.0009582662023603916,0.7058599591255188,0.10516711324453354,polyps/7bc879b1-41a0-46cb-9c2b-72302353821b.jpg
4,4,normal-pylorus,normal-pylorus,True,0.00010717075201682746,8.63591194502078e-05,0.007582539226859808,0.00010570984886726364,0.9157076478004456,0.023728419095277786,0.051377639174461365,0.0013045640662312508,normal-pylorus/e11e8c02-40ee-479b-8a92-89a08eb96ca1.jpg
7,7,ulcerative-colitis,ulcerative-colitis,True,0.013783453032374382,0.0021057408303022385,0.0010696286335587502,0.002490599639713764,0.0002448900486342609,0.0004909962881356478,0.3532860577106476,0.6265285611152649,ulcerative-colitis/4691b176-a499-435f-96c2-ea18221be30a.jpg
3,3,normal-cecum,normal-cecum,True,3.664569703687448e-06,8.701522347109858e-06,3.0683150953336735e-07,0.9997504353523254,2.0358934307296295e-06,3.3320318948426575e-07,4.904088655166561e-07,0.00023396815231535584,normal-cecum/5e898ee3-2d11-4f7f-9a10-528eef1197c3.jpg
5,5,normal-z-line,normal-z-line,True,1.2599572073668242e-05,0.00015717497444711626,0.04038592427968979,8.65509264258435e-06,0.0003524678177200258,0.9586023092269897,3.0120007068035193e-05,0.0004508882120717317,normal-z-line/da446ca4-65a4-4f78-95d2-bc83705791a3.jpg
0,0,dyed-lifted-polyps,dyed-lifted-polyps,True,0.9620857834815979,0.03753768652677536,6.6249385781702586e-06,0.00035923460382036865,1.779107634547472e-07,5.5526270443806425e-06,1.000665520223265e-06,3.932268555217888e-06,dyed-lifted-polyps/6f1ee301-8bb8-4cda-b04f-5f11593b528b.jpg
1,1,dyed-resection-margins,dyed-resection-margins,True,0.046019285917282104,0.9472669959068298,0.00012426213652361184,6.895319529576227e-05,0.00012105736823286861,7.18897717888467e-05,0.005928184371441603,0.0003993587160948664,dyed-resection-margins/4e0741ee-d57b-4d2b-b532-0535e4cb00d4.jpg
4,4,normal-pylorus,normal-pylorus,True,1.649855562391167e-06,1.776459498614713e-06,0.001046655816026032,4.2819981899810955e-05,0.9954388737678528,0.002740955911576748,0.0007266014581546187,6.62440811538545e-07,normal-pylorus/a4271b8a-90d7-436e-aa81-ceaeb25d081e.jpg
3,3,normal-cecum,normal-cecum,True,0.0013745130272582173,0.00022022347548045218,0.0001429039257345721,0.9680168032646179,0.00013051256246399134,6.697842036373913e-05,0.019212085753679276,0.010835935361683369,normal-cecum/2029d77f-86c4-49ee-bfe8-352d7deb171e.jpg
7,7,ulcerative-colitis,ulcerative-colitis,True,0.0009253406897187233,0.0001158231170848012,1.1315544725221116e-05,0.0021678670309484005,1.2939060979988426e-05,1.670384699536953e-05,0.021176625043153763,0.9755732417106628,ulcerative-colitis/24e3b8b5-5a1f-43f8-b4df-39adcd372360.jpg
4,4,normal-pylorus,normal-pylorus,True,0.0009988711681216955,0.002238866640254855,0.007299953140318394,0.0012086802162230015,0.871442437171936,0.015658147633075714,0.09270787239074707,0.00844520516693592,normal-pylorus/2cb59460-3851-4a63-ac53-2575fc705d91.jpg
6,6,polyps,polyps,True,0.0011401113588362932,0.0008400639053434134,0.00044587679440155625,8.789038110990077e-05,0.005051656160503626,0.0004045749665237963,0.9915265440940857,0.0005032885237596929,polyps/585ed425-f88e-4866-92c9-847ea9dd279f.jpg
3,6,normal-cecum,polyps,False,0.012801481410861015,0.000773118284996599,0.00011592368537094444,0.3069722652435303,0.00022622461256105453,0.00017033715266734362,0.6771939992904663,0.001746619469486177,normal-cecum/7dedfd42-79ba-446d-86d1-bb78350e14bf.jpg
7,7,ulcerative-colitis,ulcerative-colitis,True,0.0006873458623886108,0.0011032489128410816,0.00034817782579921186,3.447470226092264e-05,1.7172826119349338e-05,4.294998143450357e-05,0.015441364608705044,0.9823252558708191,ulcerative-colitis/60d47817-2a44-49e4-ad6a-a85413b5089f.jpg
7,7,ulcerative-colitis,ulcerative-colitis,True,0.00022580352379009128,0.00028957767062820494,0.0010938671184703708,0.009193435311317444,0.013275387696921825,0.00022212116164155304,0.08366747945547104,0.8920323252677917,ulcerative-colitis/698f130b-41ff-414d-908c-8d8c0f82d4a8_00001725.jpg
7,7,ulcerative-colitis,ulcerative-colitis,True,0.0009688665741123259,0.0017194153042510152,0.001017230679281056,6.232933810679242e-05,0.002445274032652378,0.0010622788686305285,0.001998291350901127,0.9907262325286865,ulcerative-colitis/475ccd47-8da2-4d36-b960-9b5f98a6e9bd.jpg
1,1,dyed-resection-margins,dyed-resection-margins,True,0.013118961825966835,0.9863936305046082,1.0813105291163083e-05,5.01540707773529e-05,4.4295896373114374e-07,9.516920727037359e-06,1.1232361430302262e-05,0.0004052763106301427,dyed-resection-margins/90aab213-c306-4571-872f-ca64de8663cc.jpg
6,6,polyps,polyps,True,0.00014235985872801393,4.946512035530759e-06,1.6377511201426387e-05,0.00024992963881231844,0.0001379733148496598,5.7492998166708276e-06,0.9992892742156982,0.00015345384599640965,polyps/1ca07a42-56c0-45fd-b00d-0a012ea0aa25.jpg
2,2,esophagitis,esophagitis,True,0.00012813397916033864,0.0001444145746063441,0.770331621170044,3.729604941327125e-05,0.0020808216650038958,0.22170595824718475,0.005202820990234613,0.0003688406141009182,esophagitis/448fe4c5-3828-4b16-b19c-96c36fafe375.jpg
7,7,ulcerative-colitis,ulcerative-colitis,True,8.612505189375952e-05,0.0002841420646291226,1.6777057680883445e-05,0.002379043959081173,1.9380491721676663e-05,2.7728729037335142e-05,0.0008701537153683603,0.9963165521621704,ulcerative-colitis/5414d2a8-be45-4d37-9443-fcd95b23f694.jpg
7,7,ulcerative-colitis,ulcerative-colitis,True,0.00046597185428254306,0.0001720602303976193,1.2527236776804784e-06,0.0005206693895161152,1.288166458834894e-06,7.768082468828652e-06,0.033783819526433945,0.9650471806526184,ulcerative-colitis/29fa25de-290b-475d-a1c5-423a0f2d8ce0.jpg
2,2,esophagitis,esophagitis,True,4.44270990556106e-05,0.00016465225780848414,0.6357592344284058,9.58657983574085e-06,0.00016512369620613754,0.3637068569660187,0.00013066396059002727,1.9403172700549476e-05,esophagitis/967e3bf2-ede9-4af8-b601-17389642ed1d.jpg
2,2,esophagitis,esophagitis,True,0.007641550153493881,0.002092750510200858,0.890080451965332,6.9576403802784625e-06,0.00015208272088784724,0.013680875301361084,0.0028069070540368557,0.08353840559720993,esophagitis/1f6f6180-0dca-4140-bbac-d52b948ccc72.jpg
0,0,dyed-lifted-polyps,dyed-lifted-polyps,True,0.5660991668701172,0.43290024995803833,6.867806951049715e-05,4.273205195204355e-05,7.093213838516021e-08,4.1451266952208243e-07,2.209769718319876e-06,0.0008865609997883439,dyed-lifted-polyps/6f2c5da1-0274-4423-89a3-fee48dad9a70.jpg
5,5,normal-z-line,normal-z-line,True,6.107376975705847e-05,0.004227169789373875,0.08047658205032349,7.130158792278962e-06,0.0023082271218299866,0.9129102230072021,1.264235265807656e-06,8.352902113983873e-06,normal-z-line/27620e07-5a2f-4e4f-924a-d0593dc28083.jpg
2,2,esophagitis,esophagitis,True,5.583388337981887e-05,7.28808663552627e-05,0.9963420033454895,1.9082460767094744e-07,4.1323892219224945e-06,0.003241173457354307,5.949641490587965e-06,0.000277835555607453,esophagitis/a8509083-57f3-4269-baca-7aedb26178e5.jpg
7,7,ulcerative-colitis,ulcerative-colitis,True,0.12269473075866699,0.01694905012845993,0.0019416313152760267,0.014253527857363224,0.0016390376258641481,0.0003607134858611971,0.4019533693790436,0.4402080476284027,ulcerative-colitis/e143d501-fa31-4cc9-a052-81f717a9639f.jpg
3,3,normal-cecum,normal-cecum,True,9.806103480514139e-05,4.092851668247022e-05,4.981728852726519e-05,0.9684643745422363,0.0005892441258765757,2.5291621568612754e-05,0.025922751054167747,0.0048095048405230045,normal-cecum/249777ea-7b95-4286-9337-c710d010e787.jpg
6,6,polyps,polyps,True,0.008080794475972652,0.0014230249216780066,0.0002851339231710881,0.014127692207694054,0.00011883090337505564,0.0007266118191182613,0.958972692489624,0.016265200451016426,polyps/b3c0d01f-c298-4f5a-823b-9f301df6482d.jpg
5,5,normal-z-line,normal-z-line,True,1.985144535865402e-06,6.901506822032388e-06,0.039663899689912796,5.7680090321809985e-06,4.498356793192215e-05,0.9601795673370361,1.9678796888911165e-05,7.71800332586281e-05,normal-z-line/b0c2b334-bc9f-4d3c-a554-a7300ee41d4a.jpg
7,7,ulcerative-colitis,ulcerative-colitis,True,1.5092122339410707e-05,3.62027913070051e-06,1.6304660675814375e-05,7.210039711935678e-07,2.7201467673876323e-05,1.0748774002422579e-05,0.0008377706981264055,0.9990885257720947,ulcerative-colitis/a41907b6-55dc-4f8a-8b17-a6de4958413a.jpg
4,4,normal-pylorus,normal-pylorus,True,7.75299838551291e-07,8.23110622150125e-06,2.2432646801462397e-05,3.366139208083041e-05,0.9998369216918945,7.970823935465887e-05,7.737210580671672e-06,1.0433980605739634e-05,normal-pylorus/6c9be005-9c6e-4ae7-bf9f-8d0e4742ca0a.jpg
7,7,ulcerative-colitis,ulcerative-colitis,True,7.295049726963043e-05,0.0004943080130033195,0.0008806809782981873,0.0009555654833093286,4.177056780463317e-06,1.2164470717834774e-05,0.004089025780558586,0.9934912323951721,ulcerative-colitis/9a659d5d-d3c9-4724-986c-a52a8832ea8e.jpg
7,7,ulcerative-colitis,ulcerative-colitis,True,2.953473085653968e-05,0.00017629544890951365,3.35048207489308e-05,0.0002526356256566942,0.013478090055286884,0.00013335478433873504,0.0031380413565784693,0.9827585816383362,ulcerative-colitis/fbe9d724-770a-4aca-9c35-4ceb6ec980be.jpg
2,5,esophagitis,normal-z-line,False,8.26541906917555e-07,0.0001084779214579612,0.05410771444439888,3.961895799875492e-06,3.701121841004351e-06,0.945750892162323,5.307908281793061e-07,2.383011997153517e-05,esophagitis/3d9254af-0f00-4eab-9933-28ae1a8fa07e.jpg
1,1,dyed-resection-margins,dyed-resection-margins,True,0.2081615924835205,0.7914705276489258,0.00023425190011039376,1.6742617390264058e-06,1.0955042029081596e-07,4.932866067974828e-05,3.7850913940928876e-06,7.861053745727986e-05,dyed-resection-margins/8b2cd3ae-0b47-4c83-a093-4e8de0586d96.jpg
6,6,polyps,polyps,True,0.00011018522491212934,0.0001233119546668604,2.7525245968718082e-05,0.000564711110200733,0.00015380575496237725,8.279317989945412e-05,0.9970929622650146,0.0018446387257426977,polyps/e6d1a3ac-871f-4f01-8a00-fbba205bedbf.jpg
0,0,dyed-lifted-polyps,dyed-lifted-polyps,True,0.6698289513587952,0.32957640290260315,2.8020200261380523e-05,4.1405246520298533e-07,7.146210379005424e-08,3.6132453828940925e-07,0.0005181397427804768,4.760613592225127e-05,dyed-lifted-polyps/2153159c-1c3c-4cb3-9880-e376d2a13456.jpg
3,3,normal-cecum,normal-cecum,True,0.0008333653677254915,6.731760367983952e-05,3.8350581235135905e-06,0.9975995421409607,3.4169295304309344e-06,1.2566004443215206e-05,0.00015629841072950512,0.001323604374192655,normal-cecum/494bf464-b95e-4ba8-a7d5-3bda5ebe7099.jpg
2,2,esophagitis,esophagitis,True,0.0018448124174028635,0.0005661121685989201,0.4963214695453644,3.701829700730741e-05,0.00045707731624133885,0.3744305670261383,0.029475029557943344,0.0968678817152977,esophagitis/3b7a4e13-6ad5-49e4-ad17-60705dd5fb43.jpg
6,6,polyps,polyps,True,0.0016071186400949955,0.002634247997775674,5.913789937039837e-05,0.01179349236190319,0.0004596776270773262,0.00021251518046483397,0.9711624383926392,0.012071330100297928,polyps/8e2e4a61-cd16-4d20-a872-72bdc0bc855d.jpg
0,0,dyed-lifted-polyps,dyed-lifted-polyps,True,0.9996575117111206,0.00031156535260379314,5.060466264694696e-06,3.8629306686743803e-07,2.9877515572707125e-08,1.267982315766858e-05,1.270192296942696e-05,1.0562921914925028e-07,dyed-lifted-polyps/d3c71b77-a9fd-4099-a297-76bbc3960a22.jpg
2,5,esophagitis,normal-z-line,False,0.003457674290984869,0.0012163488427177072,0.26211604475975037,4.163109042565338e-05,0.0002616432902868837,0.7308952212333679,0.00184142857324332,0.00017000304069370031,esophagitis/56990aa3-2a8d-4493-ba6e-b73cb17d24d2.jpg
5,5,normal-z-line,normal-z-line,True,0.0003209424903616309,5.640287054120563e-05,0.17871029675006866,2.847991527232807e-05,0.0008133217925205827,0.820043683052063,1.3326110092748422e-05,1.3525745998776983e-05,normal-z-line/3ff0fdbb-ff96-42b6-823e-6fc57a66a426.jpg
7,7,ulcerative-colitis,ulcerative-colitis,True,0.0038669214118272066,0.04452083632349968,0.002552899532020092,0.0058264113031327724,0.0007566685671918094,0.00145492865704,0.3304441273212433,0.6105771064758301,ulcerative-colitis/ae68bef5-8ca4-42fd-a275-d34ee4ea8c14_00003005.jpg
4,4,normal-pylorus,normal-pylorus,True,9.165690244117286e-06,2.9467028070939705e-05,0.0027369677554816008,0.00027425368898548186,0.9822728037834167,0.011968089267611504,0.002656501717865467,5.277504533296451e-05,normal-pylorus/faaf601c-5fa9-4b0f-9562-7c1ce2eff572.jpg
6,6,polyps,polyps,True,0.035021279007196426,0.07571020722389221,0.05017884448170662,0.007633707020431757,0.0007699095294810832,0.07636809349060059,0.752256453037262,0.002061518607661128,polyps/1f05bae6-ff57-4c42-8648-715e3f60b387.jpg
1,1,dyed-resection-margins,dyed-resection-margins,True,0.18328489363193512,0.795264720916748,0.0021797972731292248,0.011391879059374332,0.00017254440172109753,0.002651538234204054,0.004669207148253918,0.0003853508678730577,dyed-resection-margins/3899a73d-f7cd-4ea8-b643-e189bf94f6fb.jpg
4,4,normal-pylorus,normal-pylorus,True,4.600799172749248e-07,9.560801572661148e-07,3.638230555225164e-05,1.1533863471413497e-05,0.9997462630271912,0.00018763895786833018,1.595184949110262e-05,8.029723517211096e-07,normal-pylorus/dee117e6-b8c9-48e0-ab14-86fd7174b10a.jpg
7,3,ulcerative-colitis,normal-cecum,False,0.053626906126737595,0.005071877967566252,0.00021030499192420393,0.6000069379806519,3.601024945965037e-05,0.00031998060876503587,0.22016803920269012,0.1205599308013916,ulcerative-colitis/45f2bb33-9a0c-4ab1-bfd2-01326ed4578d.jpg
2,2,esophagitis,esophagitis,True,9.231597459802288e-07,5.350346782506676e-06,0.6884532570838928,1.965892579391948e-06,0.0002930712653324008,0.3112400770187378,4.365676431916654e-06,1.049470370162453e-06,esophagitis/17e2a780-7946-4cd5-8400-492d08b3ccea.jpg
6,6,polyps,polyps,True,0.00019350154616404325,0.00010019999899668619,8.837450877763331e-05,0.00016239375690929592,2.2340676878229715e-05,0.00018759696104098111,0.9195457696914673,0.07969984412193298,polyps/a8057fb6-2c32-4c72-ac7f-9c0501ff845a.jpg
5,5,normal-z-line,normal-z-line,True,6.7524961195886135e-06,6.49314679321833e-05,0.38829267024993896,3.3553824323462322e-06,6.443867277994286e-06,0.6115999221801758,1.8077580534736626e-05,7.815527169441339e-06,normal-z-line/1b5968d2-ab34-4ac1-8cfb-e477081da1ef.jpg
2,5,esophagitis,normal-z-line,False,0.0005654060514643788,0.0008868040167726576,0.3251631259918213,0.0031255357898771763,0.0025808587670326233,0.6492977142333984,0.01720743626356125,0.0011731875129044056,esophagitis/172131a5-6777-4c63-b16d-cf3963ce7c5d.jpg
6,6,polyps,polyps,True,0.0008492383640259504,0.00021956309501547366,1.6069392586359754e-05,2.7627491363091394e-05,0.0007387034129351377,0.00014374725287780166,0.9973457455635071,0.0006594067090190947,polyps/ae94e672-677c-449c-a035-815f36b932ee.jpg
3,3,normal-cecum,normal-cecum,True,0.008264036849141121,0.0013640830293297768,4.333310789661482e-05,0.8799387812614441,0.00010403115447843447,0.00012896471889689565,0.10718540102243423,0.0029713655821979046,normal-cecum/e01c9722-f201-417c-85fe-ec7f217a203d.jpg
6,6,polyps,polyps,True,0.0006558502791449428,0.00010673482029233128,2.513680374249816e-05,0.0013841978507116437,2.5060877305804752e-05,1.0058677617053036e-05,0.9942899942398071,0.003502907231450081,polyps/0e45e027-bdcf-4ca4-9b12-d9e2bc00245a.jpg
7,7,ulcerative-colitis,ulcerative-colitis,True,0.005152475088834763,0.002149920677766204,0.0005518089164979756,0.01460303831845522,0.0001693339872872457,0.00011837030615424737,0.30533644556999207,0.671918511390686,ulcerative-colitis/007dcc7c-1f16-49ee-a8a1-5e752596abd5.jpg
0,0,dyed-lifted-polyps,dyed-lifted-polyps,True,0.6276363730430603,0.3711490333080292,8.254554268205538e-05,0.0010752537054941058,1.1336171155562624e-05,2.670582580321934e-05,1.1463356713647954e-05,7.295175237231888e-06,dyed-lifted-polyps/8435d203-4e3e-49e8-a3ab-484edfef3d07.jpg
3,3,normal-cecum,normal-cecum,True,0.0005584079772233963,0.00016220506222452968,0.00040292003541253507,0.9732875823974609,0.00034326600143685937,0.00010715263488236815,0.014705441892147064,0.010433017276227474,normal-cecum/77e77c38-2678-4855-a485-61b68d421218.jpg
4,4,normal-pylorus,normal-pylorus,True,2.7622814968708553e-07,1.7516703110231902e-07,5.900610995013267e-05,0.0012723132967948914,0.9982636570930481,0.00023058816441334784,9.559646969137248e-06,0.00016447724192403257,normal-pylorus/5f89687c-f488-40cb-96d6-78f5e52f40b8.jpg
0,0,dyed-lifted-polyps,dyed-lifted-polyps,True,0.7835164666175842,0.20348674058914185,0.0012584769865497947,0.00026795631856657565,9.967104415409267e-05,0.00017403787933290005,0.011186755262315273,9.86217401077738e-06,dyed-lifted-polyps/84a2005e-b11b-41ee-b212-ec0b7600ea62.jpg
1,1,dyed-resection-margins,dyed-resection-margins,True,0.0002841425593942404,0.9997113347053528,7.386121865238238e-07,1.3645899343828205e-06,2.9033964210611884e-07,5.677650278812507e-07,2.5869979936032905e-07,1.2215994047437562e-06,dyed-resection-margins/d4217886-9b0f-4abf-9e62-31b1d55ac1e0.jpg
1,0,dyed-resection-margins,dyed-lifted-polyps,False,0.6196627020835876,0.3641107380390167,0.0004966256092302501,0.00601911311969161,2.7271851649857126e-05,0.00014634864055551589,0.008202243596315384,0.0013349580112844706,dyed-resection-margins/6ee47ae4-8ece-4bfa-bdc7-daf03faa4238.jpg
1,1,dyed-resection-margins,dyed-resection-margins,True,0.022594260051846504,0.9773984551429749,2.514976813472458e-06,1.1853353498736396e-07,8.090761838275284e-09,3.286112715272793e-08,2.881009208977048e-07,4.475719833862968e-06,dyed-resection-margins/74db78a1-30d0-48a5-aa32-da804fc77c1e.jpg
3,3,normal-cecum,normal-cecum,True,0.0012826448073610663,0.0006243872339837253,0.0001509263092884794,0.7995252013206482,0.0005043320707045496,0.00014826198457740247,0.19485154747962952,0.0029127050656825304,normal-cecum/770fa1a7-b493-4bba-add5-446689911724.jpg
1,1,dyed-resection-margins,dyed-resection-margins,True,0.00015976322174537927,0.9998385906219482,1.3435088703772635e-06,1.2872529708829461e-08,6.401439378578289e-10,6.872100044574836e-08,8.186446187607999e-09,7.02262568097467e-08,dyed-resection-margins/e72c9ae6-a57d-48ac-ade7-6e92dd552a6d.jpg
2,2,esophagitis,esophagitis,True,1.8620004993863404e-05,4.163208359386772e-06,0.5849043726921082,3.2647318448653095e-07,1.0121846116817323e-06,0.4148879051208496,2.219092721134075e-06,0.0001813599228626117,esophagitis/dbf45d72-58cb-4743-a02d-61bc601c7f1e.jpg
3,3,normal-cecum,normal-cecum,True,0.00018436199752613902,0.0006645484245382249,8.73583212523954e-06,0.9918306469917297,6.82014251651708e-06,4.452428129297914e-06,0.0012279899092391133,0.006072492338716984,normal-cecum/54e7440d-9726-435f-a27f-245244a02c4f.jpg
0,1,dyed-lifted-polyps,dyed-resection-margins,False,0.36661258339881897,0.6333670020103455,5.48743992112577e-06,9.929233783623204e-06,7.55589812939661e-09,4.906318054054282e-07,1.8634515299709165e-06,2.7055175451096147e-06,dyed-lifted-polyps/b22efb41-24cb-4daf-9057-0b19742ac42c.jpg
2,5,esophagitis,normal-z-line,False,0.00022760580759495497,0.00011589113273657858,0.35465967655181885,1.1550027011253405e-05,0.00045697775203734636,0.6411357522010803,0.0033466434106230736,4.594636266119778e-05,esophagitis/5a623300-3aa2-4b64-a96c-eb9b4bc7f3bf.jpg
4,4,normal-pylorus,normal-pylorus,True,2.6687089871302305e-07,6.913224410709518e-07,1.0257438589178491e-05,1.6131623397086514e-06,0.9998440742492676,9.43034392548725e-05,4.6641445806017146e-05,2.1454857233038638e-06,normal-pylorus/e5881299-214f-40d0-b9ef-aac22d8fe805.jpg
5,5,normal-z-line,normal-z-line,True,1.5187961253104731e-05,0.00010414266580482945,0.43769562244415283,6.455000402638689e-06,0.0020936932414770126,0.5596397519111633,0.00042172917164862156,2.3342783606494777e-05,normal-z-line/eade4a2c-fe15-4385-9592-134c9ed2954d.jpg
6,6,polyps,polyps,True,0.001984855392947793,0.001075273030437529,5.161733861314133e-05,0.005600637756288052,0.0003200908249709755,0.00039088050834834576,0.9315299391746521,0.05904676392674446,polyps/006338df-e61e-4725-bb6c-dd0620f11cdc.jpg
5,5,normal-z-line,normal-z-line,True,2.6314287424611393e-06,6.308816409728024e-06,0.020021989941596985,1.3073555237497203e-05,7.69210237194784e-06,0.979933500289917,8.594945029472001e-06,6.218611815711483e-06,normal-z-line/a06940e3-5cf4-404d-a900-a6b2ba8b00fc.jpg
5,5,normal-z-line,normal-z-line,True,0.00010570384620223194,0.00013672625937033445,0.06047901138663292,5.0036502216244116e-05,0.02609854005277157,0.9070659875869751,0.006017083302140236,4.6959150495240465e-05,normal-z-line/64b4309b-a916-4b22-8edb-14c6e030c926.jpg
0,0,dyed-lifted-polyps,dyed-lifted-polyps,True,0.7059502601623535,0.29373833537101746,3.874390677083284e-05,0.0002001169923460111,6.578500233445084e-08,2.8094834760850063e-06,1.850926855695434e-05,5.1154296670574695e-05,dyed-lifted-polyps/9b26369a-22bd-4118-add3-16223837b40d.jpg
0,1,dyed-lifted-polyps,dyed-resection-margins,False,0.47391191124916077,0.5260099172592163,6.011272853356786e-05,1.2929109288961627e-05,1.4292974803709058e-08,1.5456402024938143e-07,5.42967597993993e-07,4.500691829889547e-06,dyed-lifted-polyps/11b7ca25-7985-4755-ae8e-9f66c2c97545.jpg
0,0,dyed-lifted-polyps,dyed-lifted-polyps,True,0.811357855796814,0.16896209120750427,0.0003285217098891735,1.7794513041735627e-05,2.189121369156055e-05,7.641549746040255e-05,0.018797796219587326,0.0004376153810881078,dyed-lifted-polyps/0bf20651-4369-41e5-b62d-7689a682e994.jpg
2,5,esophagitis,normal-z-line,False,0.00023001902445685118,4.829578392673284e-05,0.13417065143585205,5.870031236554496e-05,0.005727843847125769,0.8576989769935608,0.0012322516413405538,0.0008332969737239182,esophagitis/949a67c8-2a8d-463f-8b60-a9741cd9975f.jpg
4,4,normal-pylorus,normal-pylorus,True,2.681224771095003e-07,2.742267781741248e-07,7.475878373952582e-05,9.415953172720037e-06,0.9974319338798523,0.0021837761159986258,0.00029913068283349276,5.888024929845415e-07,normal-pylorus/1becd2d2-27d4-467d-b534-a0513ec61fa8.jpg
2,2,esophagitis,esophagitis,True,4.825290943699656e-06,0.00015164293290581554,0.9351926445960999,1.0988648000420653e-06,4.116309355595149e-05,0.06454068422317505,8.997480108519085e-06,5.879899254068732e-05,esophagitis/4c5f4e85-adea-4fc5-9270-32d94f6cd10c.jpg
1,1,dyed-resection-margins,dyed-resection-margins,True,0.25314590334892273,0.7458370923995972,0.0001492169831180945,0.000765192206017673,3.919977643818129e-06,1.4123747860139702e-05,6.582308560609818e-05,1.8746861314866692e-05,dyed-resection-margins/3263b1a2-7e01-4055-bda4-166f4c413f20.jpg
5,5,normal-z-line,normal-z-line,True,0.0002851542958524078,0.00011274473217781633,0.15894289314746857,3.030700645467732e-05,0.0008164639584720135,0.8388896584510803,0.0006117698503658175,0.00031107873655855656,normal-z-line/8e8e200c-545d-4cd8-96ba-c003b46f56f3.jpg
2,2,esophagitis,esophagitis,True,0.00015271043230313808,0.0011400338262319565,0.9962498545646667,3.044239917926461e-07,9.349510946776718e-06,0.0016211424954235554,3.401952926651575e-05,0.0007925948011688888,esophagitis/eeac41bd-363d-4a6e-bf4a-b5fd34ba992b.jpg
3,3,normal-cecum,normal-cecum,True,0.002396270865574479,0.00402403948828578,0.005962301976978779,0.9308770895004272,5.34619866812136e-05,0.0014055146602913737,0.032848767936229706,0.022432655096054077,normal-cecum/3f3eacce-e63b-45f4-a890-ade671eb1135.jpg
5,5,normal-z-line,normal-z-line,True,1.1302581697236747e-06,1.0509786534385057e-06,0.08381503075361252,3.5365639632800594e-05,0.0009562355116941035,0.9151427149772644,4.095314579899423e-06,4.443478610482998e-05,normal-z-line/763600b9-ac84-452e-9d56-c070c17477bf.jpg
4,4,normal-pylorus,normal-pylorus,True,3.163026804031688e-06,0.0004786913050338626,8.825930126477033e-05,2.72674260486383e-05,0.9954720735549927,8.932088530855253e-05,0.003279418684542179,0.0005617579445242882,normal-pylorus/d7a787d4-abb9-48f5-a144-e8819362a551.jpg
7,6,ulcerative-colitis,polyps,False,0.00181028270162642,0.00016376782150473446,0.0002600941515993327,0.3372502326965332,0.0002542501606512815,0.00024062154989223927,0.5492843389511108,0.1107364371418953,ulcerative-colitis/17f2d1a8-48e5-4cb5-a76b-57897b6161fd.jpg
4,4,normal-pylorus,normal-pylorus,True,1.3105333209750825e-06,7.1982281042437535e-06,0.0020029223524034023,8.019722736207768e-05,0.9703514575958252,0.02662389911711216,0.0009247301495634019,8.371011972485576e-06,normal-pylorus/cd5bfd00-a60f-48b9-b892-222f509e7388.jpg
3,3,normal-cecum,normal-cecum,True,0.0004077101475559175,0.0005867966683581471,1.135987440648023e-05,0.9879232048988342,6.14191276326892e-06,5.73890793020837e-06,0.01070356834679842,0.0003555037546902895,normal-cecum/806b485d-f403-4eab-b405-14d19bd9665e.jpg
6,6,polyps,polyps,True,0.002572361845523119,0.007561659440398216,0.00031396097620017827,0.25031882524490356,0.00020811695139855146,0.001201573759317398,0.7352050542831421,0.002618490718305111,polyps/88614fc5-d141-42e4-bfb1-5bb43476f8ca.jpg
6,6,polyps,polyps,True,0.00011406942940084264,7.371347601292655e-05,1.6198788216570392e-05,0.0008750353590585291,0.0003207110858056694,3.8182541175046936e-05,0.9982245564460754,0.0003374673833604902,polyps/445dd4f8-9fc7-4144-a8c7-be8cdb1a3113.jpg
0,0,dyed-lifted-polyps,dyed-lifted-polyps,True,0.9993791580200195,0.00041701478767208755,6.138407115940936e-06,1.1093235116277356e-05,5.382906920203823e-07,6.81598203300382e-06,0.00017639761790633202,2.7920095817535184e-06,dyed-lifted-polyps/19092f6c-bb96-44ed-819c-8ff7eab7b238.jpg
4,4,normal-pylorus,normal-pylorus,True,0.00026760532637126744,0.00012614286970347166,0.056793320924043655,0.00184662826359272,0.6926002502441406,0.1781471073627472,0.018406305462121964,0.051812607795000076,normal-pylorus/eb5a4cc2-ba85-4a93-a43d-6a32db465e15.jpg
6,7,polyps,ulcerative-colitis,False,0.002309659495949745,0.005667929071933031,0.0003243082610424608,0.01475326344370842,0.0012938131112605333,0.0010402100160717964,0.20226986706256866,0.7723409533500671,polyps/746c187e-9943-41e4-a6e7-1667881b2735.jpg
4,4,normal-pylorus,normal-pylorus,True,2.0769715774804354e-05,1.4376131730386987e-05,0.00022495990560855716,6.015779490553541e-06,0.9990936517715454,0.00011125495075248182,0.00033562557655386627,0.00019342830637469888,normal-pylorus/b99a41fe-1c10-4020-a67b-eefc32529e95.jpg
6,6,polyps,polyps,True,0.004526002332568169,0.001337155932560563,4.2602827306836843e-05,0.00036684871884062886,1.9950373825849965e-05,3.448838469921611e-05,0.9893012642860413,0.0043716649524867535,polyps/36afa3ba-ad19-467a-af3a-549250e5b473.jpg
7,7,ulcerative-colitis,ulcerative-colitis,True,0.0002948415058199316,0.0001729822688503191,3.0021936254343018e-05,0.002188789425417781,8.77421371114906e-06,0.00015598148456774652,0.0032908092252910137,0.9938578009605408,ulcerative-colitis/88035563-df5b-4f9b-8289-b2a8e4e8ef4a.jpg
3,3,normal-cecum,normal-cecum,True,0.00031724892323836684,9.994835272664204e-05,9.53198250499554e-05,0.9610189199447632,0.0012831854401156306,0.00017654882685746998,0.0369538888335228,5.4886546422494575e-05,normal-cecum/3238cd25-1518-4165-9d90-e2be06312a76.jpg
5,5,normal-z-line,normal-z-line,True,0.00016016847803257406,5.619810690404847e-05,0.2839203476905823,9.684336873760913e-06,0.0019687716849148273,0.7126995921134949,0.0005428617005236447,0.0006424816674552858,normal-z-line/2c79764a-6ea8-4cd8-8d84-a8d87b7b53b1.jpg
5,5,normal-z-line,normal-z-line,True,0.00013532949378713965,0.00032885963446460664,0.2375216782093048,4.787442594533786e-05,0.005878389813005924,0.7440792322158813,0.0012843103613704443,0.010724222287535667,normal-z-line/391aa9af-07ae-4ae3-8a6c-ddf967145603.jpg
0,0,dyed-lifted-polyps,dyed-lifted-polyps,True,0.9992148876190186,0.0007470185519196093,2.476264739925682e-07,7.591687989361162e-08,1.734124066565812e-09,1.796764905748205e-07,3.7545170926023275e-05,8.541867657640978e-08,dyed-lifted-polyps/73932b1b-fd8d-48bd-a788-efd3b7f7409b.jpg
7,7,ulcerative-colitis,ulcerative-colitis,True,0.0018618637695908546,0.008537250570952892,0.0002546198375057429,0.00014158140402287245,4.633842399925925e-05,1.109191362047568e-05,0.0018924386240541935,0.9872548580169678,ulcerative-colitis/ae68bef5-8ca4-42fd-a275-d34ee4ea8c14_00000636.jpg
2,2,esophagitis,esophagitis,True,4.0084287320496514e-05,0.0004219996917527169,0.9890614748001099,5.1416311180219054e-05,0.0007866643136367202,0.009278271347284317,0.0002554419625084847,0.00010457164898980409,esophagitis/ec2bd839-2704-4101-9704-8fb0e9c6524a.jpg
7,7,ulcerative-colitis,ulcerative-colitis,True,0.05516771599650383,0.013653337024152279,0.0016401505563408136,0.017680423334240913,0.0001140106760431081,0.0020291474647819996,0.014854603447020054,0.894860565662384,ulcerative-colitis/7a1032e2-84e3-44cb-b570-16c697a80ae4.jpg
3,3,normal-cecum,normal-cecum,True,2.756871617748402e-05,4.762379467138089e-05,5.519796104636043e-05,0.9943397641181946,0.001264785067178309,2.171300002373755e-05,0.0036470580380409956,0.0005963842268101871,normal-cecum/21fb4d5e-ca0d-45a7-9c6c-780e2591b57e.jpg
7,7,ulcerative-colitis,ulcerative-colitis,True,0.013671670109033585,0.0021454738453030586,4.453355722944252e-05,0.010302040725946426,8.086507477855776e-06,6.377227691700682e-05,0.1114034429192543,0.8623610138893127,ulcerative-colitis/2dcadd3f-12d3-4cbf-b5d0-2f4b1bfe51b9.jpg
1,1,dyed-resection-margins,dyed-resection-margins,True,0.10567867010831833,0.8943119645118713,3.562461643014103e-06,1.4032333695013222e-07,4.63082283630456e-09,3.019376038082555e-08,4.970323175257363e-07,5.066210633231094e-06,dyed-resection-margins/6bc45c69-8764-4380-bae9-9181692739b9.jpg
2,5,esophagitis,normal-z-line,False,3.1999137718230486e-05,4.6672055759700015e-05,0.2990317940711975,0.0009016875410452485,0.21710911393165588,0.436295747756958,0.04657075181603432,1.2160905498603825e-05,esophagitis/cf6f6ddd-7133-4daf-89c6-2c967bd08969.jpg
7,7,ulcerative-colitis,ulcerative-colitis,True,3.857579486066243e-06,3.8234629755606875e-06,2.412680260022171e-05,2.4154255697794724e-06,1.181209313472209e-06,3.4923523344332352e-06,0.002056428464129567,0.9979047775268555,ulcerative-colitis/c8546c4f-3fe5-4274-b5c8-5f40993d50a8.jpg
3,3,normal-cecum,normal-cecum,True,0.0012623460497707129,0.0005049487808719277,0.0003527064109221101,0.9777207970619202,0.0001622761192265898,0.00045225583016872406,0.01378167700022459,0.005762951914221048,normal-cecum/34a3ba05-50ed-4e0d-b02c-3b32a720279b.jpg
2,2,esophagitis,esophagitis,True,8.557755063520744e-05,2.3175487513071857e-05,0.6735033392906189,2.6581043130136095e-05,2.739645424298942e-05,0.32606813311576843,0.00025460129836574197,1.1235818419663701e-05,esophagitis/c7ea0395-7b19-4451-939a-e5f99c41a680.jpg
3,3,normal-cecum,normal-cecum,True,0.0076524498872458935,0.0044399043545126915,0.0001345141208730638,0.747836172580719,0.0021259521599859,0.00014330388512462378,0.23732583224773407,0.00034179299836978316,normal-cecum/dc7130b5-34c7-4169-9b9c-57b962625b22.jpg
4,4,normal-pylorus,normal-pylorus,True,6.776152758902754e-07,7.90347087331611e-07,0.00020365745876915753,0.0001611176849110052,0.9968673586845398,0.0023456027265638113,0.000418427080148831,2.2774665922042914e-06,normal-pylorus/fce1f69b-f46a-41c7-9424-487aed1b69c2.jpg
2,2,esophagitis,esophagitis,True,3.305497739347629e-05,1.7158559785457328e-05,0.5478510856628418,3.6363855997478822e-06,0.0034543275833129883,0.4478766620159149,0.00013524186215363443,0.0006289160228334367,esophagitis/936144be-2bd4-4cc5-9fe5-1d79b4edea25.jpg
6,6,polyps,polyps,True,0.0013538934290409088,0.001686923555098474,0.0005847472348250449,0.00884564034640789,0.000532075297087431,0.0002681478508748114,0.8005688190460205,0.18615978956222534,polyps/fe59cfff-f9ea-42d6-bf6a-f7138bd7ae97.jpg
0,0,dyed-lifted-polyps,dyed-lifted-polyps,True,0.4373968243598938,0.10277730226516724,0.0030541843734681606,0.0014845607802271843,0.0026935930363833904,0.003553458023816347,0.41963571310043335,0.029404429718852043,dyed-lifted-polyps/8cd0e7d2-661f-4de6-8755-ac4b086e7d86.jpg
5,5,normal-z-line,normal-z-line,True,2.6226080080959946e-05,4.413515125634149e-05,0.32659345865249634,1.9441637050476857e-05,1.601583426236175e-05,0.6732041239738464,5.338876508176327e-05,4.3247251596767455e-05,normal-z-line/d58e4d2d-0bff-4529-ac26-d4af1c0869d2.jpg
3,3,normal-cecum,normal-cecum,True,3.864288373733871e-05,2.6641006115823984e-05,3.613529770518653e-06,0.9776161313056946,9.270016744267195e-05,5.141065685165813e-06,0.02163371816277504,0.0005833624163642526,normal-cecum/5da558c7-0e7e-40ab-8363-e263e22b64f9.jpg
1,1,dyed-resection-margins,dyed-resection-margins,True,0.026255477219820023,0.9734819531440735,3.350929910084233e-05,0.0002141346485586837,2.256178277093568e-06,6.778052920708433e-06,2.2376600554707693e-06,3.7137338040338363e-06,dyed-resection-margins/16ce4c26-8983-46cc-be67-43f809211334.jpg
1,1,dyed-resection-margins,dyed-resection-margins,True,0.31097090244293213,0.6890064477920532,4.0841528061719146e-06,8.796621955298178e-07,4.021823230004884e-08,1.3475984133037855e-06,1.4931719306332525e-05,1.4221942592484993e-06,dyed-resection-margins/6bdfadc1-6ccb-4040-a1b1-825c1a1292b5.jpg
0,0,dyed-lifted-polyps,dyed-lifted-polyps,True,0.964544951915741,0.0007239145343191922,0.0002119841519743204,0.0001322007447015494,2.5493820430710912e-05,9.207025868818164e-05,0.034158505499362946,0.00011080328840762377,dyed-lifted-polyps/48c4bde0-ad74-4007-bcda-1582fe870b06.jpg
5,5,normal-z-line,normal-z-line,True,4.346367495600134e-05,2.5746488972799852e-05,0.05753946676850319,8.920586878957693e-06,3.0296821933006868e-05,0.9420962929725647,5.069380495115183e-05,0.00020518817473202944,normal-z-line/c38ae957-4556-4993-b0e0-7e2cde4f62c1.jpg
5,5,normal-z-line,normal-z-line,True,3.9368322177324444e-05,7.290868961717933e-05,0.06518151611089706,2.989033418998588e-06,2.508684883650858e-05,0.9346532225608826,7.107146757334704e-06,1.7800846762838773e-05,normal-z-line/e9db23b7-b19c-4bd4-9b2d-2166b036d095.jpg
2,2,esophagitis,esophagitis,True,9.198106272378936e-05,0.0009470841032452881,0.9965168237686157,1.7412465069810423e-07,3.427039132475329e-07,0.00011507834278745577,7.099135109456256e-05,0.0022574616596102715,esophagitis/942c3b8a-7b96-4722-8b49-cdb582d6fdf7.jpg
4,4,normal-pylorus,normal-pylorus,True,4.0557196712143195e-07,3.0138214697217336e-06,1.7260183085454628e-05,0.00013693487562704831,0.9998393058776855,4.062854372932634e-07,2.5183965135511244e-06,1.558359770115203e-07,normal-pylorus/8a26ecf7-2a97-4c74-8ecb-b1806b362131.jpg
7,7,ulcerative-colitis,ulcerative-colitis,True,0.00096658815164119,0.08702663332223892,0.00030544339097104967,0.0005192733369767666,0.000977619318291545,1.99844034796115e-05,0.00627194344997406,0.9039126038551331,ulcerative-colitis/ae68bef5-8ca4-42fd-a275-d34ee4ea8c14_00000224.jpg
1,1,dyed-resection-margins,dyed-resection-margins,True,0.1317608505487442,0.8678962588310242,6.975510041229427e-05,6.729255255777389e-05,2.9114384233253077e-05,7.188130257418379e-05,9.446420153835788e-05,1.0376737009210046e-05,dyed-resection-margins/2431034c-f6e2-48af-9f81-c16681ab7654.jpg
1,1,dyed-resection-margins,dyed-resection-margins,True,0.024765178561210632,0.9752106666564941,2.0402785594342276e-05,8.832619755594351e-07,3.007274651523062e-09,5.034202104070573e-07,5.880508879840818e-08,2.368705281696748e-06,dyed-resection-margins/36d2ba41-d489-4bee-a164-97cded7319b6.jpg
1,1,dyed-resection-margins,dyed-resection-margins,True,0.06323277205228806,0.9367305040359497,2.5555355023243465e-05,3.42708699463401e-06,1.308978170300179e-07,2.98619511340803e-06,5.013941972720204e-07,4.088720288564218e-06,dyed-resection-margins/1d396354-b660-47ab-9d7c-330c1260e6f6.jpg
6,6,polyps,polyps,True,0.000557386432774365,1.6372845493606292e-05,2.5891637051245198e-05,0.0010282896691933274,0.00013674344518221915,1.5541880202363245e-05,0.9973196387290955,0.0009002048172987998,polyps/b7c6d24e-d670-4012-9def-23d4429d9a19.jpg
7,7,ulcerative-colitis,ulcerative-colitis,True,6.27844492555596e-05,0.0001367612276226282,0.000749564147554338,0.04731372743844986,0.006758392788469791,0.0020640376023948193,0.003047219943255186,0.9398674368858337,ulcerative-colitis/0046dd24-a4c0-4923-a07a-15be898182e2.jpg
1,1,dyed-resection-margins,dyed-resection-margins,True,0.029958102852106094,0.9699670672416687,2.1038631530245766e-05,3.184895831509493e-05,1.683949335529178e-07,6.313558060355717e-06,7.065363206493203e-06,8.357288606930524e-06,dyed-resection-margins/3a01ac6e-a859-44fd-9858-4281ed868f74.jpg
7,6,ulcerative-colitis,polyps,False,0.0031558696646243334,0.00526854582130909,0.00042421394027769566,0.001843655714765191,9.986698569264263e-05,0.0017213161336258054,0.7141597867012024,0.2733267545700073,ulcerative-colitis/13c874a6-6508-4870-a569-0949f4ff1ab7.jpg
3,7,normal-cecum,ulcerative-colitis,False,9.139848407357931e-05,2.6383306249044836e-05,3.9602805372851435e-06,0.4537707567214966,0.0021355445496737957,2.8960481358808465e-05,0.002600417472422123,0.5413426160812378,normal-cecum/ae4a6a20-cc3f-4e91-884f-0b5dc21001d3.jpg
4,4,normal-pylorus,normal-pylorus,True,6.6809693635150325e-06,6.927189588168403e-06,0.0015112924156710505,0.00023028143914416432,0.9827141165733337,0.006610307842493057,0.008898383006453514,2.1985693820170127e-05,normal-pylorus/7da4b6f7-6a5d-4ae2-8d2f-08542725080f.jpg
7,7,ulcerative-colitis,ulcerative-colitis,True,7.949000746521051e-07,5.8385503507452086e-06,4.729433385364246e-06,6.508030310214963e-07,3.3351936963299522e-06,6.021812168910401e-06,0.003553044283762574,0.9964255690574646,ulcerative-colitis/4289c63c-6ca8-42e9-aa54-dbdf7fdad3a8.jpg
3,3,normal-cecum,normal-cecum,True,1.4235882190405391e-05,1.622744821361266e-05,2.298997060279362e-06,0.9953078627586365,1.1609317880356684e-05,1.7888427237267024e-06,0.003421943401917815,0.0012239355128258467,normal-cecum/c47b27b9-e9ca-40c7-8888-e28407130720.jpg
2,2,esophagitis,esophagitis,True,7.571982132503763e-05,7.337855640798807e-05,0.6854313015937805,5.3825133363716304e-06,0.010281037539243698,0.30396199226379395,0.0001482109510106966,2.28837197937537e-05,esophagitis/06bf814c-3ade-4a4c-812e-a4bd2ff569d9.jpg
0,0,dyed-lifted-polyps,dyed-lifted-polyps,True,0.7085909843444824,0.2910580635070801,8.736379822948948e-05,0.0001443581422790885,7.122378065105295e-07,5.922904165345244e-05,5.566452455241233e-05,3.725927854247857e-06,dyed-lifted-polyps/4b5b559b-2603-4181-b0e6-433b9365f68e.jpg
1,1,dyed-resection-margins,dyed-resection-margins,True,0.006741875782608986,0.993237316608429,7.794502380420454e-06,3.6697016980724584e-08,9.712758810564992e-07,7.078099883983668e-07,2.0619239649022347e-07,1.1079204341513105e-05,dyed-resection-margins/14110694-9cf3-4dc6-a63c-b2e10c19633b.jpg
1,1,dyed-resection-margins,dyed-resection-margins,True,0.007645942736417055,0.9923157691955566,1.2703238098765723e-05,5.156789939064765e-06,4.6513818574567267e-07,8.194939255190548e-06,7.24193296264275e-06,4.509088739723666e-06,dyed-resection-margins/9faf1303-c0e4-482b-a25a-11f39c8e0f33.jpg
2,2,esophagitis,esophagitis,True,0.0004524726828094572,0.00025917711900547147,0.9123848676681519,5.463113484438509e-05,0.00016201450489461422,0.03558948636054993,0.0007037273608148098,0.05039363354444504,esophagitis/5bc98f3f-7bde-4163-b936-5c80c847d5c3.jpg
2,2,esophagitis,esophagitis,True,0.0005373439635150135,0.000472054845886305,0.9937942028045654,1.2680925465247128e-06,4.9570167902857065e-05,0.0002502165443729609,0.0038541629910469055,0.001041209208779037,esophagitis/a3d9f1de-d7bb-4e24-8676-5c7c6f1ef0cf.jpg
0,0,dyed-lifted-polyps,dyed-lifted-polyps,True,0.9888112545013428,0.010936206206679344,7.457747415173799e-05,1.8633126046552206e-06,1.76051848654879e-08,3.674723302538041e-06,0.00016691035125404596,5.503665306605399e-06,dyed-lifted-polyps/df7bdf5b-167f-4ab4-b418-496a6538d475.jpg
1,1,dyed-resection-margins,dyed-resection-margins,True,0.027069728821516037,0.9727901816368103,5.442591282189824e-05,3.618410744365974e-07,1.2197175180972408e-07,3.015144102391787e-05,3.371102866367437e-05,2.1324247427401133e-05,dyed-resection-margins/0a3e9cb8-fb1b-4849-97e0-dbf433bad813.jpg
3,3,normal-cecum,normal-cecum,True,0.0004695568059105426,2.7134401534567587e-05,7.357758931902936e-06,0.9926508069038391,3.470539377303794e-05,2.5727211323101074e-05,0.00619268836453557,0.0005920103285461664,normal-cecum/0ee6110f-c4dc-4fd6-9bad-bd2240f84849.jpg
7,7,ulcerative-colitis,ulcerative-colitis,True,0.0016231564804911613,0.0008851849706843495,2.3152299036155455e-05,4.6068660594755784e-05,7.8674729593331e-06,1.6948400798355578e-06,0.030521180480718613,0.9668916463851929,ulcerative-colitis/16f78b82-2015-4006-966d-c95ccee181ae.jpg
6,6,polyps,polyps,True,0.0035084907431155443,0.001622940180823207,0.00015912120579741895,0.02219492942094803,0.0005270216497592628,6.845023017376661e-05,0.9702426195144653,0.0016763119492679834,polyps/2647375e-0e9a-4b90-9f05-dc537c572448.jpg
5,2,normal-z-line,esophagitis,False,0.00017069584282580763,2.5364339307998307e-05,0.5759202837944031,1.7250917153432965e-05,4.1156647057505324e-05,0.42357099056243896,1.7561156710144132e-05,0.00023673537361901253,normal-z-line/7b43791a-6a4f-4699-8d80-3a673b62637e.jpg
5,5,normal-z-line,normal-z-line,True,0.00022153562167659402,0.00025459445896558464,0.07708363234996796,0.0004320084990467876,0.01070043258368969,0.9038273692131042,0.007314598653465509,0.00016581524687353522,normal-z-line/5fbceba3-f8d3-48bc-966a-eec03b425fb2.jpg
2,2,esophagitis,esophagitis,True,9.463751666771714e-06,0.0005165180773474276,0.9916173815727234,3.1997511541703716e-05,0.005312031600624323,0.0016141575761139393,1.7578846382093616e-05,0.0008808791171759367,esophagitis/ee9948d8-36f7-47b8-9424-999071cc0c7a.jpg
3,3,normal-cecum,normal-cecum,True,0.0002462445991113782,5.29896242369432e-05,3.3919535781024024e-05,0.9959405660629272,2.7982337087451015e-06,2.916838820965495e-05,0.0006804836448282003,0.0030138264410197735,normal-cecum/2522f32b-d8e1-4821-83d4-40b66d4dfc79.jpg
4,4,normal-pylorus,normal-pylorus,True,7.901651883912564e-07,1.3713497537537478e-06,0.0001694781967671588,0.00014637198182754219,0.9980922341346741,0.0007983857649378479,0.0007242463179863989,6.716163625242189e-05,normal-pylorus/5f01c7bb-cb96-47ec-bb6f-95bbaaf6592b.jpg
6,6,polyps,polyps,True,0.11054521054029465,0.0024521651212126017,7.1708120231051e-05,0.13615953922271729,0.00014082760026212782,0.0001614510256331414,0.7469262480735779,0.00354280904866755,polyps/4ef71fd3-2d23-4d6a-92b7-a41b2a42c506.jpg
6,6,polyps,polyps,True,0.002443810924887657,0.00041350681567564607,1.7124748410424218e-05,0.027356911450624466,0.0006328907911665738,2.5651408577687107e-05,0.9538775682449341,0.015232551842927933,polyps/55cbb2b1-779a-42cf-bec8-5b9647740fab.jpg
4,4,normal-pylorus,normal-pylorus,True,0.0003138942120131105,0.0005199221195653081,0.004983661230653524,0.00519804609939456,0.9440305233001709,0.014498689211905003,0.030433116480708122,2.2110200006864034e-05,normal-pylorus/7b90f671-e163-4c78-93c4-604ef72b8d3d.jpg
6,6,polyps,polyps,True,0.0002340298960916698,0.00019562621309887618,0.0008273257990367711,0.004328333307057619,0.03412594646215439,0.002511227037757635,0.9439427852630615,0.013834798708558083,polyps/c6b88fab-1a32-4e2c-a192-83bc8a4c9e96.jpg
3,3,normal-cecum,normal-cecum,True,1.5401876225951128e-05,1.5743396943435073e-05,1.2520443306129891e-05,0.9963086247444153,5.179142317501828e-05,2.4956763809313998e-05,0.002558209700509906,0.0010127642890438437,normal-cecum/e8437829-a5d6-4dd5-a2bb-be094b311ee8.jpg
3,6,normal-cecum,polyps,False,0.003990481607615948,0.0021853232756257057,9.767290612217039e-05,0.2241065949201584,0.002298068953678012,2.3569586119265296e-05,0.7441768646240234,0.023121420294046402,normal-cecum/9f0d036c-d792-4876-ab8a-cf86bb4f804d.jpg
2,2,esophagitis,esophagitis,True,0.00018734646437224,0.0004138343792874366,0.8653362989425659,1.4753079085494392e-05,0.0002283578214701265,0.005148084368556738,0.0005746781243942678,0.12809664011001587,esophagitis/cc4ea119-4407-483f-af61-96c18d5a525a.jpg
2,2,esophagitis,esophagitis,True,0.0006900766165927052,0.008847676217556,0.9406588077545166,5.919353498029523e-06,0.0017306386725977063,0.0207854975014925,0.026514945551753044,0.0007665259181521833,esophagitis/ceb91887-a328-4d20-8792-d4626d726a9f.jpg
0,0,dyed-lifted-polyps,dyed-lifted-polyps,True,0.9799368381500244,0.006991180591285229,0.00017671423847787082,0.006464474834501743,2.971804133267142e-05,0.00015464794705621898,0.0046644508838653564,0.0015820037806406617,dyed-lifted-polyps/ede60e54-62b9-415f-88d0-c7629204a535.jpg
6,6,polyps,polyps,True,0.0013578359503298998,0.0002705973165575415,0.0006562015041708946,0.0012001072755083442,0.08478603512048721,0.003217149991542101,0.8626857399940491,0.04582630842924118,polyps/5736b0a2-ff0f-4e02-8caa-5be2d0373f17.jpg
6,6,polyps,polyps,True,0.0011378753697499633,0.00032970946631394327,0.00020551361376419663,0.00012873450759798288,7.872317655710503e-05,3.446214805080672e-06,0.8971498608589172,0.10096603631973267,polyps/1c236874-556c-402d-9709-c5c1672ec14a.jpg
1,1,dyed-resection-margins,dyed-resection-margins,True,0.055235497653484344,0.9439979195594788,0.0006446202169172466,2.9884780815336853e-05,3.219659845399292e-07,2.486131779733114e-05,2.5052065666386625e-06,6.444237806135789e-05,dyed-resection-margins/026c7b7a-f09e-424a-a27f-3b6081ed8187.jpg
2,2,esophagitis,esophagitis,True,2.1581539840553887e-05,0.0004410137189552188,0.9858729839324951,1.0154735718970187e-06,0.00022939352493267506,0.01330439280718565,0.0001053051310009323,2.436304566799663e-05,esophagitis/71a4671e-3257-4b64-9a8b-2d0b154ed7d0.jpg
0,0,dyed-lifted-polyps,dyed-lifted-polyps,True,0.992263674736023,0.007612721063196659,2.320382691323175e-06,8.8219491090058e-07,4.208903021662991e-07,3.6347049103824247e-07,0.00010360820306232199,1.5957228242768906e-05,dyed-lifted-polyps/be11d2cd-bbcd-4386-9ca5-1a593e0abeb7.jpg
1,1,dyed-resection-margins,dyed-resection-margins,True,0.0009505373891443014,0.9990445971488953,2.2649855964118615e-06,4.5772443968417065e-07,3.359015288140199e-09,7.663975765126452e-08,1.0587276477735941e-07,1.8654320683708647e-06,dyed-resection-margins/7bf3b766-0faf-44cb-8a6b-a43dcfd747c6.jpg
7,7,ulcerative-colitis,ulcerative-colitis,True,0.004016069695353508,0.0025167178828269243,0.0010651034535840154,5.570589200942777e-05,4.4160171341900423e-07,0.0001167737427749671,0.0002262837515445426,0.9920029640197754,ulcerative-colitis/4779a0e4-c0bf-4d57-b368-e302066453fc.jpg
3,3,normal-cecum,normal-cecum,True,0.009153379127383232,0.004111161921173334,0.00014426423877011985,0.5983132123947144,2.497053355909884e-05,0.00016618447261862457,0.004049818031489849,0.3840370178222656,normal-cecum/ef369301-5dab-4ac2-b904-21b2b76c7af2.jpg
1,1,dyed-resection-margins,dyed-resection-margins,True,0.0077410186640918255,0.9922560453414917,1.7024352700900636e-06,1.5187639235136885e-07,4.184488755498705e-09,3.843280360626977e-09,2.886870476004333e-08,1.0733275530583342e-06,dyed-resection-margins/98c057ef-0b40-4856-ba3f-4fffd9cf7523.jpg
1,1,dyed-resection-margins,dyed-resection-margins,True,2.6413792511448264e-05,0.9999674558639526,2.517641178201302e-06,7.086739515216323e-07,1.3274413959152298e-06,5.756820655733463e-07,7.528730634476233e-07,2.878645091186627e-07,dyed-resection-margins/cc5b2860-feeb-44d5-a63b-6ecf53c284a1.jpg
6,6,polyps,polyps,True,0.007921486161649227,0.004838630091398954,8.317125320900232e-05,0.0011106731835752726,0.0002079698897432536,5.914826033404097e-05,0.9854947328567505,0.00028414756525307894,polyps/dda7130c-c4e6-4af6-bb36-e0f014cbd1b4.jpg
0,0,dyed-lifted-polyps,dyed-lifted-polyps,True,0.8661733269691467,0.13376958668231964,2.3300666725845076e-05,2.0022121134388726e-06,7.737699370125029e-09,7.651806868125277e-07,1.7380189092364162e-05,1.3608835615741555e-05,dyed-lifted-polyps/0d53b1bb-ed38-4458-8e88-729d5fe4939e.jpg
3,3,normal-cecum,normal-cecum,True,0.0010625111171975732,0.00012519916344899684,1.7013303477142472e-06,0.9817095398902893,8.75567707225855e-07,8.044474952839664e-07,0.004626345820724964,0.012472921051084995,normal-cecum/4d9dce53-63cd-48ad-b17c-53aa9e618b1f.jpg
2,2,esophagitis,esophagitis,True,5.850936213391833e-05,0.0001082462549675256,0.9797961711883545,1.9436813545326004e-06,0.00046902711619623005,0.01859285682439804,0.0004193822096567601,0.0005538337863981724,esophagitis/c193c807-efb9-4478-9bca-26d4834d19ef.jpg
2,5,esophagitis,normal-z-line,False,3.648554240953672e-07,2.867134753614664e-06,0.37037569284439087,3.286902199306496e-07,8.148675988195464e-06,0.6295846104621887,1.3895094070903724e-06,2.6591558707877994e-05,esophagitis/20fe3c22-9cac-4196-aa4a-aabf6d015bfa.jpg
2,5,esophagitis,normal-z-line,False,0.0005446434952318668,0.0005556214018724859,0.25951969623565674,5.578904165304266e-05,0.009041166864335537,0.7289300560951233,9.182715984934475e-06,0.0013438289752230048,esophagitis/9a8c5e49-24d9-4d03-bc17-3f81fef07add.jpg
0,0,dyed-lifted-polyps,dyed-lifted-polyps,True,0.9690334796905518,0.01673106476664543,2.915534787462093e-05,5.526071163330926e-06,5.522826086235e-06,5.1238181185908616e-05,0.013867280445992947,0.00027665385277941823,dyed-lifted-polyps/e79b8bda-a6df-42a0-8e72-ede05e1e8263.jpg
3,3,normal-cecum,normal-cecum,True,0.00033173177507705986,0.00014448912406805903,3.874355570587795e-06,0.9880978465080261,0.0003687024291139096,1.9743663870031014e-05,0.01087238360196352,0.00016131027950905263,normal-cecum/249eb342-8e7d-4dab-9813-cc6983538d6c.jpg
1,1,dyed-resection-margins,dyed-resection-margins,True,0.03873537853360176,0.9608837962150574,0.00035151554038748145,1.9077060642302968e-06,6.021124363542185e-07,9.562552349962061e-07,6.444872269639745e-06,1.9349419744685292e-05,dyed-resection-margins/b520d99c-7330-4c7a-a2d8-8dc031ea70de.jpg
7,7,ulcerative-colitis,ulcerative-colitis,True,0.0006819897680543363,0.0011874799383804202,0.0011739230249077082,0.015933973714709282,0.00167200923897326,0.003876050701364875,0.040745966136455536,0.9347285032272339,ulcerative-colitis/cd67c8de-0523-4751-bffa-a62f485b6836.jpg
6,6,polyps,polyps,True,0.041717227548360825,0.0012279064394533634,0.0017887073336169124,0.0023501666728407145,0.0001445067027816549,0.009625882841646671,0.9055159091949463,0.03762974962592125,polyps/7c5031b5-5f93-479b-a2bd-61736f1ee140.jpg
3,3,normal-cecum,normal-cecum,True,0.0008775846799835563,0.000883313303347677,0.00014139724953565747,0.8666239380836487,3.8265414332272485e-05,5.408452489064075e-05,0.11433273553848267,0.017048578709363937,normal-cecum/a98d59d6-8d81-4a17-89da-0974dcf69314.jpg
7,7,ulcerative-colitis,ulcerative-colitis,True,0.004967298358678818,0.015944015234708786,0.0004073191958013922,0.034359410405159,0.0004033629666082561,0.0001079075300367549,0.10786932706832886,0.8359413743019104,ulcerative-colitis/ae68bef5-8ca4-42fd-a275-d34ee4ea8c14_00001262.jpg
7,7,ulcerative-colitis,ulcerative-colitis,True,8.092452503660752e-07,8.450372774859716e-07,2.1362609913921915e-05,7.32480259557633e-07,8.05436047812691e-06,3.619969720602967e-05,0.010020478628575802,0.9899114966392517,ulcerative-colitis/399fdb43-e36d-41ec-8e1a-44b19a40fcd3.jpg
2,2,esophagitis,esophagitis,True,4.8517747927689925e-05,0.0001916452602017671,0.998054027557373,1.4760706790184486e-06,1.8546961655374616e-06,0.0016930312849581242,6.036706054146634e-06,3.4442464311723597e-06,esophagitis/3bc675d6-d621-4ade-b2ec-547ac0190c55.jpg
7,7,ulcerative-colitis,ulcerative-colitis,True,0.00015421526040881872,0.0009434827952645719,6.438121636165306e-05,0.22827564179897308,0.0004807822115253657,0.00011581360013224185,0.007020619697868824,0.7629449963569641,ulcerative-colitis/149de8d0-1ba3-46d4-b73c-e0630f0089cc.jpg
4,4,normal-pylorus,normal-pylorus,True,7.605200380567112e-07,3.0098374281806173e-06,2.358141318836715e-05,0.00011577296390896663,0.999704897403717,6.184558878885582e-05,8.358671038877219e-05,6.640301307925256e-06,normal-pylorus/d502f96d-1c6b-4acd-9979-41368802afe2.jpg
5,5,normal-z-line,normal-z-line,True,0.0038993945345282555,0.0007059056079015136,0.25160327553749084,6.369481707224622e-05,0.001145157846622169,0.6831554770469666,0.05880891531705856,0.0006181587814353406,normal-z-line/22ab6f07-f4c3-4afa-a42f-06d43bc901be.jpg
3,3,normal-cecum,normal-cecum,True,8.443656952294987e-06,2.610097362776287e-05,6.333917099254904e-06,0.9987823367118835,5.202712782192975e-05,3.3949606859096093e-06,0.0010133866453543305,0.00010795363778015599,normal-cecum/7ba25e62-95ef-4dcf-812d-b81c6edd2f96.jpg
0,0,dyed-lifted-polyps,dyed-lifted-polyps,True,0.9674730896949768,0.03250421956181526,2.127680545527255e-06,3.609072791732615e-06,2.2296357826689928e-07,9.36750907953865e-08,3.216782033632626e-06,1.3404180208453909e-05,dyed-lifted-polyps/4eadf508-81de-4705-9738-6ac33abc1cb0.jpg
6,6,polyps,polyps,True,0.0089480085298419,0.004671554546803236,0.0028926313389092684,0.20861390233039856,0.006633826065808535,0.01699487678706646,0.7069548964500427,0.04429037496447563,polyps/74cfb908-fdb4-42d1-ad51-1c9ec68a8186.jpg
5,5,normal-z-line,normal-z-line,True,9.541539611745975e-07,5.4505471780430526e-06,0.09620650857686996,1.5214277482300531e-06,1.9883442291757092e-05,0.9037532806396484,8.871993486536667e-06,3.5405505514063407e-06,normal-z-line/cfcb08a4-7687-4cc1-a165-cf8489c84609.jpg
1,1,dyed-resection-margins,dyed-resection-margins,True,0.025171468034386635,0.9739155173301697,3.3319152862532064e-05,2.357844277867116e-05,1.1845073686345131e-06,7.218757218652172e-06,1.5218662383631454e-06,0.0008462705882266164,dyed-resection-margins/1965c755-1ba7-4e4f-86cc-39623f740fc5.jpg
3,3,normal-cecum,normal-cecum,True,6.69815835863119e-06,2.828583092195913e-06,3.9340179114333296e-08,0.9999353885650635,4.1334764944167546e-08,6.091557480658594e-08,9.137546840065625e-06,4.572304169414565e-05,normal-cecum/aeaa8d18-4313-49b0-b88c-273c9400707d.jpg
7,7,ulcerative-colitis,ulcerative-colitis,True,2.9813742003170773e-05,0.00011897325748577714,0.011499766260385513,2.2211004306882387e-06,0.0003983854840043932,0.0006799462134949863,0.0006956548313610256,0.986575186252594,ulcerative-colitis/15828fa5-ee5b-404e-8c4a-d710f1a0f54a.jpg
6,6,polyps,polyps,True,0.007535457611083984,0.005438643973320723,0.0023953516501933336,0.000148512699524872,0.001769663649611175,0.001883344491943717,0.8438258767127991,0.13700303435325623,polyps/cb91e19e-83b2-474b-b7ee-cf283ea21d7a.jpg
4,4,normal-pylorus,normal-pylorus,True,1.3670281987288035e-05,2.1449448468047194e-05,0.00021160300821065903,3.3223361128875695e-07,0.9981892704963684,0.00032812179415486753,0.0002045773435384035,0.0010308925993740559,normal-pylorus/6755bb82-8580-4d64-857f-d456facf8685.jpg
0,1,dyed-lifted-polyps,dyed-resection-margins,False,0.20386987924575806,0.7959176898002625,5.457833321997896e-05,3.7691617649215914e-07,1.8622536117618438e-06,2.4359129383810796e-05,1.6419543271695147e-06,0.0001296346017625183,dyed-lifted-polyps/23b2f181-4cd7-4a89-b157-16a6d275c0e1.jpg
1,1,dyed-resection-margins,dyed-resection-margins,True,0.06266450881958008,0.9372255206108093,6.465242768172175e-05,1.0704935448302422e-05,1.7882432075566612e-05,2.46617696575413e-06,2.032008296737331e-06,1.2199656339362264e-05,dyed-resection-margins/c078c82b-1fbd-47a5-b8c4-b77140b51e8f.jpg
5,5,normal-z-line,normal-z-line,True,9.262291860068217e-05,0.00020078667148482054,0.06005340814590454,3.559979086276144e-05,0.0005533426301553845,0.9385533928871155,0.00045444699935615063,5.632219108520076e-05,normal-z-line/7f82012e-69ff-45ed-9a52-95e87cc4558b.jpg
3,3,normal-cecum,normal-cecum,True,0.0004433094582054764,0.0002929279289674014,1.1633941539912485e-05,0.9909828305244446,4.259766137693077e-05,1.6817706637084484e-05,0.0005016860086470842,0.0077082375064492226,normal-cecum/e58c6c77-634b-4495-b602-fbc71501ebe1.jpg
2,2,esophagitis,esophagitis,True,1.1494023965497036e-05,1.4124494555289857e-05,0.551110029220581,1.1140346941829193e-05,0.02301320806145668,0.4252080023288727,0.0006285245181061327,3.456589638517471e-06,esophagitis/b3f7e1e1-14c2-4e28-869d-4e53ff96cb7c.jpg
2,2,esophagitis,esophagitis,True,2.7615134968073107e-05,0.0001338155270786956,0.5323606729507446,5.489877730724402e-05,0.00025372591335326433,0.4644468426704407,7.383261254290119e-05,0.0026487037539482117,esophagitis/9f8809a0-b6cb-440c-a031-a52f260002b6.jpg
4,4,normal-pylorus,normal-pylorus,True,0.0001055085813277401,0.00016101307119242847,0.006057276856154203,0.0001675576058914885,0.9499147534370422,0.020932937040925026,0.008434297516942024,0.014226547442376614,normal-pylorus/9d648e67-48f2-4b9e-a376-b64bc51e2c66.jpg
5,5,normal-z-line,normal-z-line,True,2.2118818378658034e-05,1.7468548321630806e-05,0.12138529866933823,7.118723715393571e-06,0.0006339953397400677,0.8766746520996094,0.001182124367915094,7.72204584791325e-05,normal-z-line/dc9b693e-e9f6-45a0-a593-3c1482f45f70.jpg
1,1,dyed-resection-margins,dyed-resection-margins,True,0.07847662270069122,0.559855580329895,0.025896620005369186,0.03710200637578964,0.00010220975673291832,0.0014558050315827131,0.0015066741034388542,0.2956045866012573,dyed-resection-margins/995ee031-9a2c-4568-87e3-269b8bb7db1e.jpg
4,4,normal-pylorus,normal-pylorus,True,5.752810466219671e-06,2.2133768652565777e-05,0.00045719699119217694,0.0013937120093032718,0.9932997226715088,0.0009900302393361926,0.0027787992730736732,0.001052550389431417,normal-pylorus/d7d8577a-a9da-488e-bde8-f1d5e6fbce05.jpg
3,3,normal-cecum,normal-cecum,True,0.0010357399005442858,0.004683821927756071,8.708975656190887e-06,0.978114902973175,0.0001539195654913783,9.492132448940538e-06,0.013949957676231861,0.0020434109028428793,normal-cecum/06847293-7b3b-4b4e-96f1-aa144a5c725d.jpg
3,3,normal-cecum,normal-cecum,True,0.006303901318460703,0.03417016193270683,0.00018706292030401528,0.6884627938270569,0.005356310401111841,0.0001721653388813138,0.23210027813911438,0.03324725851416588,normal-cecum/5b41e2b1-7211-476b-8503-d69e0a4ac65b.jpg
6,6,polyps,polyps,True,0.004608256742358208,0.00019298495317343622,1.5299327060347423e-05,0.036704059690237045,4.823912604479119e-06,1.9961373254773207e-05,0.9541330337524414,0.0043214051984250546,polyps/3bae4b0c-3fa7-4b05-9375-a342758b0b7f.jpg
3,3,normal-cecum,normal-cecum,True,0.003798444289714098,0.0010205109138041735,0.0006830189959146082,0.8076891899108887,0.0009861743310466409,0.0009034209651872516,0.1836528778076172,0.0012663074303418398,normal-cecum/626bff52-4732-4b19-b6f6-8d863b27f509.jpg
7,7,ulcerative-colitis,ulcerative-colitis,True,0.00017292631673626602,1.93493724509608e-05,8.756728493608534e-05,0.00043829766218550503,0.0005562424776144326,0.0002284850925207138,0.0492495596408844,0.9492476582527161,ulcerative-colitis/7b484d6b-9018-4971-98c1-c7818abff639.jpg
5,5,normal-z-line,normal-z-line,True,4.003172193733917e-07,4.410283509059809e-06,0.30661869049072266,4.559463832265465e-06,0.001142446999438107,0.6921514868736267,2.1755251964350464e-06,7.585545245092362e-05,normal-z-line/8d8a4b72-68e9-4ed5-9160-32fb74fcef23.jpg
7,7,ulcerative-colitis,ulcerative-colitis,True,1.9846445866278373e-05,1.955661537067499e-05,2.8455006031435914e-05,9.46149793890072e-06,6.16759825788904e-06,5.584158770943759e-06,0.16735096275806427,0.8325600028038025,ulcerative-colitis/698f130b-41ff-414d-908c-8d8c0f82d4a8_00001607.jpg
1,1,dyed-resection-margins,dyed-resection-margins,True,0.16452252864837646,0.8354426622390747,1.640064874663949e-05,9.624718586564995e-07,3.752050361072179e-06,3.32664228608337e-07,5.262920240056701e-06,8.139897545333952e-06,dyed-resection-margins/5f1123af-e58f-46f4-96c4-83e16179cbd5.jpg
0,0,dyed-lifted-polyps,dyed-lifted-polyps,True,0.7459417581558228,0.25250929594039917,0.000270215910859406,9.061614036909305e-06,5.23951314335136e-07,1.2981029613001738e-05,4.4742351747117937e-05,0.0012114279670640826,dyed-lifted-polyps/db83bddf-4368-4572-8e66-d52832ba1133.jpg
1,1,dyed-resection-margins,dyed-resection-margins,True,0.02625156380236149,0.9735325574874878,0.00010504834062885493,4.6329147153301165e-05,2.043523863903829e-06,1.1341737263137475e-05,2.4627504899399355e-05,2.641928949742578e-05,dyed-resection-margins/a19ca4be-1887-4c78-b8e2-28c115fb1543.jpg
1,1,dyed-resection-margins,dyed-resection-margins,True,0.043703045696020126,0.9515665173530579,1.0729201676440425e-05,8.370170689886436e-06,2.886556558223674e-07,8.281394002551679e-06,1.735680052661337e-05,0.0046853176318109035,dyed-resection-margins/400af79d-4386-4d62-b755-94acc38f1d3b.jpg
1,1,dyed-resection-margins,dyed-resection-margins,True,0.0137264309450984,0.9861814379692078,1.733067438181024e-05,3.7012036045780405e-05,5.591894478129689e-06,1.7357966498821042e-05,7.916476647551463e-07,1.4048171578906476e-05,dyed-resection-margins/8513d335-0b58-43eb-8668-f6f836d1c8c1.jpg
4,4,normal-pylorus,normal-pylorus,True,8.452424822280591e-07,2.496877868907177e-06,0.00011049090971937403,7.783932574056962e-07,0.9996398687362671,0.0001222575083374977,0.00012194403825560585,1.2279431302886223e-06,normal-pylorus/7f5c1bbf-91da-4f41-a93f-97aae48334d0.jpg
7,7,ulcerative-colitis,ulcerative-colitis,True,0.10140903294086456,0.010061847046017647,0.016489211469888687,0.00031663087429478765,0.0001665181334828958,0.00010016708256443962,0.007134247105568647,0.8643223643302917,ulcerative-colitis/209fd40a-5ded-4949-85d4-0f2b5e4e9b55.jpg
3,3,normal-cecum,normal-cecum,True,0.0018844148144125938,0.0006311009638011456,0.0008141343714669347,0.9073733687400818,0.0021613703574985266,0.01389656774699688,0.015856867656111717,0.0573822520673275,normal-cecum/7770186e-096c-4f6c-aa2b-6cb65eb01ebe.jpg
5,5,normal-z-line,normal-z-line,True,0.00022718247782904655,0.00018333799380343407,0.15190668404102325,7.587467280245619e-06,0.0007736198022030294,0.8434653878211975,0.0032375247683376074,0.00019876491569448262,normal-z-line/bcbf5d0a-b3fb-49e4-b552-52d27ba85d17.jpg
0,0,dyed-lifted-polyps,dyed-lifted-polyps,True,0.9828847646713257,0.01699938252568245,1.2349833014013711e-06,4.4264956500228436e-07,1.9680078366945963e-06,4.265740244591143e-06,0.00010705130262067541,8.847526373756409e-07,dyed-lifted-polyps/a5302d7a-18f8-4c15-9daa-9b0777f855eb.jpg
6,6,polyps,polyps,True,0.00029020197689533234,0.00017492900951765478,0.00024322830722667277,4.966397227690322e-06,0.00014670229575131088,2.4786204448901117e-05,0.9970882534980774,0.0020269134547561407,polyps/ae4323eb-7c93-4b2f-9ac1-4f1a63a416a8.jpg
5,2,normal-z-line,esophagitis,False,4.1814495489234105e-05,3.5585358091339003e-06,0.5922664403915405,9.848139370660647e-07,0.00022869360691402107,0.4070337116718292,0.0003105286159552634,0.00011439752415753901,normal-z-line/f9482c46-c4d3-40f2-b8dd-c1b493ce2806.jpg
3,3,normal-cecum,normal-cecum,True,0.0005025084246881306,0.0003994470462203026,1.6147885617101565e-05,0.9725151062011719,0.018369833007454872,0.00014787662075832486,0.004917750135064125,0.003131316974759102,normal-cecum/68b57fc7-e33b-46f0-9c41-a64845b99638.jpg
4,4,normal-pylorus,normal-pylorus,True,4.1009070628206246e-06,1.67413818417117e-05,0.002526198048144579,1.6938616909101256e-06,0.9959315657615662,0.0009115313296206295,0.0003364098665770143,0.00027170925750397146,normal-pylorus/9cbebba1-1884-4778-a71c-7285fb4d0c7d.jpg
3,3,normal-cecum,normal-cecum,True,0.001341709983535111,2.400387984380359e-06,1.9461877442950026e-08,0.9981308579444885,4.4135617827123497e-08,1.2022124451505078e-07,2.34503695537569e-05,0.0005013496847823262,normal-cecum/3e41b720-3049-41d4-8d7c-f25c0c3c7bd9.jpg
0,0,dyed-lifted-polyps,dyed-lifted-polyps,True,0.9838886260986328,0.016061875969171524,9.233058904101199e-07,4.15619005877943e-08,7.064687679303461e-08,1.0240006531603285e-06,4.6717475925106555e-05,6.841106596766622e-07,dyed-lifted-polyps/c73508ec-5bea-4f14-93d6-d881b19a5f59.jpg
1,1,dyed-resection-margins,dyed-resection-margins,True,0.0013965759426355362,0.9985992312431335,7.447452503583918e-07,1.084001041817828e-06,7.435182283188624e-07,1.0654155175870983e-06,8.130782447324236e-08,4.4706388280246756e-07,dyed-resection-margins/86fd3040-20c9-435f-9a2b-785742f1efb2.jpg
0,0,dyed-lifted-polyps,dyed-lifted-polyps,True,0.9813669323921204,0.011455928906798363,3.388493132661097e-05,5.061729098088108e-06,3.0187416655280686e-07,0.0002155226975446567,0.00213230075314641,0.004790016915649176,dyed-lifted-polyps/53a6b3c5-94a8-4701-a783-f9e705389983.jpg
6,6,polyps,polyps,True,0.00012545660138130188,0.00015334002091549337,3.6309997994976584e-06,7.597653166158125e-05,5.665910975949373e-06,1.476673878642032e-05,0.9992701411247253,0.00035105436109006405,polyps/524e6499-363b-411a-b6ff-669f6d7862bb.jpg
5,5,normal-z-line,normal-z-line,True,0.00016608141595497727,2.151436092390213e-05,0.29489538073539734,0.00023939261154737324,0.003026050515472889,0.7010033130645752,0.000639529200270772,8.737293683225289e-06,normal-z-line/8a8b6d9e-c706-4bc1-a1fb-79cae9a16f07.jpg
5,5,normal-z-line,normal-z-line,True,1.822877129598055e-05,0.00028966894024051726,0.1320459544658661,5.490979901878745e-07,1.8739236111287028e-05,0.8676000237464905,1.801258622435853e-05,8.732191417948343e-06,normal-z-line/bbeac024-2127-4d84-ac8b-2f25e49a2c82.jpg
7,7,ulcerative-colitis,ulcerative-colitis,True,2.5007975636981428e-05,6.351996125886217e-05,1.6589769984420855e-06,1.2130224604334217e-05,3.3796234220062615e-06,3.7066715776745696e-06,0.016648104414343834,0.9832425117492676,ulcerative-colitis/5e8dcffd-2353-4422-b00c-ec45e09938e9.jpg
4,4,normal-pylorus,normal-pylorus,True,1.7897258658194914e-05,0.00010099812789121643,0.006222727242857218,0.0014170838985592127,0.9557206630706787,0.014531427063047886,0.021505119279026985,0.00048417027574032545,normal-pylorus/163eef08-888d-4f3d-a0cd-004f56a9b827.jpg
6,6,polyps,polyps,True,0.0013032505521550775,0.0008820109651423991,1.316437828791095e-05,0.00018721750529948622,5.728368705604225e-06,0.0003539583121892065,0.9673246145248413,0.02993016131222248,polyps/0a98bcca-3046-4d9f-adf7-301ef4897e7a.jpg
1,1,dyed-resection-margins,dyed-resection-margins,True,2.7813015549327247e-05,0.9999704360961914,2.722179033298744e-07,8.489712932657767e-09,1.8520818212408585e-09,4.498460981494645e-08,1.4376662704762566e-07,1.3607377695734613e-06,dyed-resection-margins/75a89326-2dc6-4ac3-b4e3-d5c07cfa334d.jpg
0,0,dyed-lifted-polyps,dyed-lifted-polyps,True,0.9845788478851318,0.014392032288014889,1.9087221517111175e-05,0.00059554009931162,2.6732286642072722e-05,3.3478067052783445e-05,0.000311465235427022,4.2800442315638065e-05,dyed-lifted-polyps/c1de6db9-ce15-458d-97d6-4c1084ad85ef.jpg
0,0,dyed-lifted-polyps,dyed-lifted-polyps,True,0.8381592035293579,0.16182678937911987,8.17297950561624e-06,4.369412351934443e-07,5.949023602624948e-07,2.910818466261844e-06,1.5199071867755265e-06,3.986431522662315e-07,dyed-lifted-polyps/82315326-4999-4ecb-99f4-400d894fc6f8.jpg
4,4,normal-pylorus,normal-pylorus,True,1.9953839469621926e-08,1.2576721530876966e-07,4.5295287236513104e-06,1.8659848421975767e-07,0.9999817609786987,9.710115591587964e-06,3.557652235031128e-06,1.4927009317489137e-07,normal-pylorus/cf00bbbd-b18a-42ae-b855-4a1844f612bf.jpg
4,4,normal-pylorus,normal-pylorus,True,2.62414459939464e-06,2.6573748073133174e-06,0.0056528025306761265,4.886763053946197e-05,0.9886806011199951,0.005210109055042267,0.00024214347649831325,0.00016019151371438056,normal-pylorus/6f323590-3cfd-4270-a44a-d635b394a3dc.jpg
2,5,esophagitis,normal-z-line,False,0.00028370635118335485,7.340261072386056e-05,0.33611711859703064,1.159639305114979e-05,0.001282907440327108,0.6618125438690186,0.0004075343313161284,1.1306769920338411e-05,esophagitis/19d8c1dd-cb48-45f8-9280-ad57fa43ca0d.jpg
4,4,normal-pylorus,normal-pylorus,True,6.164600563351996e-07,8.265613473668054e-07,2.1361174731282517e-05,1.1218364306841977e-05,0.9998181462287903,0.00012366290320642292,2.279978434671648e-05,1.349700937680609e-06,normal-pylorus/eb06c610-d965-41e7-8ab2-743eaef10259.jpg
1,1,dyed-resection-margins,dyed-resection-margins,True,0.0012834613444283605,0.9987123012542725,1.8412043800708489e-06,6.59044701478706e-07,1.269704199557964e-07,3.1796884059076547e-07,6.813372692704434e-07,4.852608981309459e-07,dyed-resection-margins/d79b8ffc-6ab9-45f8-b226-6a40aafeb9b5.jpg
5,5,normal-z-line,normal-z-line,True,0.00010676636884454638,0.000237727421335876,0.09570293128490448,0.0007063067168928683,0.002353848423808813,0.8996291160583496,0.001255750423297286,7.5460616244527046e-06,normal-z-line/b50ca54a-203b-483e-92b6-d3a0b9d16ae1.jpg
5,2,normal-z-line,esophagitis,False,0.00011867044668179005,0.0002360845246585086,0.9023789763450623,2.187799736930174e-06,0.0015784415882080793,0.09557963907718658,3.9035330701153725e-05,6.690840382361785e-05,normal-z-line/87bdb51f-e12e-4b18-8abb-f14849133d46.jpg
0,0,dyed-lifted-polyps,dyed-lifted-polyps,True,0.9885076284408569,0.0001742671593092382,9.543035412207246e-05,4.334211553214118e-06,1.0917238796537276e-05,5.710592176910723e-07,0.011027761735022068,0.00017909632879309356,dyed-lifted-polyps/d2a77e71-6b7c-4178-b371-f93deabe13ff.jpg
2,5,esophagitis,normal-z-line,False,8.037735096877441e-05,0.00023195472022052854,0.40404966473579407,1.2145035270805238e-06,4.6145738451741636e-05,0.5945795774459839,0.0009464045288041234,6.46510161459446e-05,esophagitis/3f37b84e-d490-4020-b4df-07c952053b9b.jpg
3,3,normal-cecum,normal-cecum,True,0.0005271899281069636,0.0005111747304908931,4.242698196321726e-05,0.9845688343048096,2.251163323307992e-06,2.263821443193592e-05,0.006802639923989773,0.007522944826632738,normal-cecum/9b420421-8662-4400-8202-6af21b2fad39.jpg
0,0,dyed-lifted-polyps,dyed-lifted-polyps,True,0.9168733358383179,0.08310261368751526,2.2677706965623656e-06,9.017746833706042e-07,6.587399070667743e-08,1.7070721014533774e-06,1.553541369503364e-05,3.4686286198848393e-06,dyed-lifted-polyps/f004b232-558b-4da2-ac05-e680eb583913.jpg
0,0,dyed-lifted-polyps,dyed-lifted-polyps,True,0.7846912145614624,0.21518395841121674,2.592334567452781e-05,4.603154593496583e-06,2.231647158623673e-06,4.0716615330893546e-05,4.4757151044905186e-05,6.5948906922130845e-06,dyed-lifted-polyps/b54a1b23-2c6c-48bf-bce7-7ebd2d152715.jpg
7,7,ulcerative-colitis,ulcerative-colitis,True,6.147551175672561e-05,0.001363852876238525,0.00011721192277036607,1.5412499124067836e-05,7.773141987854615e-06,5.3384187594929244e-06,0.0020689796656370163,0.9963598847389221,ulcerative-colitis/c7387520-25ed-413e-bb3f-6314eda7c606.jpg
4,4,normal-pylorus,normal-pylorus,True,3.7037622746538545e-07,6.908161594765261e-06,1.6469268302898854e-05,2.5635413294367027e-06,0.999782383441925,1.6150275769177824e-05,0.00016594315820839256,9.237840458808932e-06,normal-pylorus/858a4d01-01f7-4950-ba8a-db8fd9bffca4.jpg
7,7,ulcerative-colitis,ulcerative-colitis,True,0.0004225374723318964,0.00016307196347042918,5.8659177739173174e-05,0.0009988025994971395,6.163695798022673e-05,1.274608621315565e-05,0.008514946326613426,0.9897676110267639,ulcerative-colitis/e47cbe95-7d3a-407c-8f03-038fd05296dd.jpg
3,3,normal-cecum,normal-cecum,True,0.0023326827213168144,0.008321058936417103,0.000768735189922154,0.8934552669525146,0.0001630349870538339,0.00023447367129847407,0.07204563915729523,0.02267906814813614,normal-cecum/0561eb4b-1def-4376-9d25-0c123eabd9b2.jpg
1,1,dyed-resection-margins,dyed-resection-margins,True,0.08919691294431686,0.9104733467102051,5.755503480031621e-06,0.0001523392420494929,1.5637621686437342e-07,1.5337334389187163e-06,7.98156761447899e-05,9.013543603941798e-05,dyed-resection-margins/a27b8323-c7b5-484b-bfb1-1d95669e7175.jpg
6,6,polyps,polyps,True,0.007522089406847954,0.0005374890170060098,0.0010891936253756285,0.004406898748129606,0.0003692234167829156,0.0008850808953866363,0.9779753684997559,0.007214645855128765,polyps/56d36c2a-a318-4aef-a454-2b58be054342.jpg
4,4,normal-pylorus,normal-pylorus,True,0.0003297097282484174,0.0002852790348697454,0.0008582592708989978,2.2740554413758218e-05,0.993895947933197,0.00018935749540105462,0.0011010539019480348,0.003317586611956358,normal-pylorus/c932679f-7c73-4f20-9770-e97c6ec65cb5.jpg
2,5,esophagitis,normal-z-line,False,1.701945802778937e-05,1.1484869901323691e-05,0.0431305356323719,1.504926876805257e-05,0.0024755646008998156,0.9532745480537415,0.0010604349663481116,1.5403771612909622e-05,esophagitis/4152c0a4-db41-49a1-97ab-dae35b6c7226.jpg
3,3,normal-cecum,normal-cecum,True,0.00010976260819006711,2.03382642212091e-05,7.778585131745785e-05,0.9971627593040466,1.6438340026070364e-05,3.191892756149173e-05,0.001787434914149344,0.0007934761815704405,normal-cecum/5a7a835e-0a56-48f5-b44f-09aee583a73c.jpg
5,5,normal-z-line,normal-z-line,True,0.0019496709574013948,0.010208786465227604,0.45761051774024963,9.93883531918982e-06,0.003459000028669834,0.5259304642677307,0.0005975011736154556,0.00023417724878527224,normal-z-line/d40f6e50-7231-498e-9398-ecab96487df0.jpg
6,6,polyps,polyps,True,0.000219466513954103,6.925209891051054e-05,5.278535536490381e-05,0.0007361854077316821,0.00010298173583578318,3.9087532059056684e-05,0.9974110722541809,0.0013691335916519165,polyps/1c121ac5-0545-4644-943c-7ead76f2ca53.jpg
6,6,polyps,polyps,True,2.0929875972797163e-05,5.134313596499851e-06,5.482278993440559e-06,8.641692693345249e-05,0.00015268244897015393,7.85923475632444e-06,0.999665379524231,5.6146665883716196e-05,polyps/20cb9bd3-af0e-44ea-98a2-186b148d2595.jpg
4,4,normal-pylorus,normal-pylorus,True,9.402356937471268e-08,3.360424898346537e-07,1.1148189514642581e-05,8.402968632026386e-08,0.9999518394470215,2.3304748538066633e-05,1.2576309927680995e-05,5.567421794694383e-07,normal-pylorus/8a8f5fcd-ae50-4559-a645-62a87125209c.jpg
3,3,normal-cecum,normal-cecum,True,0.05921969190239906,0.015223883092403412,2.9181928766774945e-05,0.9016571640968323,2.309453884663526e-05,3.911675594281405e-05,0.006635664030909538,0.01717218942940235,normal-cecum/87df4105-14f8-43ad-b371-aa64e5845be3.jpg
6,6,polyps,polyps,True,0.003291908884420991,0.0017862721579149365,2.7585138013819233e-05,0.0019419568125158548,6.463855970650911e-05,0.0002519686531741172,0.9922202229499817,0.000415359711041674,polyps/655c8791-b9c7-40bb-8a13-8751b99b6b3b.jpg
0,1,dyed-lifted-polyps,dyed-resection-margins,False,0.11371120810508728,0.8862355947494507,3.580622797016986e-05,2.938771501703741e-07,1.6100321076351065e-08,5.906849764869548e-07,3.217037942704337e-07,1.6086256437120028e-05,dyed-lifted-polyps/a5cf92b3-ddaf-411b-ac9e-391a12469325.jpg
4,4,normal-pylorus,normal-pylorus,True,4.0367785913986154e-07,4.072321075909713e-07,8.747402171138674e-05,1.423745857209724e-06,0.9997005462646484,0.00018009096675086766,2.743448203545995e-05,2.3134416551329195e-06,normal-pylorus/c78e176f-792f-4913-b554-ee08813ba1b9.jpg
1,1,dyed-resection-margins,dyed-resection-margins,True,0.005415927153080702,0.9943552017211914,5.8323483244748786e-05,0.00011399489449104294,4.050577615544171e-07,4.521058599493699e-06,4.2657353333197534e-05,9.103137017518748e-06,dyed-resection-margins/ec40e8a0-8277-4245-a5b1-a912dac236a0.jpg
3,3,normal-cecum,normal-cecum,True,0.0031998399645090103,0.0023120383266359568,0.00024911906803026795,0.7464704513549805,0.0009821037529036403,0.0026920773088932037,0.0788281038403511,0.16526629030704498,normal-cecum/6591212c-eebc-4796-af9e-cf7b5ad4457d.jpg
2,2,esophagitis,esophagitis,True,0.0008004296105355024,0.000529961078427732,0.7367559671401978,5.2962586778448895e-05,0.005017748102545738,0.2562447786331177,0.0005273480201140046,7.0838192186784e-05,esophagitis/33d9f2ca-b440-45ca-9b4d-8c3ef712aa89.jpg
1,1,dyed-resection-margins,dyed-resection-margins,True,0.08750642091035843,0.912324070930481,3.441602166276425e-05,4.3248866859357804e-05,3.768482770283299e-07,3.972342256020056e-06,7.679109694436193e-05,1.0693254807847552e-05,dyed-resection-margins/0f380c75-78d0-45a1-a706-5783bcd2743e.jpg
1,1,dyed-resection-margins,dyed-resection-margins,True,0.1758706122636795,0.8227826356887817,0.00014489750901702791,0.00019009581592399627,1.7780144844437018e-05,1.0965632100123912e-05,0.00010649353498592973,0.0008764866506680846,dyed-resection-margins/8cbf3c72-7537-43c1-9c11-cac5750dbd37.jpg
6,6,polyps,polyps,True,0.00028197793290019035,0.0017760659102350473,0.0005534481024369597,0.006599835120141506,0.00020936322107445449,3.978323547926266e-06,0.9817019701004028,0.008873485028743744,polyps/1d0435f6-e6bb-41eb-8eba-47bac8d37296.jpg
7,7,ulcerative-colitis,ulcerative-colitis,True,0.0012905484763905406,0.0003271736204624176,3.2019517675507814e-05,0.0002740181516855955,1.4401083490156452e-06,1.234541855410498e-06,0.04015406593680382,0.9579194784164429,ulcerative-colitis/328e808d-5a15-4bd1-b11a-74d04f89f19b.jpg
6,6,polyps,polyps,True,0.012614026665687561,0.019785750657320023,0.012388596311211586,0.04778577759861946,0.0009844409069046378,0.000959226512350142,0.8023367524147034,0.10314540565013885,polyps/0efad162-7fd8-472e-ab4f-c5ed8a7569b4.jpg
0,1,dyed-lifted-polyps,dyed-resection-margins,False,0.37588968873023987,0.6239987015724182,5.011694520362653e-05,2.724397745623719e-05,4.875437866758148e-07,2.865318674594164e-05,1.605449824637617e-06,3.4703784876910504e-06,dyed-lifted-polyps/09b7e0c1-feee-4f70-a351-5a122ce92a1e.jpg
4,4,normal-pylorus,normal-pylorus,True,0.0001091321391868405,0.003543316153809428,0.004938353318721056,0.19099034368991852,0.37754684686660767,0.11831707507371902,0.14930100739002228,0.15525387227535248,normal-pylorus/8bb731fc-b025-420e-b43d-87c803ef4f37.jpg
1,1,dyed-resection-margins,dyed-resection-margins,True,0.025622744113206863,0.9743506908416748,1.1239905688853469e-05,6.865311092951742e-07,2.1403119276897087e-08,3.374353525487095e-07,1.2670503565459512e-05,1.6296694411721546e-06,dyed-resection-margins/77ec103c-6441-400e-be56-8b93bc766160.jpg
7,7,ulcerative-colitis,ulcerative-colitis,True,0.01759866066277027,0.004992242902517319,0.01349678821861744,0.03812386468052864,0.000199263944523409,0.01273761410266161,0.38202783465385437,0.530823826789856,ulcerative-colitis/4c327e7c-5045-43e2-99bb-5e64bc248b5a.jpg
6,6,polyps,polyps,True,0.00010851115803234279,3.895341797033325e-05,6.091375325922854e-06,0.001639331690967083,0.00016506291285622865,6.566190222656587e-06,0.9907738566398621,0.00726154213771224,polyps/47bcdfff-ecb9-42fd-8091-d63ee2f7dada.jpg
0,1,dyed-lifted-polyps,dyed-resection-margins,False,0.4731268584728241,0.5268043875694275,6.652803858742118e-05,1.8681794244912453e-07,2.194414960854374e-08,1.6466490251332289e-06,2.7134595015354535e-08,2.2888693251843506e-07,dyed-lifted-polyps/a25c1093-0f6c-4265-a6c3-6989700b2315.jpg
5,5,normal-z-line,normal-z-line,True,0.0002915302466135472,0.0002301147615071386,0.09546295553445816,6.778248007321963e-06,0.0003767186135519296,0.9030359387397766,0.0001540898811072111,0.0004418437019921839,normal-z-line/c5811192-91a9-48ca-a752-68fbe0441f27.jpg
1,1,dyed-resection-margins,dyed-resection-margins,True,0.048996102064847946,0.9509453773498535,2.7175312425242737e-05,7.204346729849931e-06,2.6154111765208654e-07,1.4046468095330056e-05,8.290163577839849e-07,9.026258339872584e-06,dyed-resection-margins/727df716-a7d8-487e-9ce5-06c0b117c938.jpg
3,3,normal-cecum,normal-cecum,True,0.0007008197717368603,0.00016029422113206238,2.529792436689604e-05,0.9808688163757324,7.088175334502012e-05,1.1765625458792783e-05,0.01745215617120266,0.0007099997601471841,normal-cecum/3b53d45e-4019-474f-acde-07b4e54ff26a.jpg
0,0,dyed-lifted-polyps,dyed-lifted-polyps,True,0.709579348564148,0.29027968645095825,7.762502355035394e-05,4.3637164708343334e-06,2.2276865365711274e-06,1.084005089069251e-05,1.1818890925496817e-05,3.416711479076184e-05,dyed-lifted-polyps/72c3e522-aa21-4e78-a7e3-eaa793ebca35.jpg
2,2,esophagitis,esophagitis,True,6.838941317255376e-06,0.0002185096382163465,0.999142050743103,9.436514147864727e-08,2.8793786555070255e-07,0.0006268169381655753,3.556071760613122e-06,1.7665417999523925e-06,esophagitis/d9e397f7-29e4-4851-b7fa-bbb32e5f1169.jpg
3,3,normal-cecum,normal-cecum,True,3.5393870348343626e-05,0.00026989573962055147,0.00010646700684446841,0.9858015179634094,0.004313989542424679,0.0009929824154824018,0.0023413095623254776,0.0061385235749185085,normal-cecum/67d81f62-08c3-44ce-9a85-dc2fbe6da942.jpg
6,6,polyps,polyps,True,0.00031508589745499194,0.0004048189439345151,0.00029836257454007864,5.324562152964063e-06,0.001083792420104146,0.0003458384016994387,0.9967026114463806,0.0008441944373771548,polyps/b3a01269-1dc6-43a0-9d5e-1861db87d8be.jpg
3,3,normal-cecum,normal-cecum,True,5.322883589542471e-05,2.1575458958977833e-05,4.4371136027621105e-06,0.9993990659713745,1.2562910342239775e-05,1.7601444142201217e-06,0.00015908556815702468,0.0003482760221231729,normal-cecum/eb4c2e64-6dd6-4191-a670-e858733d58dd.jpg
5,5,normal-z-line,normal-z-line,True,0.0022529575508087873,0.0006255855550989509,0.31061407923698425,0.0010047225514426827,0.004632288124412298,0.6656438112258911,0.012126026675105095,0.003100533038377762,normal-z-line/b52546e0-266b-4347-9cd2-fbfdc10e5ac2.jpg
4,4,normal-pylorus,normal-pylorus,True,2.9982666092109866e-05,0.00010466056846780702,0.0009821454295888543,9.810048140934668e-06,0.9971954822540283,0.0010136121418327093,0.0006202104268595576,4.411304325913079e-05,normal-pylorus/ae77941e-fab3-4b3c-b8b6-c0559d58870c.jpg
6,6,polyps,polyps,True,0.006160182412713766,0.0030246428214013577,0.0005688539822585881,0.041838839650154114,0.0013736143009737134,0.0008891501347534359,0.9317076802253723,0.014436963945627213,polyps/59f50c86-bd93-466c-ae28-cc57687b9eca.jpg
4,4,normal-pylorus,normal-pylorus,True,6.442541575779615e-07,1.4182516679284163e-05,0.0014266201760619879,1.593252250131627e-06,0.9949555993080139,0.0035857497714459896,4.9073141781263985e-06,1.0803944860526826e-05,normal-pylorus/0be09646-f39c-4f3a-932b-db971c569e45.jpg
3,3,normal-cecum,normal-cecum,True,1.1847533642139751e-05,7.53986250856542e-06,4.103511912489921e-07,0.9961817264556885,1.1792141776822973e-05,6.493110618066567e-07,0.00010954058961942792,0.003676551626995206,normal-cecum/e2d9d590-6837-4b87-bcc0-794217e1ebd5.jpg
6,6,polyps,polyps,True,0.004127897322177887,9.165041410597041e-05,5.125425104779424e-06,0.0021866229362785816,6.8297267716843635e-06,8.11271820566617e-05,0.993462324142456,3.85057064704597e-05,polyps/92ff857f-46eb-42d5-bbaa-b864de6b78bd.jpg
4,4,normal-pylorus,normal-pylorus,True,2.0224506158683653e-07,8.363787742382556e-07,3.8517056964337826e-05,3.4495428735681344e-07,0.999920129776001,2.284973925270606e-05,1.1079177966166753e-05,6.0524303080455866e-06,normal-pylorus/dcfe9caf-07e3-44cf-a743-0082d788f4ac.jpg
7,7,ulcerative-colitis,ulcerative-colitis,True,0.008205137215554714,0.020762987434864044,0.0025097171310335398,0.002327510854229331,9.362355740449857e-06,5.934721775702201e-05,0.0004135936324018985,0.965712308883667,ulcerative-colitis/2a9ce8f3-c1b5-4e59-b2f6-abd15927932f.jpg
5,5,normal-z-line,normal-z-line,True,0.0003179752384312451,0.00011070608161389828,0.02967684715986252,2.5775860194698907e-05,0.0009827064350247383,0.9687363505363464,0.0001486293040215969,9.558954161548172e-07,normal-z-line/fc544b57-94ac-40f6-82cc-49474a8dbced.jpg
3,3,normal-cecum,normal-cecum,True,0.00045401384704746306,0.0002637884463183582,7.434310100506991e-05,0.8100494742393494,0.0008843470131978393,0.00029661107691936195,0.18643712997436523,0.0015404417645186186,normal-cecum/27ac6ea2-9a5a-407b-b67b-bac79acadfdf.jpg
7,7,ulcerative-colitis,ulcerative-colitis,True,6.187212420627475e-05,0.0002656354336068034,0.00011460117093520239,0.0033815556671470404,0.00019838978187181056,7.042098786769202e-06,0.017501143738627434,0.978469729423523,ulcerative-colitis/373da343-d708-4169-9db0-9c30d7463bc3.jpg
4,4,normal-pylorus,normal-pylorus,True,3.755340287625586e-07,2.337527348572621e-06,1.1696600267896429e-05,8.940299267123919e-06,0.9998630285263062,6.403896259143949e-05,4.805187927559018e-05,1.5164231399467099e-06,normal-pylorus/b723b2c8-6aaa-4d0a-a0a1-945b48c84653.jpg
7,7,ulcerative-colitis,ulcerative-colitis,True,0.0017683174228295684,0.005228502210229635,7.403160270769149e-05,0.00015632440045010298,9.006337677419651e-06,6.448366548283957e-06,0.011628205887973309,0.9811290502548218,ulcerative-colitis/2f2ae3b5-08a1-4fae-b78c-6b6f425f9a80.jpg
4,4,normal-pylorus,normal-pylorus,True,9.620025593903847e-07,9.654533641878515e-06,0.00018626920063979924,2.747745929809753e-05,0.9995569586753845,0.00016152758325915784,9.838127880357206e-06,4.733321111416444e-05,normal-pylorus/5cdf8cea-7a5b-4763-8a4e-a78e6c97d0ae.jpg
2,5,esophagitis,normal-z-line,False,8.754708687774837e-06,1.3385439160629176e-05,0.1309073567390442,5.367483390728012e-05,0.00043571318383328617,0.8683420419692993,0.0002036393852904439,3.5410106647759676e-05,esophagitis/8b21be1f-8425-495b-b96c-0f29528fbc6f.jpg
2,2,esophagitis,esophagitis,True,0.00015722867101430893,0.0001630920305615291,0.9957635402679443,1.8604436263558455e-05,0.00011967133468715474,0.002975890878587961,0.0006904611946083605,0.00011141369759570807,esophagitis/43cce00a-65bc-4866-9c40-f6848980d27b.jpg
0,1,dyed-lifted-polyps,dyed-resection-margins,False,0.02186276949942112,0.9777030348777771,3.617752736317925e-05,1.7578723827682552e-06,1.485838197368139e-06,2.894806857511867e-05,3.9775836739863735e-06,0.0003619012422859669,dyed-lifted-polyps/b93089c3-0c65-4e3f-9dd0-791a5dee0394.jpg
5,5,normal-z-line,normal-z-line,True,0.0006134770810604095,4.683546649175696e-05,0.024287398904561996,4.074597654835088e-06,0.0023206595797091722,0.9715879559516907,0.0011287983506917953,1.0851499609998427e-05,normal-z-line/e4eed805-8aa1-4035-b7e7-e6368d4089df.jpg
0,0,dyed-lifted-polyps,dyed-lifted-polyps,True,0.558311402797699,0.4385029077529907,0.00061009731143713,0.001966527197510004,4.121899473830126e-05,0.00013708371261600405,0.00010468028631294146,0.0003259916848037392,dyed-lifted-polyps/dff67e1f-94d5-422a-839b-b4ff429f9bcf.jpg
5,5,normal-z-line,normal-z-line,True,0.00010606055002426729,4.761341187986545e-05,0.13477176427841187,5.3499484238273e-06,0.05023247376084328,0.8069385290145874,0.007740295026451349,0.000157939808559604,normal-z-line/2665253a-eda9-493a-91e0-93ed5d63f659.jpg
5,5,normal-z-line,normal-z-line,True,1.150694288298837e-06,0.00011107746831839904,0.0946165919303894,2.06689105652913e-06,0.00023958549718372524,0.9050140976905823,5.879215223103529e-06,9.534548553347122e-06,normal-z-line/387ca6bf-3662-478d-9c5f-6f5a92a04488.jpg
3,3,normal-cecum,normal-cecum,True,1.8476521290722303e-05,1.724919638945721e-05,5.9260146372253075e-06,0.9981657862663269,2.2475363437024498e-07,5.810674792883219e-06,0.001567960949614644,0.00021859486878383905,normal-cecum/c945c9e2-9c3f-488e-874b-dac55ebf64db.jpg
4,4,normal-pylorus,normal-pylorus,True,2.869598574761767e-05,0.00040971976704895496,0.00044353606062941253,4.06358994951006e-05,0.9973316192626953,0.0007603904814459383,0.00030223806970752776,0.0006831652717664838,normal-pylorus/e15c7bed-37ef-4720-a0c8-0f255cc8cf4b.jpg
4,4,normal-pylorus,normal-pylorus,True,2.380667183388141e-06,1.629036523809191e-05,0.000258400512393564,2.1559678771154722e-06,0.9928690791130066,0.0067717209458351135,3.9392449252773076e-05,4.0572689613327384e-05,normal-pylorus/bd045f61-d72a-44d9-ae3f-16ce64a57f01.jpg
0,0,dyed-lifted-polyps,dyed-lifted-polyps,True,0.9885197281837463,0.011351141147315502,1.5826255548745394e-05,1.130118334913277e-06,1.7008896691095288e-07,2.756446883722674e-05,8.33732628962025e-05,1.142904352491314e-06,dyed-lifted-polyps/75fb60c5-75c4-4faa-9e55-673ae15edcf4.jpg
5,5,normal-z-line,normal-z-line,True,3.572810965124518e-05,1.0019580258813221e-05,0.17523138225078583,7.48263337300159e-05,0.013678331859409809,0.8091389536857605,0.0010633247438818216,0.0007674319203943014,normal-z-line/e7e97269-ff2c-4f1d-883c-2f8b175beace.jpg
0,0,dyed-lifted-polyps,dyed-lifted-polyps,True,0.9873582124710083,0.012618811801075935,1.5614736184943467e-05,2.1160199139558244e-06,1.6056035292422166e-06,1.2150352404205478e-06,1.6707468830645666e-06,6.848438829365477e-07,dyed-lifted-polyps/18cc7835-7f43-4953-9d17-809c2d3abaaf.jpg
4,4,normal-pylorus,normal-pylorus,True,0.00014974173973314464,0.00012670080468524247,0.007487234193831682,2.88067567453254e-05,0.7225372791290283,0.0034904731437563896,0.2661542594432831,2.556202707637567e-05,normal-pylorus/86fed752-3bff-4b80-afed-b78cbf892f52.jpg
7,7,ulcerative-colitis,ulcerative-colitis,True,0.038054827600717545,0.016955455765128136,0.0008694191928952932,0.19828131794929504,0.008977899327874184,0.0005282641504891217,0.21161170303821564,0.524721086025238,ulcerative-colitis/698f130b-41ff-414d-908c-8d8c0f82d4a8_00001587.jpg
3,3,normal-cecum,normal-cecum,True,0.0012637847103178501,0.00026183066074736416,0.00012941757449880242,0.9954230189323425,7.673183972656261e-06,8.53844903758727e-06,0.00206814706325531,0.0008375936886295676,normal-cecum/ead9c47b-cd35-4a1b-82d4-ab5602af8d02.jpg
2,5,esophagitis,normal-z-line,False,3.1002284231362864e-05,1.5269662981154397e-05,0.2634207010269165,1.9464745491859503e-05,0.008193358778953552,0.7277653217315674,0.0005415045307017863,1.3441341252473649e-05,esophagitis/472b299d-1eca-4ce0-8ba0-79f65c1b7366.jpg
1,1,dyed-resection-margins,dyed-resection-margins,True,0.013960674405097961,0.9853927493095398,5.757954568252899e-05,0.0002787636767607182,9.955714403986349e-07,3.993964128312655e-05,8.369253919227049e-05,0.00018562210607342422,dyed-resection-margins/4c430475-576e-424d-a1f7-d26a6ca7b521.jpg
1,1,dyed-resection-margins,dyed-resection-margins,True,0.1127147227525711,0.8839941024780273,0.0025920835323631763,2.120188810295076e-06,1.4932884369045496e-05,0.00015842558059375733,0.00013045771629549563,0.0003931187675334513,dyed-resection-margins/80c6f79a-c028-4cfa-ab9f-2c6a93a9042c.jpg
7,7,ulcerative-colitis,ulcerative-colitis,True,0.0039201234467327595,0.007904376834630966,0.00033005335717462003,0.001986670307815075,0.00048191173118539155,3.0372219043783844e-05,0.036246590316295624,0.9490998983383179,ulcerative-colitis/45842efe-b78d-4e94-b6b2-b5899d4a29bc.jpg
4,4,normal-pylorus,normal-pylorus,True,1.2319362213020213e-05,2.319042687304318e-05,0.0002826762502081692,0.0020247825887054205,0.989787220954895,0.004351895302534103,0.0034849613439291716,3.308959276182577e-05,normal-pylorus/bb86fa1b-3ee0-419e-a048-fdbed5cbf1e1.jpg
4,4,normal-pylorus,normal-pylorus,True,2.6291249923815485e-06,2.4561566078773467e-06,0.0015299104852601886,0.0001409878022968769,0.9916553497314453,0.004419807344675064,0.0012567525263875723,0.0009920875309035182,normal-pylorus/8baeccb9-1f39-47cc-89aa-c860864ef7fc.jpg
7,7,ulcerative-colitis,ulcerative-colitis,True,0.006712695583701134,0.019033383578062057,0.008608879521489143,0.0034008652437478304,0.00924074649810791,0.19514095783233643,0.004421801771968603,0.7534406781196594,ulcerative-colitis/d82eb7f9-9988-42a2-8140-11f335d893cd.jpg
3,3,normal-cecum,normal-cecum,True,6.207910337252542e-05,1.62089490913786e-05,1.3643219745063107e-06,0.9981061220169067,3.289449159638025e-05,7.74603165609733e-07,0.0005384896649047732,0.0012420830316841602,normal-cecum/0e2033f0-fed2-47cc-9ee0-cf812c85660f.jpg
6,6,polyps,polyps,True,0.000994550297036767,0.0008484190911985934,0.00023685702763032168,0.0004117133794352412,1.3678034520125948e-05,6.606539682252333e-05,0.5619231462478638,0.43550556898117065,polyps/c61fb6e8-ef58-4379-99df-107a312f1005.jpg
0,0,dyed-lifted-polyps,dyed-lifted-polyps,True,0.9821892380714417,0.011837506666779518,0.0001996489882003516,0.0006820719572715461,1.6675522829245892e-06,6.76532945362851e-05,0.005017050541937351,5.2850959946226794e-06,dyed-lifted-polyps/4f712873-051a-418e-8cbd-8bf1f5f4ae23.jpg
0,0,dyed-lifted-polyps,dyed-lifted-polyps,True,0.9726452231407166,0.02526630461215973,0.0004036778409499675,0.00023789877013769,1.7935266441782005e-05,0.0002524006995372474,0.001150808879174292,2.5677194571471773e-05,dyed-lifted-polyps/fbd6b571-df1d-42b1-bc12-20aca14fc754.jpg
2,2,esophagitis,esophagitis,True,3.4829914511647075e-05,3.591802669689059e-05,0.9549320340156555,1.7629013200348709e-06,2.440956450300291e-06,0.04339125379920006,2.6338453608332202e-05,0.0015754664782434702,esophagitis/0dcf6352-8fb9-471d-86f2-18d2ed1fb7d1.jpg
6,6,polyps,polyps,True,0.002813094761222601,0.0010817922884598374,8.760995842749253e-05,0.003345202887430787,0.0005573357921093702,0.00034210458397865295,0.9854576587677002,0.0063151950016617775,polyps/ab521975-ebea-4f40-9a4b-5b55235bd140.jpg
0,0,dyed-lifted-polyps,dyed-lifted-polyps,True,0.9643200039863586,0.03455743566155434,1.8634173102327622e-05,0.00016540427168365568,5.806166427646531e-06,1.7669557564659044e-05,0.0005347040132619441,0.0003803935251198709,dyed-lifted-polyps/6623b2ff-ffd8-4af9-a5ea-cc3f3cda5f55.jpg
4,4,normal-pylorus,normal-pylorus,True,8.483936539960268e-07,4.060523679072503e-06,2.9496222850866616e-05,5.095962478662841e-06,0.9998019337654114,0.00012475707626435906,3.2620086130918935e-05,1.231246301358624e-06,normal-pylorus/ad68d5b8-e53c-4ba0-b1ad-e0a7a372423d.jpg
7,7,ulcerative-colitis,ulcerative-colitis,True,2.8123070023866603e-06,9.830730505200336e-07,3.616351750679314e-05,3.549810799086117e-06,6.488660346803954e-06,1.4971616337788873e-06,0.0001409950345987454,0.9998075366020203,ulcerative-colitis/7dc49938-20cd-439b-8916-25018741d1ab.jpg
0,0,dyed-lifted-polyps,dyed-lifted-polyps,True,0.8647489547729492,0.13509145379066467,5.412099926616065e-05,3.1352359656011686e-05,2.4050621050264454e-08,2.4147737349267118e-05,1.8199216356151737e-05,3.165818998240866e-05,dyed-lifted-polyps/09e454a5-e76f-4547-9b7a-4be4c5bce9ef.jpg
6,6,polyps,polyps,True,0.0007702807779423892,0.0009407121106050909,0.003015233436599374,5.0668008043430746e-05,1.4010200175107457e-05,1.9144159523420967e-05,0.9694283604621887,0.025761546567082405,polyps/13c11cef-2f39-4be7-97b1-6e6ed586811b.jpg
3,3,normal-cecum,normal-cecum,True,0.003077844623476267,0.001316056470386684,0.0011967190075665712,0.9247431755065918,0.0018004062585532665,0.0031061451882123947,0.004651607479900122,0.06010806933045387,normal-cecum/bd057379-54e1-456f-ba39-60e533495fc5.jpg
0,0,dyed-lifted-polyps,dyed-lifted-polyps,True,0.7696424126625061,0.22898854315280914,0.0002403005928499624,8.824464021017775e-05,8.825633130982169e-07,0.00015083960897754878,0.0008266184595413506,6.211806612554938e-05,dyed-lifted-polyps/24f0df1e-b1e8-49ed-b796-9ee0b1ccc504.jpg
6,6,polyps,polyps,True,0.044380173087120056,0.001851885812357068,0.0014647750649601221,0.006328323390334845,0.0009984916541725397,0.00012937588326167315,0.9369480013847351,0.007898942567408085,polyps/194d58c3-f703-4974-98d5-f1659fcb4aa0.jpg
0,0,dyed-lifted-polyps,dyed-lifted-polyps,True,0.714567244052887,0.08340463042259216,0.0001651949860388413,0.14475545287132263,0.0008043006528168917,0.00018998002633452415,0.04984856769442558,0.006264601834118366,dyed-lifted-polyps/0e0f9300-e55e-4b25-bc4c-152499a6d1f2.jpg
2,5,esophagitis,normal-z-line,False,6.195014429977164e-05,1.612752748769708e-05,0.41100892424583435,4.789512786373962e-06,6.99354350217618e-05,0.5887739658355713,5.7821034715743735e-05,6.482454409706406e-06,esophagitis/34eb68ec-8913-4377-a326-02aee54740a1.jpg
3,3,normal-cecum,normal-cecum,True,0.0008339061168953776,0.0002778668131213635,1.8923719835584052e-05,0.9854753017425537,2.6071038519148715e-05,5.178803348826477e-06,0.0074932510033249855,0.005869526416063309,normal-cecum/70191519-63ec-43ac-a7e2-7c01f11e2b3d.jpg
6,6,polyps,polyps,True,0.005742438603192568,0.0014894346240907907,0.011634228751063347,0.04429841786623001,0.05261794477701187,0.12037545442581177,0.7217869758605957,0.042055148631334305,polyps/56302cb8-619b-4eaf-a163-549328cac581.jpg
4,4,normal-pylorus,normal-pylorus,True,9.148763524535752e-08,2.0103330200527125e-07,5.4217612159845885e-06,4.870921202382306e-06,0.9999425411224365,4.0423758036922663e-05,2.776033852569526e-06,3.638103407865856e-06,normal-pylorus/2f22694b-a169-4039-a392-23f98e7e5da1.jpg
5,5,normal-z-line,normal-z-line,True,5.688253168045776e-06,0.00023562803107779473,0.10213661938905716,1.199936286866432e-05,0.00023079573293216527,0.8971956372261047,1.2011465514660813e-05,0.0001716240803943947,normal-z-line/2052a648-302c-4d11-9540-3e6050e76c38.jpg
6,6,polyps,polyps,True,0.000123046018416062,1.4768978871870786e-05,4.788707428815542e-06,0.0005073303473182023,4.149713277001865e-05,4.427791736816289e-06,0.9986318945884705,0.0006722881807945669,polyps/1ab993e9-346b-4642-99af-6caec0f49f27.jpg
4,4,normal-pylorus,normal-pylorus,True,4.6500372263835743e-07,3.9653625094615563e-07,0.00014070073666516691,2.1126325009390712e-05,0.9980023503303528,0.001625754521228373,0.00018634220759849995,2.282628156535793e-05,normal-pylorus/8a63543e-7214-459c-99dd-18d27bce8d9d.jpg
2,2,esophagitis,esophagitis,True,9.621551271266071e-07,4.883252131548943e-07,0.861248254776001,2.4324620540028263e-08,2.416859672393912e-07,0.13874638080596924,2.673811820841365e-07,3.249247129133437e-06,esophagitis/55d75d8a-c744-4db3-9776-f88ca27b6dfe.jpg
6,6,polyps,polyps,True,0.003993640653789043,0.0011206179624423385,5.294701622915454e-05,0.0023425258696079254,5.709213291993365e-05,4.222113420837559e-05,0.9675812125205994,0.024809621274471283,polyps/ec06080b-a2a0-40d3-97f7-313297ef8adb.jpg
7,7,ulcerative-colitis,ulcerative-colitis,True,7.823079795343801e-05,0.0006078938022255898,1.6258123650914058e-05,1.5698740753578022e-05,1.671154132054653e-05,3.4881662713814876e-07,0.005001220852136612,0.9942635893821716,ulcerative-colitis/761fffc8-bc50-4dd9-a91f-90fc5a963e04.jpg
5,5,normal-z-line,normal-z-line,True,0.00014433717296924442,4.069028000230901e-05,0.30077576637268066,0.00665367441251874,0.0004269358760211617,0.6919340491294861,2.3349975890596397e-05,1.203958618134493e-06,normal-z-line/c38ecd58-850c-407a-8222-4316bbd10315.jpg
3,3,normal-cecum,normal-cecum,True,1.7717420632834546e-05,9.475495971855707e-06,5.843986627951381e-07,0.9998489618301392,3.981759164162213e-06,3.746398249404592e-07,9.412079089088365e-05,2.4651204512338154e-05,normal-cecum/33d0a287-ce2b-48f1-94b0-004a88b1bacc.jpg
7,7,ulcerative-colitis,ulcerative-colitis,True,0.004140153992921114,0.0024394444189965725,0.0008147487533278763,0.00022097282635513693,7.167063813540153e-07,1.0155805284739472e-05,0.003218792611733079,0.9891549944877625,ulcerative-colitis/9a4d671d-c3a0-4d52-89be-c518fffc696c.jpg
5,5,normal-z-line,normal-z-line,True,2.6803978471434675e-05,1.3705795936402865e-05,0.025144951418042183,4.988521595805651e-06,0.00024369682068936527,0.9729591012001038,9.021358710015193e-05,0.0015166123630478978,normal-z-line/d4122150-9650-4d82-95de-3c9744bf4512.jpg
6,6,polyps,polyps,True,0.0005964907468296587,0.00022007894585840404,3.250082954764366e-05,0.0008374890894629061,0.0001223440922331065,0.00016277062240988016,0.9897689819335938,0.008259479887783527,polyps/528e6543-7621-46cc-a73d-1d16bd5de6b3.jpg
5,5,normal-z-line,normal-z-line,True,1.1177725127708982e-06,1.98004954654607e-06,0.041209734976291656,2.7184612463315716e-06,2.4306809791596606e-06,0.9587807059288025,3.0030548714421457e-07,1.04395030575688e-06,normal-z-line/17ab1cc2-34d8-46a7-b145-9c2b2a5dcf78.jpg
5,6,normal-z-line,polyps,False,0.005494814831763506,0.006257577799260616,0.051372431218624115,0.0030227305833250284,0.03875705599784851,0.39146342873573303,0.501824140548706,0.0018077559070661664,normal-z-line/cc537498-4056-4a73-97fd-6a12ef84fc8a.jpg
2,5,esophagitis,normal-z-line,False,1.4436037417908665e-05,4.5361350203165784e-05,0.36424878239631653,9.901364137476776e-06,3.0250157578848302e-05,0.6355990171432495,3.552221824065782e-05,1.673150654823985e-05,esophagitis/1ed3011a-0fb0-4ff7-a5ea-5f953dc429fc.jpg
2,5,esophagitis,normal-z-line,False,6.2819112827128265e-06,1.3965942343929783e-05,0.13977700471878052,3.5997109080199152e-06,0.07011158764362335,0.7897696495056152,0.00019117939518764615,0.0001267229235963896,esophagitis/435c9bfe-13e4-4450-9d91-f5fd10e75e75.jpg
5,5,normal-z-line,normal-z-line,True,2.308902912773192e-05,3.19168862006336e-06,0.06179972365498543,0.00034107090323232114,0.011488562449812889,0.9263275265693665,1.4694080164190382e-05,2.1658395326085156e-06,normal-z-line/38ca5cf9-84ae-4c19-a896-7ce0f848a0c7.jpg
0,0,dyed-lifted-polyps,dyed-lifted-polyps,True,0.7186841368675232,0.2753315567970276,0.0007072784355841577,0.004443115089088678,9.210526741298963e-07,0.00015855087258387357,0.00023590509954374284,0.0004384548810776323,dyed-lifted-polyps/0f9d9718-f78b-493a-9859-ce5ec793fa83.jpg
4,4,normal-pylorus,normal-pylorus,True,4.687843890849308e-09,2.0322221416790853e-07,6.821805072831921e-06,9.552888258212988e-08,0.9999697208404541,3.4267270621057833e-06,1.9476838133414276e-05,2.4091519890134805e-07,normal-pylorus/5d660f74-bc04-4355-861c-47ed48de600b.jpg
2,2,esophagitis,esophagitis,True,4.010916200059e-06,5.627361588267377e-06,0.9991981387138367,2.2603042282298702e-07,2.37610356634832e-06,0.00027287431294098496,1.301171232626075e-05,0.0005037189112044871,esophagitis/139adf37-d948-44ef-986b-14e17d41b868.jpg
0,0,dyed-lifted-polyps,dyed-lifted-polyps,True,0.9369539022445679,0.06293494999408722,3.183527041983325e-06,3.3390899716323474e-06,1.8251938627145137e-07,2.0601918038209988e-07,1.8817943782778457e-05,8.545775199308991e-05,dyed-lifted-polyps/3ae8ec88-0187-4e1f-bacb-3e27de2b0ceb.jpg
7,7,ulcerative-colitis,ulcerative-colitis,True,6.689719157293439e-06,9.778137609828264e-05,0.00047407139209099114,0.0001776993158273399,0.019110431894659996,0.00478614354506135,0.0025429404340684414,0.9728042483329773,ulcerative-colitis/7ceabd95-dc0f-449f-bfd8-1c7626c59aea.jpg
4,4,normal-pylorus,normal-pylorus,True,8.92912055405759e-07,1.759005272106151e-06,0.0004253064398653805,3.510361239023041e-06,0.9964015483856201,0.0029514783527702093,0.00018701047520153224,2.8420467060641386e-05,normal-pylorus/b9726a70-6e02-4907-8f3a-4b8b0285d41c.jpg
1,1,dyed-resection-margins,dyed-resection-margins,True,0.0031456113792955875,0.9967749714851379,6.411409412976354e-05,3.2988614293572027e-06,7.013640779263142e-09,4.883938231614593e-07,3.624246573963319e-07,1.1234450539632235e-05,dyed-resection-margins/cdd27de3-c84b-4978-ac7c-713c1bcda726.jpg
5,2,normal-z-line,esophagitis,False,7.318016287172213e-05,7.977384666446596e-05,0.5148563981056213,4.7720848669996485e-05,7.721755537204444e-05,0.4847884476184845,2.773558662738651e-05,4.9541635235073045e-05,normal-z-line/1631b799-6638-401f-ba74-d7358478aa29.jpg
5,5,normal-z-line,normal-z-line,True,2.709930413402617e-07,3.0182904993125703e-06,0.031660206615924835,1.0382817663412425e-06,4.06153267249465e-05,0.9682911038398743,9.454117844143184e-08,3.686737500174786e-06,normal-z-line/48e16b86-cf64-4bd4-af7b-67f55eecb252.jpg
0,0,dyed-lifted-polyps,dyed-lifted-polyps,True,0.9803434610366821,0.019619952887296677,7.61967442031164e-07,3.614960860431893e-06,2.4570223899900157e-07,3.1427833846464637e-07,2.6225703550153412e-05,5.368537586036837e-06,dyed-lifted-polyps/b4e37f56-ac82-438d-ac9c-7d8c7ad6929d.jpg
5,5,normal-z-line,normal-z-line,True,0.0015352827031165361,0.000495018030051142,0.0795108750462532,1.1416407687647734e-05,0.0014782274374738336,0.914455771446228,0.000876202539075166,0.0016373005928471684,normal-z-line/e987b209-17d6-4fd0-adba-b8f71a5c94b5.jpg
1,1,dyed-resection-margins,dyed-resection-margins,True,0.07795422524213791,0.9218543171882629,2.4757773644523695e-06,2.2376567358151078e-05,3.889804816026299e-07,1.7819816378050746e-07,0.0001620789262233302,3.838857992377598e-06,dyed-resection-margins/18d4a071-1a4c-4ffa-afae-11e5c3c77e42.jpg
4,4,normal-pylorus,normal-pylorus,True,1.584081701366813e-07,1.0974559216947455e-07,5.8219006859872025e-06,5.645207238558214e-06,0.9999806880950928,3.44310774380574e-06,4.0626323425385635e-06,8.131214457307578e-08,normal-pylorus/adad0194-5a65-44be-9d83-a2a6603d0634.jpg
3,3,normal-cecum,normal-cecum,True,0.0010838907910510898,0.0006035494152456522,1.3140794180799276e-05,0.9634373784065247,5.001574754714966e-05,1.97075155483617e-06,0.03378617390990257,0.0010238781105726957,normal-cecum/a6544f02-4ac3-4eb4-af77-e1abd52abbc3.jpg
1,1,dyed-resection-margins,dyed-resection-margins,True,0.002044455613940954,0.9966285824775696,0.0006546551594510674,1.3375337175602908e-06,1.6950439203355927e-06,0.0006373511278070509,1.1825231013062876e-05,2.005536407523323e-05,dyed-resection-margins/09ee8393-cf1c-4828-a266-143f697942a3.jpg
1,1,dyed-resection-margins,dyed-resection-margins,True,0.2830725908279419,0.7169215679168701,2.1757473689376639e-07,4.7651372625523436e-08,2.6398586427944792e-08,2.1494847146641405e-07,2.5256713342969306e-07,5.086258624942275e-06,dyed-resection-margins/97c85811-8d46-486b-9d8e-5e203a170833.jpg
0,0,dyed-lifted-polyps,dyed-lifted-polyps,True,0.9851757287979126,0.014767857268452644,6.943428616068559e-06,1.0698089454308501e-06,1.3850187485786591e-07,1.1791221368184779e-06,4.683823135565035e-05,2.2337245297876507e-07,dyed-lifted-polyps/51cacc12-b4f0-4f29-b7f5-20706932a617.jpg
3,3,normal-cecum,normal-cecum,True,0.0004843648348469287,2.8835260309278965e-05,9.424568270333111e-05,0.9481509327888489,4.28587882197462e-05,0.00010325072798877954,0.04998954012989998,0.001105920528061688,normal-cecum/af50d9e5-5590-4404-bba0-db478919a07a.jpg
7,7,ulcerative-colitis,ulcerative-colitis,True,0.0001850276894401759,0.00025697838282212615,1.537960815767292e-05,0.00020448204304557294,2.1091746020829305e-06,4.771913154399954e-05,0.01564956083893776,0.9836386442184448,ulcerative-colitis/de367ea7-a388-4e81-9b1e-b798bc2bc91d.jpg
0,0,dyed-lifted-polyps,dyed-lifted-polyps,True,0.9417865872383118,0.0577130988240242,0.00011410363367758691,4.2964897147612646e-05,7.384795708276215e-07,2.96676553261932e-05,0.000310211384203285,2.662331098690629e-06,dyed-lifted-polyps/7e7e7c18-aa05-4558-8a67-4170ed85577f.jpg
0,0,dyed-lifted-polyps,dyed-lifted-polyps,True,0.9992701411247253,0.00037559872725978494,3.482666443233029e-06,0.00027519778814166784,3.252878411075244e-09,2.4393380044784863e-06,3.5962570109404624e-05,3.715439379448071e-05,dyed-lifted-polyps/7bdc7f5a-560b-401d-a090-de6f19f1443f.jpg
1,1,dyed-resection-margins,dyed-resection-margins,True,0.030472321435809135,0.966509222984314,7.594381895614788e-05,0.0007676921668462455,0.001235221279785037,0.00018642551731318235,0.0002996755065396428,0.0004534680920187384,dyed-resection-margins/2f720d7d-51d3-4069-a490-10310438b99b.jpg
2,2,esophagitis,esophagitis,True,2.3983820938155986e-06,3.871955777867697e-05,0.9994208812713623,7.378805833013757e-08,1.1930971766105358e-07,0.0004962109378539026,1.0431562031953945e-06,4.0604147216072306e-05,esophagitis/c2b65b04-5263-4740-a15c-d74d865dcade.jpg
0,0,dyed-lifted-polyps,dyed-lifted-polyps,True,0.7873665690422058,0.21258330345153809,2.30083769565681e-05,1.0828700396814384e-05,1.0294954790879274e-06,4.3270438254694454e-06,9.110778592003044e-06,1.8659503666640376e-06,dyed-lifted-polyps/4145f8a7-d4a5-4416-ba7f-ee692d0f764e.jpg
1,0,dyed-resection-margins,dyed-lifted-polyps,False,0.6490254402160645,0.3506091237068176,6.188505722093396e-06,0.00032472520251758397,4.242195927872672e-07,9.980311006074771e-06,2.03180516109569e-05,3.841395027848193e-06,dyed-resection-margins/fe9ea687-f6aa-489b-aeee-40b5c18a4b5b.jpg
7,7,ulcerative-colitis,ulcerative-colitis,True,0.002058441750705242,0.01551135815680027,0.0005273378919810057,0.012779760174453259,0.0017244444461539388,0.00015725145931355655,0.01526323240250349,0.9519782066345215,ulcerative-colitis/0b7abcca-ec65-46c9-8e37-ad067b81ce62.jpg
2,5,esophagitis,normal-z-line,False,2.6971526949637337e-06,1.6820839618958416e-06,0.154768705368042,1.8133158619093592e-06,0.0003849808999802917,0.8447957634925842,1.6779462384874932e-05,2.7614549253485166e-05,esophagitis/cd39f3fa-91eb-4798-bf8e-d9ccfaf1bbcd.jpg
6,6,polyps,polyps,True,0.00043999648187309504,3.658538844319992e-05,4.90483716930612e-06,8.098776743281633e-05,1.531516136310529e-05,6.051186119293561e-06,0.9974290728569031,0.0019871017429977655,polyps/49f982fc-0156-4aa9-86cf-105fe3575179.jpg
1,1,dyed-resection-margins,dyed-resection-margins,True,5.2729956223629415e-05,0.9999301433563232,1.2034340670652455e-06,4.515275975336408e-07,1.0543572237509125e-08,1.6882219711078505e-07,3.515740942816592e-08,1.5316389180952683e-05,dyed-resection-margins/2fd2588b-dd32-43ef-b9da-7dc323baf713.jpg
3,3,normal-cecum,normal-cecum,True,0.00031683879205957055,4.909071867587045e-05,3.064755583181977e-05,0.9949944019317627,0.002183886244893074,5.8272435126127675e-05,0.00164935109205544,0.0007174515631049871,normal-cecum/62985062-872e-4d08-a9fa-d49bbc2383d8.jpg
7,7,ulcerative-colitis,ulcerative-colitis,True,5.4942215683695395e-06,1.0424604397485382e-06,7.538379804827855e-07,1.801245343813207e-05,2.217152683670065e-07,7.197921263468743e-07,3.3975324186030775e-05,0.9999397993087769,ulcerative-colitis/d3c49708-d48f-4948-8616-cc2dbd1e0098.jpg
1,1,dyed-resection-margins,dyed-resection-margins,True,0.00961289368569851,0.9903318881988525,3.748665767489001e-05,9.232363481714856e-06,1.1086525546488701e-06,6.423469585570274e-06,7.545069138359395e-07,2.71897476977756e-07,dyed-resection-margins/66a97d94-5515-4ebd-b31b-ae6c628f3cf5.jpg
6,6,polyps,polyps,True,0.0003517671430017799,1.705663453321904e-05,1.2177162716398016e-05,0.001299203373491764,1.7589404706086498e-06,2.5558176275808364e-05,0.9275041222572327,0.07078838348388672,polyps/3ded45db-1f47-4bc0-979e-1645d4fd98bd.jpg
5,5,normal-z-line,normal-z-line,True,9.481274787503935e-07,3.7657875509466976e-05,0.2185896784067154,4.898492534266552e-06,8.901043474907055e-05,0.7812634110450745,1.1665432793961372e-05,2.7394323751650518e-06,normal-z-line/de959b52-6dd9-40d3-b56c-ce4648d37468.jpg
5,5,normal-z-line,normal-z-line,True,3.2807506045173795e-07,2.2278287360677496e-05,0.04634656012058258,6.103994110162603e-08,0.00020218898134771734,0.9534269571304321,2.9628714059981576e-07,1.2955799775227206e-06,normal-z-line/1f031a07-c11f-4cdd-96b8-01ee18b65909.jpg
6,6,polyps,polyps,True,0.0014000940136611462,0.001304200035519898,0.00012195978342788294,0.0004066547844558954,5.226559665061359e-07,4.6951758122304454e-05,0.99662846326828,9.104978380491957e-05,polyps/af8e5a0e-18ac-4daa-8b7c-e70d071bed03.jpg
3,3,normal-cecum,normal-cecum,True,0.00044215715024620295,6.291999306995422e-05,3.338923988849274e-06,0.9006996750831604,3.719810410984792e-05,3.820143319899216e-05,0.09768227487802505,0.0010341936722397804,normal-cecum/5ff34bb3-7472-4807-a501-9a0bf53c5d7e.jpg
0,0,dyed-lifted-polyps,dyed-lifted-polyps,True,0.8967755436897278,0.10298293828964233,0.00012198029435239732,4.308160441723885e-06,4.560847173706861e-06,0.00010492518777027726,5.265271283860784e-06,4.633935759557062e-07,dyed-lifted-polyps/e96c9662-5bef-497c-9c21-d322c82c2d2d.jpg
4,4,normal-pylorus,normal-pylorus,True,0.00017640319128986448,0.0011552625801414251,0.021361039951443672,0.00022771388466935605,0.9096581339836121,0.05598356947302818,0.0011303271166980267,0.010307476855814457,normal-pylorus/fe2c25f1-828a-4eee-b693-edd11d57c684.jpg
5,5,normal-z-line,normal-z-line,True,8.870140391081804e-07,2.3596039682161063e-05,0.020463846623897552,4.540825102594681e-06,6.33111412753351e-05,0.9794289469718933,9.420467108611774e-07,1.3856865734851453e-05,normal-z-line/a5d1d3bb-cf8a-4ce0-b6a8-55dc740520f6.jpg
6,6,polyps,polyps,True,0.0034761985298246145,0.0011354375164955854,0.0015933086397126317,0.011624207720160484,0.08876051753759384,0.0026918654330074787,0.8724265098571777,0.01829197071492672,polyps/56c01d3b-5a75-4884-998d-578e8bfa4dfc.jpg
6,6,polyps,polyps,True,0.0007460866472683847,0.02450532838702202,0.0009629138512536883,0.00010278262197971344,0.00696762278676033,0.0002689092652872205,0.9643829464912415,0.0020634334068745375,polyps/54177c51-fda1-458e-8dac-f39dcfdc75e3.jpg
2,2,esophagitis,esophagitis,True,0.00010969239519909024,2.9424620151985437e-05,0.7661350965499878,4.531276135821827e-05,0.0004752603708766401,0.23219053447246552,0.0008640821324661374,0.00015057181008160114,esophagitis/5eeb455d-db8b-4bb0-a485-1f4de1d2adaa.jpg
3,3,normal-cecum,normal-cecum,True,0.0032155162189155817,0.000285982881905511,0.000152280306792818,0.969483494758606,0.00013447550009004772,7.366717181866989e-05,0.021900152787566185,0.004754527937620878,normal-cecum/8c80df3b-00de-4435-ba77-0c03533e2277.jpg
4,4,normal-pylorus,normal-pylorus,True,8.351122460226179e-07,2.5349088446091628e-06,0.0011046056170016527,1.762704414431937e-05,0.9967600703239441,0.0016394181875512004,0.0003078763256780803,0.00016704849258530885,normal-pylorus/540f8c33-89d5-4e44-a4ad-cabb0e6712ec.jpg
5,5,normal-z-line,normal-z-line,True,0.00038184828008525074,0.0002572951780166477,0.08540401607751846,2.420632154098712e-05,0.0023182001896202564,0.9115094542503357,9.883089660434052e-05,6.084142114559654e-06,normal-z-line/8e6a38f3-ace4-4709-9e6e-f963a4850e86.jpg
3,3,normal-cecum,normal-cecum,True,0.013871511444449425,0.0029966821894049644,0.00010009537800215185,0.9519105553627014,8.256376895587891e-05,6.599981861654669e-05,0.007954458706080914,0.023018063977360725,normal-cecum/9eb2ac9b-440e-4717-abfd-001fa625e534.jpg
2,2,esophagitis,esophagitis,True,0.00011594161333050579,0.000383515318389982,0.9889991879463196,1.1195326806046069e-05,0.00035692850360646844,0.009387609548866749,4.254670420777984e-05,0.0007030300330370665,esophagitis/68022cdd-499a-4ec1-a123-476be3863ccc.jpg
2,2,esophagitis,esophagitis,True,8.015206549316645e-05,1.4795862625760492e-05,0.8378759622573853,2.674587904039072e-06,7.361422831309028e-06,0.16198399662971497,3.1868714813754195e-06,3.185001332894899e-05,esophagitis/db8fbd54-6c06-4bb8-bac8-3b0f16ea34fb.jpg
5,5,normal-z-line,normal-z-line,True,1.5362535123131238e-05,7.3997957770188805e-06,0.30184876918792725,3.971882051700959e-06,0.0001501402584835887,0.6979415416717529,2.193465843447484e-05,1.0857096640393138e-05,normal-z-line/21193411-8764-4d36-939f-b654f2815122.jpg
2,2,esophagitis,esophagitis,True,2.2648264348390512e-05,3.541286423569545e-05,0.9297538995742798,1.706461262074299e-05,5.671058261214057e-06,0.07015567272901535,6.4749278863018844e-06,3.1134163691604044e-06,esophagitis/e1d4308b-1fe9-4c50-ac3a-4fa0e38ef487.jpg
4,4,normal-pylorus,normal-pylorus,True,1.0099200835611555e-06,7.635165957253776e-07,0.0002403308026259765,6.611716344195884e-06,0.9988200068473816,0.0007380438619293272,0.00018090965750161558,1.2297550711082295e-05,normal-pylorus/7f607ea9-1c1a-4e65-9888-7db35c807f59.jpg
2,2,esophagitis,esophagitis,True,1.5233054909913335e-05,1.1458218068582937e-05,0.9988248944282532,1.3593241874332307e-06,9.02609087916062e-07,0.0010702023282647133,6.961880444578128e-06,6.891768862260506e-05,esophagitis/4d6969a5-91c2-4ea8-9251-c7718f6c156c.jpg
3,3,normal-cecum,normal-cecum,True,2.009170430028462e-06,5.912031156185549e-06,3.5079372082691407e-06,0.9983149766921997,2.210463753726799e-05,2.4867908905434888e-06,0.0001863751676864922,0.0014626571210101247,normal-cecum/d839d136-1a65-489b-adcf-a2d33b7d3978.jpg
0,0,dyed-lifted-polyps,dyed-lifted-polyps,True,0.7784308195114136,0.01607750542461872,0.0004261006833985448,0.00018285632540937513,0.0004013728175777942,0.00021248309349175543,0.20299258828163147,0.001276239170692861,dyed-lifted-polyps/c975da7b-0089-43e1-9ca1-f9680ec1f81f.jpg
5,2,normal-z-line,esophagitis,False,0.00013884808868169785,0.00018157748854719102,0.7928986549377441,3.1795589165994897e-06,8.139713463606313e-05,0.2066737413406372,1.8629776604939252e-05,3.909290626324946e-06,normal-z-line/2e2447d1-29d0-4988-b9ca-16d4757e52f4.jpg
5,5,normal-z-line,normal-z-line,True,0.0002906457521021366,5.180587322684005e-05,0.07366325706243515,1.0594649211270735e-05,0.013548444956541061,0.9090099334716797,0.003423599060624838,1.7535228380438639e-06,normal-z-line/d7829204-5ea7-4551-909c-76aa9e5c181b.jpg
5,5,normal-z-line,normal-z-line,True,0.0027000249829143286,0.0013149197911843657,0.35931092500686646,3.5491055314196274e-05,0.0008652435499243438,0.47938594222068787,0.15614743530750275,0.00023995207448024303,normal-z-line/1ba84b26-a412-4626-ab28-b90a468fbaee.jpg
5,5,normal-z-line,normal-z-line,True,0.00031786703038960695,0.0015994840068742633,0.41916128993034363,0.0011196952546015382,0.013372954912483692,0.563621997833252,0.000559664738830179,0.00024701893562451005,normal-z-line/724dfd93-0284-46ab-85f4-75fb2c477399.jpg
7,7,ulcerative-colitis,ulcerative-colitis,True,0.0024180796463042498,0.0015203520888462663,0.14950688183307648,0.00010466360981808975,0.0011642061872407794,0.023040229454636574,0.1451472043991089,0.6770983338356018,ulcerative-colitis/64fe0dbe-3068-40a6-b148-b315b5078bbf.jpg
0,0,dyed-lifted-polyps,dyed-lifted-polyps,True,0.9427429437637329,0.05723090097308159,8.709363328307518e-07,4.955382792104501e-06,2.6629319904714066e-07,1.3454694453685079e-05,4.8817960305314045e-06,1.724662865854043e-06,dyed-lifted-polyps/82a10160-c92b-4416-993c-bce9726bb5e3.jpg
0,0,dyed-lifted-polyps,dyed-lifted-polyps,True,0.982058048248291,0.017931681126356125,6.088862392061856e-07,6.2056093597107065e-09,2.0604964401371717e-09,1.8488714204067946e-07,9.211975338985212e-06,2.598011121790478e-07,dyed-lifted-polyps/12fb09b6-a6c2-4e78-81d0-8502f576e473.jpg
5,5,normal-z-line,normal-z-line,True,3.980159817729145e-06,5.256945951259695e-05,0.07359889149665833,5.527638677449431e-06,0.0018486821791157126,0.924488365650177,4.925011012346658e-07,1.4152744824968977e-06,normal-z-line/4b56da9b-b26a-41e3-b212-f5d4a07731e5.jpg
6,6,polyps,polyps,True,0.0026646191254258156,0.000276932172710076,0.00022341347357723862,0.00334134791046381,5.144526221556589e-05,0.00025621618260629475,0.9911985993385315,0.0019873972050845623,polyps/a89b6837-471d-4591-bb6a-9cad12145980.jpg
7,6,ulcerative-colitis,polyps,False,0.02137751877307892,0.000301322404993698,0.0014468206791207194,0.21170952916145325,0.0009377481183037162,0.001183037180453539,0.563947856426239,0.19909624755382538,ulcerative-colitis/0450df79-728e-47f7-b7d7-5a32e40b686e.jpg
2,2,esophagitis,esophagitis,True,0.0027035963721573353,0.0006802935968153179,0.6853452324867249,1.2821375094063114e-05,0.007336857262998819,0.2882741689682007,0.008752112276852131,0.006894903723150492,esophagitis/ad7eae3c-17b2-4808-b50c-f4122918c18c.jpg
0,0,dyed-lifted-polyps,dyed-lifted-polyps,True,0.8585094809532166,0.14137686789035797,5.2810177294304594e-05,6.446819952543592e-06,3.8375912936317036e-07,1.5751005776110105e-05,3.2610954804113135e-05,5.610760581475915e-06,dyed-lifted-polyps/aa3978e4-6885-4919-88bc-bede64743e00.jpg
5,5,normal-z-line,normal-z-line,True,7.577765063615516e-05,0.0001587372098583728,0.20931681990623474,3.2471154554514214e-05,0.0006718437070958316,0.7893739938735962,0.0002948233450297266,7.545918924733996e-05,normal-z-line/ded1000b-bf92-4220-b4ee-321af77f69b7.jpg
0,0,dyed-lifted-polyps,dyed-lifted-polyps,True,0.9362292885780334,0.06367001682519913,2.2887816157890484e-05,5.685753421857953e-06,5.350302103579452e-07,3.6980939057684736e-06,8.90959745447617e-06,5.8892357628792524e-05,dyed-lifted-polyps/60c8e31e-039e-4c2a-84ab-aa6529c0077f.jpg
5,5,normal-z-line,normal-z-line,True,0.00025817169807851315,3.868313797283918e-05,0.36484670639038086,1.740930565574672e-05,7.707704935455695e-05,0.6298193335533142,0.00489060441032052,5.205415436648764e-05,normal-z-line/d54dd474-a25e-4aeb-83e9-fe2220a0d46b.jpg
4,4,normal-pylorus,normal-pylorus,True,2.8736474178003846e-07,2.912466356974619e-07,4.321094456827268e-05,2.980535828100983e-05,0.9988903403282166,0.0009273227769881487,0.00010319664579583332,5.534113824978704e-06,normal-pylorus/eb43ab19-02a6-4314-b7c3-a21678f7d124.jpg
7,7,ulcerative-colitis,ulcerative-colitis,True,0.00032839496270753443,0.00019786918710451573,4.331747277319664e-06,0.0006083279149606824,2.7680750918079866e-06,1.0297915650880896e-05,0.0024832431226968765,0.9963646531105042,ulcerative-colitis/1515780d-178b-42c7-b621-7ab445e3ad89.jpg
4,4,normal-pylorus,normal-pylorus,True,3.3292067200818565e-06,4.143513251619879e-06,0.00029237178387120366,6.91535315127112e-05,0.9980528354644775,0.0008619602886028588,0.00047346099745482206,0.0002427509316476062,normal-pylorus/ca45f829-82ed-42ba-a5cb-a0d305f50cdb.jpg
4,4,normal-pylorus,normal-pylorus,True,2.2760983483749442e-05,2.6397008696221747e-05,0.011173233389854431,2.677519114513416e-05,0.982559859752655,0.005934220738708973,0.0001388865930493921,0.0001178552265628241,normal-pylorus/2639339e-a4b1-46e7-9313-51380f57341e.jpg
3,3,normal-cecum,normal-cecum,True,0.000487528886878863,9.316993964603171e-05,2.53785965469433e-05,0.9907822012901306,3.170640047756024e-05,2.0500398022704758e-05,0.00846847239881754,9.111214603763074e-05,normal-cecum/068d3dac-066b-47c2-8057-c5e9ceb48262.jpg
7,7,ulcerative-colitis,ulcerative-colitis,True,0.0005218351143412292,0.00010472060967003927,0.0006720164092257619,1.17464478535112e-05,1.2282864645385416e-06,1.3722436960961204e-05,0.0070116836577653885,0.9916630983352661,ulcerative-colitis/184cd2c6-ebb4-4032-b509-0c580dcf2079.jpg
4,4,normal-pylorus,normal-pylorus,True,4.1670105588309525e-07,1.503533326285833e-06,1.0419623322377447e-05,1.1026394304280984e-06,0.9999010562896729,1.2537674592749681e-05,7.219035614980385e-05,7.947371045702312e-07,normal-pylorus/1d9233e5-05fb-448f-aad6-25ca4c108967.jpg
1,1,dyed-resection-margins,dyed-resection-margins,True,0.20202478766441345,0.790874183177948,0.0018600394250825047,0.002653759205713868,3.711584213306196e-05,0.0008367224363610148,0.0014483383856713772,0.0002650856622494757,dyed-resection-margins/62bb7bca-5cc3-4a0a-94b3-3666e6cf004e.jpg
4,4,normal-pylorus,normal-pylorus,True,1.4012768723148383e-08,8.044865040801596e-08,3.0561143375962274e-06,6.759950679224858e-07,0.9999932050704956,2.171058440580964e-06,6.795080480515026e-07,2.0531882682917058e-07,normal-pylorus/54291ff2-da24-4aa4-b62e-8c280705b20f.jpg
1,1,dyed-resection-margins,dyed-resection-margins,True,0.04941748082637787,0.9505500793457031,7.311939498322317e-06,4.7410786407908745e-08,2.6142652487237683e-08,7.355388333962765e-07,7.009898013166094e-07,2.3796610548743047e-05,dyed-resection-margins/47743168-d69b-401e-83f2-987ea7afca9c.jpg
7,7,ulcerative-colitis,ulcerative-colitis,True,0.00026214864919893444,2.530367419240065e-05,7.358850416494533e-05,7.328354058699915e-06,3.1492145353695378e-06,1.687633994151838e-05,0.012016345746815205,0.9875953197479248,ulcerative-colitis/873fa53a-0603-4cb9-b097-e0e542baae2f.jpg
7,7,ulcerative-colitis,ulcerative-colitis,True,0.00024007372849155217,1.967017669812776e-05,0.00010985864355461672,0.00010178166121477261,6.702640575895202e-08,8.038054147618823e-06,0.011761090718209743,0.987759530544281,ulcerative-colitis/8165e7ed-993f-4f81-8b9c-6e0866f18fd6.jpg
0,0,dyed-lifted-polyps,dyed-lifted-polyps,True,0.9878751635551453,0.011951271444559097,5.979001798550598e-05,4.3198775756536634e-07,1.344898805655248e-07,3.9631748222745955e-05,6.930288509465754e-05,4.336717211117502e-06,dyed-lifted-polyps/96bfb62f-f2bd-4965-9b2c-4928b023b702.jpg
6,6,polyps,polyps,True,0.03778957948088646,0.015294183045625687,0.0037352261133491993,0.006252624560147524,0.004436054266989231,0.0016110697761178017,0.9200822710990906,0.010799003764986992,polyps/c9ae1d7e-7a08-4176-931f-4110e2f9908a.jpg
2,2,esophagitis,esophagitis,True,0.00010273030784446746,0.0007593696936964989,0.9839611053466797,8.51595978019759e-05,3.6721852666232735e-05,0.014400570653378963,0.00018058450950775295,0.00047367592924274504,esophagitis/4c1ac4ec-78a3-496e-b06a-466730633c6d.jpg
4,4,normal-pylorus,normal-pylorus,True,0.000130409374833107,0.0006582409841939807,0.03683047369122505,0.02014382742345333,0.9137199521064758,0.018766645342111588,0.006780690047889948,0.002969782566651702,normal-pylorus/e647bef7-a685-4c49-8b2c-77dc089e631c.jpg
1,1,dyed-resection-margins,dyed-resection-margins,True,0.18822534382343292,0.8090227246284485,0.0006391186034306884,0.00134461116977036,2.0296458387747407e-05,7.203436689451337e-05,0.0006444366881623864,3.129368997178972e-05,dyed-resection-margins/918b1ec8-5d17-4b6e-bbf7-6577403e7d55.jpg
1,1,dyed-resection-margins,dyed-resection-margins,True,0.45315974950790405,0.5450621843338013,0.00045082985889166594,0.0009895232506096363,3.459265371930087e-06,3.239862053305842e-05,2.56465827987995e-05,0.0002762879303190857,dyed-resection-margins/e9fb6239-1f6b-4c85-b289-650bf60bb0c7.jpg
5,2,normal-z-line,esophagitis,False,5.151649929757696e-06,3.8622860301984474e-05,0.5921034216880798,1.9400540622882545e-05,0.003554538358002901,0.4041751027107239,3.8188183680176735e-05,6.556855805683881e-05,normal-z-line/89d34997-0b47-48d7-ae5d-1f47de87cf85.jpg
5,5,normal-z-line,normal-z-line,True,4.618778984877281e-05,8.500746480422094e-05,0.0854804664850235,2.6953513952321373e-05,9.866268374025822e-05,0.914118230342865,0.00013376434799283743,1.0796123206091579e-05,normal-z-line/be13e423-b890-486e-98d7-692b12fe390f.jpg
5,5,normal-z-line,normal-z-line,True,5.7945151638705283e-05,7.417450251523405e-05,0.14780990779399872,4.032422566524474e-06,5.857462383573875e-06,0.8520320057868958,1.5062897546158638e-05,1.0242681582894875e-06,normal-z-line/d274876d-7fc9-462f-acaa-e4c621ff4b8e.jpg
5,5,normal-z-line,normal-z-line,True,4.269603550710599e-07,5.9983703977195546e-05,0.0329715870320797,2.766262525710772e-07,1.6630143363727257e-05,0.966948926448822,8.421748702858167e-07,1.3624685379909351e-06,normal-z-line/a77e26c2-898d-4ee2-b113-caf39dbfa58c.jpg
5,5,normal-z-line,normal-z-line,True,0.0003578047617338598,0.00031834287801757455,0.049002815037965775,0.00026232984964735806,0.00047973814071156085,0.9492273926734924,0.0002294906589668244,0.00012220162898302078,normal-z-line/b5840b8b-e55e-4a49-bbda-1a2ae0befee9.jpg
5,5,normal-z-line,normal-z-line,True,1.3034318726568017e-06,4.704042112280149e-06,0.06712005287408829,1.6389114989578957e-06,1.693984268058557e-05,0.9328455328941345,2.4357316874557e-07,9.583369319443591e-06,normal-z-line/c1da34c4-89e8-4318-8525-0a5f83af40da.jpg
5,5,normal-z-line,normal-z-line,True,1.876722672022879e-05,0.00033840208197943866,0.30918920040130615,8.304700713779312e-06,0.003218339756131172,0.6861383318901062,0.0008000312373042107,0.00028860720340162516,normal-z-line/c9db476b-4fca-4b25-95d5-d1120b311bbd.jpg
3,3,normal-cecum,normal-cecum,True,0.002250033663585782,0.00022280009579844773,2.5082681531785056e-05,0.9852594137191772,1.3122853488312103e-05,2.0883912839053664e-06,0.00706391641870141,0.005163576453924179,normal-cecum/61f57795-b129-44f7-9100-a31f8a828071.jpg
0,1,dyed-lifted-polyps,dyed-resection-margins,False,0.3716988265514374,0.5766660571098328,0.03106183372437954,0.006538103800266981,0.002493747742846608,0.0025587191339582205,0.006691318470984697,0.0022914705332368612,dyed-lifted-polyps/1095b496-3ccc-4758-8429-fb85c59baf45.jpg
2,5,esophagitis,normal-z-line,False,0.00020689847588073462,0.00028685835422948003,0.1589733362197876,0.0028368174098432064,0.013547839596867561,0.8182920217514038,0.005060622934252024,0.0007955812034197152,esophagitis/60e4f868-0b7e-4b1c-b78d-efb19c83e5ee.jpg
2,2,esophagitis,esophagitis,True,3.324739009258337e-05,4.451462518773042e-05,0.668630063533783,2.5915019250533078e-06,0.0006317443330772221,0.32675832509994507,0.0035034508910030127,0.00039608217775821686,esophagitis/62b55a47-71df-46d9-8ff6-b8461702370c.jpg
1,1,dyed-resection-margins,dyed-resection-margins,True,0.022136278450489044,0.9778134822845459,9.093780136026908e-06,5.956087989034131e-06,4.1094121883133994e-08,2.2476208414445864e-06,5.282611681423077e-08,3.2849427952896804e-05,dyed-resection-margins/3e36cd07-ae28-4db1-9b64-43d871d8c4d7.jpg
0,0,dyed-lifted-polyps,dyed-lifted-polyps,True,0.9547501802444458,0.045159049332141876,1.8647382603376172e-05,2.6454182489032974e-07,2.6776711958831356e-09,1.1861077382491203e-06,6.97139766998589e-05,9.404724892192462e-07,dyed-lifted-polyps/a6cc2ba2-b88f-4894-a35e-2339f4e63744.jpg
2,2,esophagitis,esophagitis,True,6.024097729095956e-06,2.321651845704764e-05,0.9660459756851196,2.6584166334941983e-06,2.816369124047924e-05,0.032319165766239166,1.7313856005785055e-05,0.0015574998687952757,esophagitis/a0b35d4d-d47e-427a-bd55-9f5cc5d652bc.jpg
0,0,dyed-lifted-polyps,dyed-lifted-polyps,True,0.9991111159324646,0.0008614834514446557,7.844303127058083e-07,5.981119954867609e-08,2.773510061615525e-07,4.0999539123731665e-06,2.0469275114010088e-05,1.7385232240485493e-06,dyed-lifted-polyps/1772420c-014c-4922-a54f-36308db05ce6.jpg
6,6,polyps,polyps,True,0.002777151530608535,0.0016672287601977587,0.0001474447490181774,0.008004281669855118,0.001100406632758677,0.00228424952365458,0.9831206798553467,0.0008985357126221061,polyps/767b82aa-d0c6-4fea-9a3b-590d5bc1c534.jpg
0,0,dyed-lifted-polyps,dyed-lifted-polyps,True,0.9985477328300476,0.0012305331183597445,3.205489701940678e-05,0.0001478222693549469,1.0333725185773801e-05,1.6913174931687536e-06,2.3813501684344374e-05,6.0448323893069755e-06,dyed-lifted-polyps/3d824e35-5593-4c11-a072-b7c85c0b8ae6.jpg
2,5,esophagitis,normal-z-line,False,2.1898699742450844e-06,6.348514943965711e-06,0.07060094177722931,8.027344620131771e-07,0.00036499451380223036,0.9289426207542419,8.06916068540886e-05,1.5550584748780238e-06,esophagitis/9b4b4a20-63e8-4511-92db-352e8c587a81.jpg
1,1,dyed-resection-margins,dyed-resection-margins,True,0.005346037447452545,0.9945995807647705,1.0284437848895323e-05,1.3334861250768881e-06,8.714129648978997e-07,3.6819947126787156e-05,3.0416981644521e-06,1.9392693957343e-06,dyed-resection-margins/0a700cd0-d4ad-4a69-8e74-a22b0b028f7a.jpg
7,7,ulcerative-colitis,ulcerative-colitis,True,0.0002404211845714599,0.003245186060667038,0.00029719271697103977,1.9032260752283037e-05,7.196917522378499e-06,4.1424802475376055e-05,0.0016843120101839304,0.994465172290802,ulcerative-colitis/663afdb6-38bb-450c-9f53-a5273c46ea77.jpg
1,1,dyed-resection-margins,dyed-resection-margins,True,0.0002855003112927079,0.9997138381004333,2.1152311902028487e-08,5.499550184140389e-07,1.6089860555013047e-09,6.113702877286187e-09,3.135257387043566e-08,3.4173837093476322e-09,dyed-resection-margins/58f7eec4-9506-4090-bb00-5ddbbbf6f6c8.jpg
4,4,normal-pylorus,normal-pylorus,True,3.209132501069689e-06,0.00033237639581784606,0.00019468087702989578,1.8025199096882716e-05,0.9992807507514954,9.040740405907854e-05,4.525708209257573e-05,3.530654066707939e-05,normal-pylorus/30a96e35-08ef-4145-8f20-5a23babab16a.jpg
3,3,normal-cecum,normal-cecum,True,0.00013903655053582042,7.816041761543602e-05,1.5932404494378716e-05,0.8382783532142639,0.000909565482288599,0.00013553576718550175,0.1416313797235489,0.01881207525730133,normal-cecum/86f3d1e7-fc0e-4cf4-a4bf-95c10d6a8073.jpg
2,2,esophagitis,esophagitis,True,0.00017604083404876292,0.0007585753919556737,0.9935007691383362,4.783816166309407e-06,2.4187604140024632e-05,0.004037683364003897,0.00020226476772222668,0.001295660506002605,esophagitis/001fb927-4814-4ba5-851d-189db99291d8.jpg
2,2,esophagitis,esophagitis,True,8.300994522869587e-06,1.949934994627256e-05,0.6840677857398987,5.582236553891562e-06,0.019969265908002853,0.29574012756347656,0.00018186359375249594,7.555813681392465e-06,esophagitis/172d405f-bced-4502-99c9-e50029244a8f.jpg
0,0,dyed-lifted-polyps,dyed-lifted-polyps,True,0.9903218150138855,0.009536409750580788,2.010818207054399e-06,3.5866815295548804e-08,9.00308236850833e-08,1.0190004928745111e-07,0.00013936051982454956,2.686086304493074e-07,dyed-lifted-polyps/e062f910-d08b-4a98-8e96-a0ad1a744154.jpg
7,3,ulcerative-colitis,normal-cecum,False,0.0018363217823207378,0.0005098070832900703,7.554039621027187e-05,0.7613644003868103,0.000453392683994025,3.6995548725826666e-05,0.0017704723868519068,0.23395302891731262,ulcerative-colitis/3d1c6797-aaf0-4ac3-a1de-d0540d12569e.jpg
7,7,ulcerative-colitis,ulcerative-colitis,True,5.609224899671972e-05,3.488518268568441e-05,0.0012063024332746863,2.4792703698039986e-05,2.049142722171382e-06,0.002117495983839035,0.000525115174241364,0.996033251285553,ulcerative-colitis/730728f7-3e9f-4b41-8bf9-522cdee43579.jpg
3,3,normal-cecum,normal-cecum,True,0.000852160039357841,0.002666800981387496,0.0003349471080582589,0.8894628882408142,0.00029157937387935817,8.370181603822857e-05,0.0692126601934433,0.037095315754413605,normal-cecum/c255960a-0bbb-49b5-8fc9-ca20735a18ee.jpg
4,4,normal-pylorus,normal-pylorus,True,1.0305460818926804e-05,3.85700877814088e-05,0.000556936371140182,0.00010392326657893136,0.990698516368866,0.006528323050588369,0.0007958242786116898,0.0012676671613007784,normal-pylorus/a226af06-c56c-4438-8431-3078e4a10813.jpg
6,6,polyps,polyps,True,0.0009858125122264028,0.0002313827717443928,0.00014927559823263437,0.001366654527373612,0.00020794651936739683,4.3041953176725656e-05,0.9523710608482361,0.0446447990834713,polyps/7828e434-3a35-4f37-afa5-83485f30fbd4.jpg
2,2,esophagitis,esophagitis,True,8.152698137564585e-05,0.0013143365504220128,0.9917307496070862,1.113444614020409e-05,0.00023132344358600676,0.001483048195950687,0.00024478082195855677,0.004903232678771019,esophagitis/7f7d27fb-fa49-483d-814d-eefea55f7be5.jpg
6,6,polyps,polyps,True,0.0014472780749201775,0.0009309479501098394,3.0209606848075055e-05,0.00011241059837630019,9.711361599329393e-07,2.2257798264035955e-05,0.9974017143249512,5.42579909961205e-05,polyps/724e98c7-1c03-4bc2-bfd4-92a57775437c.jpg
3,6,normal-cecum,polyps,False,0.004184656776487827,0.0009335228824056685,0.00015172373969107866,0.1415577083826065,2.8668575396295637e-05,0.00011214647383894771,0.8493466377258301,0.003684904659166932,normal-cecum/a6f6df9b-c02c-4fa8-bddc-999ecadf00cd.jpg
6,6,polyps,polyps,True,0.0007457306492142379,3.59020777978003e-05,3.5297700378578156e-05,2.4144532062564394e-07,1.4904417184880003e-06,3.605576421250589e-05,0.9694172739982605,0.02972806990146637,polyps/62bb1119-9682-4577-91e6-f15a2cf36e65.jpg
1,0,dyed-resection-margins,dyed-lifted-polyps,False,0.5971925258636475,0.40255212783813477,0.00022636215726379305,1.386365067190809e-08,7.077483932249606e-09,3.1923414098855574e-06,1.0400455721537583e-05,1.532348687760532e-05,dyed-resection-margins/2f58484a-2a12-46b9-8846-641bf07a28fb.jpg
4,4,normal-pylorus,normal-pylorus,True,3.175387774945193e-08,7.568658588752442e-07,1.4460656529990956e-05,4.97110420383251e-07,0.999929666519165,4.041579813929275e-05,1.3133005268173292e-05,1.1414751952543156e-06,normal-pylorus/8aed1005-b05d-4160-a7bd-afbb13e0abff.jpg
4,4,normal-pylorus,normal-pylorus,True,1.344777501799399e-05,4.864693619310856e-05,0.0001584832207299769,0.0002179539151256904,0.9986569881439209,0.00041524009429849684,0.0002385396510362625,0.000250726385274902,normal-pylorus/a684989c-4ed9-411a-804b-803d60b3b578.jpg
